x_center,weight,native_sin,native_cos,std_sin,std_cos
-3.140058673,3.067970276e-03,2.384725572e+03,5.757308466e-01,3.426546344e-01,2.371326524e-01
-3.136990711,3.067970276e-03,3.290579135e+02,3.087972415e-01,3.627747447e-01,2.500284990e-01
-3.133922750,3.067970276e-03,1.727703594e+02,6.843745073e-01,2.950535646e-01,2.499527571e-01
-3.130854788,3.067970276e-03,6.490640198e+01,9.635627259e-01,2.671575450e-01,2.499162863e-01
-3.127786826,3.067970276e-03,5.182156436e+01,1.167806223e+00,2.670347618e-01,2.500738827e-01
-3.124718865,3.067970276e-03,3.223447321e+01,9.969791249e-01,2.555025040e-01,2.499637306e-01
-3.121650903,3.067970276e-03,2.669116303e+01,6.777613242e-01,2.541363827e-01,2.500618319e-01
-3.118582942,3.067970276e-03,5.244012875e+01,3.398803741e-01,2.543836643e-01,2.499476124e-01
-3.115514980,3.067970276e-03,3.121064294e+01,2.872075159e-01,2.542520877e-01,2.499881754e-01
-3.112447019,3.067970276e-03,5.889672232e+01,2.764836667e-01,2.541814138e-01,2.499952453e-01
-3.109379057,3.067731857e-03,4.248763163e+01,2.969080641e-01,4.297705121e-01,2.500469894e-01
-3.106311095,3.067970276e-03,2.758987494e+01,2.966823533e-01,4.682954269e-01,2.501013646e-01
-3.103243134,3.067970276e-03,1.606605291e+01,3.474689461e-01,4.682989106e-01,2.499867168e-01
-3.100175172,3.067970276e-03,1.280501116e+01,2.987503097e-01,4.684624377e-01,2.499811981e-01
-3.097107211,3.067970276e-03,1.354944574e+01,2.890669896e-01,4.693768379e-01,2.500163551e-01
-3.094039249,3.067970276e-03,1.363147531e+01,4.165383726e-01,4.693773566e-01,2.500253641e-01
-3.090971288,3.067970276e-03,1.390836317e+01,1.004541191e+00,4.682050199e-01,2.500786164e-01
-3.087903326,3.067970276e-03,1.782854262e+01,1.272022523e+00,4.696425626e-01,2.500050792e-01
-3.084835364,3.067970276e-03,1.500916346e+01,1.280726896e+00,4.695736524e-01,2.500708535e-01
-3.081767403,3.067970276e-03,1.322881531e+01,1.203005357e+00,4.685724768e-01,2.500391295e-01
-3.078699441,3.067970276e-03,1.341351025e+01,8.479266201e-01,3.779431399e-01,2.500130294e-01
-3.075631480,3.067970276e-03,1.386874672e+01,5.476435415e-01,3.196504481e-01,2.500276147e-01
-3.072563518,3.067970276e-03,1.115663041e+01,2.852116853e-01,3.199869342e-01,2.500255840e-01
-3.069495557,3.067970276e-03,8.204920869e+00,3.861294662e-01,3.194714762e-01,2.500917928e-01
-3.066427595,3.067970276e-03,8.085982807e+00,9.787256043e-01,3.194110261e-01,2.500309564e-01
-3.063359633,3.067970276e-03,1.701711785e+01,6.036612246e-01,3.193925995e-01,2.500460769e-01
-3.060291672,3.067970276e-03,1.978396358e+01,3.210442119e-01,3.191887327e-01,2.500485665e-01
-3.057223710,3.067970276e-03,1.521039007e+01,2.763597858e-01,3.187700628e-01,2.499965159e-01
-3.054155749,3.067970276e-03,8.453790980e+00,3.337849227e-01,3.182043326e-01,2.500484215e-01
-3.051087787,3.067970276e-03,6.414488168e+00,2.981637470e-01,3.184113569e-01,2.500918307e-01
-3.048019826,3.067970276e-03,7.048810398e+00,3.507209352e-01,3.178707620e-01,2.500407769e-01
-3.044951864,3.067970276e-03,6.583489218e+00,8.391559163e-01,3.178524553e-01,2.500451975e-01
-3.041883902,3.067970276e-03,7.361219413e+00,1.485883295e+00,3.179186786e-01,2.503327714e-01
-3.038815941,3.067970276e-03,6.284856838e+00,5.928461367e-01,3.181986690e-01,2.500926270e-01
-3.035747979,3.067970276e-03,6.428919735e+00,3.647620268e-01,3.172383309e-01,2.501338091e-01
-3.032680018,3.067970276e-03,8.585486411e+00,7.815787536e-01,3.176445773e-01,2.501282530e-01
-3.029612056,3.067970276e-03,1.307263062e+01,1.188824513e+00,3.167011129e-01,2.501574707e-01
-3.026544094,3.067731857e-03,1.437673444e+01,1.117103815e+00,3.163061735e-01,2.501462420e-01
-3.023476133,3.067970276e-03,9.166333359e+00,7.483446534e-01,3.163109854e-01,2.501169690e-01
-3.020408171,3.067970276e-03,1.230753259e+01,4.225267347e-01,3.163025217e-01,2.501309429e-01
-3.017340210,3.067970276e-03,6.996761563e+00,4.286586444e-01,3.074421299e-01,2.501712405e-01
-3.014272248,3.067970276e-03,7.289815420e+00,1.037166270e+00,2.664399741e-01,2.501843612e-01
-3.011204287,3.067970276e-03,7.861995711e+00,1.511724434e+00,2.666096382e-01,2.501855611e-01
-3.008136325,3.067970276e-03,5.312157728e+00,1.737961378e+00,2.659346408e-01,2.502094024e-01
-3.005068363,3.067970276e-03,3.298465311e+00,1.556196455e+00,2.661176840e-01,2.503072837e-01
-3.002000402,3.067970276e-03,3.835442815e+00,1.330434048e+00,2.662727322e-01,2.501671028e-01
-2.998932440,3.067970276e-03,4.579374682e+00,9.021783744e-01,2.659433605e-01,2.504264875e-01
-2.995864479,3.067970276e-03,3.481500493e+00,5.120969047e-01,2.660910597e-01,2.503268426e-01
-2.992796517,3.067970276e-03,4.311339064e+00,7.751962766e-01,2.658415847e-01,2.502965141e-01
-2.989728556,3.067970276e-03,4.265818526e+00,1.063715167e+00,2.655129352e-01,2.499608378e-01
-2.986660594,3.067970276e-03,5.103529330e+00,1.077943579e+00,2.654846031e-01,2.503720985e-01
-2.983592632,3.067970276e-03,4.050171163e+00,1.008898789e+00,2.651171994e-01,2.504208792e-01
-2.980524671,3.067970276e-03,3.179421978e+00,7.276726181e-01,2.653909953e-01,2.503398140e-01
-2.977456709,3.067970276e-03,3.276964556e+00,5.999970788e-01,2.654795706e-01,2.504134038e-01
-2.974388748,3.067970276e-03,3.204020787e+00,4.993707327e-01,2.652426027e-01,2.496123047e-01
-2.971320786,3.067970276e-03,5.265526782e+00,6.015286882e-01,2.654062465e-01,2.504939906e-01
-2.968252825,3.067970276e-03,3.548001502e+00,1.581475123e+00,2.651239932e-01,2.505179260e-01
-2.965184863,3.067970276e-03,3.124342902e+00,1.649429910e+00,2.662001270e-01,2.506225425e-01
-2.962116901,3.067970276e-03,3.192735051e+00,1.424965127e+00,2.649381685e-01,2.505689663e-01
-2.959048940,3.067970276e-03,4.352080415e+00,1.153145093e+00,2.649069382e-01,2.506498033e-01
-2.955980978,3.067970276e-03,6.783738598e+00,6.953112363e-01,2.649323216e-01,2.507243298e-01
-2.952913017,3.067970276e-03,7.561716700e+00,4.676986248e-01,2.652114406e-01,2.507499320e-01
-2.949845055,3.067970276e-03,4.918877480e+00,3.512056470e-01,2.646349397e-01,2.508571715e-01
-2.946777094,3.067970276e-03,5.670785650e+00,4.101043492e-01,2.645734360e-01,2.508834463e-01
-2.943709132,3.067731857e-03,3.828867669e+00,1.368746965e+00,2.646321184e-01,2.509726665e-01
-2.940641170,3.067970276e-03,4.905046139e+00,1.466223175e+00,2.645104592e-01,2.510116092e-01
-2.937573209,3.067970276e-03,5.704656774e+00,1.247187861e+00,2.669267547e-01,2.510446578e-01
-2.934505247,3.067970276e-03,4.298512838e+00,9.743017196e-01,2.643255327e-01,2.509427682e-01
-2.931437286,3.067970276e-03,3.169997965e+00,5.344355988e-01,2.644978036e-01,2.511096153e-01
-2.928369324,3.067970276e-03,3.304069692e+00,3.666118972e-01,2.642691050e-01,2.511459562e-01
-2.925301362,3.067970276e-03,3.256168233e+00,3.156416311e-01,2.641592437e-01,2.511273152e-01
-2.922233401,3.067970276e-03,4.600331644e+00,3.832960363e-01,2.643768429e-01,2.512361358e-01
-2.919165439,3.067970276e-03,3.973548024e+00,3.489622106e-01,2.642793530e-01,2.512745218e-01
-2.916097478,3.067970276e-03,7.173852405e+00,3.518402907e-01,2.639459988e-01,2.513493408e-01
-2.913029516,3.067970276e-03,7.083931612e+00,3.562202615e-01,2.640804368e-01,2.515782635e-01
-2.909961555,3.067970276e-03,4.612017372e+00,3.744847840e-01,2.642470269e-01,2.513327587e-01
-2.906893593,3.067970276e-03,3.158416726e+00,3.627758601e-01,2.640532202e-01,2.517304094e-01
-2.903825631,3.067970276e-03,3.739067661e+00,5.207242217e-01,2.638348054e-01,2.517353099e-01
-2.900757670,3.067970276e-03,3.867369702e+00,9.431357037e-01,2.640728576e-01,2.518524341e-01
-2.897689708,3.067970276e-03,3.602885622e+00,1.876629537e+00,2.642752322e-01,2.518729460e-01
-2.894621747,3.067970276e-03,3.663765382e+00,8.853555421e-01,2.639431280e-01,2.518594140e-01
-2.891553785,3.067970276e-03,6.058175144e+00,1.685401853e+00,2.641171841e-01,2.527603133e-01
-2.888485824,3.067970276e-03,3.850049850e+00,1.936143711e+00,2.572503252e-01,2.652578352e-01
-2.885417862,3.067970276e-03,1.756546303e+00,1.879336423e+00,2.535878287e-01,2.525549750e-01
-2.882349900,3.067970276e-03,1.777895458e+00,1.413207558e+00,2.536499129e-01,2.525206909e-01
-2.879281939,3.067970276e-03,2.702748944e+00,9.576299246e-01,2.536682247e-01,2.529012717e-01
-2.876213977,3.067970276e-03,2.894972372e+00,4.801621352e-01,2.535875944e-01,2.528535107e-01
-2.873146016,3.067970276e-03,1.802798489e+00,3.286147182e-01,2.538937678e-01,2.531055846e-01
-2.870078054,3.067970276e-03,2.017377036e+00,1.550947547e+00,2.535810055e-01,2.531411511e-01
-2.867010093,3.067970276e-03,3.476640263e+00,1.936682066e+00,2.535893327e-01,2.532887002e-01
-2.863942131,3.067970276e-03,3.210443335e+00,1.875232387e+00,2.536044387e-01,2.535489492e-01
-2.860874169,3.067970276e-03,1.974636871e+00,1.654069564e+00,2.536327942e-01,2.536083226e-01
-2.857806208,3.067731857e-03,1.663265025e+00,1.165319911e+00,2.535999802e-01,2.535906254e-01
-2.854738246,3.067970276e-03,2.537512525e+00,8.613489155e-01,2.536064747e-01,2.537421168e-01
-2.851670285,3.067970276e-03,2.887819811e+00,6.620258672e-01,2.547505204e-01,2.538165806e-01
-2.848602323,3.067970276e-03,1.838448885e+00,8.122755757e-01,2.537381025e-01,2.540280427e-01
-2.845534362,3.067970276e-03,1.694842223e+00,9.658769855e-01,2.536862254e-01,2.545516239e-01
-2.842466400,3.067970276e-03,2.091445631e+00,1.869493191e+00,2.536692471e-01,2.546142583e-01
-2.839398438,3.067970276e-03,1.963337503e+00,2.201253543e+00,2.536919543e-01,2.547141762e-01
-2.836330477,3.067970276e-03,1.560655070e+00,2.219925303e+00,2.538775180e-01,2.542634458e-01
-2.833262515,3.067970276e-03,1.970998608e+00,1.860349619e+00,2.540305075e-01,2.551615848e-01
-2.830194554,3.067970276e-03,2.790052800e+00,1.552490594e+00,2.539354421e-01,2.550600410e-01
-2.827126592,3.067970276e-03,2.534014134e+00,1.232107209e+00,2.539100440e-01,2.553848085e-01
-2.824058630,3.067970276e-03,1.807594267e+00,1.181017211e+00,2.536692287e-01,2.560105934e-01
-2.820990669,3.067970276e-03,2.389747092e+00,1.595651217e+00,2.539873454e-01,2.558123720e-01
-2.817922707,3.067970276e-03,3.362078402e+00,1.558460616e+00,2.541531569e-01,2.561286766e-01
-2.814854746,3.067970276e-03,2.555605779e+00,1.194951854e+00,2.540761467e-01,2.565995555e-01
-2.811786784,3.067970276e-03,1.606147035e+00,8.680885052e-01,2.541540271e-01,2.572200981e-01
-2.808718823,3.067970276e-03,2.119054058e+00,5.449050389e-01,2.541820325e-01,2.573404263e-01
-2.805650861,3.067970276e-03,3.343000583e+00,5.631617019e-01,2.542459136e-01,2.573331193e-01
-2.802582899,3.067970276e-03,3.280719145e+00,8.836368983e-01,2.543910805e-01,2.589551959e-01
-2.799514938,3.067970276e-03,1.829575588e+00,1.877880819e+00,2.542375591e-01,2.576180630e-01
-2.796446976,3.067970276e-03,1.759532913e+00,6.856607133e-01,2.543914239e-01,2.579607011e-01
-2.793379015,3.067970276e-03,2.720877955e+00,9.164378520e-01,2.544068136e-01,2.585734977e-01
-2.790311053,3.067970276e-03,2.847619811e+00,8.109860509e-01,2.544547195e-01,2.588883604e-01
-2.787243092,3.067970276e-03,1.888416804e+00,6.450484059e-01,2.548470702e-01,2.595752965e-01
-2.784175130,3.067970276e-03,1.621569622e+00,4.454627114e-01,2.546502163e-01,2.606355686e-01
-2.781107168,3.067970276e-03,2.544755173e+00,4.613464177e-01,2.546213480e-01,2.606707526e-01
-2.778039207,3.067970276e-03,3.156777379e+00,6.926022903e-01,2.548665049e-01,2.611945100e-01
-2.774971245,3.067731857e-03,2.119568453e+00,1.567143420e+00,2.547384541e-01,2.609393465e-01
-2.771903284,3.067970276e-03,1.882268336e+00,1.185126436e+00,2.547144813e-01,2.618687517e-01
-2.768835322,3.067970276e-03,2.397448320e+00,2.055397859e+00,2.549054877e-01,2.624542094e-01
-2.765767361,3.067970276e-03,2.753385896e+00,2.295750996e+00,2.550016350e-01,2.625602030e-01
-2.762699399,3.067970276e-03,1.980533610e+00,2.213212189e+00,2.547874550e-01,2.628221042e-01
-2.759631437,3.067970276e-03,1.520086100e+00,1.777948608e+00,2.550140766e-01,2.638239234e-01
-2.756563476,3.067970276e-03,1.977582728e+00,1.453270873e+00,2.549513127e-01,2.659871498e-01
-2.753495514,3.067970276e-03,2.262694972e+00,1.201923122e+00,2.547867881e-01,2.644552847e-01
-2.750427553,3.067970276e-03,1.649052486e+00,1.351113336e+00,2.544927759e-01,2.647151159e-01
-2.747359591,3.067970276e-03,2.096150681e+00,2.062312935e+00,2.551201708e-01,2.662432316e-01
-2.744291630,3.067970276e-03,3.314710580e+00,2.181256382e+00,2.551242020e-01,2.658271711e-01
-2.741223668,3.067970276e-03,2.830315676e+00,1.860675754e+00,2.551404646e-01,2.662162537e-01
-2.738155706,3.067970276e-03,1.759139308e+00,1.435368042e+00,2.553317981e-01,2.675268611e-01
-2.735087745,3.067970276e-03,1.607667029e+00,8.921146886e-01,2.553351662e-01,2.674610158e-01
-2.732019783,3.067970276e-03,2.160739021e+00,7.086817643e-01,2.557344205e-01,2.679366814e-01
-2.728951822,3.067970276e-03,2.045140990e+00,8.253394065e-01,2.565514795e-01,2.690662683e-01
-2.725883860,3.067970276e-03,1.864069479e+00,1.583485497e+00,2.552236752e-01,2.696235495e-01
-2.722815898,3.067970276e-03,2.629661859e+00,1.620742263e+00,2.552186336e-01,2.701933849e-01
-2.719747937,3.067970276e-03,3.683046200e+00,2.423596138e+00,2.551736870e-01,2.701643818e-01
-2.716679975,3.067970276e-03,2.872838924e+00,2.584879353e+00,2.551135595e-01,2.709054747e-01
-2.713612014,3.067970276e-03,1.684946788e+00,2.442361625e+00,2.551361510e-01,2.723055524e-01
-2.710544052,3.067970276e-03,1.695974341e+00,1.989959796e+00,2.550291186e-01,2.720675489e-01
-2.707476091,3.067970276e-03,2.439520327e+00,1.713462125e+00,2.549439235e-01,2.731664290e-01
-2.704408129,3.067970276e-03,2.277653468e+00,1.596199372e+00,2.552100768e-01,2.736568351e-01
-2.701340167,3.067970276e-03,1.794867628e+00,1.989030454e+00,2.550634817e-01,2.743600087e-01
-2.698272206,3.067970276e-03,1.570178384e+00,1.540379518e+00,2.548378990e-01,2.761021388e-01
-2.695204244,3.067970276e-03,1.957317352e+00,1.930403343e+00,2.545774623e-01,2.768792728e-01
-2.692136283,3.067970276e-03,1.655937406e+00,1.805743649e+00,2.546410035e-01,2.770373200e-01
-2.689068321,3.067731857e-03,1.519330737e+00,1.526614333e+00,2.549053416e-01,2.788028635e-01
-2.686000360,3.067970276e-03,2.464772643e+00,1.089858266e+00,2.542112542e-01,2.791630242e-01
-2.682932398,3.067970276e-03,3.425085119e+00,9.909792411e-01,2.542065069e-01,2.793036872e-01
-2.679864436,3.067970276e-03,2.976704072e+00,1.215222272e+00,2.541228744e-01,2.812460106e-01
-2.676796475,3.067970276e-03,1.741221917e+00,2.137631580e+00,2.538935956e-01,2.814826704e-01
-2.673728513,3.067970276e-03,1.711791700e+00,9.136337845e-01,2.539219028e-01,2.828088471e-01
-2.670660552,3.067970276e-03,2.498170325e+00,1.086551884e+00,2.535402355e-01,2.835068102e-01
-2.667592590,3.067970276e-03,2.091825997e+00,8.796058042e-01,2.533619447e-01,2.842878355e-01
-2.664524629,3.067970276e-03,1.480670655e+00,6.467741775e-01,2.532335058e-01,2.851669921e-01
-2.661456667,3.067970276e-03,1.877994954e+00,4.782919407e-01,2.529874083e-01,2.850897440e-01
-2.658388705,3.067970276e-03,2.715126955e+00,5.394130232e-01,2.529125192e-01,2.882991278e-01
-2.655320744,3.067970276e-03,2.503707100e+00,1.003752937e+00,2.526290820e-01,2.885128232e-01
-2.652252782,3.067970276e-03,1.696681853e+00,2.408370306e+00,2.525301373e-01,2.893633569e-01
-2.649184821,3.067970276e-03,2.073145281e+00,1.283294943e+00,2.523517964e-01,2.905945371e-01
-2.646116859,3.067970276e-03,2.978514510e+00,1.919837350e+00,2.520639629e-01,2.920937031e-01
-2.643048898,3.067970276e-03,2.340823373e+00,1.952771007e+00,2.670417709e-01,2.930521218e-01
-2.639980936,3.067970276e-03,1.511866751e+00,1.732003627e+00,8.446605935e-01,2.573701418e-01
-2.636912974,3.067970276e-03,1.722902805e+00,1.296246576e+00,8.384598486e-01,2.577547491e-01
-2.633845013,3.067970276e-03,2.391982720e+00,1.146638367e+00,8.485800075e-01,2.571483298e-01
-2.630777051,3.067970276e-03,2.107198916e+00,1.306019814e+00,8.502907929e-01,2.573416226e-01
-2.627709090,3.067970276e-03,1.875732619e+00,2.155644253e+00,8.516876215e-01,2.569904044e-01
-2.624641128,3.067970276e-03,1.724241589e+00,2.341627245e+00,8.556046860e-01,2.569402338e-01
-2.621573166,3.067970276e-03,2.732379043e+00,2.394337321e+00,8.567316556e-01,2.566886389e-01
-2.618505205,3.067970276e-03,2.669577351e+00,1.967759136e+00,7.182390278e-01,2.589260789e-01
-2.615437243,3.067970276e-03,1.089928037e+00,1.430580844e+00,4.356241038e-01,2.563041348e-01
-2.612369282,3.067970276e-03,7.379447201e-01,8.623201167e-01,4.378961923e-01,2.571191701e-01
-2.609301320,3.067970276e-03,7.751802432e-01,7.413217008e-01,4.386554759e-01,2.569309204e-01
-2.606233359,3.067731857e-03,8.250836840e-01,1.045569307e+00,4.414837172e-01,2.570701392e-01
-2.603165397,3.067970276e-03,8.110983879e-01,2.244098733e+00,4.422689703e-01,2.567801098e-01
-2.600097435,3.067970276e-03,1.052425407e+00,1.411508117e+00,4.435353392e-01,2.569993415e-01
-2.597029474,3.067970276e-03,1.012547545e+00,2.587584314e+00,4.449827298e-01,2.569148571e-01
-2.593961512,3.067970276e-03,1.239669031e+00,2.897933074e+00,4.456599638e-01,2.566864668e-01
-2.590893551,3.067970276e-03,9.645961006e-01,2.697473001e+00,4.506143949e-01,2.568328661e-01
-2.587825589,3.067970276e-03,7.171695544e-01,2.060117699e+00,4.490414611e-01,2.569595282e-01
-2.584757628,3.067970276e-03,9.136184266e-01,1.482478522e+00,4.542539940e-01,2.566047281e-01
-2.581689666,3.067970276e-03,1.101316860e+00,1.038503048e+00,4.550341871e-01,2.566001242e-01
-2.578621704,3.067970276e-03,8.170955440e-01,1.102265226e+00,4.598473556e-01,2.569114309e-01
-2.575553743,3.067970276e-03,1.005103173e+00,1.346259859e+00,4.611352451e-01,2.567151086e-01
-2.572485781,3.067970276e-03,1.423193447e+00,2.190941388e+00,4.630381759e-01,2.565307501e-01
-2.569417820,3.067970276e-03,1.109800512e+00,2.335858977e+00,4.646291102e-01,2.569587049e-01
-2.566349858,3.067970276e-03,7.371034058e-01,2.166858753e+00,4.692138260e-01,2.567751336e-01
-2.563281897,3.067970276e-03,9.305919249e-01,1.734503361e+00,4.723985793e-01,2.571300623e-01
-2.560213935,3.067970276e-03,1.374307250e+00,1.578868052e+00,4.764342959e-01,2.568611821e-01
-2.557145973,3.067970276e-03,1.300473675e+00,1.761555610e+00,4.827266788e-01,2.565208928e-01
-2.554078012,3.067970276e-03,8.222111683e-01,2.682526303e+00,4.812263041e-01,2.572691915e-01
-2.551010050,3.067970276e-03,1.119790596e+00,2.985752815e+00,4.832031001e-01,2.571232316e-01
-2.547942089,3.067970276e-03,7.799309394e-01,3.052767621e+00,4.891393998e-01,2.577116759e-01
-2.544874127,3.067970276e-03,8.682403552e-01,2.541982799e+00,4.930412743e-01,2.574602415e-01
-2.541806166,3.067970276e-03,7.356015708e-01,1.840505954e+00,4.963226204e-01,2.574303775e-01
-2.538738204,3.067970276e-03,7.246862584e-01,1.051249545e+00,4.990677475e-01,2.570636604e-01
-2.535670242,3.067970276e-03,8.741719376e-01,7.414414125e-01,5.041627039e-01,2.577056916e-01
-2.532602281,3.067970276e-03,8.326334708e-01,8.532434751e-01,5.067046966e-01,2.573960377e-01
-2.529534319,3.067970276e-03,8.747323371e-01,1.844082127e+00,5.110791643e-01,2.582695583e-01
-2.526466358,3.067970276e-03,7.131543137e-01,2.426358451e+00,5.150129203e-01,2.575397671e-01
-2.523398396,3.067731857e-03,6.902805036e-01,2.752504493e+00,5.180195241e-01,2.580576006e-01
-2.520330434,3.067970276e-03,7.046253255e-01,2.462271717e+00,5.259328233e-01,2.579534842e-01
-2.517262473,3.067970276e-03,1.042744313e+00,1.948784014e+00,5.283658333e-01,2.585142122e-01
-2.514194511,3.067970276e-03,1.707464426e+00,1.312117783e+00,5.319968306e-01,2.578515793e-01
-2.511126550,3.067970276e-03,1.920444920e+00,1.091004297e+00,5.367212840e-01,2.581469252e-01
-2.508058588,3.067970276e-03,1.365508246e+00,1.369796873e+00,5.410830776e-01,2.582762042e-01
-2.504990627,3.067970276e-03,1.000909987e+00,2.561832296e+00,5.474427378e-01,2.585001000e-01
-2.501922665,3.067970276e-03,8.604495200e-01,2.245369945e+00,5.527503227e-01,2.589394495e-01
-2.498854703,3.067970276e-03,6.930718297e-01,3.399950172e+00,5.545343848e-01,2.586854196e-01
-2.495786742,3.067970276e-03,8.363924445e-01,3.585304310e+00,5.610064178e-01,2.586492550e-01
-2.492718780,3.067970276e-03,1.344945434e+00,3.216690417e+00,5.654321653e-01,2.581365755e-01
-2.489650819,3.067970276e-03,2.032270529e+00,2.406998093e+00,5.695370289e-01,2.585633268e-01
-2.486582857,3.067970276e-03,2.236259844e+00,1.689661732e+00,5.758321668e-01,2.595281107e-01
-2.483514896,3.067970276e-03,1.661351570e+00,1.193324827e+00,5.785638304e-01,2.588451978e-01
-2.480446934,3.067970276e-03,9.043672518e-01,1.307120283e+00,5.835674988e-01,2.591436943e-01
-2.477378972,3.067970276e-03,8.166262816e-01,2.736220968e+00,5.894848570e-01,2.590998794e-01
-2.474311011,3.067970276e-03,1.407713054e+00,2.874391028e+00,5.920208798e-01,2.597613243e-01
-2.471243049,3.067970276e-03,1.354499107e+00,2.411376724e+00,5.958346186e-01,2.588499391e-01
-2.468175088,3.067970276e-03,8.634389294e-01,1.763683130e+00,6.016345134e-01,2.591617515e-01
-2.465107126,3.067970276e-03,7.169964965e-01,1.067093000e+00,6.052422692e-01,2.588935364e-01
-2.462039165,3.067970276e-03,1.167164358e+00,8.794424289e-01,6.105672166e-01,2.595614686e-01
-2.458971203,3.067970276e-03,1.492921729e+00,1.231910317e+00,6.140603209e-01,2.600232714e-01
-2.455903241,3.067970276e-03,1.054478692e+00,2.620382828e+00,6.185433938e-01,2.590098932e-01
-2.452835280,3.067970276e-03,1.305513747e+00,2.652417525e+00,6.204607578e-01,2.600520008e-01
-2.449767318,3.067970276e-03,8.017918988e-01,3.316377213e+00,6.253404308e-01,2.595011306e-01
-2.446699357,3.067970276e-03,8.805709635e-01,3.175725071e+00,6.315487610e-01,2.597354015e-01
-2.443631395,3.067970276e-03,1.264045918e+00,2.670192012e+00,6.326959871e-01,2.599360549e-01
-2.440563434,3.067970276e-03,1.846482372e+00,1.933998492e+00,6.360505124e-01,2.598206959e-01
-2.437495472,3.067731857e-03,1.995121588e+00,1.519114715e+00,6.395251826e-01,2.592253672e-01
-2.434427510,3.067970276e-03,1.479767644e+00,1.562901286e+00,6.416069948e-01,2.669031732e-01
-2.431359549,3.067970276e-03,8.554295785e-01,2.489057160e+00,6.439877396e-01,2.723723415e-01
-2.428291587,3.067970276e-03,8.853440425e-01,2.421966540e+00,6.471292431e-01,2.736584225e-01
-2.425223626,3.067970276e-03,1.234834347e+00,3.328480051e+00,6.466504172e-01,2.728675485e-01
-2.422155664,3.067970276e-03,1.550922547e+00,3.326525975e+00,6.469116188e-01,2.735647149e-01
-2.419087702,3.067970276e-03,1.171367228e+00,2.853384874e+00,6.067681225e-01,2.735406199e-01
-2.416019741,3.067970276e-03,6.651356070e-01,2.055490749e+00,6.496226381e-01,2.733182123e-01
-2.412951779,3.067970276e-03,9.021383495e-01,1.490774878e+00,6.501486500e-01,2.729725867e-01
-2.409883818,3.067970276e-03,1.509713402e+00,1.300845757e+00,6.489590553e-01,2.734001542e-01
-2.406815856,3.067970276e-03,1.560378968e+00,1.912158913e+00,6.475203825e-01,2.728835323e-01
-2.403747895,3.067970276e-03,1.244063602e+00,3.005069794e+00,6.427313020e-01,2.736535661e-01
-2.400679933,3.067970276e-03,6.935377226e-01,3.614767322e+00,6.415291234e-01,2.734243327e-01
-2.397611971,3.067970276e-03,7.020766819e-01,3.404126963e+00,6.395932860e-01,2.730551286e-01
-2.394544010,3.067970276e-03,9.387793431e-01,2.799627268e+00,6.354856020e-01,2.742640545e-01
-2.391476048,3.067970276e-03,1.462150827e+00,1.974721676e+00,6.266845807e-01,2.765481569e-01
-2.388408087,3.067970276e-03,1.674152552e+00,1.491929045e+00,6.271400025e-01,2.756001096e-01
-2.385340125,3.067970276e-03,1.334967882e+00,1.496015062e+00,6.189443045e-01,2.754364560e-01
-2.382272164,3.067970276e-03,7.767544371e-01,2.433650048e+00,6.153378435e-01,2.736364578e-01
-2.379204202,3.067970276e-03,1.339461762e+00,2.444116230e+00,6.080371771e-01,2.758909541e-01
-2.376136240,3.067970276e-03,7.945183326e-01,3.397387206e+00,5.982976415e-01,2.760812537e-01
-2.373068279,3.067970276e-03,8.411884156e-01,3.427464860e+00,5.871691147e-01,2.770230618e-01
-2.370000317,3.067970276e-03,1.155049222e+00,2.984080299e+00,5.753749146e-01,2.769774993e-01
-2.366932356,3.067970276e-03,1.651124195e+00,2.241008589e+00,5.648839233e-01,2.790065085e-01
-2.363864394,3.067970276e-03,1.734230609e+00,1.752092396e+00,5.515715883e-01,2.795874725e-01
-2.360796433,3.067970276e-03,1.234302029e+00,1.694675798e+00,5.383334898e-01,2.814093830e-01
-2.357728471,3.067970276e-03,8.664530388e-01,2.513466775e+00,5.212417198e-01,2.820796359e-01
-2.354660509,3.067731857e-03,7.040539267e-01,1.857342616e+00,2.791178727e-01,3.966150377e-01
-2.351592548,3.067970276e-03,7.312872638e-01,3.459974481e+00,2.791630884e-01,4.096204698e-01
-2.348524586,3.067970276e-03,7.039294539e-01,4.007429306e+00,2.794326742e-01,4.200959233e-01
-2.345456625,3.067970276e-03,6.019852568e-01,3.928665295e+00,2.800798757e-01,4.307585564e-01
-2.342388663,3.067970276e-03,8.593538554e-01,3.420034708e+00,2.799505474e-01,4.393413006e-01
-2.339320702,3.067970276e-03,1.218803199e+00,3.022184056e+00,2.833336029e-01,4.492444529e-01
-2.336252740,3.067970276e-03,1.204343998e+00,2.937738128e+00,2.825784691e-01,4.587893090e-01
-2.333184778,3.067970276e-03,7.128808180e-01,3.619577722e+00,2.833402215e-01,4.670208241e-01
-2.330116817,3.067970276e-03,7.044463362e-01,2.231975490e+00,2.831441249e-01,4.732651705e-01
-2.327048855,3.067970276e-03,8.172441666e-01,3.632043417e+00,2.850313135e-01,4.762703879e-01
-2.323980894,3.067970276e-03,8.040166381e-01,4.000704255e+00,2.860809135e-01,4.835485271e-01
-2.320912932,3.067970276e-03,6.100619149e-01,3.788570795e+00,2.844744890e-01,4.825682003e-01
-2.317844970,3.067970276e-03,7.770457829e-01,3.199055031e+00,2.865680352e-01,4.907943196e-01
-2.314777009,3.067970276e-03,1.250965588e+00,2.783178451e+00,2.868504616e-01,4.939058755e-01
-2.311709047,3.067970276e-03,1.461099780e+00,2.747541961e+00,2.872001160e-01,4.952765553e-01
-2.308641086,3.067970276e-03,9.622063298e-01,3.553716386e+00,2.890280918e-01,4.963471206e-01
-2.305573124,3.067970276e-03,6.609271453e-01,3.924145226e+00,2.886081015e-01,5.003906986e-01
-2.302505163,3.067970276e-03,9.004370716e-01,3.882784749e+00,2.905964949e-01,5.013957857e-01
-2.299437201,3.067970276e-03,7.629742185e-01,3.153841672e+00,2.900857412e-01,5.020830164e-01
-2.296369239,3.067970276e-03,5.817359554e-01,2.209251901e+00,2.915299228e-01,5.012272318e-01
-2.293301278,3.067970276e-03,8.371094901e-01,1.277588033e+00,2.915654478e-01,4.577831111e-01
-2.290233316,3.067970276e-03,1.233526085e+00,9.334397276e-01,2.930702546e-01,4.976775716e-01
-2.287165355,3.067970276e-03,1.246933342e+00,1.244699512e+00,2.925414513e-01,4.972115807e-01
-2.284097393,3.067970276e-03,7.146199588e-01,2.804364093e+00,2.932803159e-01,4.971213382e-01
-2.281029432,3.067970276e-03,7.312194258e-01,2.220152217e+00,2.927505652e-01,4.938695734e-01
-2.277961470,3.067970276e-03,6.987618879e-01,3.888942884e+00,2.872180734e-01,4.909076612e-01
-2.274893508,3.067970276e-03,7.001270506e-01,4.424617657e+00,2.800705915e-01,4.883287820e-01
-2.271825547,3.067970276e-03,5.715187460e-01,4.283171496e+00,2.808783219e-01,4.845733575e-01
-2.268757585,3.067731857e-03,7.525108921e-01,3.691071883e+00,2.820868902e-01,4.810522324e-01
-2.265689624,3.067970276e-03,1.144399610e+00,3.205527178e+00,2.807826315e-01,4.795567562e-01
-2.262621662,3.067970276e-03,1.289482414e+00,3.063542162e+00,2.808737446e-01,4.732922414e-01
-2.259553701,3.067970276e-03,7.947523617e-01,3.734494990e+00,2.824407736e-01,4.685402154e-01
-2.256485739,3.067970276e-03,8.714732615e-01,3.409400437e+00,2.807375555e-01,4.661448400e-01
-2.253417777,3.067970276e-03,8.884413001e-01,3.966571721e+00,2.814419263e-01,4.618190732e-01
-2.250349816,3.067970276e-03,1.184224547e+00,3.608468081e+00,2.811478771e-01,4.584622478e-01
-2.247281854,3.067970276e-03,9.828683363e-01,2.813820558e+00,2.802407739e-01,4.531689619e-01
-2.244213893,3.067970276e-03,5.773962138e-01,1.805050834e+00,2.809319766e-01,4.495367046e-01
-2.241145931,3.067970276e-03,6.415397184e-01,1.186869617e+00,2.802221003e-01,4.439606386e-01
-2.238077970,3.067970276e-03,9.393567004e-01,1.145346930e+00,2.815030965e-01,4.404514290e-01
-2.235010008,3.067970276e-03,8.462888566e-01,2.134555109e+00,2.805089366e-01,4.379093710e-01
-2.231942046,3.067970276e-03,7.642335885e-01,2.344067395e+00,2.801106588e-01,4.325587022e-01
-2.228874085,3.067970276e-03,8.287336048e-01,4.178806305e+00,2.804269567e-01,4.280135877e-01
-2.225806123,3.067970276e-03,5.731312495e-01,4.763276361e+00,2.801728752e-01,4.252668151e-01
-2.222738162,3.067970276e-03,6.589869625e-01,4.570384481e+00,2.795728446e-01,4.197639124e-01
-2.219670200,3.067970276e-03,1.291392699e+00,3.867758572e+00,2.771961866e-01,4.159830194e-01
-2.216602238,3.067970276e-03,1.666559055e+00,3.196231752e+00,2.792128101e-01,4.122810733e-01
-2.213534277,3.067970276e-03,1.492171649e+00,2.813575114e+00,2.788112644e-01,4.070176635e-01
-2.210466315,3.067970276e-03,7.223098138e-01,3.201565903e+00,2.787240526e-01,4.049346633e-01
-2.207398354,3.067970276e-03,8.561639994e-01,2.047881655e+00,2.784651875e-01,4.005666858e-01
-2.204330392,3.067970276e-03,6.905844851e-01,3.897533920e+00,2.777115063e-01,3.952270151e-01
-2.201262431,3.067970276e-03,8.501657405e-01,4.491659106e+00,2.772628832e-01,3.917037592e-01
-2.198194469,3.067970276e-03,6.889873924e-01,4.291247500e+00,2.768111173e-01,3.875952101e-01
-2.195126507,3.067970276e-03,5.225302128e-01,3.543529381e+00,2.744274539e-01,3.845011614e-01
-2.192058546,3.067970276e-03,7.135990515e-01,2.826262541e+00,2.754883426e-01,3.829129815e-01
-2.188990584,3.067970276e-03,9.356329177e-01,2.405204492e+00,2.750064226e-01,3.766430223e-01
-2.185922623,3.067731857e-03,7.207269630e-01,2.756055811e+00,2.749307067e-01,3.741790098e-01
-2.182854661,3.067970276e-03,6.317925586e-01,2.106250098e+00,2.748966817e-01,3.711678260e-01
-2.179786700,3.067970276e-03,1.049411665e+00,3.211250600e+00,2.739731452e-01,3.678321143e-01
-2.176718738,3.067970276e-03,1.160899726e+00,3.328443175e+00,2.741447459e-01,3.657768427e-01
-2.173650776,3.067970276e-03,8.204687894e-01,2.926603257e+00,2.724142961e-01,3.620844437e-01
-2.170582815,3.067970276e-03,5.214454059e-01,2.278488459e+00,2.721070860e-01,3.600221909e-01
-2.167514853,3.067970276e-03,8.118595195e-01,1.947099217e+00,2.723773394e-01,3.575864847e-01
-2.164446892,3.067970276e-03,1.272628628e+00,2.222961322e+00,2.716482381e-01,3.547399508e-01
-2.161378930,3.067970276e-03,1.215414426e+00,3.578582824e+00,2.707547865e-01,3.505029490e-01
-2.158310969,3.067970276e-03,9.804221342e-01,2.666853854e+00,2.707110230e-01,3.491760132e-01
-2.155243007,3.067970276e-03,5.123513736e-01,3.925232524e+00,2.693549748e-01,3.495905382e-01
-2.152175045,3.067970276e-03,5.066527903e-01,4.025272862e+00,2.697837783e-01,3.454466545e-01
-2.149107084,3.067970276e-03,4.892585011e-01,3.438709426e+00,2.692575005e-01,3.426549702e-01
-2.146039122,3.067970276e-03,5.914936805e-01,2.448433229e+00,2.685867093e-01,3.403779500e-01
-2.142971161,3.067970276e-03,6.987539352e-01,1.639709383e+00,2.692677174e-01,3.372801221e-01
-2.139903199,3.067970276e-03,6.275221187e-01,1.297643220e+00,2.674911232e-01,3.360489460e-01
-2.136835238,3.067970276e-03,6.510422201e-01,1.863192339e+00,2.674494802e-01,3.346846733e-01
-2.133767276,3.067970276e-03,7.004561288e-01,3.119590992e+00,2.664144687e-01,3.336548512e-01
-2.130699314,3.067970276e-03,7.294862395e-01,3.735464610e+00,2.661933748e-01,3.304195689e-01
-2.127631353,3.067970276e-03,5.047205835e-01,3.450910628e+00,2.660472357e-01,3.297568777e-01
-2.124563391,3.067970276e-03,5.694133079e-01,2.735496055e+00,2.655758395e-01,3.262975375e-01
-2.121495430,3.067970276e-03,1.038887594e+00,1.897011440e+00,2.645128560e-01,3.271086860e-01
-2.118427468,3.067970276e-03,1.237537520e+00,1.519304760e+00,2.642338765e-01,3.239137137e-01
-2.115359506,3.067970276e-03,9.681666565e-01,1.867195275e+00,2.644118896e-01,3.232847292e-01
-2.112291545,3.067970276e-03,6.573359376e-01,3.448392444e+00,2.643717789e-01,3.222004948e-01
-2.109223583,3.067970276e-03,7.977811834e-01,2.445700654e+00,2.636952159e-01,3.212826485e-01
-2.106155622,3.067970276e-03,7.083237232e-01,3.290188537e+00,2.633888234e-01,3.206930566e-01
-2.103087660,3.067731857e-03,9.471263730e-01,3.157767971e+00,2.628254770e-01,3.188063795e-01
-2.100019699,3.067970276e-03,8.125267211e-01,2.548902403e+00,2.622327595e-01,3.181899074e-01
-2.096951737,3.067970276e-03,4.822965131e-01,1.757716684e+00,2.615034193e-01,3.166645280e-01
-2.093883775,3.067970276e-03,5.556565275e-01,1.991237853e+00,2.725797903e-01,4.477364333e-01
-2.090815814,3.067970276e-03,8.380136577e-01,2.873254165e+00,2.606745377e-01,5.100052229e-01
-2.087747852,3.067970276e-03,8.067827651e-01,5.856712378e+00,2.616118840e-01,5.082267603e-01
-2.084679891,3.067970276e-03,7.309286424e-01,4.566199593e+00,2.606716284e-01,5.039219054e-01
-2.081611929,3.067970276e-03,5.129849293e-01,7.484774959e+00,2.604017581e-01,5.019623007e-01
-2.078543968,3.067970276e-03,5.538858510e-01,7.913335423e+00,2.605666717e-01,4.996053184e-01
-2.075476006,3.067970276e-03,4.896817076e-01,6.868564327e+00,2.601123217e-01,4.896067384e-01
-2.072408044,3.067970276e-03,4.726607575e-01,4.954966698e+00,2.598674005e-01,4.947062720e-01
-2.069340083,3.067970276e-03,5.598815007e-01,3.345605412e+00,3.399948085e-01,4.030267469e-01
-2.066272121,3.067970276e-03,5.596211605e-01,2.655300039e+00,3.390194919e-01,4.029504526e-01
-2.063204160,3.067970276e-03,5.413016158e-01,3.841455019e+00,3.365355068e-01,4.058523791e-01
-2.060136198,3.067970276e-03,1.001080067e+00,5.372173358e+00,3.345493011e-01,4.081329891e-01
-2.057068237,3.067970276e-03,6.609663179e-01,8.077533305e+00,3.328507893e-01,4.106624814e-01
-2.054000275,3.067970276e-03,1.108095062e+00,8.347601662e+00,3.319661542e-01,4.124578748e-01
-2.050932313,3.067970276e-03,1.219593702e+00,7.206220123e+00,3.270382636e-01,4.146219868e-01
-2.047864352,3.067970276e-03,8.979361317e-01,5.293958542e+00,3.270103425e-01,4.163194521e-01
-2.044796390,3.067970276e-03,6.591495296e-01,3.760142529e+00,3.253549881e-01,4.187099785e-01
-2.041728429,3.067970276e-03,5.161815544e-01,3.233583523e+00,3.238601490e-01,4.201183758e-01
-2.038660467,3.067970276e-03,6.363771409e-01,4.732945714e+00,3.221210128e-01,4.228647910e-01
-2.035592506,3.067970276e-03,8.009784478e-01,5.664332530e+00,3.201065584e-01,4.239079770e-01
-2.032524544,3.067970276e-03,4.802614365e-01,8.667184317e+00,3.194961077e-01,4.249242691e-01
-2.029456582,3.067970276e-03,5.458640054e-01,9.147522102e+00,3.163022706e-01,4.271314824e-01
-2.026388621,3.067970276e-03,4.888461532e-01,8.117537642e+00,3.159459508e-01,4.275453422e-01
-2.023320659,3.067970276e-03,4.319669505e-01,6.241924676e+00,3.148266094e-01,4.315017068e-01
-2.020252698,3.067970276e-03,5.413339723e-01,4.663837550e+00,3.120261822e-01,4.314644655e-01
-2.017184736,3.067731857e-03,6.243238144e-01,4.040674807e+00,3.115981834e-01,4.314706124e-01
-2.014116774,3.067970276e-03,4.754958848e-01,5.385286987e+00,3.101033034e-01,4.339763669e-01
-2.011048813,3.067970276e-03,6.987845715e-01,5.143014250e+00,3.071081441e-01,4.355711148e-01
-2.007980851,3.067970276e-03,4.576618598e-01,7.924368060e+00,3.058471976e-01,4.381718292e-01
-2.004912890,3.067970276e-03,5.071347262e-01,8.169053687e+00,3.046841817e-01,4.356622758e-01
-2.001844928,3.067970276e-03,7.006246895e-01,6.888240350e+00,3.026862571e-01,4.367771923e-01
-1.998776967,3.068089485e-03,1.119221482e+00,4.784443215e+00,3.026640797e-01,4.383374627e-01
-1.995709005,3.067970276e-03,1.268432222e+00,2.979612800e+00,3.007486476e-01,4.385572075e-01
-1.992641043,3.067970276e-03,1.121643477e+00,2.249630074e+00,2.994161490e-01,4.391895685e-01
-1.989573082,3.067970276e-03,5.687704750e-01,3.320604726e+00,2.979768873e-01,4.402404323e-01
-1.986505120,3.067970276e-03,5.449412597e-01,4.937813148e+00,2.978018943e-01,4.409781087e-01
-1.983437159,3.067970276e-03,5.753094391e-01,7.635903670e+00,2.967587642e-01,4.456473587e-01
-1.980369197,3.067970276e-03,6.408185075e-01,7.864196457e+00,2.940781119e-01,4.434113966e-01
-1.977301236,3.067970276e-03,5.016553054e-01,6.639377296e+00,2.935011086e-01,4.426543498e-01
-1.974233274,3.067851067e-03,4.218255530e-01,4.669813553e+00,2.931852579e-01,4.423752151e-01
-1.971165312,3.067970276e-03,6.584013117e-01,3.082765916e+00,2.913049258e-01,4.422336313e-01
-1.968097351,3.067970276e-03,9.506142205e-01,2.608872390e+00,2.901068435e-01,4.435277907e-01
-1.965029389,3.067970276e-03,8.564463123e-01,4.183285487e+00,2.900140124e-01,4.430239052e-01
-1.961961428,3.067970276e-03,4.134693484e-01,6.420291291e+00,2.878986923e-01,4.430436910e-01
-1.958893466,3.067970276e-03,3.834382736e-01,8.046669706e+00,2.872907048e-01,4.428063892e-01
-1.955825505,3.067970276e-03,4.340119041e-01,7.601598538e+00,2.866012864e-01,4.429486958e-01
-1.952757543,3.067970276e-03,6.357304768e-01,6.099177799e+00,2.856843801e-01,4.444179878e-01
-1.949689581,3.067970276e-03,1.034286165e+00,4.260910926e+00,2.842769124e-01,4.435916915e-01
-1.946621620,3.067970276e-03,1.127683470e+00,3.208369200e+00,2.828924205e-01,4.452711260e-01
-1.943553658,3.067970276e-03,9.079075031e-01,3.676582049e+00,2.824432529e-01,4.451302831e-01
-1.940485697,3.067970276e-03,4.952994693e-01,6.694025810e+00,2.816412773e-01,4.448432053e-01
-1.937417735,3.067970276e-03,5.956847050e-01,7.700212121e+00,2.799479615e-01,4.446964738e-01
-1.934349774,3.067851067e-03,5.786961075e-01,9.120852395e+00,2.799489350e-01,4.453831489e-01
-1.931281812,3.067970276e-03,8.047775983e-01,8.433679594e+00,2.793106183e-01,4.449449319e-01
-1.928213850,3.067970276e-03,8.206239823e-01,6.660134077e+00,2.782443820e-01,4.450253351e-01
-1.925145889,3.067970276e-03,5.548418578e-01,4.528837681e+00,2.775139517e-01,4.433446585e-01
-1.922077927,3.067970276e-03,4.388945841e-01,3.164545530e+00,2.756950621e-01,4.454413776e-01
-1.919009966,3.067970276e-03,3.925908035e-01,3.322922255e+00,2.751873313e-01,4.458504059e-01
-1.915942004,3.067970276e-03,5.336274215e-01,6.023470596e+00,2.741883414e-01,4.450360865e-01
-1.912874042,3.067970276e-03,8.561544791e-01,6.654452990e+00,2.734802244e-01,4.445887715e-01
-1.909806081,3.067970276e-03,4.344876611e-01,9.294145254e+00,2.744366237e-01,4.454858010e-01
-1.906738119,3.067970276e-03,5.900566101e-01,9.355778681e+00,2.721665354e-01,4.448576282e-01
-1.903670158,3.067970276e-03,5.998833643e-01,7.866838616e+00,2.723320716e-01,4.460264692e-01
-1.900602196,3.067970276e-03,3.798828222e-01,5.562116156e+00,2.715421487e-01,4.453689507e-01
-1.897534235,3.067970276e-03,3.824108180e-01,3.578308256e+00,2.702076919e-01,4.459783425e-01
-1.894466273,3.067970276e-03,5.873076763e-01,2.708144436e+00,2.697448378e-01,4.460284659e-01
-1.891398311,3.067851067e-03,6.257118979e-01,3.889987544e+00,2.691471035e-01,4.458746327e-01
-1.888330350,3.067970276e-03,3.800660137e-01,5.692457972e+00,2.688059672e-01,4.443297118e-01
-1.885262388,3.067970276e-03,4.001084913e-01,8.503224568e+00,2.677278147e-01,4.463041771e-01
-1.882194427,3.067970276e-03,6.092043768e-01,8.829564800e+00,2.670557134e-01,4.465530132e-01
-1.879126465,3.067970276e-03,8.946830854e-01,7.683015557e+00,2.669588145e-01,4.459403316e-01
-1.876058504,3.067970276e-03,1.261695568e+00,5.858507981e+00,2.659065996e-01,4.471384799e-01
-1.872990542,3.067970276e-03,1.252114916e+00,4.467192407e+00,2.659715388e-01,4.461927950e-01
-1.869922580,3.067970276e-03,9.380468173e-01,4.249570788e+00,2.655608393e-01,4.466865017e-01
-1.866854619,3.067970276e-03,4.745653235e-01,6.282163472e+00,2.649178093e-01,4.460903758e-01
-1.863786657,3.067970276e-03,3.658642276e-01,7.065859205e+00,2.643190458e-01,4.466610043e-01
-1.860718696,3.067970276e-03,4.018973521e-01,8.975199236e+00,2.639301396e-01,4.459353726e-01
-1.857650734,3.067970276e-03,3.359243436e-01,8.568789785e+00,2.635487637e-01,4.470166588e-01
-1.854582773,3.067970276e-03,4.064369017e-01,6.839021319e+00,2.632729948e-01,4.468993979e-01
-1.851514811,3.067970276e-03,7.744250807e-01,4.589974010e+00,2.626786237e-01,4.474069702e-01
-1.848446849,3.067851067e-03,1.002245756e+00,2.946046154e+00,2.623255040e-01,4.471930567e-01
-1.845378888,3.067970276e-03,1.072339874e+00,2.710509649e+00,2.621011044e-01,4.485448139e-01
-1.842310926,3.067970276e-03,7.237801230e-01,4.802386607e+00,2.616715852e-01,4.478142760e-01
-1.839242965,3.067970276e-03,7.848507164e-01,6.857713587e+00,2.612618027e-01,4.503542577e-01
-1.836175003,3.067970276e-03,4.845015400e-01,9.016206422e+00,2.608048309e-01,4.485558225e-01
-1.833107042,3.067970276e-03,3.483658287e-01,8.820436519e+00,2.605018585e-01,4.490573877e-01
-1.830039080,3.067970276e-03,6.193548134e-01,7.250820928e+00,2.599828296e-01,4.494503154e-01
-1.826971118,3.067970276e-03,1.070891896e+00,5.139456791e+00,2.596456660e-01,4.495609786e-01
-1.823903157,3.067970276e-03,1.138772671e+00,4.594946043e+00,2.592346518e-01,6.093544198e-01
-1.820835195,3.067970276e-03,9.018062019e-01,6.339829030e+00,2.551405131e-01,5.842240447e-01
-1.817767234,3.067970276e-03,4.445878993e-01,1.074242740e+01,2.511120756e-01,2.557452013e-01
-1.814699272,3.067970276e-03,1.110636855e+00,1.100736029e+01,2.510242490e-01,2.556693171e-01
-1.811631310,3.067970276e-03,4.004318800e-01,1.545776922e+01,2.509508651e-01,2.556093057e-01
-1.808563349,3.067851067e-03,4.084543157e-01,1.520654442e+01,2.509040132e-01,2.557092710e-01
-1.805495387,3.067970276e-03,5.731364655e-01,1.221676536e+01,2.508430834e-01,2.557409868e-01
-1.802427426,3.067970276e-03,5.191257497e-01,8.198099726e+00,2.508608365e-01,2.558623531e-01
-1.799359464,3.067970276e-03,5.475230798e-01,5.401535715e+00,2.506830957e-01,2.557733018e-01
-1.796291503,3.067970276e-03,5.664594642e-01,5.373502607e+00,2.507402650e-01,2.561399787e-01
-1.793223541,3.067970276e-03,8.037700664e-01,1.003978459e+01,2.506995728e-01,2.556620591e-01
-1.790155579,3.067970276e-03,4.948891991e-01,8.778864547e+00,2.507129322e-01,2.557666165e-01
-1.787087618,3.067970276e-03,6.182181099e-01,1.373981976e+01,2.505338866e-01,2.556950415e-01
-1.784019656,3.067970276e-03,4.752453141e-01,1.410681540e+01,2.505846974e-01,2.559106778e-01
-1.780951695,3.067970276e-03,3.371775208e-01,1.184542519e+01,2.505565722e-01,2.557313572e-01
-1.777883733,3.067970276e-03,3.995288877e-01,8.693705716e+00,2.505404792e-01,2.557182963e-01
-1.774815772,3.067970276e-03,6.156988956e-01,6.808299274e+00,2.504700361e-01,2.554918148e-01
-1.771747810,3.067970276e-03,8.292749579e-01,7.881799824e+00,2.507887258e-01,2.556138270e-01
-1.768679848,3.067970276e-03,7.487217375e-01,1.391900271e+01,2.504561626e-01,2.557428281e-01
-1.765611887,3.067851067e-03,3.890749528e-01,8.114354546e+00,2.503858430e-01,2.555473974e-01
-1.762543925,3.067970276e-03,4.399135781e-01,1.695245191e+01,2.503856403e-01,2.555466153e-01
-1.759475964,3.067970276e-03,3.277885923e-01,2.010531768e+01,2.503796954e-01,2.553818692e-01
-1.756408002,3.067970276e-03,3.157247095e-01,1.932388804e+01,2.503343964e-01,2.555598975e-01
-1.753340041,3.067970276e-03,5.816171059e-01,1.636508356e+01,2.503271197e-01,2.554691748e-01
-1.750272079,3.067970276e-03,8.556492890e-01,1.338041754e+01,2.503002557e-01,2.554755512e-01
-1.747204117,3.067970276e-03,1.089014338e+00,1.205830785e+01,2.502596920e-01,2.552072837e-01
-1.744136156,3.067970276e-03,1.035211288e+00,1.443164370e+01,2.502187104e-01,2.554102635e-01
-1.741068194,3.067970276e-03,3.045464941e-01,7.950348031e+00,2.502204387e-01,2.553149888e-01
-1.738000233,3.067970276e-03,2.994435330e-01,1.330112039e+01,2.491011072e-01,2.554693261e-01
-1.734932271,3.067970276e-03,2.971522036e-01,1.402189941e+01,2.501734017e-01,2.554119858e-01
-1.731864310,3.067970276e-03,3.401051673e-01,1.207441754e+01,2.501563483e-01,2.552427258e-01
-1.728796348,3.067970276e-03,5.274515844e-01,9.241511078e+00,2.501345196e-01,2.553710855e-01
-1.725728386,3.067970276e-03,5.982141454e-01,7.635536810e+00,2.501016050e-01,2.552018811e-01
-1.722660425,3.067851067e-03,5.955546793e-01,8.989061621e+00,2.501136521e-01,2.549716104e-01
-1.719592463,3.067970276e-03,4.052232734e-01,1.531864822e+01,2.501389014e-01,2.551333227e-01
-1.716524502,3.067970276e-03,2.913972233e-01,1.390686823e+01,2.501082043e-01,2.550414171e-01
-1.713456540,3.067970276e-03,4.790477128e-01,1.689091437e+01,2.502037035e-01,2.551139091e-01
-1.710388578,3.067970276e-03,8.879055768e-01,1.551299023e+01,2.500935145e-01,2.550220843e-01
-1.707320617,3.067970276e-03,1.118166959e+00,1.178157052e+01,2.500731539e-01,2.550581878e-01
-1.704252655,3.067970276e-03,1.315807196e+00,7.523904091e+00,2.501085208e-01,2.550882379e-01
-1.701184694,3.067970276e-03,1.096979416e+00,4.977654767e+00,2.500930130e-01,2.549194245e-01
-1.698116732,3.067970276e-03,6.582620822e-01,5.502022528e+00,2.500567091e-01,2.548688920e-01
-1.695048771,3.067970276e-03,4.799937070e-01,2.102597642e+01,2.500496858e-01,2.673536378e-01
-1.691980809,3.067970276e-03,4.483759716e-01,1.531519048e+01,2.500327637e-01,2.693992368e-01
-1.688912847,3.067970276e-03,1.115275776e+00,3.313585210e+01,2.500460556e-01,2.696193653e-01
-1.685844886,3.067970276e-03,1.482893185e+00,3.974379072e+01,2.500625106e-01,2.694326345e-01
-1.682776924,3.067851067e-03,1.544283809e+00,3.838594303e+01,2.500097496e-01,2.694177352e-01
-1.679708963,3.067970276e-03,1.126072556e+00,3.279164573e+01,2.500321648e-01,2.690036326e-01
-1.676641001,3.067970276e-03,6.043491024e-01,2.696953283e+01,2.500181251e-01,2.690214235e-01
-1.673573040,3.067970276e-03,3.784237409e-01,2.461088930e+01,2.500064528e-01,2.685396902e-01
-1.670505078,3.067970276e-03,1.170006689e+00,2.968236538e+01,2.503070682e-01,2.686510032e-01
-1.667437116,3.067970276e-03,5.694738239e-01,2.542767059e+01,2.500266183e-01,2.686717467e-01
-1.664369155,3.067970276e-03,3.228578839e-01,2.985032415e+01,2.500156869e-01,2.687465755e-01
-1.661301193,3.067970276e-03,4.261999955e-01,2.618334980e+01,2.500438028e-01,2.685304597e-01
-1.658233232,3.067970276e-03,5.143904348e-01,1.838403277e+01,2.500122360e-01,2.684604589e-01
-1.655165270,3.067970276e-03,3.513782804e-01,1.060323128e+01,2.499950886e-01,2.684903834e-01
-1.652097309,3.067970276e-03,2.837634667e-01,7.551868618e+00,2.500016007e-01,2.681071485e-01
-1.649029347,3.067970276e-03,4.006290107e-01,9.323532925e+00,2.500327610e-01,2.682941433e-01
-1.645961385,3.067970276e-03,7.423076382e-01,2.254818678e+01,2.500121375e-01,2.679410232e-01
-1.642893424,3.067970276e-03,5.686826360e-01,2.209226025e+01,2.499730206e-01,2.682379410e-01
-1.639825462,3.067851067e-03,2.992362661e-01,3.629238292e+01,2.499974484e-01,2.681437982e-01
-1.636757501,3.067970276e-03,3.825765475e-01,3.933936535e+01,2.499971373e-01,2.681649836e-01
-1.633689539,3.067970276e-03,6.502288853e-01,4.773894681e+01,2.499957171e-01,2.889022882e-01
-1.630621578,3.067970276e-03,1.013325714e+00,5.460455885e+01,2.500014932e-01,3.214902764e-01
-1.627553616,3.067970276e-03,1.096939945e+00,4.034563018e+01,2.500445516e-01,3.212481347e-01
-1.624485654,3.067970276e-03,1.102407861e+00,3.470516657e+01,2.500104613e-01,3.215462322e-01
-1.621417693,3.067970276e-03,8.452709871e-01,4.559576721e+01,2.499814532e-01,3.215944923e-01
-1.618349731,3.067970276e-03,3.363172750e-01,4.723621115e+01,2.500187806e-01,3.213999396e-01
-1.615281770,3.067970276e-03,3.034521819e-01,5.808509596e+01,2.500393806e-01,3.212820423e-01
-1.612213808,3.067970276e-03,3.497719607e-01,5.254133991e+01,2.499762330e-01,3.210811773e-01
-1.609145846,3.067970276e-03,4.189881089e-01,3.849932361e+01,2.500032966e-01,3.213198395e-01
-1.606077885,3.067970276e-03,3.436949480e-01,2.374752663e+01,2.499798363e-01,3.209274320e-01
-1.603009923,3.067970276e-03,3.365921326e-01,2.042110314e+01,2.500329215e-01,3.488657932e-01
-1.599941962,3.067970276e-03,2.862393807e-01,4.443160837e+01,2.500040123e-01,4.676676581e-01
-1.596874000,3.067851067e-03,2.824007744e-01,1.011099573e+02,2.499939980e-01,4.682059798e-01
-1.593806039,3.067970276e-03,3.454804354e-01,5.540048858e+01,2.499849473e-01,4.683093850e-01
-1.590738077,3.067970276e-03,7.367809255e-01,1.102315130e+02,2.500517914e-01,4.681734989e-01
-1.587670115,3.067970276e-03,1.051790827e+00,1.341978713e+02,2.499447178e-01,4.487999113e-01
-1.584602154,3.067970276e-03,1.213337272e+00,2.134899735e+02,2.500751895e-01,2.541249020e-01
-1.581534192,3.067970276e-03,9.978315659e-01,1.532177718e+02,2.499064514e-01,2.542521743e-01
-1.578466231,3.067970276e-03,7.097315888e-01,1.445390279e+02,2.499544117e-01,2.614751530e-01
-1.575398269,3.067970276e-03,3.124876091e-01,1.986143286e+02,2.500268328e-01,2.813735994e-01
-1.572330308,3.067970276e-03,5.716826625e-01,6.343794243e+03,2.371358775e-01,3.651312319e-01
-1.569262346,3.067970276e-03,5.741664559e-01,2.313769135e+03,2.371334654e-01,3.491682011e-01
-1.566194384,3.067970276e-03,3.093944152e-01,1.755784767e+02,2.500280788e-01,2.818299369e-01
-1.563126423,3.067970276e-03,6.928637492e-01,9.325274713e+01,2.499588637e-01,2.614377943e-01
-1.560058461,3.067970276e-03,9.760088982e-01,5.337787162e+01,2.499047560e-01,2.544071204e-01
-1.556990500,3.067970276e-03,1.183669713e+00,8.104852605e+01,2.500693250e-01,2.541986400e-01
-1.553922538,3.067851067e-03,1.016013136e+00,5.998624964e+01,2.499464610e-01,4.480344120e-01
-1.550854577,3.067970276e-03,6.971738862e-01,4.380435920e+01,2.500531436e-01,4.685336831e-01
-1.547786615,3.067970276e-03,3.404759625e-01,3.352046663e+01,2.499853406e-01,4.684836474e-01
-1.544718653,3.067970276e-03,2.844311508e-01,4.121097304e+01,2.499732729e-01,4.688305438e-01
-1.541650692,3.067970276e-03,2.774061395e-01,3.211889007e+01,2.499940672e-01,4.682162288e-01
-1.538582730,3.067970276e-03,3.081289789e-01,2.323096506e+01,2.500327407e-01,3.487330715e-01
-1.535514769,3.067970276e-03,3.098100191e-01,1.506754989e+01,2.499890205e-01,3.207097811e-01
-1.532446807,3.067970276e-03,3.686767893e-01,1.337834048e+01,2.500332778e-01,3.204871641e-01
-1.529378846,3.067970276e-03,3.115942347e-01,1.967105504e+01,2.499824821e-01,3.204060900e-01
-1.526310884,3.067970276e-03,2.900877014e-01,2.412365175e+01,2.500040275e-01,3.206311736e-01
-1.523242922,3.067970276e-03,3.857692095e-01,1.680558586e+01,2.500323620e-01,3.199936390e-01
-1.520174961,3.067970276e-03,9.506399543e-01,1.604053347e+01,2.499926691e-01,3.200365233e-01
-1.517106999,3.067970276e-03,1.215101846e+00,1.257400012e+01,2.500180457e-01,3.200913407e-01
-1.514039038,3.067851067e-03,1.220033977e+00,1.355689446e+01,2.499479126e-01,3.197086170e-01
-1.510971076,3.067970276e-03,1.140497454e+00,2.138930535e+01,2.500459887e-01,3.192534483e-01
-1.507903114,3.067970276e-03,7.802659186e-01,2.423611831e+01,2.500098120e-01,2.876140079e-01
-1.504835153,3.067970276e-03,4.863579537e-01,2.240292025e+01,2.500201166e-01,2.672507906e-01
-1.501767191,3.067970276e-03,2.802203546e-01,1.929992942e+01,2.500153256e-01,2.673110452e-01
-1.498699230,3.067970276e-03,4.386838856e-01,8.784650531e+00,2.498843741e-01,2.672167946e-01
-1.495631268,3.067970276e-03,8.994512722e-01,8.957576592e+00,2.500205110e-01,2.670392163e-01
-1.492563307,3.067970276e-03,5.280723525e-01,9.355758682e+00,2.499977424e-01,2.671245424e-01
-1.489495345,3.067970276e-03,2.939822525e-01,1.139882263e+01,2.500302169e-01,2.668340063e-01
-1.486427383,3.067970276e-03,2.852751954e-01,8.245698350e+00,2.500198192e-01,2.669548737e-01
-1.483359422,3.067970276e-03,3.808878300e-01,6.592826508e+00,2.500187450e-01,2.666243858e-01
-1.480291460,3.067970276e-03,3.238552515e-01,9.823274198e+00,2.500106666e-01,2.667703462e-01
-1.477223499,3.067970276e-03,3.227441223e-01,1.288553109e+01,2.500373640e-01,2.666042726e-01
-1.474155537,3.067970276e-03,7.436076769e-01,9.450561529e+00,2.500660817e-01,2.663046232e-01
-1.471087576,3.067851067e-03,1.381596202e+00,1.292331363e+01,2.499833173e-01,2.663464921e-01
-1.468019614,3.067970276e-03,5.055637307e-01,8.632939549e+00,2.500523899e-01,2.662752608e-01
-1.464951652,3.067970276e-03,4.283860286e-01,1.034668366e+01,2.500611067e-01,2.664192584e-01
-1.461883691,3.067970276e-03,8.952900218e-01,1.586322674e+01,2.500704307e-01,2.661517793e-01
-1.458815729,3.067970276e-03,1.306493436e+00,2.152453699e+01,2.501308029e-01,2.662043984e-01
-1.455747768,3.067970276e-03,1.238625553e+00,2.284730102e+01,2.500973510e-01,2.656542850e-01
-1.452679806,3.067970276e-03,8.684667558e-01,1.624327131e+01,2.501070071e-01,2.655380263e-01
-1.449611845,3.067970276e-03,4.062470738e-01,8.672822698e+00,2.501098420e-01,2.654685747e-01
-1.446543883,3.067970276e-03,4.221125581e-01,8.005901719e+00,2.501202994e-01,2.635794292e-01
-1.443475921,3.067970276e-03,9.055641213e-01,3.940307620e+00,2.501258171e-01,2.537787374e-01
-1.440407960,3.067970276e-03,1.372848635e+00,4.206997680e+00,2.501735061e-01,2.538293339e-01
-1.437339998,3.067970276e-03,1.597388668e+00,3.280529045e+00,2.501627090e-01,2.537167563e-01
-1.434272037,3.067970276e-03,1.409071993e+00,4.154859912e+00,2.502205551e-01,2.537243270e-01
-1.431204075,3.067970276e-03,1.184375847e+00,7.086250966e+00,2.501924982e-01,2.536161920e-01
-1.428136114,3.067851067e-03,7.529378867e-01,8.457463575e+00,2.501322640e-01,2.536053516e-01
-1.425068152,3.067970276e-03,3.991687845e-01,5.737832189e+00,2.502068526e-01,2.536859300e-01
-1.422000190,3.067970276e-03,6.296860670e-01,7.102733472e+00,2.502257156e-01,2.536047542e-01
-1.418932229,3.067970276e-03,9.031968236e-01,3.229870874e+00,2.502479665e-01,2.535013207e-01
-1.415864267,3.067970276e-03,9.150167812e-01,3.162026092e+00,2.502227782e-01,2.534512340e-01
-1.412796306,3.067970276e-03,8.435693030e-01,3.208124211e+00,2.503179636e-01,2.535214033e-01
-1.409728344,3.067970276e-03,5.682076082e-01,4.256349577e+00,2.502903395e-01,2.534147557e-01
-1.406660382,3.067970276e-03,4.563876289e-01,5.651818859e+00,2.503114969e-01,2.534372710e-01
-1.403592421,3.067970276e-03,3.798882966e-01,5.099503026e+00,2.504855041e-01,2.533029961e-01
-1.400524459,3.067970276e-03,4.560487257e-01,3.602977817e+00,2.503488362e-01,2.532831994e-01
-1.397456498,3.067970276e-03,1.399106931e+00,6.158945585e+00,2.504106762e-01,2.533023993e-01
-1.394388536,3.067970276e-03,1.461456046e+00,4.189385706e+00,2.504661961e-01,2.531678982e-01
-1.391320575,3.067970276e-03,1.236397584e+00,5.160101549e+00,2.505144714e-01,2.532256230e-01
-1.388252613,3.067851067e-03,9.578160962e-01,8.016308692e+00,2.505585839e-01,2.532028857e-01
-1.385184651,3.067970276e-03,5.226340198e-01,1.097462751e+01,2.505771801e-01,2.531332489e-01
-1.382116690,3.067970276e-03,3.488698886e-01,1.173220676e+01,2.505541778e-01,2.530677143e-01
-1.379048728,3.067970276e-03,3.020894437e-01,8.602873242e+00,2.506360161e-01,2.531672156e-01
-1.375980767,3.067970276e-03,3.251628664e-01,4.205514124e+00,2.507199436e-01,2.531162911e-01
-1.372912805,3.067970276e-03,1.158418977e+00,5.979919692e+00,2.506803054e-01,2.531438252e-01
-1.369844844,3.067970276e-03,1.254451486e+00,3.183006119e+00,2.504230730e-01,2.531297814e-01
-1.366776882,3.067970276e-03,1.032735934e+00,3.275573615e+00,2.508287002e-01,2.529056525e-01
-1.363708920,3.067970276e-03,7.540813080e-01,3.143415176e+00,2.508019754e-01,2.530481725e-01
-1.360640959,3.067970276e-03,3.874360775e-01,4.147734067e+00,2.509579763e-01,2.530500203e-01
-1.357572997,3.067970276e-03,3.078221617e-01,5.799578840e+00,2.509085542e-01,2.530170777e-01
-1.354505036,3.067970276e-03,3.316187474e-01,5.527363099e+00,2.508037133e-01,2.530577895e-01
-1.351437074,3.067970276e-03,3.253217484e-01,3.530156079e+00,2.510496889e-01,2.529288721e-01
-1.348369113,3.067970276e-03,4.328168600e-01,3.752228181e+00,2.510591512e-01,2.529866581e-01
-1.345301151,3.067851067e-03,3.259729745e-01,3.857248963e+00,2.511732363e-01,2.527059536e-01
-1.342233189,3.067970276e-03,3.200435889e-01,3.798919991e+00,2.512509453e-01,2.529331427e-01
-1.339165228,3.067970276e-03,3.148008330e-01,3.154177048e+00,2.512754521e-01,2.528403934e-01
-1.336097266,3.067970276e-03,3.299286071e-01,4.419988039e+00,2.513965456e-01,2.529170299e-01
-1.333029305,3.067970276e-03,3.797894804e-01,6.924877390e+00,2.514351418e-01,2.528441114e-01
-1.329961343,3.067970276e-03,7.122673084e-01,7.212823624e+00,2.514728618e-01,2.530633578e-01
-1.326893382,3.067970276e-03,1.618513183e+00,4.077893634e+00,2.515562534e-01,2.528665742e-01
-1.323825420,3.067970276e-03,6.773500386e-01,3.950018043e+00,2.515732813e-01,2.529492359e-01
-1.320757458,3.067970276e-03,1.422832829e+00,3.383281593e+00,2.512904411e-01,5.946405207e-01
-1.317689497,3.067970276e-03,1.668713812e+00,2.234554152e+00,2.511649839e-01,6.226774027e-01
-1.314621535,3.067970276e-03,1.609162298e+00,1.757603729e+00,2.508273548e-01,4.591929607e-01
-1.311553574,3.067970276e-03,1.142481241e+00,3.158967935e+00,2.508529892e-01,4.576178053e-01
-1.308485612,3.067970276e-03,6.939108039e-01,4.705946857e+00,2.508592395e-01,4.577973709e-01
-1.305417650,3.067970276e-03,3.490549787e-01,4.922661641e+00,2.508120286e-01,4.566125090e-01
-1.302349689,3.067851067e-03,3.682916758e-01,2.923370328e+00,2.508593120e-01,4.579277965e-01
-1.299281727,3.067970276e-03,1.266445328e+00,1.799781019e+00,2.508439967e-01,4.563804604e-01
-1.296213766,3.067970276e-03,1.648217472e+00,1.878065244e+00,2.507738296e-01,4.552457145e-01
-1.293145804,3.067970276e-03,1.585298602e+00,1.761766895e+00,2.508375225e-01,4.560230073e-01
-1.290077843,3.067970276e-03,1.357959155e+00,1.619982954e+00,2.507448731e-01,4.547472375e-01
-1.287009881,3.067970276e-03,8.712357843e-01,2.817300983e+00,2.508026572e-01,4.542633182e-01
-1.283941919,3.067970276e-03,5.907998796e-01,4.487962368e+00,2.507522282e-01,4.534632326e-01
-1.280873958,3.067970276e-03,4.382569401e-01,4.909877293e+00,2.508583840e-01,4.522336673e-01
-1.277805996,3.067970276e-03,5.519455396e-01,3.095573886e+00,2.506991638e-01,4.526519047e-01
-1.274738035,3.067970276e-03,7.174053112e-01,2.474977127e+00,2.507047556e-01,4.514980305e-01
-1.271670073,3.067970276e-03,1.556850022e+00,1.533426460e+00,2.506849613e-01,4.511306377e-01
-1.268602112,3.067970276e-03,1.883235080e+00,1.555049544e+00,2.506500010e-01,4.510968425e-01
-1.265534150,3.067970276e-03,1.901495100e+00,2.090512909e+00,2.504312342e-01,4.499471783e-01
-1.262466188,3.067851067e-03,1.538724269e+00,3.624845904e+00,2.506853804e-01,4.495807026e-01
-1.259398227,3.067970276e-03,1.229003632e+00,4.783765550e+00,2.506519776e-01,4.481941145e-01
-1.256330265,3.067970276e-03,9.038028493e-01,4.469756844e+00,2.506616520e-01,4.479008776e-01
-1.253262304,3.067970276e-03,8.541037889e-01,2.229672819e+00,2.506447860e-01,4.458847495e-01
-1.250194342,3.067970276e-03,1.260784976e+00,1.607836360e+00,2.506025005e-01,4.464183337e-01
-1.247126381,3.067970276e-03,1.221479118e+00,1.811217283e+00,2.507101336e-01,4.463361920e-01
-1.244058419,3.067970276e-03,8.563835430e-01,1.567001669e+00,2.505915168e-01,4.449096432e-01
-1.240990457,3.067970276e-03,5.682929626e-01,1.961540340e+00,2.506188978e-01,4.442620197e-01
-1.237922496,3.067970276e-03,3.756758896e-01,3.840884850e+00,2.506314216e-01,4.437306786e-01
-1.234854534,3.067970276e-03,3.849805725e-01,5.347542383e+00,2.506061189e-01,4.431045486e-01
-1.231786573,3.067970276e-03,5.954296429e-01,5.290692769e+00,2.511646653e-01,4.423455118e-01
-1.228718611,3.067970276e-03,1.523454369e+00,2.860302583e+00,2.506290074e-01,4.407802386e-01
-1.225650650,3.067970276e-03,4.570821338e-01,2.409306454e+00,2.506395611e-01,4.403085023e-01
-1.222582688,3.067970276e-03,5.966561433e-01,1.597154504e+00,2.506544142e-01,4.392748955e-01
-1.219514726,3.067851067e-03,5.163904930e-01,1.612208941e+00,2.506440812e-01,4.388729518e-01
-1.216446765,3.067970276e-03,4.148170912e-01,1.581086569e+00,2.513465281e-01,4.340348738e-01
-1.213378803,3.067970276e-03,3.742677989e-01,2.741170262e+00,2.515230392e-01,4.368939015e-01
-1.210310842,3.067970276e-03,3.764634140e-01,4.463009948e+00,2.514189329e-01,4.369801831e-01
-1.207242880,3.067970276e-03,4.633890416e-01,5.148209316e+00,2.517492471e-01,4.356693042e-01
-1.204174918,3.067970276e-03,1.194196047e+00,3.736031799e+00,2.516654327e-01,4.351131807e-01
-1.201106957,3.067970276e-03,8.478941213e-01,2.921534354e+00,2.516186492e-01,4.339333563e-01
-1.198038995,3.067970276e-03,1.665095570e+00,1.534263976e+00,2.516004260e-01,4.341774603e-01
-1.194971034,3.067970276e-03,1.906198287e+00,1.575296788e+00,2.517310076e-01,4.327986246e-01
-1.191903072,3.067970276e-03,1.821357976e+00,1.522237150e+00,2.516362515e-01,4.334697572e-01
-1.188835111,3.067970276e-03,1.382403623e+00,2.308850494e+00,2.516777675e-01,4.315304773e-01
-1.185767149,3.067970276e-03,1.054656700e+00,3.670490038e+00,2.517232269e-01,4.303072148e-01
-1.182699187,3.067970276e-03,8.113359541e-01,4.107637019e+00,2.518050144e-01,4.297734586e-01
-1.179631226,3.067970276e-03,9.550885105e-01,2.638614897e+00,2.519299579e-01,4.300033127e-01
-1.176563264,3.067851067e-03,1.655399617e+00,1.612772692e+00,2.519402950e-01,4.282028921e-01
-1.173495303,3.067970276e-03,1.765001316e+00,1.781641004e+00,2.520332042e-01,4.286778654e-01
-1.170427341,3.067970276e-03,1.445601956e+00,1.602819484e+00,2.520609201e-01,4.277272415e-01
-1.167359380,3.067970276e-03,1.022084565e+00,1.604999507e+00,2.520252013e-01,4.275205116e-01
-1.164291418,3.067970276e-03,5.534918872e-01,2.780435503e+00,2.522193696e-01,4.259929325e-01
-1.161223456,3.067970276e-03,4.433895490e-01,3.970628364e+00,2.522509515e-01,4.273575037e-01
-1.158155495,3.067970276e-03,5.187831034e-01,3.732902136e+00,2.524560547e-01,4.274354867e-01
-1.155087533,3.067970276e-03,1.164871345e+00,1.911067318e+00,2.522865420e-01,4.247115143e-01
-1.152019572,3.067970276e-03,1.200370238e+00,1.605314724e+00,2.524936466e-01,4.245034611e-01
-1.148951610,3.067970276e-03,1.989797312e+00,1.976846320e+00,2.524939354e-01,4.245968832e-01
-1.145883649,3.067970276e-03,2.145570526e+00,1.620256460e+00,2.527664379e-01,4.244180724e-01
-1.142815687,3.067970276e-03,2.001738218e+00,1.646597831e+00,2.529516471e-01,4.239105125e-01
-1.139747725,3.067970276e-03,1.546311102e+00,3.052178104e+00,2.531732230e-01,4.243368415e-01
-1.136679764,3.067970276e-03,1.265795242e+00,4.312966901e+00,2.531563790e-01,4.227740210e-01
-1.133611802,3.067851067e-03,1.148360380e+00,4.063101593e+00,2.534573037e-01,4.239048519e-01
-1.130543841,3.067970276e-03,1.537605875e+00,2.016836374e+00,2.536416423e-01,4.235623672e-01
-1.127475879,3.067970276e-03,1.091614796e+00,1.968945532e+00,2.535725071e-01,4.227502123e-01
-1.124407918,3.067970276e-03,1.468851958e+00,1.444771679e+00,2.538124834e-01,4.233682284e-01
-1.121339956,3.067970276e-03,1.346305517e+00,1.570478734e+00,2.537585055e-01,4.233414765e-01
-1.118271994,3.067970276e-03,1.065613152e+00,2.498071702e+00,2.541216315e-01,4.222936350e-01
-1.115204033,3.067970276e-03,6.727933564e-01,4.305853179e+00,2.541798680e-01,4.243652032e-01
-1.112136071,3.067970276e-03,5.980186174e-01,5.334754776e+00,2.545974054e-01,4.234663426e-01
-1.109068110,3.067970276e-03,7.829769765e-01,4.850938027e+00,2.544590882e-01,4.253327709e-01
-1.106000148,3.067970276e-03,1.661998521e+00,2.331780344e+00,2.548057193e-01,4.262802199e-01
-1.102932186,3.067970276e-03,5.606051082e-01,1.705067002e+00,2.549005168e-01,4.267571759e-01
-1.099864225,3.067970276e-03,6.655910944e-01,1.479286929e+00,2.552360904e-01,4.267486282e-01
-1.096796263,3.067970276e-03,5.281093189e-01,1.430890520e+00,2.554729013e-01,4.281828756e-01
-1.093728302,3.067851067e-03,4.361742588e-01,1.870586202e+00,2.555914251e-01,4.279632766e-01
-1.090660340,3.067970276e-03,4.734941332e-01,3.448219854e+00,2.558287321e-01,4.280885168e-01
-1.087592379,3.067970276e-03,4.555094937e-01,4.578476154e+00,2.565763141e-01,4.309888777e-01
-1.084524417,3.067970276e-03,6.413480162e-01,4.311584150e+00,2.566672358e-01,4.319269823e-01
-1.081456455,3.067970276e-03,1.912089630e+00,2.147560023e+00,2.569247975e-01,4.337835548e-01
-1.078388494,3.067970276e-03,8.374912541e-01,1.503920959e+00,2.572268831e-01,4.344356987e-01
-1.075320532,3.067970276e-03,1.415031509e+00,1.626042502e+00,2.579261933e-01,4.360932746e-01
-1.072252571,3.067970276e-03,1.444858671e+00,1.447373561e+00,2.596055391e-01,4.383939034e-01
-1.069184609,3.067970276e-03,1.222571257e+00,1.716733402e+00,3.560434116e-01,4.457077151e-01
-1.066116648,3.067970276e-03,8.126419307e-01,3.157084636e+00,3.574545016e-01,4.426433511e-01
-1.063048686,3.067970276e-03,6.919549981e-01,4.194268980e+00,3.615350101e-01,4.391507764e-01
-1.059980724,3.067970276e-03,8.264201675e-01,3.770162155e+00,3.623530699e-01,4.360937687e-01
-1.056912763,3.067970276e-03,1.634439429e+00,1.839537634e+00,3.646187408e-01,4.324627483e-01
-1.053844801,3.067970276e-03,1.813877000e+00,2.475571835e+00,3.691879281e-01,4.277852107e-01
-1.050776840,3.067851067e-03,1.867551952e+00,1.567505702e+00,3.692687717e-01,4.253035750e-01
-1.047708878,3.067970276e-03,1.437244568e+00,1.448558578e+00,3.932302641e-01,3.786316549e-01
-1.044640917,3.067970276e-03,9.162619548e-01,7.231834936e-01,3.746665453e-01,2.918642647e-01
-1.041572955,3.067970276e-03,5.197444521e-01,9.112381962e-01,3.754233368e-01,2.907653700e-01
-1.038504993,3.067970276e-03,4.767571510e-01,1.345224251e+00,3.787542596e-01,2.894162946e-01
-1.035437032,3.067970276e-03,6.408080257e-01,1.471633943e+00,3.810953113e-01,2.881568201e-01
-1.032369070,3.067970276e-03,1.700543607e+00,9.241963035e-01,3.843272839e-01,2.875088874e-01
-1.029301109,3.067970276e-03,9.576851403e-01,1.674551061e+00,3.898810768e-01,2.859991054e-01
-1.026233147,3.067970276e-03,2.039489565e+00,7.367821239e-01,3.891163511e-01,2.852420569e-01
-1.023165186,3.067970276e-03,2.343273373e+00,7.375189067e-01,3.918406535e-01,2.838124151e-01
-1.020097224,3.067970276e-03,2.141657837e+00,7.164634103e-01,3.936878747e-01,2.818596239e-01
-1.017029262,3.067970276e-03,1.499908656e+00,1.035023238e+00,3.970854217e-01,2.816366872e-01
-1.013961301,3.067970276e-03,9.402905240e-01,1.644869056e+00,3.984930937e-01,2.796441311e-01
-1.010893339,3.067970276e-03,6.040144758e-01,1.936672147e+00,4.025949602e-01,2.790590475e-01
-1.007825378,3.067851067e-03,6.483400403e-01,1.370951200e+00,4.045919102e-01,2.771101287e-01
-1.004757416,3.067970276e-03,8.669965807e-01,7.482568150e-01,4.078850899e-01,2.761404482e-01
-1.001689454,3.067970276e-03,1.618546159e+00,7.988278066e-01,4.106761884e-01,2.749393008e-01
-0.998621493,3.068029881e-03,1.760877142e+00,7.129671339e-01,4.128863831e-01,2.738149916e-01
-0.995553531,3.067970276e-03,1.582920812e+00,8.858547689e-01,4.156668799e-01,2.726517180e-01
-0.992485570,3.067970276e-03,1.160456678e+00,1.658519100e+00,4.168255680e-01,2.712517237e-01
-0.989417608,3.067970276e-03,1.008616760e+00,2.245372069e+00,4.210550144e-01,2.697290831e-01
-0.986349647,3.067910671e-03,1.182344476e+00,2.155699315e+00,4.232386086e-01,2.687777853e-01
-0.983281685,3.067970276e-03,2.091035002e+00,1.111772045e+00,4.259786112e-01,2.673290195e-01
-0.980213723,3.067970276e-03,2.394878193e+00,1.823414634e+00,4.285865193e-01,2.662256323e-01
-0.977145762,3.067970276e-03,2.460833285e+00,7.898326654e-01,4.310389004e-01,2.651183655e-01
-0.974077800,3.067970276e-03,1.944205417e+00,6.989679045e-01,4.340797931e-01,2.639302907e-01
-0.971009839,3.067970276e-03,1.245111150e+00,7.951617762e-01,4.368220403e-01,2.625855283e-01
-0.967941877,3.067910671e-03,6.185837518e-01,1.209351725e+00,4.386164183e-01,2.616647196e-01
-0.964873916,3.067970276e-03,5.038262232e-01,1.580612511e+00,4.441426050e-01,2.603468162e-01
-0.961805954,3.067970276e-03,5.464868807e-01,1.479746728e+00,4.434375181e-01,2.595046267e-01
-0.958737992,3.067970276e-03,1.259594858e+00,8.352034487e-01,4.467308738e-01,2.586613362e-01
-0.955670031,3.067970276e-03,1.813766448e+00,1.094833059e+00,4.495046429e-01,2.576653955e-01
-0.952602069,3.067970276e-03,2.138455285e+00,8.517213836e-01,4.503826330e-01,2.569203047e-01
-0.949534108,3.067970276e-03,1.841214353e+00,1.149055981e+00,4.544299411e-01,2.558926541e-01
-0.946466146,3.067910671e-03,1.327899857e+00,1.820175929e+00,4.552731791e-01,2.551093675e-01
-0.943398185,3.067970276e-03,7.691461561e-01,2.566109135e+00,4.587690861e-01,2.543367662e-01
-0.940330223,3.067970276e-03,6.260043382e-01,2.776584647e+00,4.625560287e-01,2.539599885e-01
-0.937262261,3.067970276e-03,8.182471038e-01,2.188112240e+00,4.635039502e-01,2.534177778e-01
-0.934194300,3.067970276e-03,1.930520242e+00,9.444530358e-01,4.655675724e-01,2.529614197e-01
-0.931126338,3.067970276e-03,1.624131750e+00,1.503778850e+00,4.681674652e-01,2.525144190e-01
-0.928058377,3.067970276e-03,2.763017880e+00,1.150079211e+00,4.706254906e-01,2.525397543e-01
-0.924990415,3.067910671e-03,2.942732458e+00,1.505122761e+00,4.729777280e-01,2.517950650e-01
-0.921922454,3.067970276e-03,2.575326498e+00,2.171831113e+00,4.744285380e-01,2.515262192e-01
-0.918854492,3.067970276e-03,1.761976832e+00,2.877833943e+00,4.774335470e-01,2.513863225e-01
-0.915786530,3.067970276e-03,1.062962121e+00,3.078124100e+00,4.778101802e-01,2.513285076e-01
-0.912718569,3.067970276e-03,6.781588618e-01,2.498953876e+00,4.802436002e-01,2.512569615e-01
-0.909650607,3.067970276e-03,7.628048431e-01,1.043473951e+00,4.815761527e-01,2.513208753e-01
-0.906582646,3.067970276e-03,2.082196452e+00,8.385641424e-01,4.835389606e-01,2.513740696e-01
-0.903514684,3.067910671e-03,2.215344648e+00,7.930519923e-01,4.856393336e-01,2.515460142e-01
-0.900446722,3.067970276e-03,1.747864932e+00,7.604754852e-01,4.855224345e-01,2.518230631e-01
-0.897378761,3.067970276e-03,1.118231871e+00,6.791845218e-01,4.876628926e-01,2.521164710e-01
-0.894310799,3.067970276e-03,6.230195566e-01,1.193483407e+00,4.882303930e-01,2.524692414e-01
-0.891242838,3.067970276e-03,5.559775984e-01,1.957672145e+00,4.901900976e-01,2.529665357e-01
-0.888174876,3.067970276e-03,7.296683818e-01,2.317719593e+00,4.903995706e-01,2.534344941e-01
-0.885106915,3.067970276e-03,1.951248041e+00,1.770369239e+00,4.918419799e-01,2.539982359e-01
-0.882038953,3.067910671e-03,1.978736412e+00,2.090129457e+00,4.933425253e-01,2.545268809e-01
-0.878970991,3.067970276e-03,2.638318430e+00,1.435280216e+00,4.946199193e-01,2.550745024e-01
-0.875903030,3.067970276e-03,2.493014506e+00,1.575437577e+00,4.958715545e-01,2.560654068e-01
-0.872835068,3.067970276e-03,1.988783425e+00,2.058311858e+00,4.956286623e-01,2.563800578e-01
-0.869767107,3.067970276e-03,1.258264569e+00,2.657937890e+00,4.954622972e-01,2.571354038e-01
-0.866699145,3.067970276e-03,8.862402187e-01,2.805552883e+00,4.958114334e-01,2.577646457e-01
-0.863631184,3.067970276e-03,9.286158548e-01,2.272850214e+00,5.002669962e-01,2.590299573e-01
-0.860563222,3.067910671e-03,1.799829130e+00,9.748482852e-01,5.042292229e-01,2.600511461e-01
-0.857495260,3.067970276e-03,1.732890517e+00,1.307178668e+00,5.028469131e-01,2.607289706e-01
-0.854427299,3.067970276e-03,2.627879582e+00,7.349327101e-01,5.029995104e-01,2.613052666e-01
-0.851359337,3.067970276e-03,2.626805710e+00,8.689995703e-01,5.022120148e-01,2.616584809e-01
-0.848291376,3.067970276e-03,2.151715968e+00,6.916280917e-01,5.011478774e-01,2.616058215e-01
-0.845223414,3.067970276e-03,1.355741700e+00,8.164622409e-01,5.022815830e-01,2.624836941e-01
-0.842155453,3.067910671e-03,8.574860855e-01,1.574990448e+00,5.012156829e-01,2.628098474e-01
-0.839087491,3.067970276e-03,7.369704627e-01,2.297978819e+00,5.000633696e-01,2.630900951e-01
-0.836019529,3.067970276e-03,1.231694643e+00,2.344520432e+00,4.985796962e-01,2.633675359e-01
-0.832951568,3.067970276e-03,2.290555672e+00,1.982869043e+00,4.964196158e-01,2.629325460e-01
-0.829883606,3.067970276e-03,2.891905469e+00,1.203934619e+00,4.950988602e-01,2.626190135e-01
-0.826815645,3.067970276e-03,2.685031199e+00,1.231109490e+00,4.941027571e-01,2.624229723e-01
-0.823747683,3.067970276e-03,2.078315246e+00,1.636437239e+00,4.919951672e-01,2.622368679e-01
-0.820679722,3.067910671e-03,1.262607423e+00,2.236184451e+00,4.868511493e-01,2.612265143e-01
-0.817611760,3.067970276e-03,8.495482561e-01,2.451870689e+00,4.885248219e-01,2.608828410e-01
-0.814543798,3.067970276e-03,8.628586184e-01,2.086025606e+00,4.859312589e-01,2.600495745e-01
-0.811475837,3.067970276e-03,1.708088991e+00,9.582183060e-01,4.847981261e-01,2.590736178e-01
-0.808407875,3.067970276e-03,1.716984207e+00,2.085527421e+00,4.819042502e-01,2.582300639e-01
-0.805339914,3.067970276e-03,2.657994785e+00,1.410917058e+00,4.796511850e-01,2.572504134e-01
-0.802271952,3.067970276e-03,2.689027649e+00,1.491386088e+00,4.776462338e-01,2.562576036e-01
-0.799203990,3.067910671e-03,2.244254635e+00,1.894267334e+00,4.728545705e-01,2.554207878e-01
-0.796136029,3.067970276e-03,1.497808913e+00,2.411699637e+00,4.695562696e-01,2.543721211e-01
-0.793068067,3.067970276e-03,1.040813206e+00,2.493971907e+00,4.659170174e-01,2.537434451e-01
-0.790000106,3.067970276e-03,9.972959066e-01,1.949210945e+00,4.626002483e-01,2.532831310e-01
-0.786932144,3.067970276e-03,1.765806425e+00,8.480081910e-01,4.598463261e-01,2.529343249e-01
-0.783864183,3.067970276e-03,1.224793434e+00,1.092800730e+00,2.884026982e-01,3.366747744e-01
-0.780796221,3.067970276e-03,2.705723103e+00,6.215245606e-01,2.953248678e-01,3.386147447e-01
-0.777728259,3.067910671e-03,3.252390655e+00,6.252924167e-01,3.003717087e-01,3.410094804e-01
-0.774660298,3.067970276e-03,3.169614706e+00,8.583849551e-01,3.059521996e-01,3.432022484e-01
-0.771592336,3.067970276e-03,2.654339360e+00,1.505801893e+00,3.111657526e-01,3.456246802e-01
-0.768524375,3.067970276e-03,2.257642914e+00,1.947065303e+00,3.156046295e-01,3.491677129e-01
-0.765456413,3.067970276e-03,2.173679558e+00,1.920977398e+00,3.200024605e-01,3.507100168e-01
-0.762388452,3.067970276e-03,2.852746184e+00,1.078108017e+00,3.242715116e-01,3.523988861e-01
-0.759320490,3.067970276e-03,1.503073062e+00,1.065488697e+00,3.275133208e-01,3.545323886e-01
-0.756252528,3.067910671e-03,2.861444666e+00,5.958176800e-01,3.309841445e-01,3.556153305e-01
-0.753184567,3.067970276e-03,3.227208120e+00,5.823422273e-01,3.339721332e-01,3.580059205e-01
-0.750116605,3.067970276e-03,3.012118432e+00,7.204666062e-01,3.354693423e-01,3.571780653e-01
-0.747048644,3.067970276e-03,2.414227623e+00,1.363442951e+00,3.388049118e-01,3.607743038e-01
-0.743980682,3.067970276e-03,2.003849230e+00,1.960631279e+00,3.397575486e-01,3.624123113e-01
-0.740912721,3.067970276e-03,1.965871400e+00,2.176053397e+00,3.410797300e-01,3.633643143e-01
-0.737844759,3.067970276e-03,2.767145463e+00,1.584646505e+00,3.418149156e-01,3.645035779e-01
-0.734776797,3.067910671e-03,3.132404907e+00,7.407577033e-01,3.436636529e-01,3.663223798e-01
-0.731708836,3.067970276e-03,3.092959241e+00,5.818992497e-01,3.432291670e-01,3.678130632e-01
-0.728640874,3.067970276e-03,2.363603315e+00,5.747059159e-01,3.428751627e-01,3.696294032e-01
-0.725572913,3.067970276e-03,1.424793558e+00,7.793869761e-01,3.423660519e-01,3.701703379e-01
-0.722504951,3.067970276e-03,7.300003422e-01,1.450626649e+00,3.412422679e-01,3.696272464e-01
-0.719436990,3.067970276e-03,6.315351637e-01,1.923492485e+00,3.407457970e-01,3.709893070e-01
-0.716369028,3.067970276e-03,7.401730889e-01,1.931404524e+00,3.397670980e-01,3.716225664e-01
-0.713301066,3.067910671e-03,2.005751940e+00,1.109128280e+00,3.385059008e-01,3.722767254e-01
-0.710233105,3.067970276e-03,1.489302854e+00,1.157704683e+00,3.365178059e-01,3.733303256e-01
-0.707165143,3.067970276e-03,3.083294038e+00,5.863955618e-01,3.342876874e-01,3.671011479e-01
-0.704097182,3.067970276e-03,3.613896572e+00,5.653694535e-01,3.315592077e-01,3.601511466e-01
-0.701029220,3.067970276e-03,3.468336899e+00,7.219946715e-01,3.295076026e-01,3.605279392e-01
-0.697961258,3.067970276e-03,2.874847993e+00,1.308848566e+00,3.270705470e-01,3.608778587e-01
-0.694893297,3.067910671e-03,2.392073256e+00,1.811420045e+00,3.259048534e-01,3.614610325e-01
-0.691825335,3.067970276e-03,2.247246762e+00,1.961394608e+00,3.221574973e-01,3.610040301e-01
-0.688757374,3.067970276e-03,2.909320614e+00,1.323046945e+00,3.201784370e-01,3.604709188e-01
-0.685689412,3.067970276e-03,2.591096405e+00,1.323752731e+00,3.181021113e-01,3.595556962e-01
-0.682621451,3.067970276e-03,3.142880631e+00,5.947967950e-01,3.151493894e-01,3.593928789e-01
-0.679553489,3.067970276e-03,2.782161370e+00,6.756777432e-01,3.127568324e-01,3.593368434e-01
-0.676485527,3.067970276e-03,1.979975548e+00,5.877406859e-01,3.098074614e-01,3.582546350e-01
-0.673417566,3.067910671e-03,1.049474410e+00,6.480257409e-01,3.078560341e-01,3.580936979e-01
-0.670349604,3.067970276e-03,6.985169540e-01,1.104779798e+00,3.050622934e-01,3.570156677e-01
-0.667281643,3.067970276e-03,6.937980214e-01,1.559338675e+00,3.027321698e-01,3.575227837e-01
-0.664213681,3.067970276e-03,1.347191854e+00,1.431173875e+00,3.002296521e-01,3.565147804e-01
-0.661145720,3.067970276e-03,1.586699937e+00,5.477677836e-01,2.975240313e-01,3.555156606e-01
-0.658077758,3.067970276e-03,3.338214401e+00,5.390491244e-01,2.954158806e-01,3.548906555e-01
-0.655009796,3.067970276e-03,3.919216693e+00,6.224436972e-01,2.928629959e-01,3.535809031e-01
-0.651941835,3.067910671e-03,3.722125081e+00,1.132826252e+00,2.905166479e-01,3.536447482e-01
-0.648873873,3.067970276e-03,3.023200502e+00,1.929708072e+00,2.885247146e-01,3.517778134e-01
-0.645805912,3.067970276e-03,2.347632840e+00,2.303990554e+00,2.863872352e-01,3.513158735e-01
-0.642737950,3.067970276e-03,1.961784431e+00,2.127690959e+00,2.840428870e-01,3.499120196e-01
-0.639669989,3.067970276e-03,2.346169685e+00,1.073766723e+00,2.823206492e-01,3.487995887e-01
-0.636602027,3.067970276e-03,1.347888243e+00,1.324301013e+00,2.804318969e-01,3.473472818e-01
-0.633534065,3.067970276e-03,3.042525041e+00,5.578078568e-01,2.786993672e-01,3.463000286e-01
-0.630466104,3.067910671e-03,3.633475931e+00,5.325482131e-01,2.767901638e-01,3.460155416e-01
-0.627398142,3.067970276e-03,3.427870472e+00,5.220179384e-01,2.747884255e-01,3.437372499e-01
-0.624330181,3.067970276e-03,2.684415353e+00,7.809813490e-01,2.730305482e-01,3.418638338e-01
-0.621262219,3.067970276e-03,1.963137520e+00,1.227360291e+00,2.714153066e-01,3.415255239e-01
-0.618194258,3.067970276e-03,1.538299809e+00,1.524165378e+00,2.697524730e-01,3.393220776e-01
-0.615126296,3.067970276e-03,1.884030574e+00,1.210784363e+00,2.685673307e-01,3.390038069e-01
-0.612058334,3.067970276e-03,1.316425112e+00,8.074437045e-01,2.671897780e-01,3.374720647e-01
-0.608990373,3.067910671e-03,2.340375129e+00,6.232327564e-01,2.660331056e-01,3.356140729e-01
-0.605922411,3.067970276e-03,2.450475069e+00,6.667664563e-01,2.650164178e-01,3.365013039e-01
-0.602854450,3.067970276e-03,2.051750095e+00,5.266369693e-01,2.636914679e-01,3.331557739e-01
-0.599786488,3.067970276e-03,1.413372679e+00,7.370602429e-01,2.628565458e-01,3.323383395e-01
-0.596718526,3.067970276e-03,1.121718596e+00,1.349426533e+00,2.617390077e-01,3.308937082e-01
-0.593650565,3.067970276e-03,1.362838898e+00,1.867762936e+00,2.606321186e-01,3.292161910e-01
-0.590582603,3.067970276e-03,2.694964656e+00,1.800066539e+00,2.597964581e-01,3.279771415e-01
-0.587514642,3.067910671e-03,1.808372159e+00,1.506850780e+00,2.590852278e-01,3.266348477e-01
-0.584446680,3.067970276e-03,3.040739849e+00,7.029942407e-01,2.578582601e-01,3.251957381e-01
-0.581378719,3.067970276e-03,3.132090327e+00,5.871978893e-01,2.576721899e-01,3.240206746e-01
-0.578310757,3.067970276e-03,2.550030504e+00,6.759460620e-01,2.567837249e-01,3.217281700e-01
-0.575242795,3.067970276e-03,1.567636824e+00,1.018357554e+00,2.561123673e-01,3.211991600e-01
-0.572174834,3.067970276e-03,9.120035455e-01,1.189641224e+00,2.555933871e-01,3.197657099e-01
-0.569106872,3.067970276e-03,7.497428128e-01,1.060906095e+00,2.550791408e-01,3.182469906e-01
-0.566038911,3.067910671e-03,1.086864803e+00,5.979064853e-01,2.547854855e-01,3.172859657e-01
-0.562970949,3.067970276e-03,2.222998067e+00,4.903403312e-01,2.543037699e-01,3.148639011e-01
-0.559902988,3.067970276e-03,2.835350451e+00,4.827221673e-01,2.536504683e-01,3.143698983e-01
-0.556835026,3.067970276e-03,2.544679363e+00,5.576909814e-01,2.534994858e-01,3.127029339e-01
-0.553767064,3.067970276e-03,1.833628927e+00,9.578457465e-01,2.530677882e-01,3.118183508e-01
-0.550699103,3.067970276e-03,1.081026781e+00,1.586818768e+00,2.528070014e-01,3.100719248e-01
-0.547631141,3.067910671e-03,8.407355742e-01,1.791143759e+00,2.525123131e-01,3.090275991e-01
-0.544563180,3.067970276e-03,1.069920253e+00,1.489131872e+00,2.522261727e-01,3.074946706e-01
-0.541495218,3.067970276e-03,2.540718866e+00,6.737147967e-01,2.520308841e-01,3.066144640e-01
-0.538427257,3.067970276e-03,1.566578698e+00,1.190070506e+00,2.517737031e-01,3.051391930e-01
-0.535359295,3.067970276e-03,2.373979390e+00,5.060568510e-01,2.517038777e-01,3.037641584e-01
-0.532291333,3.067970276e-03,2.241384190e+00,5.591411773e-01,2.514231039e-01,3.022105986e-01
-0.529223372,3.067970276e-03,1.635643369e+00,5.002115833e-01,2.513026584e-01,3.011041466e-01
-0.526155410,3.067910671e-03,9.800201964e-01,5.475381718e-01,2.511587682e-01,3.001915923e-01
-0.523087449,3.067970276e-03,1.200701763e+00,9.215343503e-01,2.531966526e-01,2.958062671e-01
-0.520019487,3.067970276e-03,1.622302496e+00,1.338376071e+00,2.537201172e-01,2.985440755e-01
-0.516951526,3.067970276e-03,4.024909605e+00,1.290050835e+00,2.533850200e-01,2.966683431e-01
-0.513883564,3.067970276e-03,2.898896673e+00,1.133080356e+00,2.532206203e-01,2.951840902e-01
-0.510815602,3.067970276e-03,5.620213275e+00,5.152882393e-01,2.528508937e-01,2.945252274e-01
-0.507747641,3.067970276e-03,6.059965941e+00,4.554688825e-01,2.525117647e-01,2.939949483e-01
-0.504679679,3.067910671e-03,5.010952869e+00,4.957593874e-01,2.523786438e-01,2.923674464e-01
-0.501611718,3.067970276e-03,3.105477339e+00,7.533858205e-01,2.520800746e-01,2.914485821e-01
-0.498543756,3.068000078e-03,1.810124733e+00,9.468325539e-01,2.511631770e-01,2.869291705e-01
-0.495475794,3.067970276e-03,1.509318173e+00,9.251397236e-01,2.510227300e-01,2.860148965e-01
-0.492407833,3.067940474e-03,2.191290888e+00,5.562734629e-01,2.508895885e-01,2.844756911e-01
-0.489339871,3.067970276e-03,3.560603784e+00,1.424327197e+00,2.508011311e-01,2.836895577e-01
-0.486271910,3.067970276e-03,6.191018967e+00,5.075085238e-01,2.507472214e-01,2.827861113e-01
-0.483203948,3.067940474e-03,6.467387929e+00,6.798569206e-01,2.506589974e-01,2.819184744e-01
-0.480135987,3.067970276e-03,5.323766968e+00,7.640675022e-01,2.505880196e-01,2.806647526e-01
-0.477068025,3.067970276e-03,3.411941172e+00,5.366108685e-01,2.506321185e-01,2.797844270e-01
-0.474000063,3.067940474e-03,2.051404511e+00,4.389174607e-01,2.505203770e-01,2.789868112e-01
-0.470932102,3.067970276e-03,1.742805001e+00,4.397024490e-01,2.505057971e-01,2.782456076e-01
-0.467864140,3.067970276e-03,2.899115249e+00,4.532970630e-01,2.505039214e-01,2.773519340e-01
-0.464796179,3.067970276e-03,3.814538621e+00,1.198528306e+00,2.504721715e-01,2.765330862e-01
-0.461728217,3.067940474e-03,6.757445561e+00,4.984965230e-01,2.504690225e-01,2.758004371e-01
-0.458660256,3.067970276e-03,7.242493619e+00,4.230525692e-01,2.504535434e-01,2.749985789e-01
-0.455592294,3.067970276e-03,6.209981900e+00,4.380234694e-01,2.504585026e-01,2.741949941e-01
-0.452524332,3.067940474e-03,4.328577932e+00,6.562159718e-01,2.504333334e-01,2.734288072e-01
-0.449456371,3.067970276e-03,2.767679980e+00,8.942708540e-01,2.504303773e-01,2.726290903e-01
-0.446388409,3.067970276e-03,2.232291652e+00,1.015962925e+00,2.504469377e-01,2.719717925e-01
-0.443320448,3.067970276e-03,3.480113609e+00,7.019858979e-01,2.504302045e-01,2.714120237e-01
-0.440252486,3.067940474e-03,3.318999968e+00,1.091205690e+00,2.504515243e-01,2.707394144e-01
-0.437184525,3.067970276e-03,5.994223529e+00,7.307349095e-01,2.504521090e-01,2.700276164e-01
-0.434116563,3.067970276e-03,6.240459486e+00,8.342243244e-01,2.504597474e-01,2.693596091e-01
-0.431048601,3.067940474e-03,4.963268795e+00,1.104159624e+00,2.503897700e-01,2.687905408e-01
-0.427980640,3.067970276e-03,2.880219306e+00,1.560690539e+00,2.504274081e-01,2.683240449e-01
-0.424912678,3.067970276e-03,1.658038686e+00,1.706508801e+00,2.504418515e-01,2.675201502e-01
-0.421844717,3.067940474e-03,1.458692710e+00,1.552296762e+00,2.504399379e-01,2.668987321e-01
-0.418776755,3.067970276e-03,1.874679026e+00,8.250234219e-01,2.504513683e-01,2.662832043e-01
-0.415708794,3.067970276e-03,3.119336470e+00,7.919448230e-01,2.504307872e-01,2.659239074e-01
-0.412640832,3.067970276e-03,5.687734105e+00,4.198005623e-01,2.504143424e-01,2.656113808e-01
-0.409572870,3.067940474e-03,5.914868486e+00,4.162524168e-01,2.504224770e-01,2.649150020e-01
-0.406504909,3.067970276e-03,4.692177208e+00,3.992891179e-01,2.504037661e-01,2.644195713e-01
-0.403436947,3.067970276e-03,2.757452323e+00,6.490716528e-01,2.503782593e-01,2.640964546e-01
-0.400368986,3.067940474e-03,1.695116551e+00,1.031376004e+00,2.503786228e-01,2.634919767e-01
-0.397301024,3.067970276e-03,1.535119716e+00,1.356090796e+00,2.503742712e-01,2.629837165e-01
-0.394233062,3.067970276e-03,2.430636377e+00,1.247797363e+00,2.503039176e-01,2.627888592e-01
-0.391165101,3.067970276e-03,4.450666211e+00,6.083928846e-01,2.502569794e-01,2.622589041e-01
-0.388097139,3.067940474e-03,6.079257577e+00,5.032613359e-01,2.502532857e-01,2.617725176e-01
-0.385029178,3.067970276e-03,5.634849836e+00,6.855591633e-01,2.502367342e-01,2.612828022e-01
-0.381961216,3.067970276e-03,4.126174156e+00,9.891417248e-01,2.502411000e-01,2.610081433e-01
-0.378893255,3.067940474e-03,2.396093780e+00,1.427475760e+00,2.502168481e-01,2.605734073e-01
-0.375825293,3.067970276e-03,1.737791820e+00,1.516724846e+00,2.502189233e-01,2.600652628e-01
-0.372757331,3.067970276e-03,2.016555959e+00,1.280867529e+00,2.502305295e-01,2.598467410e-01
-0.369689370,3.067970276e-03,4.708510726e+00,5.980618023e-01,2.501986592e-01,2.596003969e-01
-0.366621408,3.067940474e-03,5.712468435e+00,8.520017119e-01,2.502098759e-01,2.591768464e-01
-0.363553447,3.067970276e-03,7.134041645e+00,4.192897082e-01,2.501824593e-01,2.588717807e-01
-0.360485485,3.067970276e-03,6.449756672e+00,5.110870444e-01,2.501798725e-01,2.585151860e-01
-0.357417524,3.067940474e-03,4.665143736e+00,5.208049821e-01,2.501743683e-01,2.582844825e-01
-0.354349562,3.067970276e-03,2.613150785e+00,3.776727101e-01,2.501538958e-01,2.577498713e-01
-0.351281600,3.067970276e-03,1.727505728e+00,3.712488468e-01,2.501120780e-01,2.567653635e-01
-0.348213639,3.067940474e-03,1.819498241e+00,3.979054131e-01,2.500931788e-01,2.566563528e-01
-0.345145677,3.067970276e-03,4.032115343e+00,3.977012511e-01,2.500992116e-01,2.562670775e-01
-0.342077716,3.067970276e-03,4.658032704e+00,1.173363470e+00,2.500970807e-01,2.559897949e-01
-0.339009754,3.067970276e-03,7.289335552e+00,4.271736598e-01,2.500838590e-01,2.557113461e-01
-0.335941793,3.067940474e-03,7.354904399e+00,3.952695213e-01,2.500922132e-01,2.556392026e-01
-0.332873831,3.067970276e-03,5.849206496e+00,3.965990940e-01,2.500816691e-01,2.554660257e-01
-0.329805869,3.067970276e-03,3.557143144e+00,3.811618639e-01,2.500803405e-01,2.552581121e-01
-0.326737908,3.067940474e-03,1.945638785e+00,5.624142428e-01,2.500536807e-01,2.549450807e-01
-0.323669946,3.067970276e-03,1.580450115e+00,8.877802392e-01,2.500752205e-01,2.546860753e-01
-0.320601985,3.067970276e-03,2.183146229e+00,9.293253988e-01,2.500665720e-01,2.545009818e-01
-0.317534023,3.067970276e-03,3.734062144e+00,5.636125485e-01,2.500733042e-01,2.544132120e-01
-0.314466062,3.067940474e-03,6.483653053e+00,6.067372458e-01,2.500631120e-01,2.541119862e-01
-0.311398100,3.067970276e-03,6.808476781e+00,9.051829979e-01,2.500417126e-01,2.539687737e-01
-0.308330138,3.067970276e-03,5.651250864e+00,1.215818366e+00,2.500281522e-01,2.537961646e-01
-0.305262177,3.067940474e-03,3.830651877e+00,1.581037196e+00,2.500537552e-01,2.537286244e-01
-0.302194215,3.067970276e-03,2.518574642e+00,1.567936702e+00,2.500352622e-01,2.534994310e-01
-0.299126254,3.067970276e-03,2.347236643e+00,1.244341048e+00,2.500531333e-01,2.533854417e-01
-0.296058292,3.067970276e-03,4.246529313e+00,5.427879402e-01,2.500423658e-01,2.532400842e-01
-0.292990330,3.067940474e-03,5.030440844e+00,3.848836621e-01,2.500457479e-01,2.530821031e-01
-0.289922369,3.067970276e-03,6.942177403e+00,3.385667504e-01,2.500459338e-01,2.528044269e-01
-0.286854407,3.067970276e-03,6.527470376e+00,3.954089077e-01,2.500292824e-01,2.528345993e-01
-0.283786446,3.067940474e-03,4.794105848e+00,6.012932260e-01,2.500673838e-01,2.526865644e-01
-0.280718484,3.067970276e-03,2.645805517e+00,1.063584569e+00,2.500369481e-01,2.525266182e-01
-0.277650523,3.067970276e-03,1.670401296e+00,1.292981024e+00,2.500518541e-01,2.524613525e-01
-0.274582561,3.067940474e-03,1.600953803e+00,1.360295233e+00,2.500448199e-01,2.523908284e-01
-0.271514599,3.067970276e-03,2.895583578e+00,9.855063452e-01,2.500543613e-01,2.522823709e-01
-0.268446638,3.067970276e-03,4.809146382e+00,5.366764996e-01,2.500466142e-01,2.521922595e-01
-0.265378676,3.067970276e-03,6.971422107e+00,3.510103619e-01,2.500480682e-01,2.521145918e-01
-0.262310715,3.067940474e-03,6.760295611e+00,4.751515100e-01,2.500465036e-01,2.520065150e-01
-0.259242753,3.067970276e-03,5.194794375e+00,8.709241107e-01,2.500502796e-01,2.518786828e-01
-0.256174792,3.067970276e-03,3.110251498e+00,1.340066811e+00,2.500491226e-01,2.518166744e-01
-0.253106830,3.067940474e-03,2.506905356e+00,1.403788834e+00,2.501222291e-01,2.517999317e-01
-0.250038868,3.067985177e-03,3.476605662e+00,1.160655437e+00,2.501570011e-01,2.515183957e-01
-0.246970907,3.067955375e-03,6.725423865e+00,5.216332425e-01,2.501616084e-01,2.513519493e-01
-0.243902945,3.067970276e-03,7.005729296e+00,1.362706403e+00,2.501439033e-01,2.512751089e-01
-0.240834984,3.067955375e-03,1.133708440e+01,5.198391843e-01,2.501557442e-01,2.512246202e-01
-0.237767022,3.067955375e-03,1.106180932e+01,3.383322169e-01,2.501567883e-01,2.511541487e-01
-0.234699061,3.067970276e-03,8.079694059e+00,4.055275812e-01,2.501511034e-01,2.511116906e-01
-0.231631099,3.067955375e-03,4.504657507e+00,3.682087832e-01,2.501451395e-01,2.510266851e-01
-0.228563137,3.067970276e-03,3.202523150e+00,3.902856954e-01,2.501611525e-01,2.509777365e-01
-0.225495176,3.067955375e-03,3.207727805e+00,4.037678523e-01,2.501392891e-01,2.509516200e-01
-0.222427214,3.067970276e-03,6.128688509e+00,5.949336774e-01,2.501451814e-01,2.508672880e-01
-0.219359253,3.067955375e-03,5.209233822e+00,3.659449176e-01,2.501442822e-01,2.508321711e-01
-0.216291291,3.067955375e-03,9.588417727e+00,4.404929167e-01,2.501363934e-01,2.507764145e-01
-0.213223330,3.067970276e-03,9.940292416e+00,3.473237209e-01,2.501426684e-01,2.507427531e-01
-0.210155368,3.067955375e-03,7.689572132e+00,3.165375523e-01,2.501364538e-01,2.507125347e-01
-0.207087406,3.067970276e-03,4.806964123e+00,5.553489722e-01,2.501215316e-01,2.506596354e-01
-0.204019445,3.067955375e-03,3.655304263e+00,8.192451052e-01,2.501212206e-01,2.506320416e-01
-0.200951483,3.067955375e-03,4.281040047e+00,1.041220687e+00,2.501184380e-01,2.505963023e-01
-0.197883522,3.067970276e-03,9.753878686e+00,9.510412670e-01,2.501096390e-01,2.505780049e-01
-0.194815560,3.067955375e-03,5.199122671e+00,3.172766196e-01,2.501128665e-01,2.505383730e-01
-0.191747598,3.067970276e-03,1.277282768e+01,3.341755082e-01,2.501046226e-01,2.504977767e-01
-0.188679637,3.067955375e-03,1.591994948e+01,2.997667603e-01,2.500961995e-01,2.504611219e-01
-0.185611675,3.067970276e-03,1.514772174e+01,3.886813919e-01,2.500942636e-01,2.504453171e-01
-0.182543714,3.067955375e-03,1.219294849e+01,7.671119283e-01,2.500939561e-01,2.504306872e-01
-0.179475752,3.067955375e-03,9.187246531e+00,1.045905873e+00,2.500733727e-01,2.503926000e-01
-0.176407791,3.067970276e-03,7.864807535e+00,1.275864833e+00,2.500715171e-01,2.503413169e-01
-0.173339829,3.067955375e-03,1.024880828e+01,1.216057862e+00,2.500893282e-01,2.503014506e-01
-0.170271867,3.067970276e-03,4.678265101e+00,3.521671857e-01,2.500474831e-01,2.502724519e-01
-0.167203906,3.067955375e-03,9.096568307e+00,3.094453744e-01,2.500835302e-01,2.502551606e-01
-0.164135944,3.067955375e-03,9.821559777e+00,3.503855395e-01,2.500535236e-01,2.502378836e-01
-0.161067983,3.067970276e-03,7.884862147e+00,4.343661974e-01,2.500545200e-01,2.502243003e-01
-0.158000021,3.067955375e-03,5.203875888e+00,6.795524434e-01,2.500428970e-01,2.502152935e-01
-0.154932060,3.067970276e-03,4.058400508e+00,7.525768813e-01,2.500560134e-01,2.501820317e-01
-0.151864098,3.067955375e-03,5.039922802e+00,7.445989859e-01,2.500211956e-01,2.501714630e-01
-0.148796136,3.067970276e-03,1.112486813e+01,5.043947154e-01,2.500436710e-01,2.501699465e-01
-0.145728175,3.067955375e-03,9.701792947e+00,3.231321410e-01,2.500470143e-01,2.501503625e-01
-0.142660213,3.067955375e-03,1.267313902e+01,6.088696467e-01,2.500218204e-01,2.501490098e-01
-0.139592252,3.067970276e-03,1.130020712e+01,1.034551458e+00,2.500127636e-01,2.501299167e-01
-0.136524290,3.067955375e-03,7.582424201e+00,1.265328274e+00,2.500276616e-01,2.501259330e-01
-0.133456329,3.067970276e-03,4.091796372e+00,1.456628687e+00,2.500368676e-01,2.501107049e-01
-0.130388367,3.067955375e-03,3.160785508e+00,1.234634699e+00,2.500397237e-01,2.501127277e-01
-0.127320405,3.067955375e-03,3.295847068e+00,7.775043295e-01,2.499849815e-01,2.500886068e-01
-0.124252444,3.067970276e-03,1.344249625e+01,4.387224835e-01,2.500931992e-01,2.500786466e-01
-0.121184482,3.067962825e-03,9.879414632e+00,4.151007005e-01,2.500609851e-01,2.500696170e-01
-0.118116521,3.067962825e-03,2.467776523e+01,9.904646112e-01,2.500638462e-01,2.500533799e-01
-0.115048559,3.067962825e-03,3.129462570e+01,1.360786109e+00,2.500283280e-01,2.500561936e-01
-0.111980598,3.067962825e-03,2.995997367e+01,1.425310532e+00,2.500311261e-01,2.500567822e-01
-0.108912636,3.067955375e-03,2.432059050e+01,1.010867164e+00,2.500325053e-01,2.500470704e-01
-0.105844674,3.067962825e-03,1.850317566e+01,5.098037320e-01,2.500546179e-01,2.500385015e-01
-0.102776713,3.067962825e-03,1.615355660e+01,4.336024162e-01,2.500231512e-01,2.500287120e-01
-0.099708751,3.067962825e-03,2.124648877e+01,1.275466836e+00,2.499949287e-01,2.500307538e-01
-0.096640790,3.067962825e-03,1.694039544e+01,6.526813575e-01,2.500498639e-01,2.500391472e-01
-0.093572828,3.067962825e-03,2.137489753e+01,3.132336466e-01,2.499838806e-01,2.500204646e-01
-0.090504866,3.067955375e-03,1.771834270e+01,3.673808925e-01,2.500457737e-01,2.500206352e-01
-0.087436905,3.067962825e-03,1.044386077e+01,4.419911564e-01,2.499882942e-01,2.500260241e-01
-0.084368943,3.067962825e-03,6.545040382e+00,3.106242338e-01,2.500312247e-01,2.500054964e-01
-0.081300982,3.067962825e-03,6.594776176e+00,2.814338550e-01,2.499683792e-01,2.500183168e-01
-0.078233020,3.067962825e-03,6.481854774e+00,4.597251907e-01,2.500507625e-01,2.500055650e-01
-0.075165059,3.067962825e-03,1.448854199e+01,8.202497051e-01,2.499987897e-01,2.500121343e-01
-0.072097097,3.067955375e-03,1.419086586e+01,5.008730742e-01,2.499862428e-01,2.500062416e-01
-0.069029135,3.067962825e-03,2.780558901e+01,2.844702238e-01,2.499712166e-01,2.500086943e-01
-0.065961174,3.067962825e-03,3.086398440e+01,4.312008509e-01,2.500398588e-01,2.500071788e-01
-0.062893212,3.067962825e-03,3.598633851e+01,7.150753106e-01,2.499963175e-01,2.500015633e-01
-0.059825251,3.067962825e-03,3.757901755e+01,1.077219537e+00,2.499816688e-01,2.500216986e-01
-0.056757289,3.067962825e-03,2.359028686e+01,1.158643181e+00,2.500422440e-01,2.499932298e-01
-0.053689328,3.067959100e-03,1.883529809e+01,1.158763695e+00,2.500043330e-01,2.500132702e-01
-0.050621366,3.067962825e-03,2.869820606e+01,8.977347982e-01,2.500017228e-01,2.499841507e-01
-0.047553404,3.067962825e-03,3.030077634e+01,3.587025539e-01,2.499464148e-01,2.500212173e-01
-0.044485443,3.067959100e-03,4.109724884e+01,2.945361798e-01,2.499948139e-01,2.500027451e-01
-0.041417481,3.067962825e-03,3.557970652e+01,3.287229382e-01,2.500798199e-01,2.499816406e-01
-0.038349520,3.067962825e-03,2.214221194e+01,3.923656853e-01,2.500155436e-01,2.500075894e-01
-0.035281558,3.067959100e-03,1.366280838e+01,3.253316702e-01,2.499667366e-01,2.499866145e-01
-0.032213597,3.067962825e-03,1.500437757e+01,3.209953995e-01,2.499343457e-01,2.500230590e-01
-0.029145635,3.067962825e-03,2.689072905e+01,2.809830653e-01,2.500196322e-01,2.500050606e-01
-0.026077673,3.067960963e-03,6.755496077e+01,2.825526997e-01,2.499790337e-01,2.499832585e-01
-0.023009712,3.067960963e-03,3.457738215e+01,3.423934214e-01,2.501241993e-01,2.499750267e-01
-0.019941750,3.067962825e-03,7.624882502e+01,7.169310014e-01,2.499913154e-01,2.500541765e-01
-0.016873789,3.067960963e-03,9.710948989e+01,1.033785831e+00,2.500976734e-01,2.499455445e-01
-0.013805827,3.067961894e-03,1.453032135e+02,1.198129098e+00,2.499003731e-01,2.500765010e-01
-0.010737866,3.067961894e-03,8.785028391e+01,9.867489034e-01,2.500786621e-01,2.499078210e-01
-0.007669904,3.067961428e-03,8.354512548e+01,7.016876192e-01,2.502272707e-01,2.499544558e-01
-0.004601942,3.067961661e-03,1.286949316e+02,3.112043459e-01,2.506117999e-01,2.500270024e-01
-0.001533981,3.067961661e-03,3.925737205e+03,5.732858703e-01,2.461643047e-01,2.371350385e-01
0.001533981,3.067961661e-03,3.925737206e+03,5.732858703e-01,2.461643047e-01,2.371350385e-01
0.004601942,3.067961661e-03,1.286949316e+02,3.112043459e-01,2.506117999e-01,2.500270024e-01
0.007669904,3.067961428e-03,8.354512548e+01,7.016876192e-01,2.502272707e-01,2.499544558e-01
0.010737866,3.067961894e-03,8.785028391e+01,9.867489034e-01,2.500786621e-01,2.499078210e-01
0.013805827,3.067961894e-03,1.453032135e+02,1.198129098e+00,2.499003731e-01,2.500765010e-01
0.016873789,3.067960963e-03,9.710948989e+01,1.033785831e+00,2.500976734e-01,2.499455445e-01
0.019941750,3.067962825e-03,7.624882502e+01,7.169310014e-01,2.499913154e-01,2.500541765e-01
0.023009712,3.067960963e-03,3.457738215e+01,3.423934214e-01,2.501241993e-01,2.499750267e-01
0.026077673,3.067960963e-03,6.755496077e+01,2.825526997e-01,2.499790337e-01,2.499832585e-01
0.029145635,3.067962825e-03,2.689072905e+01,2.809830653e-01,2.500196322e-01,2.500050606e-01
0.032213597,3.067962825e-03,1.500437757e+01,3.209953995e-01,2.499343457e-01,2.500230590e-01
0.035281558,3.067959100e-03,1.366280838e+01,3.253316702e-01,2.499667366e-01,2.499866145e-01
0.038349520,3.067962825e-03,2.214221194e+01,3.923656853e-01,2.500155436e-01,2.500075894e-01
0.041417481,3.067962825e-03,3.557970652e+01,3.287229382e-01,2.500798199e-01,2.499816406e-01
0.044485443,3.067959100e-03,4.109724884e+01,2.945361798e-01,2.499948139e-01,2.500027451e-01
0.047553404,3.067962825e-03,3.030077634e+01,3.587025539e-01,2.499464148e-01,2.500212173e-01
0.050621366,3.067962825e-03,2.869820606e+01,8.977347982e-01,2.500017228e-01,2.499841507e-01
0.053689328,3.067959100e-03,1.883529809e+01,1.158763695e+00,2.500043330e-01,2.500132702e-01
0.056757289,3.067962825e-03,2.359028686e+01,1.158643181e+00,2.500422440e-01,2.499932298e-01
0.059825251,3.067962825e-03,3.757901755e+01,1.077219537e+00,2.499816688e-01,2.500216986e-01
0.062893212,3.067962825e-03,3.598633851e+01,7.150753106e-01,2.499963175e-01,2.500015633e-01
0.065961174,3.067962825e-03,3.086398440e+01,4.312008509e-01,2.500398588e-01,2.500071788e-01
0.069029135,3.067962825e-03,2.780558901e+01,2.844702238e-01,2.499712166e-01,2.500086943e-01
0.072097097,3.067955375e-03,1.419086586e+01,5.008730742e-01,2.499862428e-01,2.500062416e-01
0.075165059,3.067962825e-03,1.448854199e+01,8.202497051e-01,2.499987897e-01,2.500121343e-01
0.078233020,3.067962825e-03,6.481854774e+00,4.597251907e-01,2.500507625e-01,2.500055650e-01
0.081300982,3.067962825e-03,6.594776176e+00,2.814338550e-01,2.499683792e-01,2.500183168e-01
0.084368943,3.067962825e-03,6.545040382e+00,3.106242338e-01,2.500312247e-01,2.500054964e-01
0.087436905,3.067962825e-03,1.044386077e+01,4.419911564e-01,2.499882942e-01,2.500260241e-01
0.090504866,3.067955375e-03,1.771834270e+01,3.673808925e-01,2.500457737e-01,2.500206352e-01
0.093572828,3.067962825e-03,2.137489753e+01,3.132336466e-01,2.499838806e-01,2.500204646e-01
0.096640790,3.067962825e-03,1.694039544e+01,6.526813575e-01,2.500498639e-01,2.500391472e-01
0.099708751,3.067962825e-03,2.124648877e+01,1.275466836e+00,2.499949287e-01,2.500307538e-01
0.102776713,3.067962825e-03,1.615355660e+01,4.336024162e-01,2.500231512e-01,2.500287120e-01
0.105844674,3.067962825e-03,1.850317566e+01,5.098037320e-01,2.500546179e-01,2.500385015e-01
0.108912636,3.067955375e-03,2.432059050e+01,1.010867164e+00,2.500325053e-01,2.500470704e-01
0.111980598,3.067962825e-03,2.995997367e+01,1.425310532e+00,2.500311261e-01,2.500567822e-01
0.115048559,3.067962825e-03,3.129462570e+01,1.360786109e+00,2.500283280e-01,2.500561936e-01
0.118116521,3.067962825e-03,2.467776523e+01,9.904646112e-01,2.500638462e-01,2.500533799e-01
0.121184482,3.067962825e-03,9.879414632e+00,4.151007005e-01,2.500609851e-01,2.500696170e-01
0.124252444,3.067970276e-03,1.344249625e+01,4.387224835e-01,2.500931992e-01,2.500786466e-01
0.127320405,3.067955375e-03,3.295847068e+00,7.775043295e-01,2.499849815e-01,2.500886068e-01
0.130388367,3.067955375e-03,3.160785508e+00,1.234634699e+00,2.500397237e-01,2.501127277e-01
0.133456329,3.067970276e-03,4.091796372e+00,1.456628687e+00,2.500368676e-01,2.501107049e-01
0.136524290,3.067955375e-03,7.582424201e+00,1.265328274e+00,2.500276616e-01,2.501259330e-01
0.139592252,3.067970276e-03,1.130020712e+01,1.034551458e+00,2.500127636e-01,2.501299167e-01
0.142660213,3.067955375e-03,1.267313902e+01,6.088696467e-01,2.500218204e-01,2.501490098e-01
0.145728175,3.067955375e-03,9.701792947e+00,3.231321410e-01,2.500470143e-01,2.501503625e-01
0.148796136,3.067970276e-03,1.112486813e+01,5.043947154e-01,2.500436710e-01,2.501699465e-01
0.151864098,3.067955375e-03,5.039922802e+00,7.445989859e-01,2.500211956e-01,2.501714630e-01
0.154932060,3.067970276e-03,4.058400508e+00,7.525768813e-01,2.500560134e-01,2.501820317e-01
0.158000021,3.067955375e-03,5.203875888e+00,6.795524434e-01,2.500428970e-01,2.502152935e-01
0.161067983,3.067970276e-03,7.884862147e+00,4.343661974e-01,2.500545200e-01,2.502243003e-01
0.164135944,3.067955375e-03,9.821559777e+00,3.503855395e-01,2.500535236e-01,2.502378836e-01
0.167203906,3.067955375e-03,9.096568307e+00,3.094453744e-01,2.500835302e-01,2.502551606e-01
0.170271867,3.067970276e-03,4.678265101e+00,3.521671857e-01,2.500474831e-01,2.502724519e-01
0.173339829,3.067955375e-03,1.024880828e+01,1.216057862e+00,2.500893282e-01,2.503014506e-01
0.176407791,3.067970276e-03,7.864807535e+00,1.275864833e+00,2.500715171e-01,2.503413169e-01
0.179475752,3.067955375e-03,9.187246531e+00,1.045905873e+00,2.500733727e-01,2.503926000e-01
0.182543714,3.067955375e-03,1.219294849e+01,7.671119283e-01,2.500939561e-01,2.504306872e-01
0.185611675,3.067970276e-03,1.514772174e+01,3.886813919e-01,2.500942636e-01,2.504453171e-01
0.188679637,3.067955375e-03,1.591994948e+01,2.997667603e-01,2.500961995e-01,2.504611219e-01
0.191747598,3.067970276e-03,1.277282768e+01,3.341755082e-01,2.501046226e-01,2.504977767e-01
0.194815560,3.067955375e-03,5.199122671e+00,3.172766196e-01,2.501128665e-01,2.505383730e-01
0.197883522,3.067970276e-03,9.753878686e+00,9.510412670e-01,2.501096390e-01,2.505780049e-01
0.200951483,3.067955375e-03,4.281040047e+00,1.041220687e+00,2.501184380e-01,2.505963023e-01
0.204019445,3.067955375e-03,3.655304263e+00,8.192451052e-01,2.501212206e-01,2.506320416e-01
0.207087406,3.067970276e-03,4.806964123e+00,5.553489722e-01,2.501215316e-01,2.506596354e-01
0.210155368,3.067955375e-03,7.689572132e+00,3.165375523e-01,2.501364538e-01,2.507125347e-01
0.213223330,3.067970276e-03,9.940292416e+00,3.473237209e-01,2.501426684e-01,2.507427531e-01
0.216291291,3.067955375e-03,9.588417727e+00,4.404929167e-01,2.501363934e-01,2.507764145e-01
0.219359253,3.067955375e-03,5.209233822e+00,3.659449176e-01,2.501442822e-01,2.508321711e-01
0.222427214,3.067970276e-03,6.128688509e+00,5.949336774e-01,2.501451814e-01,2.508672880e-01
0.225495176,3.067955375e-03,3.207727805e+00,4.037678523e-01,2.501392891e-01,2.509516200e-01
0.228563137,3.067970276e-03,3.202523150e+00,3.902856954e-01,2.501611525e-01,2.509777365e-01
0.231631099,3.067955375e-03,4.504657507e+00,3.682087832e-01,2.501451395e-01,2.510266851e-01
0.234699061,3.067970276e-03,8.079694059e+00,4.055275812e-01,2.501511034e-01,2.511116906e-01
0.237767022,3.067955375e-03,1.106180932e+01,3.383322169e-01,2.501567883e-01,2.511541487e-01
0.240834984,3.067955375e-03,1.133708440e+01,5.198391843e-01,2.501557442e-01,2.512246202e-01
0.243902945,3.067970276e-03,7.005729296e+00,1.362706403e+00,2.501439033e-01,2.512751089e-01
0.246970907,3.067955375e-03,6.725423865e+00,5.216332425e-01,2.501616084e-01,2.513519493e-01
0.250038868,3.067985177e-03,3.476605662e+00,1.160655437e+00,2.501570011e-01,2.515183957e-01
0.253106830,3.067940474e-03,2.506905356e+00,1.403788834e+00,2.501222291e-01,2.517999317e-01
0.256174792,3.067970276e-03,3.110251498e+00,1.340066811e+00,2.500491226e-01,2.518166744e-01
0.259242753,3.067970276e-03,5.194794375e+00,8.709241107e-01,2.500502796e-01,2.518786828e-01
0.262310715,3.067940474e-03,6.760295611e+00,4.751515100e-01,2.500465036e-01,2.520065150e-01
0.265378676,3.067970276e-03,6.971422107e+00,3.510103619e-01,2.500480682e-01,2.521145918e-01
0.268446638,3.067970276e-03,4.809146382e+00,5.366764996e-01,2.500466142e-01,2.521922595e-01
0.271514599,3.067970276e-03,2.895583578e+00,9.855063452e-01,2.500543613e-01,2.522823709e-01
0.274582561,3.067940474e-03,1.600953803e+00,1.360295233e+00,2.500448199e-01,2.523908284e-01
0.277650523,3.067970276e-03,1.670401296e+00,1.292981024e+00,2.500518541e-01,2.524613525e-01
0.280718484,3.067970276e-03,2.645805517e+00,1.063584569e+00,2.500369481e-01,2.525266182e-01
0.283786446,3.067940474e-03,4.794105848e+00,6.012932260e-01,2.500673838e-01,2.526865644e-01
0.286854407,3.067970276e-03,6.527470376e+00,3.954089077e-01,2.500292824e-01,2.528345993e-01
0.289922369,3.067970276e-03,6.942177403e+00,3.385667504e-01,2.500459338e-01,2.528044269e-01
0.292990330,3.067940474e-03,5.030440844e+00,3.848836621e-01,2.500457479e-01,2.530821031e-01
0.296058292,3.067970276e-03,4.246529313e+00,5.427879402e-01,2.500423658e-01,2.532400842e-01
0.299126254,3.067970276e-03,2.347236643e+00,1.244341048e+00,2.500531333e-01,2.533854417e-01
0.302194215,3.067970276e-03,2.518574642e+00,1.567936702e+00,2.500352622e-01,2.534994310e-01
0.305262177,3.067940474e-03,3.830651877e+00,1.581037196e+00,2.500537552e-01,2.537286244e-01
0.308330138,3.067970276e-03,5.651250864e+00,1.215818366e+00,2.500281522e-01,2.537961646e-01
0.311398100,3.067970276e-03,6.808476781e+00,9.051829979e-01,2.500417126e-01,2.539687737e-01
0.314466062,3.067940474e-03,6.483653053e+00,6.067372458e-01,2.500631120e-01,2.541119862e-01
0.317534023,3.067970276e-03,3.734062144e+00,5.636125485e-01,2.500733042e-01,2.544132120e-01
0.320601985,3.067970276e-03,2.183146229e+00,9.293253988e-01,2.500665720e-01,2.545009818e-01
0.323669946,3.067970276e-03,1.580450115e+00,8.877802392e-01,2.500752205e-01,2.546860753e-01
0.326737908,3.067940474e-03,1.945638785e+00,5.624142428e-01,2.500536807e-01,2.549450807e-01
0.329805869,3.067970276e-03,3.557143144e+00,3.811618639e-01,2.500803405e-01,2.552581121e-01
0.332873831,3.067970276e-03,5.849206496e+00,3.965990940e-01,2.500816691e-01,2.554660257e-01
0.335941793,3.067940474e-03,7.354904399e+00,3.952695213e-01,2.500922132e-01,2.556392026e-01
0.339009754,3.067970276e-03,7.289335552e+00,4.271736598e-01,2.500838590e-01,2.557113461e-01
0.342077716,3.067970276e-03,4.658032704e+00,1.173363470e+00,2.500970807e-01,2.559897949e-01
0.345145677,3.067970276e-03,4.032115343e+00,3.977012511e-01,2.500992116e-01,2.562670775e-01
0.348213639,3.067940474e-03,1.819498241e+00,3.979054131e-01,2.500931788e-01,2.566563528e-01
0.351281600,3.067970276e-03,1.727505728e+00,3.712488468e-01,2.501120780e-01,2.567653635e-01
0.354349562,3.067970276e-03,2.613150785e+00,3.776727101e-01,2.501538958e-01,2.577498713e-01
0.357417524,3.067940474e-03,4.665143736e+00,5.208049821e-01,2.501743683e-01,2.582844825e-01
0.360485485,3.067970276e-03,6.449756672e+00,5.110870444e-01,2.501798725e-01,2.585151860e-01
0.363553447,3.067970276e-03,7.134041645e+00,4.192897082e-01,2.501824593e-01,2.588717807e-01
0.366621408,3.067940474e-03,5.712468435e+00,8.520017119e-01,2.502098759e-01,2.591768464e-01
0.369689370,3.067970276e-03,4.708510726e+00,5.980618023e-01,2.501986592e-01,2.596003969e-01
0.372757331,3.067970276e-03,2.016555959e+00,1.280867529e+00,2.502305295e-01,2.598467410e-01
0.375825293,3.067970276e-03,1.737791820e+00,1.516724846e+00,2.502189233e-01,2.600652628e-01
0.378893255,3.067940474e-03,2.396093780e+00,1.427475760e+00,2.502168481e-01,2.605734073e-01
0.381961216,3.067970276e-03,4.126174156e+00,9.891417248e-01,2.502411000e-01,2.610081433e-01
0.385029178,3.067970276e-03,5.634849836e+00,6.855591633e-01,2.502367342e-01,2.612828022e-01
0.388097139,3.067940474e-03,6.079257577e+00,5.032613359e-01,2.502532857e-01,2.617725176e-01
0.391165101,3.067970276e-03,4.450666211e+00,6.083928846e-01,2.502569794e-01,2.622589041e-01
0.394233062,3.067970276e-03,2.430636377e+00,1.247797363e+00,2.503039176e-01,2.627888592e-01
0.397301024,3.067970276e-03,1.535119716e+00,1.356090796e+00,2.503742712e-01,2.629837165e-01
0.400368986,3.067940474e-03,1.695116551e+00,1.031376004e+00,2.503786228e-01,2.634919767e-01
0.403436947,3.067970276e-03,2.757452323e+00,6.490716528e-01,2.503782593e-01,2.640964546e-01
0.406504909,3.067970276e-03,4.692177208e+00,3.992891179e-01,2.504037661e-01,2.644195713e-01
0.409572870,3.067940474e-03,5.914868486e+00,4.162524168e-01,2.504224770e-01,2.649150020e-01
0.412640832,3.067970276e-03,5.687734105e+00,4.198005623e-01,2.504143424e-01,2.656113808e-01
0.415708794,3.067970276e-03,3.119336470e+00,7.919448230e-01,2.504307872e-01,2.659239074e-01
0.418776755,3.067970276e-03,1.874679026e+00,8.250234219e-01,2.504513683e-01,2.662832043e-01
0.421844717,3.067940474e-03,1.458692710e+00,1.552296762e+00,2.504399379e-01,2.668987321e-01
0.424912678,3.067970276e-03,1.658038686e+00,1.706508801e+00,2.504418515e-01,2.675201502e-01
0.427980640,3.067970276e-03,2.880219306e+00,1.560690539e+00,2.504274081e-01,2.683240449e-01
0.431048601,3.067940474e-03,4.963268795e+00,1.104159624e+00,2.503897700e-01,2.687905408e-01
0.434116563,3.067970276e-03,6.240459486e+00,8.342243244e-01,2.504597474e-01,2.693596091e-01
0.437184525,3.067970276e-03,5.994223529e+00,7.307349095e-01,2.504521090e-01,2.700276164e-01
0.440252486,3.067940474e-03,3.318999968e+00,1.091205690e+00,2.504515243e-01,2.707394144e-01
0.443320448,3.067970276e-03,3.480113609e+00,7.019858979e-01,2.504302045e-01,2.714120237e-01
0.446388409,3.067970276e-03,2.232291652e+00,1.015962925e+00,2.504469377e-01,2.719717925e-01
0.449456371,3.067970276e-03,2.767679980e+00,8.942708540e-01,2.504303773e-01,2.726290903e-01
0.452524332,3.067940474e-03,4.328577932e+00,6.562159718e-01,2.504333334e-01,2.734288072e-01
0.455592294,3.067970276e-03,6.209981900e+00,4.380234694e-01,2.504585026e-01,2.741949941e-01
0.458660256,3.067970276e-03,7.242493619e+00,4.230525692e-01,2.504535434e-01,2.749985789e-01
0.461728217,3.067940474e-03,6.757445561e+00,4.984965230e-01,2.504690225e-01,2.758004371e-01
0.464796179,3.067970276e-03,3.814538621e+00,1.198528306e+00,2.504721715e-01,2.765330862e-01
0.467864140,3.067970276e-03,2.899115249e+00,4.532970630e-01,2.505039214e-01,2.773519340e-01
0.470932102,3.067970276e-03,1.742805001e+00,4.397024490e-01,2.505057971e-01,2.782456076e-01
0.474000063,3.067940474e-03,2.051404511e+00,4.389174607e-01,2.505203770e-01,2.789868112e-01
0.477068025,3.067970276e-03,3.411941172e+00,5.366108685e-01,2.506321185e-01,2.797844270e-01
0.480135987,3.067970276e-03,5.323766968e+00,7.640675022e-01,2.505880196e-01,2.806647526e-01
0.483203948,3.067940474e-03,6.467387929e+00,6.798569206e-01,2.506589974e-01,2.819184744e-01
0.486271910,3.067970276e-03,6.191018967e+00,5.075085238e-01,2.507472214e-01,2.827861113e-01
0.489339871,3.067970276e-03,3.560603784e+00,1.424327197e+00,2.508011311e-01,2.836895577e-01
0.492407833,3.067940474e-03,2.191290888e+00,5.562734629e-01,2.508895885e-01,2.844756911e-01
0.495475794,3.067970276e-03,1.509318173e+00,9.251397236e-01,2.510227300e-01,2.860148965e-01
0.498543756,3.068000078e-03,1.810124733e+00,9.468325539e-01,2.511631770e-01,2.869291705e-01
0.501611718,3.067970276e-03,3.105477339e+00,7.533858205e-01,2.520800746e-01,2.914485821e-01
0.504679679,3.067910671e-03,5.010952869e+00,4.957593874e-01,2.523786438e-01,2.923674464e-01
0.507747641,3.067970276e-03,6.059965941e+00,4.554688825e-01,2.525117647e-01,2.939949483e-01
0.510815602,3.067970276e-03,5.620213275e+00,5.152882393e-01,2.528508937e-01,2.945252274e-01
0.513883564,3.067970276e-03,2.898896673e+00,1.133080356e+00,2.532206203e-01,2.951840902e-01
0.516951526,3.067970276e-03,4.024909605e+00,1.290050835e+00,2.533850200e-01,2.966683431e-01
0.520019487,3.067970276e-03,1.622302496e+00,1.338376071e+00,2.537201172e-01,2.985440755e-01
0.523087449,3.067970276e-03,1.200701763e+00,9.215343503e-01,2.531966526e-01,2.958062671e-01
0.526155410,3.067910671e-03,9.800201964e-01,5.475381718e-01,2.511587682e-01,3.001915923e-01
0.529223372,3.067970276e-03,1.635643369e+00,5.002115833e-01,2.513026584e-01,3.011041466e-01
0.532291333,3.067970276e-03,2.241384190e+00,5.591411773e-01,2.514231039e-01,3.022105986e-01
0.535359295,3.067970276e-03,2.373979390e+00,5.060568510e-01,2.517038777e-01,3.037641584e-01
0.538427257,3.067970276e-03,1.566578698e+00,1.190070506e+00,2.517737031e-01,3.051391930e-01
0.541495218,3.067970276e-03,2.540718866e+00,6.737147967e-01,2.520308841e-01,3.066144640e-01
0.544563180,3.067970276e-03,1.069920253e+00,1.489131872e+00,2.522261727e-01,3.074946706e-01
0.547631141,3.067910671e-03,8.407355742e-01,1.791143759e+00,2.525123131e-01,3.090275991e-01
0.550699103,3.067970276e-03,1.081026781e+00,1.586818768e+00,2.528070014e-01,3.100719248e-01
0.553767064,3.067970276e-03,1.833628927e+00,9.578457465e-01,2.530677882e-01,3.118183508e-01
0.556835026,3.067970276e-03,2.544679363e+00,5.576909814e-01,2.534994858e-01,3.127029339e-01
0.559902988,3.067970276e-03,2.835350451e+00,4.827221673e-01,2.536504683e-01,3.143698983e-01
0.562970949,3.067970276e-03,2.222998067e+00,4.903403312e-01,2.543037699e-01,3.148639011e-01
0.566038911,3.067910671e-03,1.086864803e+00,5.979064853e-01,2.547854855e-01,3.172859657e-01
0.569106872,3.067970276e-03,7.497428128e-01,1.060906095e+00,2.550791408e-01,3.182469906e-01
0.572174834,3.067970276e-03,9.120035455e-01,1.189641224e+00,2.555933871e-01,3.197657099e-01
0.575242795,3.067970276e-03,1.567636824e+00,1.018357554e+00,2.561123673e-01,3.211991600e-01
0.578310757,3.067970276e-03,2.550030504e+00,6.759460620e-01,2.567837249e-01,3.217281700e-01
0.581378719,3.067970276e-03,3.132090327e+00,5.871978893e-01,2.576721899e-01,3.240206746e-01
0.584446680,3.067970276e-03,3.040739849e+00,7.029942407e-01,2.578582601e-01,3.251957381e-01
0.587514642,3.067910671e-03,1.808372159e+00,1.506850780e+00,2.590852278e-01,3.266348477e-01
0.590582603,3.067970276e-03,2.694964656e+00,1.800066539e+00,2.597964581e-01,3.279771415e-01
0.593650565,3.067970276e-03,1.362838898e+00,1.867762936e+00,2.606321186e-01,3.292161910e-01
0.596718526,3.067970276e-03,1.121718596e+00,1.349426533e+00,2.617390077e-01,3.308937082e-01
0.599786488,3.067970276e-03,1.413372679e+00,7.370602429e-01,2.628565458e-01,3.323383395e-01
0.602854450,3.067970276e-03,2.051750095e+00,5.266369693e-01,2.636914679e-01,3.331557739e-01
0.605922411,3.067970276e-03,2.450475069e+00,6.667664563e-01,2.650164178e-01,3.365013039e-01
0.608990373,3.067910671e-03,2.340375129e+00,6.232327564e-01,2.660331056e-01,3.356140729e-01
0.612058334,3.067970276e-03,1.316425112e+00,8.074437045e-01,2.671897780e-01,3.374720647e-01
0.615126296,3.067970276e-03,1.884030574e+00,1.210784363e+00,2.685673307e-01,3.390038069e-01
0.618194258,3.067970276e-03,1.538299809e+00,1.524165378e+00,2.697524730e-01,3.393220776e-01
0.621262219,3.067970276e-03,1.963137520e+00,1.227360291e+00,2.714153066e-01,3.415255239e-01
0.624330181,3.067970276e-03,2.684415353e+00,7.809813490e-01,2.730305482e-01,3.418638338e-01
0.627398142,3.067970276e-03,3.427870472e+00,5.220179384e-01,2.747884255e-01,3.437372499e-01
0.630466104,3.067910671e-03,3.633475931e+00,5.325482131e-01,2.767901638e-01,3.460155416e-01
0.633534065,3.067970276e-03,3.042525041e+00,5.578078568e-01,2.786993672e-01,3.463000286e-01
0.636602027,3.067970276e-03,1.347888243e+00,1.324301013e+00,2.804318969e-01,3.473472818e-01
0.639669989,3.067970276e-03,2.346169685e+00,1.073766723e+00,2.823206492e-01,3.487995887e-01
0.642737950,3.067970276e-03,1.961784431e+00,2.127690959e+00,2.840428870e-01,3.499120196e-01
0.645805912,3.067970276e-03,2.347632840e+00,2.303990554e+00,2.863872352e-01,3.513158735e-01
0.648873873,3.067970276e-03,3.023200502e+00,1.929708072e+00,2.885247146e-01,3.517778134e-01
0.651941835,3.067910671e-03,3.722125081e+00,1.132826252e+00,2.905166479e-01,3.536447482e-01
0.655009796,3.067970276e-03,3.919216693e+00,6.224436972e-01,2.928629959e-01,3.535809031e-01
0.658077758,3.067970276e-03,3.338214401e+00,5.390491244e-01,2.954158806e-01,3.548906555e-01
0.661145720,3.067970276e-03,1.586699937e+00,5.477677836e-01,2.975240313e-01,3.555156606e-01
0.664213681,3.067970276e-03,1.347191854e+00,1.431173875e+00,3.002296521e-01,3.565147804e-01
0.667281643,3.067970276e-03,6.937980214e-01,1.559338675e+00,3.027321698e-01,3.575227837e-01
0.670349604,3.067970276e-03,6.985169540e-01,1.104779798e+00,3.050622934e-01,3.570156677e-01
0.673417566,3.067910671e-03,1.049474410e+00,6.480257409e-01,3.078560341e-01,3.580936979e-01
0.676485527,3.067970276e-03,1.979975548e+00,5.877406859e-01,3.098074614e-01,3.582546350e-01
0.679553489,3.067970276e-03,2.782161370e+00,6.756777432e-01,3.127568324e-01,3.593368434e-01
0.682621451,3.067970276e-03,3.142880631e+00,5.947967950e-01,3.151493894e-01,3.593928789e-01
0.685689412,3.067970276e-03,2.591096405e+00,1.323752731e+00,3.181021113e-01,3.595556962e-01
0.688757374,3.067970276e-03,2.909320614e+00,1.323046945e+00,3.201784370e-01,3.604709188e-01
0.691825335,3.067970276e-03,2.247246762e+00,1.961394608e+00,3.221574973e-01,3.610040301e-01
0.694893297,3.067910671e-03,2.392073256e+00,1.811420045e+00,3.259048534e-01,3.614610325e-01
0.697961258,3.067970276e-03,2.874847993e+00,1.308848566e+00,3.270705470e-01,3.608778587e-01
0.701029220,3.067970276e-03,3.468336899e+00,7.219946715e-01,3.295076026e-01,3.605279392e-01
0.704097182,3.067970276e-03,3.613896572e+00,5.653694535e-01,3.315592077e-01,3.601511466e-01
0.707165143,3.067970276e-03,3.083294038e+00,5.863955618e-01,3.342876874e-01,3.671011479e-01
0.710233105,3.067970276e-03,1.489302854e+00,1.157704683e+00,3.365178059e-01,3.733303256e-01
0.713301066,3.067910671e-03,2.005751940e+00,1.109128280e+00,3.385059008e-01,3.722767254e-01
0.716369028,3.067970276e-03,7.401730889e-01,1.931404524e+00,3.397670980e-01,3.716225664e-01
0.719436990,3.067970276e-03,6.315351637e-01,1.923492485e+00,3.407457970e-01,3.709893070e-01
0.722504951,3.067970276e-03,7.300003422e-01,1.450626649e+00,3.412422679e-01,3.696272464e-01
0.725572913,3.067970276e-03,1.424793558e+00,7.793869761e-01,3.423660519e-01,3.701703379e-01
0.728640874,3.067970276e-03,2.363603315e+00,5.747059159e-01,3.428751627e-01,3.696294032e-01
0.731708836,3.067970276e-03,3.092959241e+00,5.818992497e-01,3.432291670e-01,3.678130632e-01
0.734776797,3.067910671e-03,3.132404907e+00,7.407577033e-01,3.436636529e-01,3.663223798e-01
0.737844759,3.067970276e-03,2.767145463e+00,1.584646505e+00,3.418149156e-01,3.645035779e-01
0.740912721,3.067970276e-03,1.965871400e+00,2.176053397e+00,3.410797300e-01,3.633643143e-01
0.743980682,3.067970276e-03,2.003849230e+00,1.960631279e+00,3.397575486e-01,3.624123113e-01
0.747048644,3.067970276e-03,2.414227623e+00,1.363442951e+00,3.388049118e-01,3.607743038e-01
0.750116605,3.067970276e-03,3.012118432e+00,7.204666062e-01,3.354693423e-01,3.571780653e-01
0.753184567,3.067970276e-03,3.227208120e+00,5.823422273e-01,3.339721332e-01,3.580059205e-01
0.756252528,3.067910671e-03,2.861444666e+00,5.958176800e-01,3.309841445e-01,3.556153305e-01
0.759320490,3.067970276e-03,1.503073062e+00,1.065488697e+00,3.275133208e-01,3.545323886e-01
0.762388452,3.067970276e-03,2.852746184e+00,1.078108017e+00,3.242715116e-01,3.523988861e-01
0.765456413,3.067970276e-03,2.173679558e+00,1.920977398e+00,3.200024605e-01,3.507100168e-01
0.768524375,3.067970276e-03,2.257642914e+00,1.947065303e+00,3.156046295e-01,3.491677129e-01
0.771592336,3.067970276e-03,2.654339360e+00,1.505801893e+00,3.111657526e-01,3.456246802e-01
0.774660298,3.067970276e-03,3.169614706e+00,8.583849551e-01,3.059521996e-01,3.432022484e-01
0.777728259,3.067910671e-03,3.252390655e+00,6.252924167e-01,3.003717087e-01,3.410094804e-01
0.780796221,3.067970276e-03,2.705723103e+00,6.215245606e-01,2.953248678e-01,3.386147447e-01
0.783864183,3.067970276e-03,1.224793434e+00,1.092800730e+00,2.884026982e-01,3.366747744e-01
0.786932144,3.067970276e-03,1.765806425e+00,8.480081910e-01,4.598463261e-01,2.529343249e-01
0.790000106,3.067970276e-03,9.972959066e-01,1.949210945e+00,4.626002483e-01,2.532831310e-01
0.793068067,3.067970276e-03,1.040813206e+00,2.493971907e+00,4.659170174e-01,2.537434451e-01
0.796136029,3.067970276e-03,1.497808913e+00,2.411699637e+00,4.695562696e-01,2.543721211e-01
0.799203990,3.067910671e-03,2.244254635e+00,1.894267334e+00,4.728545705e-01,2.554207878e-01
0.802271952,3.067970276e-03,2.689027649e+00,1.491386088e+00,4.776462338e-01,2.562576036e-01
0.805339914,3.067970276e-03,2.657994785e+00,1.410917058e+00,4.796511850e-01,2.572504134e-01
0.808407875,3.067970276e-03,1.716984207e+00,2.085527421e+00,4.819042502e-01,2.582300639e-01
0.811475837,3.067970276e-03,1.708088991e+00,9.582183060e-01,4.847981261e-01,2.590736178e-01
0.814543798,3.067970276e-03,8.628586184e-01,2.086025606e+00,4.859312589e-01,2.600495745e-01
0.817611760,3.067970276e-03,8.495482561e-01,2.451870689e+00,4.885248219e-01,2.608828410e-01
0.820679722,3.067910671e-03,1.262607423e+00,2.236184451e+00,4.868511493e-01,2.612265143e-01
0.823747683,3.067970276e-03,2.078315246e+00,1.636437239e+00,4.919951672e-01,2.622368679e-01
0.826815645,3.067970276e-03,2.685031199e+00,1.231109490e+00,4.941027571e-01,2.624229723e-01
0.829883606,3.067970276e-03,2.891905469e+00,1.203934619e+00,4.950988602e-01,2.626190135e-01
0.832951568,3.067970276e-03,2.290555672e+00,1.982869043e+00,4.964196158e-01,2.629325460e-01
0.836019529,3.067970276e-03,1.231694643e+00,2.344520432e+00,4.985796962e-01,2.633675359e-01
0.839087491,3.067970276e-03,7.369704627e-01,2.297978819e+00,5.000633696e-01,2.630900951e-01
0.842155453,3.067910671e-03,8.574860855e-01,1.574990448e+00,5.012156829e-01,2.628098474e-01
0.845223414,3.067970276e-03,1.355741700e+00,8.164622409e-01,5.022815830e-01,2.624836941e-01
0.848291376,3.067970276e-03,2.151715968e+00,6.916280917e-01,5.011478774e-01,2.616058215e-01
0.851359337,3.067970276e-03,2.626805710e+00,8.689995703e-01,5.022120148e-01,2.616584809e-01
0.854427299,3.067970276e-03,2.627879582e+00,7.349327101e-01,5.029995104e-01,2.613052666e-01
0.857495260,3.067970276e-03,1.732890517e+00,1.307178668e+00,5.028469131e-01,2.607289706e-01
0.860563222,3.067910671e-03,1.799829130e+00,9.748482852e-01,5.042292229e-01,2.600511461e-01
0.863631184,3.067970276e-03,9.286158548e-01,2.272850214e+00,5.002669962e-01,2.590299573e-01
0.866699145,3.067970276e-03,8.862402187e-01,2.805552883e+00,4.958114334e-01,2.577646457e-01
0.869767107,3.067970276e-03,1.258264569e+00,2.657937890e+00,4.954622972e-01,2.571354038e-01
0.872835068,3.067970276e-03,1.988783425e+00,2.058311858e+00,4.956286623e-01,2.563800578e-01
0.875903030,3.067970276e-03,2.493014506e+00,1.575437577e+00,4.958715545e-01,2.560654068e-01
0.878970991,3.067970276e-03,2.638318430e+00,1.435280216e+00,4.946199193e-01,2.550745024e-01
0.882038953,3.067910671e-03,1.978736412e+00,2.090129457e+00,4.933425253e-01,2.545268809e-01
0.885106915,3.067970276e-03,1.951248041e+00,1.770369239e+00,4.918419799e-01,2.539982359e-01
0.888174876,3.067970276e-03,7.296683818e-01,2.317719593e+00,4.903995706e-01,2.534344941e-01
0.891242838,3.067970276e-03,5.559775984e-01,1.957672145e+00,4.901900976e-01,2.529665357e-01
0.894310799,3.067970276e-03,6.230195566e-01,1.193483407e+00,4.882303930e-01,2.524692414e-01
0.897378761,3.067970276e-03,1.118231871e+00,6.791845218e-01,4.876628926e-01,2.521164710e-01
0.900446722,3.067970276e-03,1.747864932e+00,7.604754852e-01,4.855224345e-01,2.518230631e-01
0.903514684,3.067910671e-03,2.215344648e+00,7.930519923e-01,4.856393336e-01,2.515460142e-01
0.906582646,3.067970276e-03,2.082196452e+00,8.385641424e-01,4.835389606e-01,2.513740696e-01
0.909650607,3.067970276e-03,7.628048431e-01,1.043473951e+00,4.815761527e-01,2.513208753e-01
0.912718569,3.067970276e-03,6.781588618e-01,2.498953876e+00,4.802436002e-01,2.512569615e-01
0.915786530,3.067970276e-03,1.062962121e+00,3.078124100e+00,4.778101802e-01,2.513285076e-01
0.918854492,3.067970276e-03,1.761976832e+00,2.877833943e+00,4.774335470e-01,2.513863225e-01
0.921922454,3.067970276e-03,2.575326498e+00,2.171831113e+00,4.744285380e-01,2.515262192e-01
0.924990415,3.067910671e-03,2.942732458e+00,1.505122761e+00,4.729777280e-01,2.517950650e-01
0.928058377,3.067970276e-03,2.763017880e+00,1.150079211e+00,4.706254906e-01,2.525397543e-01
0.931126338,3.067970276e-03,1.624131750e+00,1.503778850e+00,4.681674652e-01,2.525144190e-01
0.934194300,3.067970276e-03,1.930520242e+00,9.444530358e-01,4.655675724e-01,2.529614197e-01
0.937262261,3.067970276e-03,8.182471038e-01,2.188112240e+00,4.635039502e-01,2.534177778e-01
0.940330223,3.067970276e-03,6.260043382e-01,2.776584647e+00,4.625560287e-01,2.539599885e-01
0.943398185,3.067970276e-03,7.691461561e-01,2.566109135e+00,4.587690861e-01,2.543367662e-01
0.946466146,3.067910671e-03,1.327899857e+00,1.820175929e+00,4.552731791e-01,2.551093675e-01
0.949534108,3.067970276e-03,1.841214353e+00,1.149055981e+00,4.544299411e-01,2.558926541e-01
0.952602069,3.067970276e-03,2.138455285e+00,8.517213836e-01,4.503826330e-01,2.569203047e-01
0.955670031,3.067970276e-03,1.813766448e+00,1.094833059e+00,4.495046429e-01,2.576653955e-01
0.958737992,3.067970276e-03,1.259594858e+00,8.352034487e-01,4.467308738e-01,2.586613362e-01
0.961805954,3.067970276e-03,5.464868807e-01,1.479746728e+00,4.434375181e-01,2.595046267e-01
0.964873916,3.067970276e-03,5.038262232e-01,1.580612511e+00,4.441426050e-01,2.603468162e-01
0.967941877,3.067910671e-03,6.185837518e-01,1.209351725e+00,4.386164183e-01,2.616647196e-01
0.971009839,3.067970276e-03,1.245111150e+00,7.951617762e-01,4.368220403e-01,2.625855283e-01
0.974077800,3.067970276e-03,1.944205417e+00,6.989679045e-01,4.340797931e-01,2.639302907e-01
0.977145762,3.067970276e-03,2.460833285e+00,7.898326654e-01,4.310389004e-01,2.651183655e-01
0.980213723,3.067970276e-03,2.394878193e+00,1.823414634e+00,4.285865193e-01,2.662256323e-01
0.983281685,3.067970276e-03,2.091035002e+00,1.111772045e+00,4.259786112e-01,2.673290195e-01
0.986349647,3.067910671e-03,1.182344476e+00,2.155699315e+00,4.232386086e-01,2.687777853e-01
0.989417608,3.067970276e-03,1.008616760e+00,2.245372069e+00,4.210550144e-01,2.697290831e-01
0.992485570,3.067970276e-03,1.160456678e+00,1.658519100e+00,4.168255680e-01,2.712517237e-01
0.995553531,3.067970276e-03,1.582920812e+00,8.858547689e-01,4.156668799e-01,2.726517180e-01
0.998621493,3.068029881e-03,1.760877142e+00,7.129671339e-01,4.128863831e-01,2.738149916e-01
1.001689454,3.067970276e-03,1.618546159e+00,7.988278066e-01,4.106761884e-01,2.749393008e-01
1.004757416,3.067970276e-03,8.669965807e-01,7.482568150e-01,4.078850899e-01,2.761404482e-01
1.007825378,3.067851067e-03,6.483400403e-01,1.370951200e+00,4.045919102e-01,2.771101287e-01
1.010893339,3.067970276e-03,6.040144758e-01,1.936672147e+00,4.025949602e-01,2.790590475e-01
1.013961301,3.067970276e-03,9.402905240e-01,1.644869056e+00,3.984930937e-01,2.796441311e-01
1.017029262,3.067970276e-03,1.499908656e+00,1.035023238e+00,3.970854217e-01,2.816366872e-01
1.020097224,3.067970276e-03,2.141657837e+00,7.164634103e-01,3.936878747e-01,2.818596239e-01
1.023165186,3.067970276e-03,2.343273373e+00,7.375189067e-01,3.918406535e-01,2.838124151e-01
1.026233147,3.067970276e-03,2.039489565e+00,7.367821239e-01,3.891163511e-01,2.852420569e-01
1.029301109,3.067970276e-03,9.576851403e-01,1.674551061e+00,3.898810768e-01,2.859991054e-01
1.032369070,3.067970276e-03,1.700543607e+00,9.241963035e-01,3.843272839e-01,2.875088874e-01
1.035437032,3.067970276e-03,6.408080257e-01,1.471633943e+00,3.810953113e-01,2.881568201e-01
1.038504993,3.067970276e-03,4.767571510e-01,1.345224251e+00,3.787542596e-01,2.894162946e-01
1.041572955,3.067970276e-03,5.197444521e-01,9.112381962e-01,3.754233368e-01,2.907653700e-01
1.044640917,3.067970276e-03,9.162619548e-01,7.231834936e-01,3.746665453e-01,2.918642647e-01
1.047708878,3.067970276e-03,1.437244568e+00,1.448558578e+00,3.932302641e-01,3.786316549e-01
1.050776840,3.067851067e-03,1.867551952e+00,1.567505702e+00,3.692687717e-01,4.253035750e-01
1.053844801,3.067970276e-03,1.813877000e+00,2.475571835e+00,3.691879281e-01,4.277852107e-01
1.056912763,3.067970276e-03,1.634439429e+00,1.839537634e+00,3.646187408e-01,4.324627483e-01
1.059980724,3.067970276e-03,8.264201675e-01,3.770162155e+00,3.623530699e-01,4.360937687e-01
1.063048686,3.067970276e-03,6.919549981e-01,4.194268980e+00,3.615350101e-01,4.391507764e-01
1.066116648,3.067970276e-03,8.126419307e-01,3.157084636e+00,3.574545016e-01,4.426433511e-01
1.069184609,3.067970276e-03,1.222571257e+00,1.716733402e+00,3.560434116e-01,4.457077151e-01
1.072252571,3.067970276e-03,1.444858671e+00,1.447373561e+00,2.596055391e-01,4.383939034e-01
1.075320532,3.067970276e-03,1.415031509e+00,1.626042502e+00,2.579261933e-01,4.360932746e-01
1.078388494,3.067970276e-03,8.374912541e-01,1.503920959e+00,2.572268831e-01,4.344356987e-01
1.081456455,3.067970276e-03,1.912089630e+00,2.147560023e+00,2.569247975e-01,4.337835548e-01
1.084524417,3.067970276e-03,6.413480162e-01,4.311584150e+00,2.566672358e-01,4.319269823e-01
1.087592379,3.067970276e-03,4.555094937e-01,4.578476154e+00,2.565763141e-01,4.309888777e-01
1.090660340,3.067970276e-03,4.734941332e-01,3.448219854e+00,2.558287321e-01,4.280885168e-01
1.093728302,3.067851067e-03,4.361742588e-01,1.870586202e+00,2.555914251e-01,4.279632766e-01
1.096796263,3.067970276e-03,5.281093189e-01,1.430890520e+00,2.554729013e-01,4.281828756e-01
1.099864225,3.067970276e-03,6.655910944e-01,1.479286929e+00,2.552360904e-01,4.267486282e-01
1.102932186,3.067970276e-03,5.606051082e-01,1.705067002e+00,2.549005168e-01,4.267571759e-01
1.106000148,3.067970276e-03,1.661998521e+00,2.331780344e+00,2.548057193e-01,4.262802199e-01
1.109068110,3.067970276e-03,7.829769765e-01,4.850938027e+00,2.544590882e-01,4.253327709e-01
1.112136071,3.067970276e-03,5.980186174e-01,5.334754776e+00,2.545974054e-01,4.234663426e-01
1.115204033,3.067970276e-03,6.727933564e-01,4.305853179e+00,2.541798680e-01,4.243652032e-01
1.118271994,3.067970276e-03,1.065613152e+00,2.498071702e+00,2.541216315e-01,4.222936350e-01
1.121339956,3.067970276e-03,1.346305517e+00,1.570478734e+00,2.537585055e-01,4.233414765e-01
1.124407918,3.067970276e-03,1.468851958e+00,1.444771679e+00,2.538124834e-01,4.233682284e-01
1.127475879,3.067970276e-03,1.091614796e+00,1.968945532e+00,2.535725071e-01,4.227502123e-01
1.130543841,3.067970276e-03,1.537605875e+00,2.016836374e+00,2.536416423e-01,4.235623672e-01
1.133611802,3.067851067e-03,1.148360380e+00,4.063101593e+00,2.534573037e-01,4.239048519e-01
1.136679764,3.067970276e-03,1.265795242e+00,4.312966901e+00,2.531563790e-01,4.227740210e-01
1.139747725,3.067970276e-03,1.546311102e+00,3.052178104e+00,2.531732230e-01,4.243368415e-01
1.142815687,3.067970276e-03,2.001738218e+00,1.646597831e+00,2.529516471e-01,4.239105125e-01
1.145883649,3.067970276e-03,2.145570526e+00,1.620256460e+00,2.527664379e-01,4.244180724e-01
1.148951610,3.067970276e-03,1.989797312e+00,1.976846320e+00,2.524939354e-01,4.245968832e-01
1.152019572,3.067970276e-03,1.200370238e+00,1.605314724e+00,2.524936466e-01,4.245034611e-01
1.155087533,3.067970276e-03,1.164871345e+00,1.911067318e+00,2.522865420e-01,4.247115143e-01
1.158155495,3.067970276e-03,5.187831034e-01,3.732902136e+00,2.524560547e-01,4.274354867e-01
1.161223456,3.067970276e-03,4.433895490e-01,3.970628364e+00,2.522509515e-01,4.273575037e-01
1.164291418,3.067970276e-03,5.534918872e-01,2.780435503e+00,2.522193696e-01,4.259929325e-01
1.167359380,3.067970276e-03,1.022084565e+00,1.604999507e+00,2.520252013e-01,4.275205116e-01
1.170427341,3.067970276e-03,1.445601956e+00,1.602819484e+00,2.520609201e-01,4.277272415e-01
1.173495303,3.067970276e-03,1.765001316e+00,1.781641004e+00,2.520332042e-01,4.286778654e-01
1.176563264,3.067851067e-03,1.655399617e+00,1.612772692e+00,2.519402950e-01,4.282028921e-01
1.179631226,3.067970276e-03,9.550885105e-01,2.638614897e+00,2.519299579e-01,4.300033127e-01
1.182699187,3.067970276e-03,8.113359541e-01,4.107637019e+00,2.518050144e-01,4.297734586e-01
1.185767149,3.067970276e-03,1.054656700e+00,3.670490038e+00,2.517232269e-01,4.303072148e-01
1.188835111,3.067970276e-03,1.382403623e+00,2.308850494e+00,2.516777675e-01,4.315304773e-01
1.191903072,3.067970276e-03,1.821357976e+00,1.522237150e+00,2.516362515e-01,4.334697572e-01
1.194971034,3.067970276e-03,1.906198287e+00,1.575296788e+00,2.517310076e-01,4.327986246e-01
1.198038995,3.067970276e-03,1.665095570e+00,1.534263976e+00,2.516004260e-01,4.341774603e-01
1.201106957,3.067970276e-03,8.478941213e-01,2.921534354e+00,2.516186492e-01,4.339333563e-01
1.204174918,3.067970276e-03,1.194196047e+00,3.736031799e+00,2.516654327e-01,4.351131807e-01
1.207242880,3.067970276e-03,4.633890416e-01,5.148209316e+00,2.517492471e-01,4.356693042e-01
1.210310842,3.067970276e-03,3.764634140e-01,4.463009948e+00,2.514189329e-01,4.369801831e-01
1.213378803,3.067970276e-03,3.742677989e-01,2.741170262e+00,2.515230392e-01,4.368939015e-01
1.216446765,3.067970276e-03,4.148170912e-01,1.581086569e+00,2.513465281e-01,4.340348738e-01
1.219514726,3.067851067e-03,5.163904930e-01,1.612208941e+00,2.506440812e-01,4.388729518e-01
1.222582688,3.067970276e-03,5.966561433e-01,1.597154504e+00,2.506544142e-01,4.392748955e-01
1.225650650,3.067970276e-03,4.570821338e-01,2.409306454e+00,2.506395611e-01,4.403085023e-01
1.228718611,3.067970276e-03,1.523454369e+00,2.860302583e+00,2.506290074e-01,4.407802386e-01
1.231786573,3.067970276e-03,5.954296429e-01,5.290692769e+00,2.511646653e-01,4.423455118e-01
1.234854534,3.067970276e-03,3.849805725e-01,5.347542383e+00,2.506061189e-01,4.431045486e-01
1.237922496,3.067970276e-03,3.756758896e-01,3.840884850e+00,2.506314216e-01,4.437306786e-01
1.240990457,3.067970276e-03,5.682929626e-01,1.961540340e+00,2.506188978e-01,4.442620197e-01
1.244058419,3.067970276e-03,8.563835430e-01,1.567001669e+00,2.505915168e-01,4.449096432e-01
1.247126381,3.067970276e-03,1.221479118e+00,1.811217283e+00,2.507101336e-01,4.463361920e-01
1.250194342,3.067970276e-03,1.260784976e+00,1.607836360e+00,2.506025005e-01,4.464183337e-01
1.253262304,3.067970276e-03,8.541037889e-01,2.229672819e+00,2.506447860e-01,4.458847495e-01
1.256330265,3.067970276e-03,9.038028493e-01,4.469756844e+00,2.506616520e-01,4.479008776e-01
1.259398227,3.067970276e-03,1.229003632e+00,4.783765550e+00,2.506519776e-01,4.481941145e-01
1.262466188,3.067851067e-03,1.538724269e+00,3.624845904e+00,2.506853804e-01,4.495807026e-01
1.265534150,3.067970276e-03,1.901495100e+00,2.090512909e+00,2.504312342e-01,4.499471783e-01
1.268602112,3.067970276e-03,1.883235080e+00,1.555049544e+00,2.506500010e-01,4.510968425e-01
1.271670073,3.067970276e-03,1.556850022e+00,1.533426460e+00,2.506849613e-01,4.511306377e-01
1.274738035,3.067970276e-03,7.174053112e-01,2.474977127e+00,2.507047556e-01,4.514980305e-01
1.277805996,3.067970276e-03,5.519455396e-01,3.095573886e+00,2.506991638e-01,4.526519047e-01
1.280873958,3.067970276e-03,4.382569401e-01,4.909877293e+00,2.508583840e-01,4.522336673e-01
1.283941919,3.067970276e-03,5.907998796e-01,4.487962368e+00,2.507522282e-01,4.534632326e-01
1.287009881,3.067970276e-03,8.712357843e-01,2.817300983e+00,2.508026572e-01,4.542633182e-01
1.290077843,3.067970276e-03,1.357959155e+00,1.619982954e+00,2.507448731e-01,4.547472375e-01
1.293145804,3.067970276e-03,1.585298602e+00,1.761766895e+00,2.508375225e-01,4.560230073e-01
1.296213766,3.067970276e-03,1.648217472e+00,1.878065244e+00,2.507738296e-01,4.552457145e-01
1.299281727,3.067970276e-03,1.266445328e+00,1.799781019e+00,2.508439967e-01,4.563804604e-01
1.302349689,3.067851067e-03,3.682916758e-01,2.923370328e+00,2.508593120e-01,4.579277965e-01
1.305417650,3.067970276e-03,3.490549787e-01,4.922661641e+00,2.508120286e-01,4.566125090e-01
1.308485612,3.067970276e-03,6.939108039e-01,4.705946857e+00,2.508592395e-01,4.577973709e-01
1.311553574,3.067970276e-03,1.142481241e+00,3.158967935e+00,2.508529892e-01,4.576178053e-01
1.314621535,3.067970276e-03,1.609162298e+00,1.757603729e+00,2.508273548e-01,4.591929607e-01
1.317689497,3.067970276e-03,1.668713812e+00,2.234554152e+00,2.511649839e-01,6.226774027e-01
1.320757458,3.067970276e-03,1.422832829e+00,3.383281593e+00,2.512904411e-01,5.946405207e-01
1.323825420,3.067970276e-03,6.773500386e-01,3.950018043e+00,2.515732813e-01,2.529492359e-01
1.326893382,3.067970276e-03,1.618513183e+00,4.077893634e+00,2.515562534e-01,2.528665742e-01
1.329961343,3.067970276e-03,7.122673084e-01,7.212823624e+00,2.514728618e-01,2.530633578e-01
1.333029305,3.067970276e-03,3.797894804e-01,6.924877390e+00,2.514351418e-01,2.528441114e-01
1.336097266,3.067970276e-03,3.299286071e-01,4.419988039e+00,2.513965456e-01,2.529170299e-01
1.339165228,3.067970276e-03,3.148008330e-01,3.154177048e+00,2.512754521e-01,2.528403934e-01
1.342233189,3.067970276e-03,3.200435889e-01,3.798919991e+00,2.512509453e-01,2.529331427e-01
1.345301151,3.067851067e-03,3.259729745e-01,3.857248963e+00,2.511732363e-01,2.527059536e-01
1.348369113,3.067970276e-03,4.328168600e-01,3.752228181e+00,2.510591512e-01,2.529866581e-01
1.351437074,3.067970276e-03,3.253217484e-01,3.530156079e+00,2.510496889e-01,2.529288721e-01
1.354505036,3.067970276e-03,3.316187474e-01,5.527363099e+00,2.508037133e-01,2.530577895e-01
1.357572997,3.067970276e-03,3.078221617e-01,5.799578840e+00,2.509085542e-01,2.530170777e-01
1.360640959,3.067970276e-03,3.874360775e-01,4.147734067e+00,2.509579763e-01,2.530500203e-01
1.363708920,3.067970276e-03,7.540813080e-01,3.143415176e+00,2.508019754e-01,2.530481725e-01
1.366776882,3.067970276e-03,1.032735934e+00,3.275573615e+00,2.508287002e-01,2.529056525e-01
1.369844844,3.067970276e-03,1.254451486e+00,3.183006119e+00,2.504230730e-01,2.531297814e-01
1.372912805,3.067970276e-03,1.158418977e+00,5.979919692e+00,2.506803054e-01,2.531438252e-01
1.375980767,3.067970276e-03,3.251628664e-01,4.205514124e+00,2.507199436e-01,2.531162911e-01
1.379048728,3.067970276e-03,3.020894437e-01,8.602873242e+00,2.506360161e-01,2.531672156e-01
1.382116690,3.067970276e-03,3.488698886e-01,1.173220676e+01,2.505541778e-01,2.530677143e-01
1.385184651,3.067970276e-03,5.226340198e-01,1.097462751e+01,2.505771801e-01,2.531332489e-01
1.388252613,3.067851067e-03,9.578160962e-01,8.016308692e+00,2.505585839e-01,2.532028857e-01
1.391320575,3.067970276e-03,1.236397584e+00,5.160101549e+00,2.505144714e-01,2.532256230e-01
1.394388536,3.067970276e-03,1.461456046e+00,4.189385706e+00,2.504661961e-01,2.531678982e-01
1.397456498,3.067970276e-03,1.399106931e+00,6.158945585e+00,2.504106762e-01,2.533023993e-01
1.400524459,3.067970276e-03,4.560487257e-01,3.602977817e+00,2.503488362e-01,2.532831994e-01
1.403592421,3.067970276e-03,3.798882966e-01,5.099503026e+00,2.504855041e-01,2.533029961e-01
1.406660382,3.067970276e-03,4.563876289e-01,5.651818859e+00,2.503114969e-01,2.534372710e-01
1.409728344,3.067970276e-03,5.682076082e-01,4.256349577e+00,2.502903395e-01,2.534147557e-01
1.412796306,3.067970276e-03,8.435693030e-01,3.208124211e+00,2.503179636e-01,2.535214033e-01
1.415864267,3.067970276e-03,9.150167812e-01,3.162026092e+00,2.502227782e-01,2.534512340e-01
1.418932229,3.067970276e-03,9.031968236e-01,3.229870874e+00,2.502479665e-01,2.535013207e-01
1.422000190,3.067970276e-03,6.296860670e-01,7.102733472e+00,2.502257156e-01,2.536047542e-01
1.425068152,3.067970276e-03,3.991687845e-01,5.737832189e+00,2.502068526e-01,2.536859300e-01
1.428136114,3.067851067e-03,7.529378867e-01,8.457463575e+00,2.501322640e-01,2.536053516e-01
1.431204075,3.067970276e-03,1.184375847e+00,7.086250966e+00,2.501924982e-01,2.536161920e-01
1.434272037,3.067970276e-03,1.409071993e+00,4.154859912e+00,2.502205551e-01,2.537243270e-01
1.437339998,3.067970276e-03,1.597388668e+00,3.280529045e+00,2.501627090e-01,2.537167563e-01
1.440407960,3.067970276e-03,1.372848635e+00,4.206997680e+00,2.501735061e-01,2.538293339e-01
1.443475921,3.067970276e-03,9.055641213e-01,3.940307620e+00,2.501258171e-01,2.537787374e-01
1.446543883,3.067970276e-03,4.221125581e-01,8.005901719e+00,2.501202994e-01,2.635794292e-01
1.449611845,3.067970276e-03,4.062470738e-01,8.672822698e+00,2.501098420e-01,2.654685747e-01
1.452679806,3.067970276e-03,8.684667558e-01,1.624327131e+01,2.501070071e-01,2.655380263e-01
1.455747768,3.067970276e-03,1.238625553e+00,2.284730102e+01,2.500973510e-01,2.656542850e-01
1.458815729,3.067970276e-03,1.306493436e+00,2.152453699e+01,2.501308029e-01,2.662043984e-01
1.461883691,3.067970276e-03,8.952900218e-01,1.586322674e+01,2.500704307e-01,2.661517793e-01
1.464951652,3.067970276e-03,4.283860286e-01,1.034668366e+01,2.500611067e-01,2.664192584e-01
1.468019614,3.067970276e-03,5.055637307e-01,8.632939549e+00,2.500523899e-01,2.662752608e-01
1.471087576,3.067851067e-03,1.381596202e+00,1.292331363e+01,2.499833173e-01,2.663464921e-01
1.474155537,3.067970276e-03,7.436076769e-01,9.450561529e+00,2.500660817e-01,2.663046232e-01
1.477223499,3.067970276e-03,3.227441223e-01,1.288553109e+01,2.500373640e-01,2.666042726e-01
1.480291460,3.067970276e-03,3.238552515e-01,9.823274198e+00,2.500106666e-01,2.667703462e-01
1.483359422,3.067970276e-03,3.808878300e-01,6.592826508e+00,2.500187450e-01,2.666243858e-01
1.486427383,3.067970276e-03,2.852751954e-01,8.245698350e+00,2.500198192e-01,2.669548737e-01
1.489495345,3.067970276e-03,2.939822525e-01,1.139882263e+01,2.500302169e-01,2.668340063e-01
1.492563307,3.067970276e-03,5.280723525e-01,9.355758682e+00,2.499977424e-01,2.671245424e-01
1.495631268,3.067970276e-03,8.994512722e-01,8.957576592e+00,2.500205110e-01,2.670392163e-01
1.498699230,3.067970276e-03,4.386838856e-01,8.784650531e+00,2.498843741e-01,2.672167946e-01
1.501767191,3.067970276e-03,2.802203546e-01,1.929992942e+01,2.500153256e-01,2.673110452e-01
1.504835153,3.067970276e-03,4.863579537e-01,2.240292025e+01,2.500201166e-01,2.672507906e-01
1.507903114,3.067970276e-03,7.802659186e-01,2.423611831e+01,2.500098120e-01,2.876140079e-01
1.510971076,3.067970276e-03,1.140497454e+00,2.138930535e+01,2.500459887e-01,3.192534483e-01
1.514039038,3.067851067e-03,1.220033977e+00,1.355689446e+01,2.499479126e-01,3.197086170e-01
1.517106999,3.067970276e-03,1.215101846e+00,1.257400012e+01,2.500180457e-01,3.200913407e-01
1.520174961,3.067970276e-03,9.506399543e-01,1.604053347e+01,2.499926691e-01,3.200365233e-01
1.523242922,3.067970276e-03,3.857692095e-01,1.680558586e+01,2.500323620e-01,3.199936390e-01
1.526310884,3.067970276e-03,2.900877014e-01,2.412365175e+01,2.500040275e-01,3.206311736e-01
1.529378846,3.067970276e-03,3.115942347e-01,1.967105504e+01,2.499824821e-01,3.204060900e-01
1.532446807,3.067970276e-03,3.686767893e-01,1.337834048e+01,2.500332778e-01,3.204871641e-01
1.535514769,3.067970276e-03,3.098100191e-01,1.506754989e+01,2.499890205e-01,3.207097811e-01
1.538582730,3.067970276e-03,3.081289789e-01,2.323096506e+01,2.500327407e-01,3.487330715e-01
1.541650692,3.067970276e-03,2.774061395e-01,3.211889007e+01,2.499940672e-01,4.682162288e-01
1.544718653,3.067970276e-03,2.844311508e-01,4.121097304e+01,2.499732729e-01,4.688305438e-01
1.547786615,3.067970276e-03,3.404759625e-01,3.352046663e+01,2.499853406e-01,4.684836474e-01
1.550854577,3.067970276e-03,6.971738862e-01,4.380435920e+01,2.500531436e-01,4.685336831e-01
1.553922538,3.067851067e-03,1.016013136e+00,5.998624964e+01,2.499464610e-01,4.480344120e-01
1.556990500,3.067970276e-03,1.183669713e+00,8.104852605e+01,2.500693250e-01,2.541986400e-01
1.560058461,3.067970276e-03,9.760088982e-01,5.337787162e+01,2.499047560e-01,2.544071204e-01
1.563126423,3.067970276e-03,6.928637492e-01,9.325274713e+01,2.499588637e-01,2.614377943e-01
1.566194384,3.067970276e-03,3.093944152e-01,1.755784767e+02,2.500280788e-01,2.818299369e-01
1.569262346,3.067970276e-03,5.741664559e-01,2.313769135e+03,2.371334654e-01,3.491682011e-01
1.572330308,3.067970276e-03,5.716826625e-01,6.343794243e+03,2.371358775e-01,3.651312319e-01
1.575398269,3.067970276e-03,3.124876091e-01,1.986143286e+02,2.500268328e-01,2.813735994e-01
1.578466231,3.067970276e-03,7.097315888e-01,1.445390279e+02,2.499544117e-01,2.614751530e-01
1.581534192,3.067970276e-03,9.978315659e-01,1.532177718e+02,2.499064514e-01,2.542521743e-01
1.584602154,3.067970276e-03,1.213337272e+00,2.134899735e+02,2.500751895e-01,2.541249020e-01
1.587670115,3.067970276e-03,1.051790827e+00,1.341978713e+02,2.499447178e-01,4.487999113e-01
1.590738077,3.067970276e-03,7.367809255e-01,1.102315130e+02,2.500517914e-01,4.681734989e-01
1.593806039,3.067970276e-03,3.454804354e-01,5.540048858e+01,2.499849473e-01,4.683093850e-01
1.596874000,3.067851067e-03,2.824007744e-01,1.011099573e+02,2.499939980e-01,4.682059798e-01
1.599941962,3.067970276e-03,2.862393807e-01,4.443160837e+01,2.500040123e-01,4.676676581e-01
1.603009923,3.067970276e-03,3.365921326e-01,2.042110314e+01,2.500329215e-01,3.488657932e-01
1.606077885,3.067970276e-03,3.436949480e-01,2.374752663e+01,2.499798363e-01,3.209274320e-01
1.609145846,3.067970276e-03,4.189881089e-01,3.849932361e+01,2.500032966e-01,3.213198395e-01
1.612213808,3.067970276e-03,3.497719607e-01,5.254133991e+01,2.499762330e-01,3.210811773e-01
1.615281770,3.067970276e-03,3.034521819e-01,5.808509596e+01,2.500393806e-01,3.212820423e-01
1.618349731,3.067970276e-03,3.363172750e-01,4.723621115e+01,2.500187806e-01,3.213999396e-01
1.621417693,3.067970276e-03,8.452709871e-01,4.559576721e+01,2.499814532e-01,3.215944923e-01
1.624485654,3.067970276e-03,1.102407861e+00,3.470516657e+01,2.500104613e-01,3.215462322e-01
1.627553616,3.067970276e-03,1.096939945e+00,4.034563018e+01,2.500445516e-01,3.212481347e-01
1.630621578,3.067970276e-03,1.013325714e+00,5.460455885e+01,2.500014932e-01,3.214902764e-01
1.633689539,3.067970276e-03,6.502288853e-01,4.773894681e+01,2.499957171e-01,2.889022882e-01
1.636757501,3.067970276e-03,3.825765475e-01,3.933936535e+01,2.499971373e-01,2.681649836e-01
1.639825462,3.067851067e-03,2.992362661e-01,3.629238292e+01,2.499974484e-01,2.681437982e-01
1.642893424,3.067970276e-03,5.686826360e-01,2.209226025e+01,2.499730206e-01,2.682379410e-01
1.645961385,3.067970276e-03,7.423076382e-01,2.254818678e+01,2.500121375e-01,2.679410232e-01
1.649029347,3.067970276e-03,4.006290107e-01,9.323532925e+00,2.500327610e-01,2.682941433e-01
1.652097309,3.067970276e-03,2.837634667e-01,7.551868618e+00,2.500016007e-01,2.681071485e-01
1.655165270,3.067970276e-03,3.513782804e-01,1.060323128e+01,2.499950886e-01,2.684903834e-01
1.658233232,3.067970276e-03,5.143904348e-01,1.838403277e+01,2.500122360e-01,2.684604589e-01
1.661301193,3.067970276e-03,4.261999955e-01,2.618334980e+01,2.500438028e-01,2.685304597e-01
1.664369155,3.067970276e-03,3.228578839e-01,2.985032415e+01,2.500156869e-01,2.687465755e-01
1.667437116,3.067970276e-03,5.694738239e-01,2.542767059e+01,2.500266183e-01,2.686717467e-01
1.670505078,3.067970276e-03,1.170006689e+00,2.968236538e+01,2.503070682e-01,2.686510032e-01
1.673573040,3.067970276e-03,3.784237409e-01,2.461088930e+01,2.500064528e-01,2.685396902e-01
1.676641001,3.067970276e-03,6.043491024e-01,2.696953283e+01,2.500181251e-01,2.690214235e-01
1.679708963,3.067970276e-03,1.126072556e+00,3.279164573e+01,2.500321648e-01,2.690036326e-01
1.682776924,3.067851067e-03,1.544283809e+00,3.838594303e+01,2.500097496e-01,2.694177352e-01
1.685844886,3.067970276e-03,1.482893185e+00,3.974379072e+01,2.500625106e-01,2.694326345e-01
1.688912847,3.067970276e-03,1.115275776e+00,3.313585210e+01,2.500460556e-01,2.696193653e-01
1.691980809,3.067970276e-03,4.483759716e-01,1.531519048e+01,2.500327637e-01,2.693992368e-01
1.695048771,3.067970276e-03,4.799937070e-01,2.102597642e+01,2.500496858e-01,2.673536378e-01
1.698116732,3.067970276e-03,6.582620822e-01,5.502022528e+00,2.500567091e-01,2.548688920e-01
1.701184694,3.067970276e-03,1.096979416e+00,4.977654767e+00,2.500930130e-01,2.549194245e-01
1.704252655,3.067970276e-03,1.315807196e+00,7.523904091e+00,2.501085208e-01,2.550882379e-01
1.707320617,3.067970276e-03,1.118166959e+00,1.178157052e+01,2.500731539e-01,2.550581878e-01
1.710388578,3.067970276e-03,8.879055768e-01,1.551299023e+01,2.500935145e-01,2.550220843e-01
1.713456540,3.067970276e-03,4.790477128e-01,1.689091437e+01,2.502037035e-01,2.551139091e-01
1.716524502,3.067970276e-03,2.913972233e-01,1.390686823e+01,2.501082043e-01,2.550414171e-01
1.719592463,3.067970276e-03,4.052232734e-01,1.531864822e+01,2.501389014e-01,2.551333227e-01
1.722660425,3.067851067e-03,5.955546793e-01,8.989061621e+00,2.501136521e-01,2.549716104e-01
1.725728386,3.067970276e-03,5.982141454e-01,7.635536810e+00,2.501016050e-01,2.552018811e-01
1.728796348,3.067970276e-03,5.274515844e-01,9.241511078e+00,2.501345196e-01,2.553710855e-01
1.731864310,3.067970276e-03,3.401051673e-01,1.207441754e+01,2.501563483e-01,2.552427258e-01
1.734932271,3.067970276e-03,2.971522036e-01,1.402189941e+01,2.501734017e-01,2.554119858e-01
1.738000233,3.067970276e-03,2.994435330e-01,1.330112039e+01,2.491011072e-01,2.554693261e-01
1.741068194,3.067970276e-03,3.045464941e-01,7.950348031e+00,2.502204387e-01,2.553149888e-01
1.744136156,3.067970276e-03,1.035211288e+00,1.443164370e+01,2.502187104e-01,2.554102635e-01
1.747204117,3.067970276e-03,1.089014338e+00,1.205830785e+01,2.502596920e-01,2.552072837e-01
1.750272079,3.067970276e-03,8.556492890e-01,1.338041754e+01,2.503002557e-01,2.554755512e-01
1.753340041,3.067970276e-03,5.816171059e-01,1.636508356e+01,2.503271197e-01,2.554691748e-01
1.756408002,3.067970276e-03,3.157247095e-01,1.932388804e+01,2.503343964e-01,2.555598975e-01
1.759475964,3.067970276e-03,3.277885923e-01,2.010531768e+01,2.503796954e-01,2.553818692e-01
1.762543925,3.067970276e-03,4.399135781e-01,1.695245191e+01,2.503856403e-01,2.555466153e-01
1.765611887,3.067851067e-03,3.890749528e-01,8.114354546e+00,2.503858430e-01,2.555473974e-01
1.768679848,3.067970276e-03,7.487217375e-01,1.391900271e+01,2.504561626e-01,2.557428281e-01
1.771747810,3.067970276e-03,8.292749579e-01,7.881799824e+00,2.507887258e-01,2.556138270e-01
1.774815772,3.067970276e-03,6.156988956e-01,6.808299274e+00,2.504700361e-01,2.554918148e-01
1.777883733,3.067970276e-03,3.995288877e-01,8.693705716e+00,2.505404792e-01,2.557182963e-01
1.780951695,3.067970276e-03,3.371775208e-01,1.184542519e+01,2.505565722e-01,2.557313572e-01
1.784019656,3.067970276e-03,4.752453141e-01,1.410681540e+01,2.505846974e-01,2.559106778e-01
1.787087618,3.067970276e-03,6.182181099e-01,1.373981976e+01,2.505338866e-01,2.556950415e-01
1.790155579,3.067970276e-03,4.948891991e-01,8.778864547e+00,2.507129322e-01,2.557666165e-01
1.793223541,3.067970276e-03,8.037700664e-01,1.003978459e+01,2.506995728e-01,2.556620591e-01
1.796291503,3.067970276e-03,5.664594642e-01,5.373502607e+00,2.507402650e-01,2.561399787e-01
1.799359464,3.067970276e-03,5.475230798e-01,5.401535715e+00,2.506830957e-01,2.557733018e-01
1.802427426,3.067970276e-03,5.191257497e-01,8.198099726e+00,2.508608365e-01,2.558623531e-01
1.805495387,3.067970276e-03,5.731364655e-01,1.221676536e+01,2.508430834e-01,2.557409868e-01
1.808563349,3.067851067e-03,4.084543157e-01,1.520654442e+01,2.509040132e-01,2.557092710e-01
1.811631310,3.067970276e-03,4.004318800e-01,1.545776922e+01,2.509508651e-01,2.556093057e-01
1.814699272,3.067970276e-03,1.110636855e+00,1.100736029e+01,2.510242490e-01,2.556693171e-01
1.817767234,3.067970276e-03,4.445878993e-01,1.074242740e+01,2.511120756e-01,2.557452013e-01
1.820835195,3.067970276e-03,9.018062019e-01,6.339829030e+00,2.551405131e-01,5.842240447e-01
1.823903157,3.067970276e-03,1.138772671e+00,4.594946043e+00,2.592346518e-01,6.093544198e-01
1.826971118,3.067970276e-03,1.070891896e+00,5.139456791e+00,2.596456660e-01,4.495609786e-01
1.830039080,3.067970276e-03,6.193548134e-01,7.250820928e+00,2.599828296e-01,4.494503154e-01
1.833107042,3.067970276e-03,3.483658287e-01,8.820436519e+00,2.605018585e-01,4.490573877e-01
1.836175003,3.067970276e-03,4.845015400e-01,9.016206422e+00,2.608048309e-01,4.485558225e-01
1.839242965,3.067970276e-03,7.848507164e-01,6.857713587e+00,2.612618027e-01,4.503542577e-01
1.842310926,3.067970276e-03,7.237801230e-01,4.802386607e+00,2.616715852e-01,4.478142760e-01
1.845378888,3.067970276e-03,1.072339874e+00,2.710509649e+00,2.621011044e-01,4.485448139e-01
1.848446849,3.067851067e-03,1.002245756e+00,2.946046154e+00,2.623255040e-01,4.471930567e-01
1.851514811,3.067970276e-03,7.744250807e-01,4.589974010e+00,2.626786237e-01,4.474069702e-01
1.854582773,3.067970276e-03,4.064369017e-01,6.839021319e+00,2.632729948e-01,4.468993979e-01
1.857650734,3.067970276e-03,3.359243436e-01,8.568789785e+00,2.635487637e-01,4.470166588e-01
1.860718696,3.067970276e-03,4.018973521e-01,8.975199236e+00,2.639301396e-01,4.459353726e-01
1.863786657,3.067970276e-03,3.658642276e-01,7.065859205e+00,2.643190458e-01,4.466610043e-01
1.866854619,3.067970276e-03,4.745653235e-01,6.282163472e+00,2.649178093e-01,4.460903758e-01
1.869922580,3.067970276e-03,9.380468173e-01,4.249570788e+00,2.655608393e-01,4.466865017e-01
1.872990542,3.067970276e-03,1.252114916e+00,4.467192407e+00,2.659715388e-01,4.461927950e-01
1.876058504,3.067970276e-03,1.261695568e+00,5.858507981e+00,2.659065996e-01,4.471384799e-01
1.879126465,3.067970276e-03,8.946830854e-01,7.683015557e+00,2.669588145e-01,4.459403316e-01
1.882194427,3.067970276e-03,6.092043768e-01,8.829564800e+00,2.670557134e-01,4.465530132e-01
1.885262388,3.067970276e-03,4.001084913e-01,8.503224568e+00,2.677278147e-01,4.463041771e-01
1.888330350,3.067970276e-03,3.800660137e-01,5.692457972e+00,2.688059672e-01,4.443297118e-01
1.891398311,3.067851067e-03,6.257118979e-01,3.889987544e+00,2.691471035e-01,4.458746327e-01
1.894466273,3.067970276e-03,5.873076763e-01,2.708144436e+00,2.697448378e-01,4.460284659e-01
1.897534235,3.067970276e-03,3.824108180e-01,3.578308256e+00,2.702076919e-01,4.459783425e-01
1.900602196,3.067970276e-03,3.798828222e-01,5.562116156e+00,2.715421487e-01,4.453689507e-01
1.903670158,3.067970276e-03,5.998833643e-01,7.866838616e+00,2.723320716e-01,4.460264692e-01
1.906738119,3.067970276e-03,5.900566101e-01,9.355778681e+00,2.721665354e-01,4.448576282e-01
1.909806081,3.067970276e-03,4.344876611e-01,9.294145254e+00,2.744366237e-01,4.454858010e-01
1.912874042,3.067970276e-03,8.561544791e-01,6.654452990e+00,2.734802244e-01,4.445887715e-01
1.915942004,3.067970276e-03,5.336274215e-01,6.023470596e+00,2.741883414e-01,4.450360865e-01
1.919009966,3.067970276e-03,3.925908035e-01,3.322922255e+00,2.751873313e-01,4.458504059e-01
1.922077927,3.067970276e-03,4.388945841e-01,3.164545530e+00,2.756950621e-01,4.454413776e-01
1.925145889,3.067970276e-03,5.548418578e-01,4.528837681e+00,2.775139517e-01,4.433446585e-01
1.928213850,3.067970276e-03,8.206239823e-01,6.660134077e+00,2.782443820e-01,4.450253351e-01
1.931281812,3.067970276e-03,8.047775983e-01,8.433679594e+00,2.793106183e-01,4.449449319e-01
1.934349774,3.067851067e-03,5.786961075e-01,9.120852395e+00,2.799489350e-01,4.453831489e-01
1.937417735,3.067970276e-03,5.956847050e-01,7.700212121e+00,2.799479615e-01,4.446964738e-01
1.940485697,3.067970276e-03,4.952994693e-01,6.694025810e+00,2.816412773e-01,4.448432053e-01
1.943553658,3.067970276e-03,9.079075031e-01,3.676582049e+00,2.824432529e-01,4.451302831e-01
1.946621620,3.067970276e-03,1.127683470e+00,3.208369200e+00,2.828924205e-01,4.452711260e-01
1.949689581,3.067970276e-03,1.034286165e+00,4.260910926e+00,2.842769124e-01,4.435916915e-01
1.952757543,3.067970276e-03,6.357304768e-01,6.099177799e+00,2.856843801e-01,4.444179878e-01
1.955825505,3.067970276e-03,4.340119041e-01,7.601598538e+00,2.866012864e-01,4.429486958e-01
1.958893466,3.067970276e-03,3.834382736e-01,8.046669706e+00,2.872907048e-01,4.428063892e-01
1.961961428,3.067970276e-03,4.134693484e-01,6.420291291e+00,2.878986923e-01,4.430436910e-01
1.965029389,3.067970276e-03,8.564463123e-01,4.183285487e+00,2.900140124e-01,4.430239052e-01
1.968097351,3.067970276e-03,9.506142205e-01,2.608872390e+00,2.901068435e-01,4.435277907e-01
1.971165312,3.067970276e-03,6.584013117e-01,3.082765916e+00,2.913049258e-01,4.422336313e-01
1.974233274,3.067851067e-03,4.218255530e-01,4.669813553e+00,2.931852579e-01,4.423752151e-01
1.977301236,3.067970276e-03,5.016553054e-01,6.639377296e+00,2.935011086e-01,4.426543498e-01
1.980369197,3.067970276e-03,6.408185075e-01,7.864196457e+00,2.940781119e-01,4.434113966e-01
1.983437159,3.067970276e-03,5.753094391e-01,7.635903670e+00,2.967587642e-01,4.456473587e-01
1.986505120,3.067970276e-03,5.449412597e-01,4.937813148e+00,2.978018943e-01,4.409781087e-01
1.989573082,3.067970276e-03,5.687704750e-01,3.320604726e+00,2.979768873e-01,4.402404323e-01
1.992641043,3.067970276e-03,1.121643477e+00,2.249630074e+00,2.994161490e-01,4.391895685e-01
1.995709005,3.067970276e-03,1.268432222e+00,2.979612800e+00,3.007486476e-01,4.385572075e-01
1.998776967,3.068089485e-03,1.119221482e+00,4.784443215e+00,3.026640797e-01,4.383374627e-01
2.001844928,3.067970276e-03,7.006246895e-01,6.888240350e+00,3.026862571e-01,4.367771923e-01
2.004912890,3.067970276e-03,5.071347262e-01,8.169053687e+00,3.046841817e-01,4.356622758e-01
2.007980851,3.067970276e-03,4.576618598e-01,7.924368060e+00,3.058471976e-01,4.381718292e-01
2.011048813,3.067970276e-03,6.987845715e-01,5.143014250e+00,3.071081441e-01,4.355711148e-01
2.014116774,3.067970276e-03,4.754958848e-01,5.385286987e+00,3.101033034e-01,4.339763669e-01
2.017184736,3.067731857e-03,6.243238144e-01,4.040674807e+00,3.115981834e-01,4.314706124e-01
2.020252698,3.067970276e-03,5.413339723e-01,4.663837550e+00,3.120261822e-01,4.314644655e-01
2.023320659,3.067970276e-03,4.319669505e-01,6.241924676e+00,3.148266094e-01,4.315017068e-01
2.026388621,3.067970276e-03,4.888461532e-01,8.117537642e+00,3.159459508e-01,4.275453422e-01
2.029456582,3.067970276e-03,5.458640054e-01,9.147522102e+00,3.163022706e-01,4.271314824e-01
2.032524544,3.067970276e-03,4.802614365e-01,8.667184317e+00,3.194961077e-01,4.249242691e-01
2.035592506,3.067970276e-03,8.009784478e-01,5.664332530e+00,3.201065584e-01,4.239079770e-01
2.038660467,3.067970276e-03,6.363771409e-01,4.732945714e+00,3.221210128e-01,4.228647910e-01
2.041728429,3.067970276e-03,5.161815544e-01,3.233583523e+00,3.238601490e-01,4.201183758e-01
2.044796390,3.067970276e-03,6.591495296e-01,3.760142529e+00,3.253549881e-01,4.187099785e-01
2.047864352,3.067970276e-03,8.979361317e-01,5.293958542e+00,3.270103425e-01,4.163194521e-01
2.050932313,3.067970276e-03,1.219593702e+00,7.206220123e+00,3.270382636e-01,4.146219868e-01
2.054000275,3.067970276e-03,1.108095062e+00,8.347601662e+00,3.319661542e-01,4.124578748e-01
2.057068237,3.067970276e-03,6.609663179e-01,8.077533305e+00,3.328507893e-01,4.106624814e-01
2.060136198,3.067970276e-03,1.001080067e+00,5.372173358e+00,3.345493011e-01,4.081329891e-01
2.063204160,3.067970276e-03,5.413016158e-01,3.841455019e+00,3.365355068e-01,4.058523791e-01
2.066272121,3.067970276e-03,5.596211605e-01,2.655300039e+00,3.390194919e-01,4.029504526e-01
2.069340083,3.067970276e-03,5.598815007e-01,3.345605412e+00,3.399948085e-01,4.030267469e-01
2.072408044,3.067970276e-03,4.726607575e-01,4.954966698e+00,2.598674005e-01,4.947062720e-01
2.075476006,3.067970276e-03,4.896817076e-01,6.868564327e+00,2.601123217e-01,4.896067384e-01
2.078543968,3.067970276e-03,5.538858510e-01,7.913335423e+00,2.605666717e-01,4.996053184e-01
2.081611929,3.067970276e-03,5.129849293e-01,7.484774959e+00,2.604017581e-01,5.019623007e-01
2.084679891,3.067970276e-03,7.309286424e-01,4.566199593e+00,2.606716284e-01,5.039219054e-01
2.087747852,3.067970276e-03,8.067827651e-01,5.856712378e+00,2.616118840e-01,5.082267603e-01
2.090815814,3.067970276e-03,8.380136577e-01,2.873254165e+00,2.606745377e-01,5.100052229e-01
2.093883775,3.067970276e-03,5.556565275e-01,1.991237853e+00,2.725797903e-01,4.477364333e-01
2.096951737,3.067970276e-03,4.822965131e-01,1.757716684e+00,2.615034193e-01,3.166645280e-01
2.100019699,3.067970276e-03,8.125267211e-01,2.548902403e+00,2.622327595e-01,3.181899074e-01
2.103087660,3.067731857e-03,9.471263730e-01,3.157767971e+00,2.628254770e-01,3.188063795e-01
2.106155622,3.067970276e-03,7.083237232e-01,3.290188537e+00,2.633888234e-01,3.206930566e-01
2.109223583,3.067970276e-03,7.977811834e-01,2.445700654e+00,2.636952159e-01,3.212826485e-01
2.112291545,3.067970276e-03,6.573359376e-01,3.448392444e+00,2.643717789e-01,3.222004948e-01
2.115359506,3.067970276e-03,9.681666565e-01,1.867195275e+00,2.644118896e-01,3.232847292e-01
2.118427468,3.067970276e-03,1.237537520e+00,1.519304760e+00,2.642338765e-01,3.239137137e-01
2.121495430,3.067970276e-03,1.038887594e+00,1.897011440e+00,2.645128560e-01,3.271086860e-01
2.124563391,3.067970276e-03,5.694133079e-01,2.735496055e+00,2.655758395e-01,3.262975375e-01
2.127631353,3.067970276e-03,5.047205835e-01,3.450910628e+00,2.660472357e-01,3.297568777e-01
2.130699314,3.067970276e-03,7.294862395e-01,3.735464610e+00,2.661933748e-01,3.304195689e-01
2.133767276,3.067970276e-03,7.004561288e-01,3.119590992e+00,2.664144687e-01,3.336548512e-01
2.136835238,3.067970276e-03,6.510422201e-01,1.863192339e+00,2.674494802e-01,3.346846733e-01
2.139903199,3.067970276e-03,6.275221187e-01,1.297643220e+00,2.674911232e-01,3.360489460e-01
2.142971161,3.067970276e-03,6.987539352e-01,1.639709383e+00,2.692677174e-01,3.372801221e-01
2.146039122,3.067970276e-03,5.914936805e-01,2.448433229e+00,2.685867093e-01,3.403779500e-01
2.149107084,3.067970276e-03,4.892585011e-01,3.438709426e+00,2.692575005e-01,3.426549702e-01
2.152175045,3.067970276e-03,5.066527903e-01,4.025272862e+00,2.697837783e-01,3.454466545e-01
2.155243007,3.067970276e-03,5.123513736e-01,3.925232524e+00,2.693549748e-01,3.495905382e-01
2.158310969,3.067970276e-03,9.804221342e-01,2.666853854e+00,2.707110230e-01,3.491760132e-01
2.161378930,3.067970276e-03,1.215414426e+00,3.578582824e+00,2.707547865e-01,3.505029490e-01
2.164446892,3.067970276e-03,1.272628628e+00,2.222961322e+00,2.716482381e-01,3.547399508e-01
2.167514853,3.067970276e-03,8.118595195e-01,1.947099217e+00,2.723773394e-01,3.575864847e-01
2.170582815,3.067970276e-03,5.214454059e-01,2.278488459e+00,2.721070860e-01,3.600221909e-01
2.173650776,3.067970276e-03,8.204687894e-01,2.926603257e+00,2.724142961e-01,3.620844437e-01
2.176718738,3.067970276e-03,1.160899726e+00,3.328443175e+00,2.741447459e-01,3.657768427e-01
2.179786700,3.067970276e-03,1.049411665e+00,3.211250600e+00,2.739731452e-01,3.678321143e-01
2.182854661,3.067970276e-03,6.317925586e-01,2.106250098e+00,2.748966817e-01,3.711678260e-01
2.185922623,3.067731857e-03,7.207269630e-01,2.756055811e+00,2.749307067e-01,3.741790098e-01
2.188990584,3.067970276e-03,9.356329177e-01,2.405204492e+00,2.750064226e-01,3.766430223e-01
2.192058546,3.067970276e-03,7.135990515e-01,2.826262541e+00,2.754883426e-01,3.829129815e-01
2.195126507,3.067970276e-03,5.225302128e-01,3.543529381e+00,2.744274539e-01,3.845011614e-01
2.198194469,3.067970276e-03,6.889873924e-01,4.291247500e+00,2.768111173e-01,3.875952101e-01
2.201262431,3.067970276e-03,8.501657405e-01,4.491659106e+00,2.772628832e-01,3.917037592e-01
2.204330392,3.067970276e-03,6.905844851e-01,3.897533920e+00,2.777115063e-01,3.952270151e-01
2.207398354,3.067970276e-03,8.561639994e-01,2.047881655e+00,2.784651875e-01,4.005666858e-01
2.210466315,3.067970276e-03,7.223098138e-01,3.201565903e+00,2.787240526e-01,4.049346633e-01
2.213534277,3.067970276e-03,1.492171649e+00,2.813575114e+00,2.788112644e-01,4.070176635e-01
2.216602238,3.067970276e-03,1.666559055e+00,3.196231752e+00,2.792128101e-01,4.122810733e-01
2.219670200,3.067970276e-03,1.291392699e+00,3.867758572e+00,2.771961866e-01,4.159830194e-01
2.222738162,3.067970276e-03,6.589869625e-01,4.570384481e+00,2.795728446e-01,4.197639124e-01
2.225806123,3.067970276e-03,5.731312495e-01,4.763276361e+00,2.801728752e-01,4.252668151e-01
2.228874085,3.067970276e-03,8.287336048e-01,4.178806305e+00,2.804269567e-01,4.280135877e-01
2.231942046,3.067970276e-03,7.642335885e-01,2.344067395e+00,2.801106588e-01,4.325587022e-01
2.235010008,3.067970276e-03,8.462888566e-01,2.134555109e+00,2.805089366e-01,4.379093710e-01
2.238077970,3.067970276e-03,9.393567004e-01,1.145346930e+00,2.815030965e-01,4.404514290e-01
2.241145931,3.067970276e-03,6.415397184e-01,1.186869617e+00,2.802221003e-01,4.439606386e-01
2.244213893,3.067970276e-03,5.773962138e-01,1.805050834e+00,2.809319766e-01,4.495367046e-01
2.247281854,3.067970276e-03,9.828683363e-01,2.813820558e+00,2.802407739e-01,4.531689619e-01
2.250349816,3.067970276e-03,1.184224547e+00,3.608468081e+00,2.811478771e-01,4.584622478e-01
2.253417777,3.067970276e-03,8.884413001e-01,3.966571721e+00,2.814419263e-01,4.618190732e-01
2.256485739,3.067970276e-03,8.714732615e-01,3.409400437e+00,2.807375555e-01,4.661448400e-01
2.259553701,3.067970276e-03,7.947523617e-01,3.734494990e+00,2.824407736e-01,4.685402154e-01
2.262621662,3.067970276e-03,1.289482414e+00,3.063542162e+00,2.808737446e-01,4.732922414e-01
2.265689624,3.067970276e-03,1.144399610e+00,3.205527178e+00,2.807826315e-01,4.795567562e-01
2.268757585,3.067731857e-03,7.525108921e-01,3.691071883e+00,2.820868902e-01,4.810522324e-01
2.271825547,3.067970276e-03,5.715187460e-01,4.283171496e+00,2.808783219e-01,4.845733575e-01
2.274893508,3.067970276e-03,7.001270506e-01,4.424617657e+00,2.800705915e-01,4.883287820e-01
2.277961470,3.067970276e-03,6.987618879e-01,3.888942884e+00,2.872180734e-01,4.909076612e-01
2.281029432,3.067970276e-03,7.312194258e-01,2.220152217e+00,2.927505652e-01,4.938695734e-01
2.284097393,3.067970276e-03,7.146199588e-01,2.804364093e+00,2.932803159e-01,4.971213382e-01
2.287165355,3.067970276e-03,1.246933342e+00,1.244699512e+00,2.925414513e-01,4.972115807e-01
2.290233316,3.067970276e-03,1.233526085e+00,9.334397276e-01,2.930702546e-01,4.976775716e-01
2.293301278,3.067970276e-03,8.371094901e-01,1.277588033e+00,2.915654478e-01,4.577831111e-01
2.296369239,3.067970276e-03,5.817359554e-01,2.209251901e+00,2.915299228e-01,5.012272318e-01
2.299437201,3.067970276e-03,7.629742185e-01,3.153841672e+00,2.900857412e-01,5.020830164e-01
2.302505163,3.067970276e-03,9.004370716e-01,3.882784749e+00,2.905964949e-01,5.013957857e-01
2.305573124,3.067970276e-03,6.609271453e-01,3.924145226e+00,2.886081015e-01,5.003906986e-01
2.308641086,3.067970276e-03,9.622063298e-01,3.553716386e+00,2.890280918e-01,4.963471206e-01
2.311709047,3.067970276e-03,1.461099780e+00,2.747541961e+00,2.872001160e-01,4.952765553e-01
2.314777009,3.067970276e-03,1.250965588e+00,2.783178451e+00,2.868504616e-01,4.939058755e-01
2.317844970,3.067970276e-03,7.770457829e-01,3.199055031e+00,2.865680352e-01,4.907943196e-01
2.320912932,3.067970276e-03,6.100619149e-01,3.788570795e+00,2.844744890e-01,4.825682003e-01
2.323980894,3.067970276e-03,8.040166381e-01,4.000704255e+00,2.860809135e-01,4.835485271e-01
2.327048855,3.067970276e-03,8.172441666e-01,3.632043417e+00,2.850313135e-01,4.762703879e-01
2.330116817,3.067970276e-03,7.044463362e-01,2.231975490e+00,2.831441249e-01,4.732651705e-01
2.333184778,3.067970276e-03,7.128808180e-01,3.619577722e+00,2.833402215e-01,4.670208241e-01
2.336252740,3.067970276e-03,1.204343998e+00,2.937738128e+00,2.825784691e-01,4.587893090e-01
2.339320702,3.067970276e-03,1.218803199e+00,3.022184056e+00,2.833336029e-01,4.492444529e-01
2.342388663,3.067970276e-03,8.593538554e-01,3.420034708e+00,2.799505474e-01,4.393413006e-01
2.345456625,3.067970276e-03,6.019852568e-01,3.928665295e+00,2.800798757e-01,4.307585564e-01
2.348524586,3.067970276e-03,7.039294539e-01,4.007429306e+00,2.794326742e-01,4.200959233e-01
2.351592548,3.067970276e-03,7.312872638e-01,3.459974481e+00,2.791630884e-01,4.096204698e-01
2.354660509,3.067731857e-03,7.040539267e-01,1.857342616e+00,2.791178727e-01,3.966150377e-01
2.357728471,3.067970276e-03,8.664530388e-01,2.513466775e+00,5.212417198e-01,2.820796359e-01
2.360796433,3.067970276e-03,1.234302029e+00,1.694675798e+00,5.383334898e-01,2.814093830e-01
2.363864394,3.067970276e-03,1.734230609e+00,1.752092396e+00,5.515715883e-01,2.795874725e-01
2.366932356,3.067970276e-03,1.651124195e+00,2.241008589e+00,5.648839233e-01,2.790065085e-01
2.370000317,3.067970276e-03,1.155049222e+00,2.984080299e+00,5.753749146e-01,2.769774993e-01
2.373068279,3.067970276e-03,8.411884156e-01,3.427464860e+00,5.871691147e-01,2.770230618e-01
2.376136240,3.067970276e-03,7.945183326e-01,3.397387206e+00,5.982976415e-01,2.760812537e-01
2.379204202,3.067970276e-03,1.339461762e+00,2.444116230e+00,6.080371771e-01,2.758909541e-01
2.382272164,3.067970276e-03,7.767544371e-01,2.433650048e+00,6.153378435e-01,2.736364578e-01
2.385340125,3.067970276e-03,1.334967882e+00,1.496015062e+00,6.189443045e-01,2.754364560e-01
2.388408087,3.067970276e-03,1.674152552e+00,1.491929045e+00,6.271400025e-01,2.756001096e-01
2.391476048,3.067970276e-03,1.462150827e+00,1.974721676e+00,6.266845807e-01,2.765481569e-01
2.394544010,3.067970276e-03,9.387793431e-01,2.799627268e+00,6.354856020e-01,2.742640545e-01
2.397611971,3.067970276e-03,7.020766819e-01,3.404126963e+00,6.395932860e-01,2.730551286e-01
2.400679933,3.067970276e-03,6.935377226e-01,3.614767322e+00,6.415291234e-01,2.734243327e-01
2.403747895,3.067970276e-03,1.244063602e+00,3.005069794e+00,6.427313020e-01,2.736535661e-01
2.406815856,3.067970276e-03,1.560378968e+00,1.912158913e+00,6.475203825e-01,2.728835323e-01
2.409883818,3.067970276e-03,1.509713402e+00,1.300845757e+00,6.489590553e-01,2.734001542e-01
2.412951779,3.067970276e-03,9.021383495e-01,1.490774878e+00,6.501486500e-01,2.729725867e-01
2.416019741,3.067970276e-03,6.651356070e-01,2.055490749e+00,6.496226381e-01,2.733182123e-01
2.419087702,3.067970276e-03,1.171367228e+00,2.853384874e+00,6.067681225e-01,2.735406199e-01
2.422155664,3.067970276e-03,1.550922547e+00,3.326525975e+00,6.469116188e-01,2.735647149e-01
2.425223626,3.067970276e-03,1.234834347e+00,3.328480051e+00,6.466504172e-01,2.728675485e-01
2.428291587,3.067970276e-03,8.853440425e-01,2.421966540e+00,6.471292431e-01,2.736584225e-01
2.431359549,3.067970276e-03,8.554295785e-01,2.489057160e+00,6.439877396e-01,2.723723415e-01
2.434427510,3.067970276e-03,1.479767644e+00,1.562901286e+00,6.416069948e-01,2.669031732e-01
2.437495472,3.067731857e-03,1.995121588e+00,1.519114715e+00,6.395251826e-01,2.592253672e-01
2.440563434,3.067970276e-03,1.846482372e+00,1.933998492e+00,6.360505124e-01,2.598206959e-01
2.443631395,3.067970276e-03,1.264045918e+00,2.670192012e+00,6.326959871e-01,2.599360549e-01
2.446699357,3.067970276e-03,8.805709635e-01,3.175725071e+00,6.315487610e-01,2.597354015e-01
2.449767318,3.067970276e-03,8.017918988e-01,3.316377213e+00,6.253404308e-01,2.595011306e-01
2.452835280,3.067970276e-03,1.305513747e+00,2.652417525e+00,6.204607578e-01,2.600520008e-01
2.455903241,3.067970276e-03,1.054478692e+00,2.620382828e+00,6.185433938e-01,2.590098932e-01
2.458971203,3.067970276e-03,1.492921729e+00,1.231910317e+00,6.140603209e-01,2.600232714e-01
2.462039165,3.067970276e-03,1.167164358e+00,8.794424289e-01,6.105672166e-01,2.595614686e-01
2.465107126,3.067970276e-03,7.169964965e-01,1.067093000e+00,6.052422692e-01,2.588935364e-01
2.468175088,3.067970276e-03,8.634389294e-01,1.763683130e+00,6.016345134e-01,2.591617515e-01
2.471243049,3.067970276e-03,1.354499107e+00,2.411376724e+00,5.958346186e-01,2.588499391e-01
2.474311011,3.067970276e-03,1.407713054e+00,2.874391028e+00,5.920208798e-01,2.597613243e-01
2.477378972,3.067970276e-03,8.166262816e-01,2.736220968e+00,5.894848570e-01,2.590998794e-01
2.480446934,3.067970276e-03,9.043672518e-01,1.307120283e+00,5.835674988e-01,2.591436943e-01
2.483514896,3.067970276e-03,1.661351570e+00,1.193324827e+00,5.785638304e-01,2.588451978e-01
2.486582857,3.067970276e-03,2.236259844e+00,1.689661732e+00,5.758321668e-01,2.595281107e-01
2.489650819,3.067970276e-03,2.032270529e+00,2.406998093e+00,5.695370289e-01,2.585633268e-01
2.492718780,3.067970276e-03,1.344945434e+00,3.216690417e+00,5.654321653e-01,2.581365755e-01
2.495786742,3.067970276e-03,8.363924445e-01,3.585304310e+00,5.610064178e-01,2.586492550e-01
2.498854703,3.067970276e-03,6.930718297e-01,3.399950172e+00,5.545343848e-01,2.586854196e-01
2.501922665,3.067970276e-03,8.604495200e-01,2.245369945e+00,5.527503227e-01,2.589394495e-01
2.504990627,3.067970276e-03,1.000909987e+00,2.561832296e+00,5.474427378e-01,2.585001000e-01
2.508058588,3.067970276e-03,1.365508246e+00,1.369796873e+00,5.410830776e-01,2.582762042e-01
2.511126550,3.067970276e-03,1.920444920e+00,1.091004297e+00,5.367212840e-01,2.581469252e-01
2.514194511,3.067970276e-03,1.707464426e+00,1.312117783e+00,5.319968306e-01,2.578515793e-01
2.517262473,3.067970276e-03,1.042744313e+00,1.948784014e+00,5.283658333e-01,2.585142122e-01
2.520330434,3.067970276e-03,7.046253255e-01,2.462271717e+00,5.259328233e-01,2.579534842e-01
2.523398396,3.067731857e-03,6.902805036e-01,2.752504493e+00,5.180195241e-01,2.580576006e-01
2.526466358,3.067970276e-03,7.131543137e-01,2.426358451e+00,5.150129203e-01,2.575397671e-01
2.529534319,3.067970276e-03,8.747323371e-01,1.844082127e+00,5.110791643e-01,2.582695583e-01
2.532602281,3.067970276e-03,8.326334708e-01,8.532434751e-01,5.067046966e-01,2.573960377e-01
2.535670242,3.067970276e-03,8.741719376e-01,7.414414125e-01,5.041627039e-01,2.577056916e-01
2.538738204,3.067970276e-03,7.246862584e-01,1.051249545e+00,4.990677475e-01,2.570636604e-01
2.541806166,3.067970276e-03,7.356015708e-01,1.840505954e+00,4.963226204e-01,2.574303775e-01
2.544874127,3.067970276e-03,8.682403552e-01,2.541982799e+00,4.930412743e-01,2.574602415e-01
2.547942089,3.067970276e-03,7.799309394e-01,3.052767621e+00,4.891393998e-01,2.577116759e-01
2.551010050,3.067970276e-03,1.119790596e+00,2.985752815e+00,4.832031001e-01,2.571232316e-01
2.554078012,3.067970276e-03,8.222111683e-01,2.682526303e+00,4.812263041e-01,2.572691915e-01
2.557145973,3.067970276e-03,1.300473675e+00,1.761555610e+00,4.827266788e-01,2.565208928e-01
2.560213935,3.067970276e-03,1.374307250e+00,1.578868052e+00,4.764342959e-01,2.568611821e-01
2.563281897,3.067970276e-03,9.305919249e-01,1.734503361e+00,4.723985793e-01,2.571300623e-01
2.566349858,3.067970276e-03,7.371034058e-01,2.166858753e+00,4.692138260e-01,2.567751336e-01
2.569417820,3.067970276e-03,1.109800512e+00,2.335858977e+00,4.646291102e-01,2.569587049e-01
2.572485781,3.067970276e-03,1.423193447e+00,2.190941388e+00,4.630381759e-01,2.565307501e-01
2.575553743,3.067970276e-03,1.005103173e+00,1.346259859e+00,4.611352451e-01,2.567151086e-01
2.578621704,3.067970276e-03,8.170955440e-01,1.102265226e+00,4.598473556e-01,2.569114309e-01
2.581689666,3.067970276e-03,1.101316860e+00,1.038503048e+00,4.550341871e-01,2.566001242e-01
2.584757628,3.067970276e-03,9.136184266e-01,1.482478522e+00,4.542539940e-01,2.566047281e-01
2.587825589,3.067970276e-03,7.171695544e-01,2.060117699e+00,4.490414611e-01,2.569595282e-01
2.590893551,3.067970276e-03,9.645961006e-01,2.697473001e+00,4.506143949e-01,2.568328661e-01
2.593961512,3.067970276e-03,1.239669031e+00,2.897933074e+00,4.456599638e-01,2.566864668e-01
2.597029474,3.067970276e-03,1.012547545e+00,2.587584314e+00,4.449827298e-01,2.569148571e-01
2.600097435,3.067970276e-03,1.052425407e+00,1.411508117e+00,4.435353392e-01,2.569993415e-01
2.603165397,3.067970276e-03,8.110983879e-01,2.244098733e+00,4.422689703e-01,2.567801098e-01
2.606233359,3.067731857e-03,8.250836840e-01,1.045569307e+00,4.414837172e-01,2.570701392e-01
2.609301320,3.067970276e-03,7.751802432e-01,7.413217008e-01,4.386554759e-01,2.569309204e-01
2.612369282,3.067970276e-03,7.379447201e-01,8.623201167e-01,4.378961923e-01,2.571191701e-01
2.615437243,3.067970276e-03,1.089928037e+00,1.430580844e+00,4.356241038e-01,2.563041348e-01
2.618505205,3.067970276e-03,2.669577351e+00,1.967759136e+00,7.182390278e-01,2.589260789e-01
2.621573166,3.067970276e-03,2.732379043e+00,2.394337321e+00,8.567316556e-01,2.566886389e-01
2.624641128,3.067970276e-03,1.724241589e+00,2.341627245e+00,8.556046860e-01,2.569402338e-01
2.627709090,3.067970276e-03,1.875732619e+00,2.155644253e+00,8.516876215e-01,2.569904044e-01
2.630777051,3.067970276e-03,2.107198916e+00,1.306019814e+00,8.502907929e-01,2.573416226e-01
2.633845013,3.067970276e-03,2.391982720e+00,1.146638367e+00,8.485800075e-01,2.571483298e-01
2.636912974,3.067970276e-03,1.722902805e+00,1.296246576e+00,8.384598486e-01,2.577547491e-01
2.639980936,3.067970276e-03,1.511866751e+00,1.732003627e+00,8.446605935e-01,2.573701418e-01
2.643048898,3.067970276e-03,2.340823373e+00,1.952771007e+00,2.670417709e-01,2.930521218e-01
2.646116859,3.067970276e-03,2.978514510e+00,1.919837350e+00,2.520639629e-01,2.920937031e-01
2.649184821,3.067970276e-03,2.073145281e+00,1.283294943e+00,2.523517964e-01,2.905945371e-01
2.652252782,3.067970276e-03,1.696681853e+00,2.408370306e+00,2.525301373e-01,2.893633569e-01
2.655320744,3.067970276e-03,2.503707100e+00,1.003752937e+00,2.526290820e-01,2.885128232e-01
2.658388705,3.067970276e-03,2.715126955e+00,5.394130232e-01,2.529125192e-01,2.882991278e-01
2.661456667,3.067970276e-03,1.877994954e+00,4.782919407e-01,2.529874083e-01,2.850897440e-01
2.664524629,3.067970276e-03,1.480670655e+00,6.467741775e-01,2.532335058e-01,2.851669921e-01
2.667592590,3.067970276e-03,2.091825997e+00,8.796058042e-01,2.533619447e-01,2.842878355e-01
2.670660552,3.067970276e-03,2.498170325e+00,1.086551884e+00,2.535402355e-01,2.835068102e-01
2.673728513,3.067970276e-03,1.711791700e+00,9.136337845e-01,2.539219028e-01,2.828088471e-01
2.676796475,3.067970276e-03,1.741221917e+00,2.137631580e+00,2.538935956e-01,2.814826704e-01
2.679864436,3.067970276e-03,2.976704072e+00,1.215222272e+00,2.541228744e-01,2.812460106e-01
2.682932398,3.067970276e-03,3.425085119e+00,9.909792411e-01,2.542065069e-01,2.793036872e-01
2.686000360,3.067970276e-03,2.464772643e+00,1.089858266e+00,2.542112542e-01,2.791630242e-01
2.689068321,3.067731857e-03,1.519330737e+00,1.526614333e+00,2.549053416e-01,2.788028635e-01
2.692136283,3.067970276e-03,1.655937406e+00,1.805743649e+00,2.546410035e-01,2.770373200e-01
2.695204244,3.067970276e-03,1.957317352e+00,1.930403343e+00,2.545774623e-01,2.768792728e-01
2.698272206,3.067970276e-03,1.570178384e+00,1.540379518e+00,2.548378990e-01,2.761021388e-01
2.701340167,3.067970276e-03,1.794867628e+00,1.989030454e+00,2.550634817e-01,2.743600087e-01
2.704408129,3.067970276e-03,2.277653468e+00,1.596199372e+00,2.552100768e-01,2.736568351e-01
2.707476091,3.067970276e-03,2.439520327e+00,1.713462125e+00,2.549439235e-01,2.731664290e-01
2.710544052,3.067970276e-03,1.695974341e+00,1.989959796e+00,2.550291186e-01,2.720675489e-01
2.713612014,3.067970276e-03,1.684946788e+00,2.442361625e+00,2.551361510e-01,2.723055524e-01
2.716679975,3.067970276e-03,2.872838924e+00,2.584879353e+00,2.551135595e-01,2.709054747e-01
2.719747937,3.067970276e-03,3.683046200e+00,2.423596138e+00,2.551736870e-01,2.701643818e-01
2.722815898,3.067970276e-03,2.629661859e+00,1.620742263e+00,2.552186336e-01,2.701933849e-01
2.725883860,3.067970276e-03,1.864069479e+00,1.583485497e+00,2.552236752e-01,2.696235495e-01
2.728951822,3.067970276e-03,2.045140990e+00,8.253394065e-01,2.565514795e-01,2.690662683e-01
2.732019783,3.067970276e-03,2.160739021e+00,7.086817643e-01,2.557344205e-01,2.679366814e-01
2.735087745,3.067970276e-03,1.607667029e+00,8.921146886e-01,2.553351662e-01,2.674610158e-01
2.738155706,3.067970276e-03,1.759139308e+00,1.435368042e+00,2.553317981e-01,2.675268611e-01
2.741223668,3.067970276e-03,2.830315676e+00,1.860675754e+00,2.551404646e-01,2.662162537e-01
2.744291630,3.067970276e-03,3.314710580e+00,2.181256382e+00,2.551242020e-01,2.658271711e-01
2.747359591,3.067970276e-03,2.096150681e+00,2.062312935e+00,2.551201708e-01,2.662432316e-01
2.750427553,3.067970276e-03,1.649052486e+00,1.351113336e+00,2.544927759e-01,2.647151159e-01
2.753495514,3.067970276e-03,2.262694972e+00,1.201923122e+00,2.547867881e-01,2.644552847e-01
2.756563476,3.067970276e-03,1.977582728e+00,1.453270873e+00,2.549513127e-01,2.659871498e-01
2.759631437,3.067970276e-03,1.520086100e+00,1.777948608e+00,2.550140766e-01,2.638239234e-01
2.762699399,3.067970276e-03,1.980533610e+00,2.213212189e+00,2.547874550e-01,2.628221042e-01
2.765767361,3.067970276e-03,2.753385896e+00,2.295750996e+00,2.550016350e-01,2.625602030e-01
2.768835322,3.067970276e-03,2.397448320e+00,2.055397859e+00,2.549054877e-01,2.624542094e-01
2.771903284,3.067970276e-03,1.882268336e+00,1.185126436e+00,2.547144813e-01,2.618687517e-01
2.774971245,3.067731857e-03,2.119568453e+00,1.567143420e+00,2.547384541e-01,2.609393465e-01
2.778039207,3.067970276e-03,3.156777379e+00,6.926022903e-01,2.548665049e-01,2.611945100e-01
2.781107168,3.067970276e-03,2.544755173e+00,4.613464177e-01,2.546213480e-01,2.606707526e-01
2.784175130,3.067970276e-03,1.621569622e+00,4.454627114e-01,2.546502163e-01,2.606355686e-01
2.787243092,3.067970276e-03,1.888416804e+00,6.450484059e-01,2.548470702e-01,2.595752965e-01
2.790311053,3.067970276e-03,2.847619811e+00,8.109860509e-01,2.544547195e-01,2.588883604e-01
2.793379015,3.067970276e-03,2.720877955e+00,9.164378520e-01,2.544068136e-01,2.585734977e-01
2.796446976,3.067970276e-03,1.759532913e+00,6.856607133e-01,2.543914239e-01,2.579607011e-01
2.799514938,3.067970276e-03,1.829575588e+00,1.877880819e+00,2.542375591e-01,2.576180630e-01
2.802582899,3.067970276e-03,3.280719145e+00,8.836368983e-01,2.543910805e-01,2.589551959e-01
2.805650861,3.067970276e-03,3.343000583e+00,5.631617019e-01,2.542459136e-01,2.573331193e-01
2.808718823,3.067970276e-03,2.119054058e+00,5.449050389e-01,2.541820325e-01,2.573404263e-01
2.811786784,3.067970276e-03,1.606147035e+00,8.680885052e-01,2.541540271e-01,2.572200981e-01
2.814854746,3.067970276e-03,2.555605779e+00,1.194951854e+00,2.540761467e-01,2.565995555e-01
2.817922707,3.067970276e-03,3.362078402e+00,1.558460616e+00,2.541531569e-01,2.561286766e-01
2.820990669,3.067970276e-03,2.389747092e+00,1.595651217e+00,2.539873454e-01,2.558123720e-01
2.824058630,3.067970276e-03,1.807594267e+00,1.181017211e+00,2.536692287e-01,2.560105934e-01
2.827126592,3.067970276e-03,2.534014134e+00,1.232107209e+00,2.539100440e-01,2.553848085e-01
2.830194554,3.067970276e-03,2.790052800e+00,1.552490594e+00,2.539354421e-01,2.550600410e-01
2.833262515,3.067970276e-03,1.970998608e+00,1.860349619e+00,2.540305075e-01,2.551615848e-01
2.836330477,3.067970276e-03,1.560655070e+00,2.219925303e+00,2.538775180e-01,2.542634458e-01
2.839398438,3.067970276e-03,1.963337503e+00,2.201253543e+00,2.536919543e-01,2.547141762e-01
2.842466400,3.067970276e-03,2.091445631e+00,1.869493191e+00,2.536692471e-01,2.546142583e-01
2.845534362,3.067970276e-03,1.694842223e+00,9.658769855e-01,2.536862254e-01,2.545516239e-01
2.848602323,3.067970276e-03,1.838448885e+00,8.122755757e-01,2.537381025e-01,2.540280427e-01
2.851670285,3.067970276e-03,2.887819811e+00,6.620258672e-01,2.547505204e-01,2.538165806e-01
2.854738246,3.067970276e-03,2.537512525e+00,8.613489155e-01,2.536064747e-01,2.537421168e-01
2.857806208,3.067731857e-03,1.663265025e+00,1.165319911e+00,2.535999802e-01,2.535906254e-01
2.860874169,3.067970276e-03,1.974636871e+00,1.654069564e+00,2.536327942e-01,2.536083226e-01
2.863942131,3.067970276e-03,3.210443335e+00,1.875232387e+00,2.536044387e-01,2.535489492e-01
2.867010093,3.067970276e-03,3.476640263e+00,1.936682066e+00,2.535893327e-01,2.532887002e-01
2.870078054,3.067970276e-03,2.017377036e+00,1.550947547e+00,2.535810055e-01,2.531411511e-01
2.873146016,3.067970276e-03,1.802798489e+00,3.286147182e-01,2.538937678e-01,2.531055846e-01
2.876213977,3.067970276e-03,2.894972372e+00,4.801621352e-01,2.535875944e-01,2.528535107e-01
2.879281939,3.067970276e-03,2.702748944e+00,9.576299246e-01,2.536682247e-01,2.529012717e-01
2.882349900,3.067970276e-03,1.777895458e+00,1.413207558e+00,2.536499129e-01,2.525206909e-01
2.885417862,3.067970276e-03,1.756546303e+00,1.879336423e+00,2.535878287e-01,2.525549750e-01
2.888485824,3.067970276e-03,3.850049850e+00,1.936143711e+00,2.572503252e-01,2.652578352e-01
2.891553785,3.067970276e-03,6.058175144e+00,1.685401853e+00,2.641171841e-01,2.527603133e-01
2.894621747,3.067970276e-03,3.663765382e+00,8.853555421e-01,2.639431280e-01,2.518594140e-01
2.897689708,3.067970276e-03,3.602885622e+00,1.876629537e+00,2.642752322e-01,2.518729460e-01
2.900757670,3.067970276e-03,3.867369702e+00,9.431357037e-01,2.640728576e-01,2.518524341e-01
2.903825631,3.067970276e-03,3.739067661e+00,5.207242217e-01,2.638348054e-01,2.517353099e-01
2.906893593,3.067970276e-03,3.158416726e+00,3.627758601e-01,2.640532202e-01,2.517304094e-01
2.909961555,3.067970276e-03,4.612017372e+00,3.744847840e-01,2.642470269e-01,2.513327587e-01
2.913029516,3.067970276e-03,7.083931612e+00,3.562202615e-01,2.640804368e-01,2.515782635e-01
2.916097478,3.067970276e-03,7.173852405e+00,3.518402907e-01,2.639459988e-01,2.513493408e-01
2.919165439,3.067970276e-03,3.973548024e+00,3.489622106e-01,2.642793530e-01,2.512745218e-01
2.922233401,3.067970276e-03,4.600331644e+00,3.832960363e-01,2.643768429e-01,2.512361358e-01
2.925301362,3.067970276e-03,3.256168233e+00,3.156416311e-01,2.641592437e-01,2.511273152e-01
2.928369324,3.067970276e-03,3.304069692e+00,3.666118972e-01,2.642691050e-01,2.511459562e-01
2.931437286,3.067970276e-03,3.169997965e+00,5.344355988e-01,2.644978036e-01,2.511096153e-01
2.934505247,3.067970276e-03,4.298512838e+00,9.743017196e-01,2.643255327e-01,2.509427682e-01
2.937573209,3.067970276e-03,5.704656774e+00,1.247187861e+00,2.669267547e-01,2.510446578e-01
2.940641170,3.067970276e-03,4.905046139e+00,1.466223175e+00,2.645104592e-01,2.510116092e-01
2.943709132,3.067731857e-03,3.828867669e+00,1.368746965e+00,2.646321184e-01,2.509726665e-01
2.946777094,3.067970276e-03,5.670785650e+00,4.101043492e-01,2.645734360e-01,2.508834463e-01
2.949845055,3.067970276e-03,4.918877480e+00,3.512056470e-01,2.646349397e-01,2.508571715e-01
2.952913017,3.067970276e-03,7.561716700e+00,4.676986248e-01,2.652114406e-01,2.507499320e-01
2.955980978,3.067970276e-03,6.783738598e+00,6.953112363e-01,2.649323216e-01,2.507243298e-01
2.959048940,3.067970276e-03,4.352080415e+00,1.153145093e+00,2.649069382e-01,2.506498033e-01
2.962116901,3.067970276e-03,3.192735051e+00,1.424965127e+00,2.649381685e-01,2.505689663e-01
2.965184863,3.067970276e-03,3.124342902e+00,1.649429910e+00,2.662001270e-01,2.506225425e-01
2.968252825,3.067970276e-03,3.548001502e+00,1.581475123e+00,2.651239932e-01,2.505179260e-01
2.971320786,3.067970276e-03,5.265526782e+00,6.015286882e-01,2.654062465e-01,2.504939906e-01
2.974388748,3.067970276e-03,3.204020787e+00,4.993707327e-01,2.652426027e-01,2.496123047e-01
2.977456709,3.067970276e-03,3.276964556e+00,5.999970788e-01,2.654795706e-01,2.504134038e-01
2.980524671,3.067970276e-03,3.179421978e+00,7.276726181e-01,2.653909953e-01,2.503398140e-01
2.983592632,3.067970276e-03,4.050171163e+00,1.008898789e+00,2.651171994e-01,2.504208792e-01
2.986660594,3.067970276e-03,5.103529330e+00,1.077943579e+00,2.654846031e-01,2.503720985e-01
2.989728556,3.067970276e-03,4.265818526e+00,1.063715167e+00,2.655129352e-01,2.499608378e-01
2.992796517,3.067970276e-03,4.311339064e+00,7.751962766e-01,2.658415847e-01,2.502965141e-01
2.995864479,3.067970276e-03,3.481500493e+00,5.120969047e-01,2.660910597e-01,2.503268426e-01
2.998932440,3.067970276e-03,4.579374682e+00,9.021783744e-01,2.659433605e-01,2.504264875e-01
3.002000402,3.067970276e-03,3.835442815e+00,1.330434048e+00,2.662727322e-01,2.501671028e-01
3.005068363,3.067970276e-03,3.298465311e+00,1.556196455e+00,2.661176840e-01,2.503072837e-01
3.008136325,3.067970276e-03,5.312157728e+00,1.737961378e+00,2.659346408e-01,2.502094024e-01
3.011204287,3.067970276e-03,7.861995711e+00,1.511724434e+00,2.666096382e-01,2.501855611e-01
3.014272248,3.067970276e-03,7.289815420e+00,1.037166270e+00,2.664399741e-01,2.501843612e-01
3.017340210,3.067970276e-03,6.996761563e+00,4.286586444e-01,3.074421299e-01,2.501712405e-01
3.020408171,3.067970276e-03,1.230753259e+01,4.225267347e-01,3.163025217e-01,2.501309429e-01
3.023476133,3.067970276e-03,9.166333359e+00,7.483446534e-01,3.163109854e-01,2.501169690e-01
3.026544094,3.067731857e-03,1.437673444e+01,1.117103815e+00,3.163061735e-01,2.501462420e-01
3.029612056,3.067970276e-03,1.307263062e+01,1.188824513e+00,3.167011129e-01,2.501574707e-01
3.032680018,3.067970276e-03,8.585486411e+00,7.815787536e-01,3.176445773e-01,2.501282530e-01
3.035747979,3.067970276e-03,6.428919735e+00,3.647620268e-01,3.172383309e-01,2.501338091e-01
3.038815941,3.067970276e-03,6.284856838e+00,5.928461367e-01,3.181986690e-01,2.500926270e-01
3.041883902,3.067970276e-03,7.361219413e+00,1.485883295e+00,3.179186786e-01,2.503327714e-01
3.044951864,3.067970276e-03,6.583489218e+00,8.391559163e-01,3.178524553e-01,2.500451975e-01
3.048019826,3.067970276e-03,7.048810398e+00,3.507209352e-01,3.178707620e-01,2.500407769e-01
3.051087787,3.067970276e-03,6.414488168e+00,2.981637470e-01,3.184113569e-01,2.500918307e-01
3.054155749,3.067970276e-03,8.453790980e+00,3.337849227e-01,3.182043326e-01,2.500484215e-01
3.057223710,3.067970276e-03,1.521039007e+01,2.763597858e-01,3.187700628e-01,2.499965159e-01
3.060291672,3.067970276e-03,1.978396358e+01,3.210442119e-01,3.191887327e-01,2.500485665e-01
3.063359633,3.067970276e-03,1.701711785e+01,6.036612246e-01,3.193925995e-01,2.500460769e-01
3.066427595,3.067970276e-03,8.085982807e+00,9.787256043e-01,3.194110261e-01,2.500309564e-01
3.069495557,3.067970276e-03,8.204920869e+00,3.861294662e-01,3.194714762e-01,2.500917928e-01
3.072563518,3.067970276e-03,1.115663041e+01,2.852116853e-01,3.199869342e-01,2.500255840e-01
3.075631480,3.067970276e-03,1.386874672e+01,5.476435415e-01,3.196504481e-01,2.500276147e-01
3.078699441,3.067970276e-03,1.341351025e+01,8.479266201e-01,3.779431399e-01,2.500130294e-01
3.081767403,3.067970276e-03,1.322881531e+01,1.203005357e+00,4.685724768e-01,2.500391295e-01
3.084835364,3.067970276e-03,1.500916346e+01,1.280726896e+00,4.695736524e-01,2.500708535e-01
3.087903326,3.067970276e-03,1.782854262e+01,1.272022523e+00,4.696425626e-01,2.500050792e-01
3.090971288,3.067970276e-03,1.390836317e+01,1.004541191e+00,4.682050199e-01,2.500786164e-01
3.094039249,3.067970276e-03,1.363147531e+01,4.165383726e-01,4.693773566e-01,2.500253641e-01
3.097107211,3.067970276e-03,1.354944574e+01,2.890669896e-01,4.693768379e-01,2.500163551e-01
3.100175172,3.067970276e-03,1.280501116e+01,2.987503097e-01,4.684624377e-01,2.499811981e-01
3.103243134,3.067970276e-03,1.606605291e+01,3.474689461e-01,4.682989106e-01,2.499867168e-01
3.106311095,3.067970276e-03,2.758987494e+01,2.966823533e-01,4.682954269e-01,2.501013646e-01
3.109379057,3.067731857e-03,4.248763163e+01,2.969080641e-01,4.297705121e-01,2.500469894e-01
3.112447019,3.067970276e-03,5.889672232e+01,2.764836667e-01,2.541814138e-01,2.499952453e-01
3.115514980,3.067970276e-03,3.121064294e+01,2.872075159e-01,2.542520877e-01,2.499881754e-01
3.118582942,3.067970276e-03,5.244012875e+01,3.398803741e-01,2.543836643e-01,2.499476124e-01
3.121650903,3.067970276e-03,2.669116303e+01,6.777613242e-01,2.541363827e-01,2.500618319e-01
3.124718865,3.067970276e-03,3.223447321e+01,9.969791249e-01,2.555025040e-01,2.499637306e-01
3.127786826,3.067970276e-03,5.182156436e+01,1.167806223e+00,2.670347618e-01,2.500738827e-01
3.130854788,3.067970276e-03,6.490640198e+01,9.635627259e-01,2.671575450e-01,2.499162863e-01
3.133922750,3.067970276e-03,1.727703594e+02,6.843745073e-01,2.950535646e-01,2.499527571e-01
3.136990711,3.067970276e-03,3.290579135e+02,3.087972415e-01,3.627747447e-01,2.500284990e-01
3.140058673,3.067970276e-03,2.384725572e+03,5.757308466e-01,3.426546344e-01,2.371326524e-01
