x,x_over_pi,native_sin,ref,abs_err
np.float32(102940.0),32766.819684,np.float32(0.53666204),np.float64(0.5366653694412458),3.327300e-06
np.float32(102940.01),32766.822171,np.float32(0.53005356),np.float64(0.5300569091257138),3.353160e-06
np.float32(102940.016),32766.824657,np.float32(0.52341276),np.float64(0.5234160968684629),3.332796e-06
np.float32(102940.02),32766.827144,np.float32(0.51673996),np.float64(0.5167433379904453),3.373505e-06
np.float32(102940.03),32766.829631,np.float32(0.51003563),np.float64(0.5100390397624702),3.405722e-06
np.float32(102940.04),32766.832118,np.float32(0.50330025),np.float64(0.5033036113803463),3.361804e-06
np.float32(102940.05),32766.834605,np.float32(0.49653405),np.float64(0.4965374639399062),3.414429e-06
np.float32(102940.055),32766.837091,np.float32(0.48973757),np.float64(0.4897410104119158),3.440126e-06
np.float32(102940.06),32766.839578,np.float32(0.48291123),np.float64(0.4829146656168682),3.436483e-06
np.float32(102940.07),32766.842065,np.float32(0.47605538),np.float64(0.4760588461996654),3.462517e-06
np.float32(102940.08),32766.844552,np.float32(0.4691705),np.float64(0.46917397060418836),3.459835e-06
np.float32(102940.086),32766.847039,np.float32(0.46225697),np.float64(0.4622604590477576),3.491026e-06
np.float32(102940.09),32766.849525,np.float32(0.45531523),np.float64(0.45531873349548485),3.501219e-06
np.float32(102940.1),32766.852012,np.float32(0.4483457),np.float64(0.44834921763451896),3.526669e-06
np.float32(102940.11),32766.854499,np.float32(0.4413488),np.float64(0.4413523368481858),3.545726e-06
np.float32(102940.12),32766.856986,np.float32(0.43432498),np.float64(0.4343285181900253),3.538408e-06
np.float32(102940.125),32766.859472,np.float32(0.4272746),np.float64(0.4272781903577263),3.575785e-06
np.float32(102940.13),32766.861959,np.float32(0.4201982),np.float64(0.4202017836669609),3.581534e-06
np.float32(102940.14),32766.864446,np.float32(0.41309616),np.float64(0.41309973002512046),3.570329e-06
np.float32(102940.15),32766.866933,np.float32(0.40596884),np.float64(0.40597246290495387),3.618014e-06
np.float32(102940.16),32766.869420,np.float32(0.3988168),np.float64(0.39882041731811085),3.623161e-06
np.float32(102940.164),32766.871906,np.float32(0.3916404),np.float64(0.39164402978859103),3.634863e-06
np.float32(102940.17),32766.874393,np.float32(0.3844401),np.float64(0.38444373832610074),3.644094e-06
np.float32(102940.18),32766.876880,np.float32(0.37721634),np.float64(0.3772199823993192),3.643288e-06
np.float32(102940.19),32766.879367,np.float32(0.36996955),np.float64(0.36997320290907554),3.656114e-06
np.float32(102940.195),32766.881854,np.float32(0.36270016),np.float64(0.3627038421614386),3.677843e-06
np.float32(102940.2),32766.884340,np.float32(0.35540867),np.float64(0.3554123438407207),3.675323e-06
np.float32(102940.21),32766.886827,np.float32(0.34809545),np.float64(0.3480991529823975),3.706157e-06
np.float32(102940.22),32766.889314,np.float32(0.340761),np.float64(0.34076471594594565),3.710067e-06
np.float32(102940.23),32766.891801,np.float32(0.33340576),np.float64(0.33340948038759854),3.717477e-06
np.float32(102940.234),32766.894288,np.float32(0.32603016),np.float64(0.3260338952330245),3.730276e-06
np.float32(102940.24),32766.896774,np.float32(0.31863466),np.float64(0.31863841064992615),3.751598e-06
np.float32(102940.25),32766.899261,np.float32(0.31121975),np.float64(0.3112234780205647),3.726186e-06
np.float32(102940.26),32766.901748,np.float32(0.3037858),np.float64(0.30378954991420987),3.748980e-06
np.float32(102940.266),32766.904235,np.float32(0.2963333),np.float64(0.2963370800595174),3.767071e-06
np.float32(102940.27),32766.906722,np.float32(0.28886276),np.float64(0.2888665233168358),3.758481e-06
np.float32(102940.28),32766.909208,np.float32(0.28137457),np.float64(0.281378335650444),3.761943e-06
np.float32(102940.29),32766.911695,np.float32(0.2738692),np.float64(0.27387297410072153),3.787461e-06
np.float32(102940.3),32766.914182,np.float32(0.2663471),np.float64(0.26635089675625334),3.786485e-06
np.float32(102940.305),32766.916669,np.float32(0.25880876),np.float64(0.25881256272587033),3.800891e-06
np.float32(102940.31),32766.919156,np.float32(0.25125465),np.float64(0.2512584321106277),3.784140e-06
np.float32(102940.32),32766.921642,np.float32(0.24368514),np.float64(0.24368896597572284),3.824770e-06
np.float32(102940.33),32766.924129,np.float32(0.2361008),np.float64(0.2361046263223541),3.833438e-06
np.float32(102940.336),32766.926616,np.float32(0.22850204),np.float64(0.22850587605952277),3.840919e-06
np.float32(102940.34),32766.929103,np.float32(0.22088934),np.float64(0.22089317897577954),3.834164e-06
np.float32(102940.35),32766.931590,np.float32(0.21326315),np.float64(0.2132669997109171),3.845681e-06
np.float32(102940.36),32766.934076,np.float32(0.20562397),np.float64(0.20562780372761097),3.834292e-06
np.float32(102940.37),32766.936563,np.float32(0.19797221),np.float64(0.19797605728301015),3.849022e-06
np.float32(102940.375),32766.939050,np.float32(0.19030836),np.float64(0.190312227400279),3.865155e-06
np.float32(102940.38),32766.941537,np.float32(0.1826329),np.float64(0.1826367818400928),3.888516e-06
np.float32(102940.39),32766.944024,np.float32(0.17494631),np.float64(0.17495018907208776),3.880936e-06
np.float32(102940.4),32766.946510,np.float32(0.16724904),np.float64(0.16725291824626834),3.879431e-06
np.float32(102940.41),32766.948997,np.float32(0.15954156),np.float64(0.1595454391643725),3.876965e-06
np.float32(102940.414),32766.951484,np.float32(0.15182433),np.float64(0.15182822225119763),3.896928e-06
np.float32(102940.42),32766.953971,np.float32(0.14409785),np.float64(0.1441017385258881),3.888799e-06
np.float32(102940.43),32766.956458,np.float32(0.13636257),np.float64(0.1363664595731867),3.892029e-06
np.float32(102940.44),32766.958944,np.float32(0.12861897),np.float64(0.1286228575146516),3.887001e-06
np.float32(102940.445),32766.961431,np.float32(0.1208675),np.float64(0.12087140497984053),3.906761e-06
np.float32(102940.45),32766.963918,np.float32(0.113108665),np.float64(0.11311257507746368),3.910326e-06
np.float32(102940.46),32766.966405,np.float32(0.10534292),np.float64(0.10534684136650783),3.924222e-06
np.float32(102940.47),32766.968892,np.float32(0.09757075),np.float64(0.09757467782733263),3.930690e-06
np.float32(102940.48),32766.971378,np.float32(0.08979263),np.float64(0.0897965588327413),3.927266e-06
np.float32(102940.484),32766.973865,np.float32(0.08200904),np.float64(0.08201295911902738),3.919300e-06
np.float32(102940.49),32766.976352,np.float32(0.07422043),np.float64(0.07422435375699922),3.927376e-06
np.float32(102940.5),32766.978839,np.float32(0.06642729),np.float64(0.06643121812298416),3.927683e-06
np.float32(102940.51),32766.981325,np.float32(0.058630098),np.float64(0.05863402786981402),3.930212e-06
np.float32(102940.516),32766.983812,np.float32(0.05082934),np.float64(0.05083325889779364),3.919125e-06
np.float32(102940.52),32766.986299,np.float32(0.04302544),np.float64(0.043029387325654415),3.945858e-06
np.float32(102940.53),32766.988786,np.float32(0.03521895),np.float64(0.03522288946149449),3.939100e-06
np.float32(102940.54),32766.991273,np.float32(0.027410299),np.float64(0.0274142417737073),3.943188e-06
np.float32(102940.55),32766.993759,np.float32(0.019599987),np.float64(0.01960392086190046),3.933668e-06
np.float32(102940.555),32766.996246,np.float32(0.011788465),np.float64(0.011792403427806552),3.938345e-06
np.float32(102940.56),32766.998733,np.float32(0.0039762366),np.float64(0.003980166246187699),3.929683e-06
np.float32(102940.57),32767.001220,np.float32(-0.003836286),np.float64(-0.0038323138642642877),3.972157e-06
np.float32(102940.58),32767.003707,np.float32(-0.011648521),np.float64(-0.011644560070030474),3.960757e-06
np.float32(102940.586),32767.006193,np.float32(-0.019460062),np.float64(-0.019456095551868263),3.966013e-06
np.float32(102940.59),32767.008680,np.float32(-0.027270399),np.float64(-0.027266443533913984),3.955500e-06
np.float32(102940.6),32767.011167,np.float32(-0.035079088),np.float64(-0.03507512731278283),3.960749e-06
np.float32(102940.61),32767.013654,np.float32(-0.042885616),np.float64(-0.04288167028666438),3.946135e-06
np.float32(102940.62),32767.016141,np.float32(-0.050689567),np.float64(-0.05068559598441193),3.970896e-06
np.float32(102940.625),32767.018627,np.float32(-0.058490384),np.float64(-0.05848642809462378),3.956275e-06
np.float32(102940.63),32767.021114,np.float32(-0.066287644),np.float64(-0.06628369049471491),3.953713e-06
np.float32(102940.64),32767.023601,np.float32(-0.07408086),np.float64(-0.07407690727997701),3.954825e-06
np.float32(102940.65),32767.026088,np.float32(-0.08186956),np.float64(-0.0818656027926252),3.954707e-06
np.float32(102940.66),32767.028575,np.float32(-0.089653246),np.float64(-0.08964930165082982),3.944454e-06
np.float32(102940.664),32767.031061,np.float32(-0.097431466),np.float64(-0.09742752877773123),3.937206e-06
np.float32(102940.67),32767.033548,np.float32(-0.10520374),np.float64(-0.10519980943043605),3.930868e-06
np.float32(102940.68),32767.036035,np.float32(-0.11296961),np.float64(-0.11296566922899308),3.937886e-06
np.float32(102940.69),32767.038522,np.float32(-0.12072857),np.float64(-0.12072463418534692),3.933057e-06
np.float32(102940.695),32767.041009,np.float32(-0.12848018),np.float64(-0.1284762307322678),3.950366e-06
np.float32(102940.7),32767.043495,np.float32(-0.13622391),np.float64(-0.13621998575225575),3.926487e-06
np.float32(102940.71),32767.045982,np.float32(-0.14395936),np.float64(-0.14395542660641705),3.931728e-06
np.float32(102940.72),32767.048469,np.float32(-0.151686),np.float64(-0.151682081163312),3.916680e-06
np.float32(102940.73),32767.050956,np.float32(-0.1594034),np.float64(-0.159399477827771),3.920805e-06
np.float32(102940.734),32767.053443,np.float32(-0.16711105),np.float64(-0.16710714556967865),3.908493e-06
np.float32(102940.74),32767.055929,np.float32(-0.1748085),np.float64(-0.17480461395272273),3.888245e-06
np.float32(102940.75),32767.058416,np.float32(-0.1824953),np.float64(-0.18249141316310738),3.882838e-06
np.float32(102940.76),32767.060903,np.float32(-0.19017096),np.float64(-0.190167074038228),3.884600e-06
np.float32(102940.766),32767.063390,np.float32(-0.19783501),np.float64(-0.19783112809530662),3.885175e-06
np.float32(102940.77),32767.065877,np.float32(-0.205487),np.float64(-0.20548310755998556),3.890402e-06
np.float32(102940.78),32767.068363,np.float32(-0.21312642),np.float64(-0.21312254539487804),3.875580e-06
np.float32(102940.79),32767.070850,np.float32(-0.22075284),np.float64(-0.22074897532807378),3.859946e-06
np.float32(102940.8),32767.073337,np.float32(-0.2283658),np.float64(-0.2283619318815977),3.861943e-06
np.float32(102940.805),32767.075824,np.float32(-0.23596479),np.float64(-0.23596095039982043),3.839587e-06
np.float32(102940.81),32767.078311,np.float32(-0.2435494),np.float64(-0.24354556707781835),3.839451e-06
np.float32(102940.82),32767.080797,np.float32(-0.25111917),np.float64(-0.25111531898968203),3.847623e-06
np.float32(102940.83),32767.083284,np.float32(-0.25867358),np.float64(-0.2586697441167707),3.834384e-06
np.float32(102940.836),32767.085771,np.float32(-0.2662122),np.float64(-0.2662083813759115),3.813782e-06
np.float32(102940.84),32767.088258,np.float32(-0.27373457),np.float64(-0.27373077064754187),3.798902e-06
np.float32(102940.85),32767.090745,np.float32(-0.28124025),np.float64(-0.2812364528037923),3.801837e-06
np.float32(102940.86),32767.093231,np.float32(-0.28872877),np.float64(-0.28872496973650974),3.803857e-06
np.float32(102940.87),32767.095718,np.float32(-0.29619965),np.float64(-0.29619586438521794),3.785187e-06
np.float32(102940.875),32767.098205,np.float32(-0.30365247),np.float64(-0.30364868076501383),3.784578e-06
np.float32(102940.88),32767.100692,np.float32(-0.31108674),np.float64(-0.31108296399439894),3.780076e-06
np.float32(102940.89),32767.103179,np.float32(-0.318502),np.float64(-0.31849826032304257),3.748592e-06
np.float32(102940.9),32767.105665,np.float32(-0.32589787),np.float64(-0.32589411715947675),3.755288e-06
np.float32(102940.91),32767.108152,np.float32(-0.33327383),np.float64(-0.33327008309871975),3.744931e-06
np.float32(102940.914),32767.110639,np.float32(-0.34062943),np.float64(-0.3406257079498278),3.720675e-06
np.float32(102940.92),32767.113126,np.float32(-0.34796426),np.float64(-0.34796054276337235),3.714239e-06
np.float32(102940.93),32767.115612,np.float32(-0.35527784),np.float64(-0.3552741398588414),3.696464e-06
np.float32(102940.94),32767.118099,np.float32(-0.36256975),np.float64(-0.36256605285196397),3.696503e-06
np.float32(102940.945),32767.120586,np.float32(-0.36983952),np.float64(-0.36983583668195485),3.682580e-06
np.float32(102940.95),32767.123073,np.float32(-0.3770867),np.float64(-0.37708304763867895),3.651370e-06
np.float32(102940.96),32767.125560,np.float32(-0.3843109),np.float64(-0.38430724338973293),3.657775e-06
np.float32(102940.97),32767.128046,np.float32(-0.39151162),np.float64(-0.39150798300744305),3.636084e-06
np.float32(102940.98),32767.130533,np.float32(-0.39868847),np.float64(-0.398684826995777),3.638361e-06
np.float32(102940.984),32767.133020,np.float32(-0.40584093),np.float64(-0.40583733731716853),3.596006e-06
np.float32(102940.99),32767.135507,np.float32(-0.4129687),np.float64(-0.41296507741925315),3.617744e-06
np.float32(102941.0),32767.137994,np.float32(-0.4200712),np.float64(-0.42006761226151257),3.602176e-06
np.float32(102941.01),32767.140480,np.float32(-0.4271481),np.float64(-0.427144508341828),3.595372e-06
np.float32(102941.016),32767.142967,np.float32(-0.4341989),np.float64(-0.4341953337229383),3.552433e-06
np.float32(102941.02),32767.145454,np.float32(-0.4412232),np.float64(-0.4412196580588034),3.546077e-06
np.float32(102941.03),32767.147941,np.float32(-0.44822058),np.float64(-0.44821705262087075),3.528195e-06
np.float32(102941.04),32767.150428,np.float32(-0.45519063),np.float64(-0.455187090324242),3.538443e-06
np.float32(102941.05),32767.152914,np.float32(-0.46213287),np.float64(-0.46212934575374076),3.525397e-06
np.float32(102941.055),32767.155401,np.float32(-0.4690469),np.float64(-0.4690433951898772),3.495546e-06
np.float32(102941.06),32767.157888,np.float32(-0.4759323),np.float64(-0.4759288166347102),3.483456e-06
np.float32(102941.07),32767.160375,np.float32(-0.48278865),np.float64(-0.48278518983760343),3.462344e-06
np.float32(102941.08),32767.162862,np.float32(-0.48961553),np.float64(-0.4896120963208757),3.433455e-06
np.float32(102941.086),32767.165348,np.float32(-0.49641258),np.float64(-0.49640911940534244),3.455840e-06
np.float32(102941.09),32767.167835,np.float32(-0.5031793),np.float64(-0.5031758442357477),3.467517e-06
np.float32(102941.1),32767.170322,np.float32(-0.5099153),np.float64(-0.5099118578060848),3.434457e-06
np.float32(102941.11),32767.172809,np.float32(-0.51662016),np.float64(-0.5166167489848041),3.410164e-06
np.float32(102941.12),32767.175296,np.float32(-0.5232935),np.float64(-0.5232901085399065),3.386638e-06
np.float32(102941.125),32767.177782,np.float32(-0.5299349),np.float64(-0.5299315291639203),3.353954e-06
np.float32(102941.13),32767.180269,np.float32(-0.53654397),np.float64(-0.5365406054987619),3.359841e-06
np.float32(102941.14),32767.182756,np.float32(-0.54312027),np.float64(-0.5431169341604761),3.330847e-06
np.float32(102941.15),32767.185243,np.float32(-0.5496634),np.float64(-0.5496601137638573),3.310728e-06
np.float32(102941.16),32767.187730,np.float32(-0.556173),np.float64(-0.5561697449469469),3.281615e-06
np.float32(102941.164),32767.190216,np.float32(-0.5626487),np.float64(-0.5626454303954098),3.283193e-06
np.float32(102941.17),32767.192703,np.float32(-0.56909),np.float64(-0.5690867748667828),3.233869e-06
np.float32(102941.18),32767.195190,np.float32(-0.5754966),np.float64(-0.5754933852145996),3.228765e-06
np.float32(102941.19),32767.197677,np.float32(-0.5818681),np.float64(-0.5818648704123851),3.241675e-06
np.float32(102941.195),32767.200164,np.float32(-0.588204),np.float64(-0.588200841577523),3.184645e-06
np.float32(102941.2),32767.202650,np.float32(-0.5945041),np.float64(-0.59450091199499),3.205971e-06
np.float32(102941.21),32767.205137,np.float32(-0.60076785),np.float64(-0.6007646971409596),3.153735e-06
np.float32(102941.22),32767.207624,np.float32(-0.6069949),np.float64(-0.6069918147062712),3.112223e-06
np.float32(102941.23),32767.210111,np.float32(-0.61318505),np.float64(-0.6131818846197644),3.163484e-06
np.float32(102941.234),32767.212598,np.float32(-0.6193376),np.float64(-0.6193345290714766),3.089280e-06
np.float32(102941.24),32767.215084,np.float32(-0.62545246),np.float64(-0.6254493725357022),3.086323e-06
np.float32(102941.25),32767.217571,np.float32(-0.6315291),np.float64(-0.6315260417939133),3.050995e-06
np.float32(102941.26),32767.220058,np.float32(-0.6375672),np.float64(-0.6375641659575385),3.056161e-06
np.float32(102941.266),32767.222545,np.float32(-0.6435664),np.float64(-0.6435633764906008),3.053124e-06
np.float32(102941.27),32767.225032,np.float32(-0.6495263),np.float64(-0.6495233072322101),2.990814e-06
np.float32(102941.28),32767.227518,np.float32(-0.6554466),np.float64(-0.6554435944189126),2.994574e-06
np.float32(102941.29),32767.230005,np.float32(-0.6613268),np.float64(-0.6613238767068929),2.948912e-06
np.float32(102941.3),32767.232492,np.float32(-0.66716677),np.float64(-0.6671637951940279),2.974311e-06
np.float32(102941.305),32767.234979,np.float32(-0.6729659),np.float64(-0.6729629934417934),2.890767e-06
np.float32(102941.31),32767.237465,np.float32(-0.678724),np.float64(-0.6787211174970186),2.873420e-06
np.float32(102941.32),32767.239952,np.float32(-0.68444073),np.float64(-0.6844378159134894),2.916089e-06
np.float32(102941.33),32767.242439,np.float32(-0.6901156),np.float64(-0.6901127397733997),2.831249e-06
np.float32(102941.336),32767.244926,np.float32(-0.6957484),np.float64(-0.6957455427086464),2.846059e-06
np.float32(102941.34),32767.247413,np.float32(-0.7013387),np.float64(-0.7013358809219712),2.827479e-06
np.float32(102941.35),32767.249899,np.float32(-0.70688623),np.float64(-0.7068834132079429),2.818691e-06
np.float32(102941.36),32767.252386,np.float32(-0.7123906),np.float64(-0.7123878009737841),2.800661e-06
np.float32(102941.37),32767.254873,np.float32(-0.71785146),np.float64(-0.717848708260036),2.751720e-06
np.float32(102941.375),32767.257360,np.float32(-0.72326857),np.float64(-0.7232658017610646),2.766755e-06
np.float32(102941.38),32767.259847,np.float32(-0.72864145),np.float64(-0.7286387508454032),2.699560e-06
np.float32(102941.39),32767.262333,np.float32(-0.7339699),np.float64(-0.7339672275759329),2.699258e-06
np.float32(102941.4),32767.264820,np.float32(-0.7392536),np.float64(-0.7392509067298981),2.673840e-06
np.float32(102941.41),32767.267307,np.float32(-0.7444921),np.float64(-0.7444894658187563),2.647771e-06
np.float32(102941.414),32767.269794,np.float32(-0.7496852),np.float64(-0.7496825851078612),2.642763e-06
np.float32(102941.42),32767.272281,np.float32(-0.75483257),np.float64(-0.7548299476359779),2.618148e-06
np.float32(102941.43),32767.274767,np.float32(-0.7599338),np.float64(-0.7599312392346279),2.590073e-06
np.float32(102941.44),32767.277254,np.float32(-0.7649887),np.float64(-0.7649861485472652),2.571870e-06
np.float32(102941.445),32767.279741,np.float32(-0.7699969),np.float64(-0.7699943670482794),2.514437e-06
np.float32(102941.45),32767.282228,np.float32(-0.77495813),np.float64(-0.7749555890618264),2.544636e-06
np.float32(102941.46),32767.284715,np.float32(-0.779872),np.float64(-0.7798695117804855),2.488437e-06
np.float32(102941.47),32767.287201,np.float32(-0.7847383),np.float64(-0.7847358352837414),2.466947e-06
np.float32(102941.48),32767.289688,np.float32(-0.7895567),np.float64(-0.7895542625562894),2.419554e-06
np.float32(102941.484),32767.292175,np.float32(-0.7943269),np.float64(-0.7943244995061637),2.401930e-06
np.float32(102941.49),32767.294662,np.float32(-0.79904866),np.float64(-0.7990462549826878),2.407203e-06
np.float32(102941.5),32767.297149,np.float32(-0.8037216),np.float64(-0.8037192407942441),2.365937e-06
np.float32(102941.51),32767.299635,np.float32(-0.8083455),np.float64(-0.8083431717258642),2.324929e-06
np.float32(102941.516),32767.302122,np.float32(-0.8129201),np.float64(-0.8129177655566366),2.327980e-06
np.float32(102941.52),32767.304609,np.float32(-0.81744504),np.float64(-0.8174427430769323),2.296672e-06
np.float32(102941.53),32767.307096,np.float32(-0.8219201),np.float64(-0.8219178281054459),2.268769e-06
np.float32(102941.54),32767.309583,np.float32(-0.82634497),np.float64(-0.8263427475060529),2.219382e-06
np.float32(102941.55),32767.312069,np.float32(-0.8307195),np.float64(-0.8307172312044797),2.239773e-06
np.float32(102941.555),32767.314556,np.float32(-0.8350432),np.float64(-0.8350410122047885),2.179705e-06
np.float32(102941.56),32767.317043,np.float32(-0.839316),np.float64(-0.8393138266056726),2.183869e-06
np.float32(102941.57),32767.319530,np.float32(-0.84353757),np.float64(-0.8435354136165637),2.155429e-06
np.float32(102941.58),32767.322017,np.float32(-0.8477076),np.float64(-0.8477055155735497),2.113630e-06
np.float32(102941.586),32767.324503,np.float32(-0.85182595),np.float64(-0.8518238779551005),2.074575e-06
np.float32(102941.59),32767.326990,np.float32(-0.8558923),np.float64(-0.8558902493976033),2.051208e-06
np.float32(102941.6),32767.329477,np.float32(-0.8599064),np.float64(-0.8599043817107039),1.993697e-06
np.float32(102941.61),32767.331964,np.float32(-0.863868),np.float64(-0.8638660298924558),1.968231e-06
np.float32(102941.62),32767.334451,np.float32(-0.86777693),np.float64(-0.8677749521442728),1.978188e-06
np.float32(102941.625),32767.336937,np.float32(-0.8716329),np.float64(-0.8716309098856881),1.964126e-06
np.float32(102941.63),32767.339424,np.float32(-0.8754356),np.float64(-0.8754336677689156),1.922975e-06
np.float32(102941.64),32767.341911,np.float32(-0.8791849),np.float64(-0.8791829936932141),1.908021e-06
np.float32(102941.65),32767.344398,np.float32(-0.8828805),np.float64(-0.8828786588190539),1.850081e-06
np.float32(102941.66),32767.346885,np.float32(-0.8865223),np.float64(-0.886520437582084),1.855509e-06
np.float32(102941.664),32767.349371,np.float32(-0.8901099),np.float64(-0.890108107706899),1.788953e-06
np.float32(102941.67),32767.351858,np.float32(-0.8936432),np.float64(-0.8936414502206061),1.750177e-06
np.float32(102941.68),32767.354345,np.float32(-0.89712197),np.float64(-0.8971202494661898),1.716419e-06
np.float32(102941.69),32767.356832,np.float32(-0.900546),np.float64(-0.9005442931156745),1.721193e-06
np.float32(102941.695),32767.359318,np.float32(-0.90391505),np.float64(-0.903913372183084),1.675462e-06
np.float32(102941.7),32767.361805,np.float32(-0.90722895),np.float64(-0.9072272810371969),1.665649e-06
np.float32(102941.71),32767.364292,np.float32(-0.9104875),np.float64(-0.9104858174140973),1.655597e-06
np.float32(102941.72),32767.366779,np.float32(-0.9136904),np.float64(-0.9136887824295198),1.605773e-06
np.float32(102941.73),32767.369266,np.float32(-0.9168376),np.float64(-0.9168359805909886),1.592460e-06
np.float32(102941.734),32767.371752,np.float32(-0.9199288),np.float64(-0.9199272198097492),1.569329e-06
np.float32(102941.74),32767.374239,np.float32(-0.9229638),np.float64(-0.9229623114124925),1.486634e-06
np.float32(102941.75),32767.376726,np.float32(-0.92594254),np.float64(-0.9259410701528705),1.470016e-06
np.float32(102941.76),32767.379213,np.float32(-0.9288648),np.float64(-0.9288633142228029),1.462865e-06
np.float32(102941.766),32767.381700,np.float32(-0.9317303),np.float64(-0.9317288652635731),1.405122e-06
np.float32(102941.77),32767.384186,np.float32(-0.93453896),np.float64(-0.9345375483767157),1.412080e-06
np.float32(102941.78),32767.386673,np.float32(-0.9372906),np.float64(-0.9372891921346895),1.416748e-06
np.float32(102941.79),32767.389160,np.float32(-0.939985),np.float64(-0.9399836285913422),1.348654e-06
np.float32(102941.8),32767.391647,np.float32(-0.942622),np.float64(-0.9426206932921602),1.312647e-06
np.float32(102941.805),32767.394134,np.float32(-0.9452015),np.float64(-0.945200225284306),1.290867e-06
np.float32(102941.81),32767.396620,np.float32(-0.9477233),np.float64(-0.9477220671264421),1.261941e-06
np.float32(102941.82),32767.399107,np.float32(-0.9501873),np.float64(-0.9501860648983408),1.260579e-06
np.float32(102941.83),32767.401594,np.float32(-0.95259327),np.float64(-0.9525920682102776),1.198754e-06
np.float32(102941.836),32767.404081,np.float32(-0.9549411),np.float64(-0.9549399302122118),1.163709e-06
np.float32(102941.84),32767.406568,np.float32(-0.9572306),np.float64(-0.9572295076027478),1.119934e-06
np.float32(102941.85),32767.409054,np.float32(-0.9594618),np.float64(-0.9594606606378827),1.147567e-06
np.float32(102941.86),32767.411541,np.float32(-0.96163434),np.float64(-0.9616332531395351),1.084763e-06
np.float32(102941.87),32767.414028,np.float32(-0.9637482),np.float64(-0.9637471525038565),1.064125e-06
np.float32(102941.875),32767.416515,np.float32(-0.96580327),np.float64(-0.9658022297093252),1.035862e-06
np.float32(102941.88),32767.419002,np.float32(-0.96779937),np.float64(-0.9677983593246209),1.006196e-06
np.float32(102941.89),32767.421488,np.float32(-0.9697364),np.float64(-0.9697354195162803),9.777501e-07
np.float32(102941.9),32767.423975,np.float32(-0.97161424),np.float64(-0.9716132920561331),9.495439e-07
np.float32(102941.91),32767.426462,np.float32(-0.9734328),np.float64(-0.9734318623285186),9.169836e-07
np.float32(102941.914),32767.428949,np.float32(-0.9751919),np.float64(-0.9751910193372807),8.718561e-07
np.float32(102941.92),32767.431436,np.float32(-0.9768915),np.float64(-0.9768906557125423),8.619266e-07
np.float32(102941.93),32767.433922,np.float32(-0.9785315),np.float64(-0.9785306677172596),8.121183e-07
np.float32(102941.94),32767.436409,np.float32(-0.9801117),np.float64(-0.9801109552535525),7.629242e-07
np.float32(102941.945),32767.438896,np.float32(-0.9816322),np.float64(-0.9816314218688151),7.511926e-07
np.float32(102941.95),32767.441383,np.float32(-0.98309267),np.float64(-0.9830919747616019),6.909107e-07
np.float32(102941.96),32767.443870,np.float32(-0.9844932),np.float64(-0.9844925247872924),6.712233e-07
np.float32(102941.97),32767.446356,np.float32(-0.98583364),np.float64(-0.9858329864635316),6.584034e-07
np.float32(102941.98),32767.448843,np.float32(-0.9871139),np.float64(-0.9871132779754477),6.150566e-07
np.float32(102941.984),32767.451330,np.float32(-0.9883339),np.float64(-0.9883333211806459),5.597207e-07
np.float32(102941.99),32767.453817,np.float32(-0.9894936),np.float64(-0.9894930416139771),5.668608e-07
np.float32(102942.0),32767.456304,np.float32(-0.9905929),np.float64(-0.9905923684920835),5.284462e-07
np.float32(102942.01),32767.458790,np.float32(-0.99163175),np.float64(-0.9916312347177187),5.115744e-07
np.float32(102942.016),32767.461277,np.float32(-0.9926101),np.float64(-0.9926095768838429),5.200476e-07
np.float32(102942.02),32767.463764,np.float32(-0.99352777),np.float64(-0.9935273352774925),4.347649e-07
np.float32(102942.03),32767.466251,np.float32(-0.9943849),np.float64(-0.9943844538834258),4.309509e-07
np.float32(102942.04),32767.468738,np.float32(-0.99518126),np.float64(-0.9951808803875405),3.821056e-07
np.float32(102942.05),32767.471224,np.float32(-0.9959169),np.float64(-0.9959165661800681),3.368389e-07
np.float32(102942.055),32767.473711,np.float32(-0.99659175),np.float64(-0.9965914663585393),2.804486e-07
np.float32(102942.06),32767.476198,np.float32(-0.99720585),np.float64(-0.9972055397305262),3.137317e-07
np.float32(102942.07),32767.478685,np.float32(-0.997759),np.float64(-0.9977587488161548),2.357496e-07
np.float32(102942.08),32767.481171,np.float32(-0.99825126),np.float64(-0.9982510598503941),1.994765e-07
np.float32(102942.086),32767.483658,np.float32(-0.9986826),np.float64(-0.9986824427851161),1.753561e-07
np.float32(102942.09),32767.486145,np.float32(-0.99905306),np.float64(-0.9990528712909297),1.897175e-07
np.float32(102942.1),32767.488632,np.float32(-0.9993606),np.float64(-0.9993623227587882),1.701783e-06
np.float32(102942.11),32767.491119,np.float32(-0.9995939),np.float64(-0.999610778301369),1.686475e-05
np.float32(102942.12),32767.493605,np.float32(-0.9997715),np.float64(-0.9997982227542265),2.674696e-05
np.float32(102942.125),32767.496092,np.float32(-0.9999281),np.float64(-0.9999246446767173),3.472122e-06
np.float32(102942.13),32767.498579,np.float32(-1.0),np.float64(-0.9999900363526988),9.963647e-06
np.float32(102942.14),32767.501066,np.float32(-0.0),np.float64(-0.9999943937910002),9.999944e-01
np.float32(102942.15),32767.503553,np.float32(-0.0),np.float64(-0.999937716725666),9.999377e-01
np.float32(102942.16),32767.506039,np.float32(-0.0),np.float64(-0.9998200086159721),9.998200e-01
np.float32(102942.164),32767.508526,np.float32(-0.0),np.float64(-0.9996412766462147),9.996413e-01
np.float32(102942.17),32767.511013,np.float32(-0.0),np.float64(-0.9994015317252721),9.994015e-01
np.float32(102942.18),32767.513500,np.float32(-0.0),np.float64(-0.9991007884859386),9.991008e-01
np.float32(102942.19),32767.515987,np.float32(-0.0),np.float64(-0.9987390652840316),9.987391e-01
np.float32(102942.195),32767.518473,np.float32(-0.0),np.float64(-0.9983163841972706),9.983164e-01
np.float32(102942.2),32767.520960,np.float32(-0.0),np.float64(-0.9978327710239309),9.978328e-01
np.float32(102942.21),32767.523447,np.float32(-0.0),np.float64(-0.9972882552812676),9.972883e-01
np.float32(102942.22),32767.525934,np.float32(-0.0),np.float64(-0.9966828702037155),9.966829e-01
np.float32(102942.23),32767.528421,np.float32(-0.0),np.float64(-0.9960166527408593),9.960167e-01
np.float32(102942.234),32767.530907,np.float32(-0.0),np.float64(-0.9952896435551789),9.952896e-01
np.float32(102942.24),32767.533394,np.float32(-0.0),np.float64(-0.9945018870195682),9.945019e-01
np.float32(102942.25),32767.535881,np.float32(-0.0),np.float64(-0.9936534312146257),9.936534e-01
np.float32(102942.26),32767.538368,np.float32(-0.0),np.float64(-0.9927443279257206),9.927443e-01
np.float32(102942.266),32767.540855,np.float32(-0.0),np.float64(-0.9917746326398321),9.917746e-01
np.float32(102942.27),32767.543341,np.float32(-0.0),np.float64(-0.9907444045421624),9.907444e-01
np.float32(102942.28),32767.545828,np.float32(-0.0),np.float64(-0.9896537065125245),9.896537e-01
np.float32(102942.29),32767.548315,np.float32(-0.0),np.float64(-0.9885026051215046),9.885026e-01
np.float32(102942.3),32767.550802,np.float32(-0.0),np.float64(-0.9872911706263985),9.872912e-01
np.float32(102942.305),32767.553289,np.float32(-0.0),np.float64(-0.9860194769669239),9.860195e-01
np.float32(102942.31),32767.555775,np.float32(-0.0),np.float64(-0.9846876017607072),9.846876e-01
np.float32(102942.32),32767.558262,np.float32(-0.0),np.float64(-0.9832956262985462),9.832956e-01
np.float32(102942.33),32767.560749,np.float32(-0.0),np.float64(-0.9818436355394486),9.818436e-01
np.float32(102942.336),32767.563236,np.float32(-0.0),np.float64(-0.9803317181054467),9.803317e-01
np.float32(102942.34),32767.565723,np.float32(-0.0),np.float64(-0.9787599662761877),9.787600e-01
np.float32(102942.35),32767.568209,np.float32(-0.0),np.float64(-0.9771284759833022),9.771285e-01
np.float32(102942.36),32767.570696,np.float32(-0.0),np.float64(-0.9754373468045489),9.754373e-01
np.float32(102942.37),32767.573183,np.float32(-0.0),np.float64(-0.9736866819577361),9.736867e-01
np.float32(102942.375),32767.575670,np.float32(-0.0),np.float64(-0.971876588294423),9.718766e-01
np.float32(102942.38),32767.578157,np.float32(-0.0),np.float64(-0.9700071762933974),9.700072e-01
np.float32(102942.39),32767.580643,np.float32(-0.0),np.float64(-0.9680785600539322),9.680786e-01
np.float32(102942.4),32767.583130,np.float32(-0.0),np.float64(-0.9660908572888224),9.660909e-01
np.float32(102942.41),32767.585617,np.float32(-0.0),np.float64(-0.9640441893171997),9.640442e-01
np.float32(102942.414),32767.588104,np.float32(-0.99990064),np.float64(-0.9619386810571283),3.796196e-02
np.float32(102942.42),32767.590591,np.float32(-0.9999731),np.float64(-0.95977446101798),4.019866e-02
np.float32(102942.43),32767.593077,np.float32(-1.0),np.float64(-0.9575516612925915),4.244834e-02
np.float32(102942.44),32767.595564,np.float32(-1.0),np.float64(-0.955270417549201),4.472958e-02
np.float32(102942.445),32767.598051,np.float32(-0.999855),np.float64(-0.9529308690231687),4.692411e-02
np.float32(102942.45),32767.600538,np.float32(-0.9996834),np.float64(-0.9505331585084783),4.915022e-02
np.float32(102942.46),32767.603024,np.float32(-0.9994889),np.float64(-0.9480774323490212),5.141146e-02
np.float32(102942.47),32767.605511,np.float32(-0.99921817),np.float64(-0.9455638404296649),5.365433e-02
np.float32(102942.48),32767.607998,np.float32(-0.9988788),np.float64(-0.9429925361671048),5.588624e-02
np.float32(102942.484),32767.610485,np.float32(-0.9984784),np.float64(-0.9403636765004999),5.811474e-02
np.float32(102942.49),32767.612972,np.float32(-0.9980172),np.float64(-0.9376774218818946),6.033977e-02
np.float32(102942.5),32767.615458,np.float32(-0.997495),np.float64(-0.9349339362664256),6.256106e-02
np.float32(102942.51),32767.617945,np.float32(-0.9969119),np.float64(-0.9321333871023142),6.477850e-02
np.float32(102942.516),32767.620432,np.float32(-0.996268),np.float64(-0.9292759453206468),6.699203e-02
np.float32(102942.52),32767.622919,np.float32(-0.99556327),np.float64(-0.9263617853249421),6.920148e-02
np.float32(102942.53),32767.625406,np.float32(-0.99479777),np.float64(-0.9233910849805059),7.140668e-02
np.float32(102942.54),32767.627892,np.float32(-0.9939716),np.float64(-0.9203640256035759),7.360756e-02
np.float32(102942.55),32767.630379,np.float32(-0.9930847),np.float64(-0.9172807919502544),7.580394e-02
np.float32(102942.555),32767.632866,np.float32(-0.99213725),np.float64(-0.9141415722052318),7.799568e-02
np.float32(102942.56),32767.635353,np.float32(-0.99112916),np.float64(-0.9109465579703014),8.018260e-02
np.float32(102942.57),32767.637840,np.float32(-0.9900607),np.float64(-0.9076959442526644),8.236474e-02
np.float32(102942.58),32767.640326,np.float32(-0.98893166),np.float64(-0.9043899294530277),8.454173e-02
np.float32(102942.586),32767.642813,np.float32(-0.98774236),np.float64(-0.9010287153534949),8.671365e-02
np.float32(102942.59),32767.645300,np.float32(-0.98649275),np.float64(-0.8976125071052504),8.888025e-02
np.float32(102942.6),32767.647787,np.float32(-0.98518294),np.float64(-0.8941415132160379),9.104143e-02
np.float32(102942.61),32767.650274,np.float32(-0.983813),np.float64(-0.890615945537434),9.319704e-02
np.float32(102942.62),32767.652760,np.float32(-0.982383),np.float64(-0.8870360192519184),9.534699e-02
np.float32(102942.625),32767.655247,np.float32(-0.980893),np.float64(-0.8834019528597402),9.749106e-02
np.float32(102942.63),32767.657734,np.float32(-0.97934324),np.float64(-0.8797139681655811),9.962927e-02
np.float32(102942.64),32767.660221,np.float32(-0.9777336),np.float64(-0.8759722902650183),1.017613e-01
np.float32(102942.65),32767.662708,np.float32(-0.9760644),np.float64(-0.8721771475307857),1.038872e-01
np.float32(102942.66),32767.665194,np.float32(-0.9743355),np.float64(-0.8683287715988346),1.060067e-01
np.float32(102942.664),32767.667681,np.float32(-0.9725472),np.float64(-0.8644273973541967),1.081198e-01
np.float32(102942.67),32767.670168,np.float32(-0.97069955),np.float64(-0.8604732629166477),1.102263e-01
np.float32(102942.68),32767.672655,np.float32(-0.9687926),np.float64(-0.856466609626173),1.123260e-01
np.float32(102942.69),32767.675142,np.float32(-0.96682656),np.float64(-0.8524076820282387),1.144189e-01
np.float32(102942.695),32767.677628,np.float32(-0.9648015),np.float64(-0.8482967278588647),1.165048e-01
np.float32(102942.7),32767.680115,np.float32(-0.96271753),np.float64(-0.8441339980295048),1.185835e-01
np.float32(102942.71),32767.682602,np.float32(-0.96057487),np.float64(-0.8399197466117325),1.206551e-01
np.float32(102942.72),32767.685089,np.float32(-0.9583735),np.float64(-0.8356542308217332),1.227193e-01
np.float32(102942.73),32767.687576,np.float32(-0.9561137),np.float64(-0.8313377110046053),1.247760e-01
np.float32(102942.734),32767.690062,np.float32(-0.9537955),np.float64(-0.8269704506184704),1.268250e-01
np.float32(102942.74),32767.692549,np.float32(-0.9514191),np.float64(-0.8225527162183928),1.288664e-01
np.float32(102942.75),32767.695036,np.float32(-0.9489846),np.float64(-0.8180847774401103),1.308998e-01
np.float32(102942.76),32767.697523,np.float32(-0.9464922),np.float64(-0.8135669069835776),1.329253e-01
np.float32(102942.766),32767.700010,np.float32(-0.94394207),np.float64(-0.8089993805963211),1.349427e-01
np.float32(102942.77),32767.702496,np.float32(-0.9413343),np.float64(-0.8043824770566097),1.369518e-01
np.float32(102942.78),32767.704983,np.float32(-0.9386691),np.float64(-0.7997164781564391),1.389526e-01
np.float32(102942.79),32767.707470,np.float32(-0.9359466),np.float64(-0.7950016686843326),1.409449e-01
np.float32(102942.8),32767.709957,np.float32(-0.93316686),np.float64(-0.7902383364079596),1.429285e-01
np.float32(102942.805),32767.712444,np.float32(-0.9303303),np.float64(-0.7854267720565709),1.449035e-01
np.float32(102942.81),32767.714930,np.float32(-0.9274369),np.float64(-0.7805672693032548),1.468696e-01
np.float32(102942.82),32767.717417,np.float32(-0.92448694),np.float64(-0.7756601247470127),1.488268e-01
np.float32(102942.83),32767.719904,np.float32(-0.92148054),np.float64(-0.7707056378946558),1.507749e-01
np.float32(102942.836),32767.722391,np.float32(-0.9184179),np.float64(-0.7657041111425253),1.527138e-01
np.float32(102942.84),32767.724877,np.float32(-0.9152991),np.float64(-0.7606558497580354),1.546433e-01
np.float32(102942.85),32767.727364,np.float32(-0.9121246),np.float64(-0.7555611618610412),1.565634e-01
np.float32(102942.86),32767.729851,np.float32(-0.9088943),np.float64(-0.7504203584050329),1.584739e-01
np.float32(102942.87),32767.732338,np.float32(-0.9056086),np.float64(-0.7452337531581568),1.603748e-01
np.float32(102942.875),32767.734825,np.float32(-0.9022676),np.float64(-0.7400016626840644),1.622659e-01
np.float32(102942.88),32767.737311,np.float32(-0.89887154),np.float64(-0.7347244063225913),1.641471e-01
np.float32(102942.89),32767.739798,np.float32(-0.89542055),np.float64(-0.7294023061702655),1.660182e-01
np.float32(102942.9),32767.742285,np.float32(-0.891915),np.float64(-0.7240356870606492),1.678793e-01
np.float32(102942.91),32767.744772,np.float32(-0.888355),np.float64(-0.7186248765445126),1.697301e-01
np.float32(102942.914),32767.747259,np.float32(-0.88474077),np.float64(-0.713170204869841),1.715706e-01
np.float32(102942.92),32767.749745,np.float32(-0.8810725),np.float64(-0.7076720049616789),1.734005e-01
np.float32(102942.93),32767.752232,np.float32(-0.8773505),np.float64(-0.7021306124018101),1.752199e-01
np.float32(102942.94),32767.754719,np.float32(-0.8735749),np.float64(-0.6965463654082751),1.770285e-01
np.float32(102942.945),32767.757206,np.float32(-0.869746),np.float64(-0.690919604814728),1.788264e-01
np.float32(102942.95),32767.759693,np.float32(-0.86586404),np.float64(-0.6852506740496341),1.806134e-01
np.float32(102942.96),32767.762179,np.float32(-0.86192924),np.float64(-0.6795399191153086),1.823893e-01
np.float32(102942.97),32767.764666,np.float32(-0.8579418),np.float64(-0.6737876885667983),1.841541e-01
np.float32(102942.98),32767.767153,np.float32(-0.85390204),np.float64(-0.6679943334906078),1.859077e-01
np.float32(102942.984),32767.769640,np.float32(-0.8498101),np.float64(-0.6621602074832709),1.876499e-01
np.float32(102942.99),32767.772127,np.float32(-0.8456664),np.float64(-0.6562856666297687),1.893807e-01
np.float32(102943.0),32767.774613,np.float32(-0.84147096),np.float64(-0.6503710694817968),1.910999e-01
np.float32(102943.01),32767.777100,np.float32(-0.83722425),np.float64(-0.64441677703588),1.928075e-01
np.float32(102943.016),32767.779587,np.float32(-0.8329264),np.float64(-0.6384231527113394),1.945032e-01
np.float32(102943.02),32767.782074,np.float32(-0.8285777),np.float64(-0.6323905623281117),1.961871e-01
np.float32(102943.03),32767.784561,np.float32(-0.82417846),np.float64(-0.6263193740844208),1.978591e-01
np.float32(102943.04),32767.787047,np.float32(-0.81972885),np.float64(-0.6202099585343049),1.995189e-01
np.float32(102943.05),32767.789534,np.float32(-0.8152293),np.float64(-0.6140626885650003),2.011666e-01
np.float32(102943.055),32767.792021,np.float32(-0.81068),np.float64(-0.6078779393741816),2.028020e-01
np.float32(102943.06),32767.794508,np.float32(-0.80608106),np.float64(-0.601656088447062),2.044250e-01
np.float32(102943.07),32767.796995,np.float32(-0.8014331),np.float64(-0.5953975155333535),2.060356e-01
np.float32(102943.08),32767.799481,np.float32(-0.7967361),np.float64(-0.5891026026240889),2.076335e-01
np.float32(102943.086),32767.801968,np.float32(-0.7919906),np.float64(-0.582771733928307),2.092188e-01
np.float32(102943.09),32767.804455,np.float32(-0.78719664),np.float64(-0.5764052958496024),2.107913e-01
np.float32(102943.1),32767.806942,np.float32(-0.7823547),np.float64(-0.5700036769625418),2.123510e-01
np.float32(102943.11),32767.809429,np.float32(-0.777465),np.float64(-0.5635672679889469),2.138977e-01
np.float32(102943.12),32767.811915,np.float32(-0.7725278),np.float64(-0.5570964617740466),2.154314e-01
np.float32(102943.125),32767.814402,np.float32(-0.7675435),np.float64(-0.5505916532625009),2.169518e-01
np.float32(102943.13),32767.816889,np.float32(-0.7625123),np.float64(-0.5440532394742942),2.184591e-01
np.float32(102943.14),32767.819376,np.float32(-0.7574346),np.float64(-0.5374816194805038),2.199530e-01
np.float32(102943.15),32767.821863,np.float32(-0.7523107),np.float64(-0.5308771943789429),2.214335e-01
np.float32(102943.16),32767.824349,np.float32(-0.7471408),np.float64(-0.524240367269679),2.229005e-01
np.float32(102943.164),32767.826836,np.float32(-0.7419254),np.float64(-0.5175715432304318),2.243539e-01
np.float32(102943.17),32767.829323,np.float32(-0.73666465),np.float64(-0.5108711292918477),2.257935e-01
np.float32(102943.18),32767.831810,np.float32(-0.731359),np.float64(-0.5041395344126588),2.272195e-01
np.float32(102943.19),32767.834297,np.float32(-0.72600865),np.float64(-0.4973771694547204),2.286315e-01
np.float32(102943.195),32767.836783,np.float32(-0.720614),np.float64(-0.490584447157935),2.300296e-01
np.float32(102943.2),32767.839270,np.float32(-0.7151754),np.float64(-0.4837617821150606),2.314136e-01
np.float32(102943.21),32767.841757,np.float32(-0.70969313),np.float64(-0.4769095907464062),2.327835e-01
np.float32(102943.22),32767.844244,np.float32(-0.7041675),np.float64(-0.47002829127441537),2.341392e-01
np.float32(102943.23),32767.846731,np.float32(-0.6985989),np.float64(-0.4631183036981404),2.354806e-01
np.float32(102943.234),32767.849217,np.float32(-0.6929877),np.float64(-0.4561800497676075),2.368076e-01
np.float32(102943.24),32767.851704,np.float32(-0.68733424),np.float64(-0.44921395295807554),2.381203e-01
np.float32(102943.25),32767.854191,np.float32(-0.6816387),np.float64(-0.4422204384441892),2.394183e-01
np.float32(102943.26),32767.856678,np.float32(-0.6759017),np.float64(-0.4351999330740285),2.407018e-01
np.float32(102943.266),32767.859164,np.float32(-0.67012334),np.float64(-0.4281528653430562),2.419705e-01
np.float32(102943.27),32767.861651,np.float32(-0.66430414),np.float64(-0.42107966536796465),2.432245e-01
np.float32(102943.28),32767.864138,np.float32(-0.6584444),np.float64(-0.41398076486042373),2.444636e-01
np.float32(102943.29),32767.866625,np.float32(-0.65254444),np.float64(-0.40685659710073135),2.456878e-01
np.float32(102943.3),32767.869112,np.float32(-0.64660466),np.float64(-0.39970759691136826),2.468971e-01
np.float32(102943.305),32767.871598,np.float32(-0.6406254),np.float64(-0.3925342006304587),2.480912e-01
np.float32(102943.31),32767.874085,np.float32(-0.6346071),np.float64(-0.3853368460851386),2.492702e-01
np.float32(102943.32),32767.876572,np.float32(-0.62855),np.float64(-0.3781159725648328),2.504340e-01
np.float32(102943.33),32767.879059,np.float32(-0.6224545),np.float64(-0.3708720207944433),2.515825e-01
np.float32(102943.336),32767.881546,np.float32(-0.61632115),np.float64(-0.3636054329074495),2.527157e-01
np.float32(102943.34),32767.884032,np.float32(-0.61015004),np.float64(-0.3563166524189226),2.538334e-01
np.float32(102943.35),32767.886519,np.float32(-0.6039418),np.float64(-0.34900612419845584),2.549357e-01
np.float32(102943.36),32767.889006,np.float32(-0.5976966),np.float64(-0.34167429444301195),2.560223e-01
np.float32(102943.37),32767.891493,np.float32(-0.59141505),np.float64(-0.33432161064968957),2.570934e-01
np.float32(102943.375),32767.893980,np.float32(-0.58509725),np.float64(-0.32694852158841037),2.581487e-01
np.float32(102943.38),32767.896466,np.float32(-0.5787438),np.float64(-0.3195554772745282),2.591883e-01
np.float32(102943.39),32767.898953,np.float32(-0.57235503),np.float64(-0.312142928941363),2.602121e-01
np.float32(102943.4),32767.901440,np.float32(-0.5659314),np.float64(-0.3047113290126592),2.612201e-01
np.float32(102943.41),32767.903927,np.float32(-0.5594731),np.float64(-0.2972611310749726),2.622120e-01
np.float32(102943.414),32767.906414,np.float32(-0.5529808),np.float64(-0.28979278984998563),2.631880e-01
np.float32(102943.42),32767.908900,np.float32(-0.54645455),np.float64(-0.28230676116675335),2.641478e-01
np.float32(102943.43),32767.911387,np.float32(-0.5398951),np.float64(-0.27480350193388225),2.650916e-01
np.float32(102943.44),32767.913874,np.float32(-0.53330266),np.float64(-0.2672834701116426),2.660192e-01
np.float32(102943.445),32767.916361,np.float32(-0.5266777),np.float64(-0.25974712468401717),2.669306e-01
np.float32(102943.45),32767.918848,np.float32(-0.52002054),np.float64(-0.2521949256306872),2.678256e-01
np.float32(102943.46),32767.921334,np.float32(-0.51333165),np.float64(-0.24462733389895724),2.687043e-01
np.float32(102943.47),32767.923821,np.float32(-0.50661147),np.float64(-0.23704481137562197),2.695667e-01
np.float32(102943.48),32767.926308,np.float32(-0.49986035),np.float64(-0.22944782085877435),2.704125e-01
np.float32(102943.484),32767.928795,np.float32(-0.49307865),np.float64(-0.22183682602955926),2.712418e-01
np.float32(102943.49),32767.931282,np.float32(-0.48626697),np.float64(-0.21421229142387252),2.720547e-01
np.float32(102943.5),32767.933768,np.float32(-0.47942552),np.float64(-0.20657468240400814),2.728508e-01
np.float32(102943.51),32767.936255,np.float32(-0.47255486),np.float64(-0.19892446513025505),2.736304e-01
np.float32(102943.516),32767.938742,np.float32(-0.46565533),np.float64(-0.19126210653244494),2.743932e-01
np.float32(102943.52),32767.941229,np.float32(-0.45872742),np.float64(-0.18358807428145335),2.751393e-01
np.float32(102943.53),32767.943716,np.float32(-0.45177144),np.float64(-0.17590283676065552),2.758686e-01
np.float32(102943.54),32767.946202,np.float32(-0.44478798),np.float64(-0.16820686303733845),2.765811e-01
np.float32(102943.55),32767.948689,np.float32(-0.43777728),np.float64(-0.1605006228340718),2.772767e-01
np.float32(102943.555),32767.951176,np.float32(-0.43073994),np.float64(-0.15278458650003807),2.779554e-01
np.float32(102943.56),32767.953663,np.float32(-0.42367625),np.float64(-0.1450592249823252),2.786170e-01
np.float32(102943.57),32767.956150,np.float32(-0.41658673),np.float64(-0.13732500979718226),2.792617e-01
np.float32(102943.58),32767.958636,np.float32(-0.40947175),np.float64(-0.12958241300124052),2.798893e-01
np.float32(102943.586),32767.961123,np.float32(-0.40233183),np.float64(-0.12183190716270159),2.804999e-01
np.float32(102943.59),32767.963610,np.float32(-0.3951673),np.float64(-0.11407396533249428),2.810933e-01
np.float32(102943.6),32767.966097,np.float32(-0.3879787),np.float64(-0.10630906101540198),2.816696e-01
np.float32(102943.61),32767.968584,np.float32(-0.3807664),np.float64(-0.09853766814116242),2.822287e-01
np.float32(102943.62),32767.971070,np.float32(-0.37353086),np.float64(-0.09076026103554143),2.827706e-01
np.float32(102943.625),32767.973557,np.float32(-0.3662725),np.float64(-0.08297731439138246),2.832952e-01
np.float32(102943.63),32767.976044,np.float32(-0.35899183),np.float64(-0.07518930323963392),2.838025e-01
np.float32(102943.64),32767.978531,np.float32(-0.35168922),np.float64(-0.0673967029203556),2.842925e-01
np.float32(102943.65),32767.981017,np.float32(-0.34436515),np.float64(-0.05959998905370644),2.847652e-01
np.float32(102943.66),32767.983504,np.float32(-0.33702004),np.float64(-0.05179963751091513),2.852204e-01
np.float32(102943.664),32767.985991,np.float32(-0.32965443),np.float64(-0.04399612438523534),2.856583e-01
np.float32(102943.67),32767.988478,np.float32(-0.3222686),np.float64(-0.03618992596288747),2.860787e-01
np.float32(102943.68),32767.990965,np.float32(-0.31486318),np.float64(-0.028381518693988583),2.864817e-01
np.float32(102943.69),32767.993451,np.float32(-0.3074385),np.float64(-0.020571379163472365),2.868671e-01
np.float32(102943.695),32767.995938,np.float32(-0.2999951),np.float64(-0.01275998406200081),2.872351e-01
np.float32(102943.7),32767.998425,np.float32(-0.29253334),np.float64(-0.0049478101568694935),2.875855e-01
np.float32(102943.71),32768.000912,np.float32(0.9901963),np.float64(0.002864665737091842),9.873316e-01
np.float32(102943.72),32768.003399,np.float32(0.98907477),np.float64(0.010676966786621618),9.783978e-01
np.float32(102943.73),32768.005885,np.float32(0.9878929),np.float64(0.018488616169129855),9.694043e-01
np.float32(102943.734),32768.008372,np.float32(0.9866508),np.float64(0.026299137101800978),9.603517e-01
np.float32(102943.74),32768.010859,np.float32(0.98534846),np.float64(0.034108052870694155),9.512404e-01
np.float32(102943.75),32768.013346,np.float32(0.98398596),np.float64(0.041914886859839504),9.420711e-01
np.float32(102943.76),32768.015833,np.float32(0.9825634),np.float64(0.04971916258032823),9.328442e-01
np.float32(102943.766),32768.018319,np.float32(0.98108083),np.float64(0.05752040369939507),9.235604e-01
np.float32(102943.77),32768.020806,np.float32(0.97953844),np.float64(0.0653181340694912),9.142203e-01
np.float32(102943.78),32768.023293,np.float32(0.9779362),np.float64(0.07311187775734582),9.048243e-01
np.float32(102943.79),32768.025780,np.float32(0.9762744),np.float64(0.08090115907301465),8.953732e-01
np.float32(102943.8),32768.028267,np.float32(0.97455287),np.float64(0.08868550259891364),8.858674e-01
np.float32(102943.805),32768.030753,np.float32(0.97277194),np.float64(0.09646443321883594),8.763075e-01
np.float32(102943.81),32768.033240,np.float32(0.9709316),np.float64(0.10423747614695059),8.666941e-01
np.float32(102943.82),32768.035727,np.float32(0.969032),np.float64(0.11200415695678102),8.570278e-01
np.float32(102943.83),32768.038214,np.float32(0.96707326),np.float64(0.11976400161016154),8.473093e-01
np.float32(102943.836),32768.040701,np.float32(0.9650555),np.float64(0.12751653648617023),8.375390e-01
np.float32(102943.84),32768.043187,np.float32(0.96297884),np.float64(0.13526128841003626),8.277176e-01
np.float32(102943.85),32768.045674,np.float32(0.9608434),np.float64(0.14299778468202018),8.178456e-01
np.float32(102943.86),32768.048161,np.float32(0.95864934),np.float64(0.15072555310626487),8.079238e-01
np.float32(102943.87),32768.050648,np.float32(0.9563967),np.float64(0.15844412201961616),7.979526e-01
np.float32(102943.875),32768.053135,np.float32(0.95408577),np.float64(0.1661530203204105),7.879327e-01
np.float32(102943.88),32768.055621,np.float32(0.9517166),np.float64(0.17385177749722874),7.778648e-01
np.float32(102943.89),32768.058108,np.float32(0.94928926),np.float64(0.1815399236576137),7.677493e-01
np.float32(102943.9),32768.060595,np.float32(0.94680405),np.float64(0.1892169895567499),7.575871e-01
np.float32(102943.91),32768.063082,np.float32(0.944261),np.float64(0.1968825066261039),7.473785e-01
np.float32(102943.914),32768.065569,np.float32(0.9416604),np.float64(0.20453600700202337),7.371244e-01
np.float32(102943.92),32768.068055,np.float32(0.9390023),np.float64(0.21217702355429288),7.268253e-01
np.float32(102943.93),32768.070542,np.float32(0.93628687),np.float64(0.2198050899146454),7.164818e-01
np.float32(102943.94),32768.073029,np.float32(0.93351424),np.float64(0.2274197405052268),7.060945e-01
np.float32(102943.945),32768.075516,np.float32(0.9306847),np.float64(0.23502051056701231),6.956642e-01
np.float32(102943.95),32768.078003,np.float32(0.92779833),np.float64(0.24260693618817325),6.851914e-01
np.float32(102943.96),32768.080489,np.float32(0.92485535),np.float64(0.25017855433239156),6.746768e-01
np.float32(102943.97),32768.082976,np.float32(0.9218559),np.float64(0.2577349028671213),6.641210e-01
np.float32(102943.98),32768.085463,np.float32(0.91880023),np.float64(0.26527552059179477),6.535247e-01
np.float32(102943.984),32768.087950,np.float32(0.91568846),np.float64(0.2727999472659718),6.428885e-01
np.float32(102943.99),32768.090437,np.float32(0.91252077),np.float64(0.2803077236374305),6.322130e-01
np.float32(102944.0),32768.092923,np.float32(0.9092974),np.float64(0.2877983914701977),6.214990e-01
np.float32(102944.01),32768.095410,np.float32(0.90601856),np.float64(0.29527149357251725),6.107471e-01
np.float32(102944.016),32768.097897,np.float32(0.9026844),np.float64(0.30272657382475454),5.999578e-01
np.float32(102944.02),32768.100384,np.float32(0.89929515),np.float64(0.31016317720723596),5.891320e-01
np.float32(102944.03),32768.102870,np.float32(0.89585096),np.float64(0.31758084982802065),5.782701e-01
np.float32(102944.04),32768.105357,np.float32(0.89235216),np.float64(0.32497913895060393),5.673730e-01
np.float32(102944.05),32768.107844,np.float32(0.8887989),np.float64(0.33235759302155),5.564413e-01
np.float32(102944.055),32768.110331,np.float32(0.8851914),np.float64(0.33971576169805223),5.454756e-01
np.float32(102944.06),32768.112818,np.float32(0.88152975),np.float64(0.34705319587542016),5.344766e-01
np.float32(102944.07),32768.115304,np.float32(0.8778144),np.float64(0.35436944771448997),5.234450e-01
np.float32(102944.08),32768.117791,np.float32(0.87404543),np.float64(0.3616640706689589),5.123814e-01
np.float32(102944.086),32768.120278,np.float32(0.87022316),np.float64(0.36893661951263956),5.012865e-01
np.float32(102944.09),32768.122765,np.float32(0.86634773),np.float64(0.3761866503666347),4.901611e-01
np.float32(102944.1),32768.125252,np.float32(0.8624195),np.float64(0.383413720726429),4.790058e-01
np.float32(102944.11),32768.127738,np.float32(0.85843855),np.float64(0.39061738948889746),4.678212e-01
np.float32(102944.12),32768.130225,np.float32(0.8544052),np.float64(0.3977972169792278),4.566080e-01
np.float32(102944.125),32768.132712,np.float32(0.85031974),np.float64(0.4049527649777563),4.453670e-01
np.float32(102944.13),32768.135199,np.float32(0.8461824),np.float64(0.4120835967467141),4.340988e-01
np.float32(102944.14),32768.137686,np.float32(0.8419934),np.float64(0.41918927705688375),4.228041e-01
np.float32(102944.15),32768.140172,np.float32(0.837753),np.float64(0.4262693722141631),4.114836e-01
np.float32(102944.16),32768.142659,np.float32(0.83346146),np.float64(0.43332345008603596),4.001380e-01
np.float32(102944.164),32768.145146,np.float32(0.8291191),np.float64(0.44035108012794705),3.887680e-01
np.float32(102944.17),32768.147633,np.float32(0.82472605),np.float64(0.44735183340958035),3.773742e-01
np.float32(102944.18),32768.150120,np.float32(0.8202827),np.float64(0.4543252826410388),3.659574e-01
np.float32(102944.19),32768.152606,np.float32(0.8157893),np.float64(0.46127100219892375),3.545183e-01
np.float32(102944.195),32768.155093,np.float32(0.8112461),np.float64(0.46818856815231297),3.430575e-01
np.float32(102944.2),32768.157580,np.float32(0.8066534),np.float64(0.4750775582886351),3.315758e-01
np.float32(102944.21),32768.160067,np.float32(0.80201143),np.float64(0.48193755213943945),3.200739e-01
np.float32(102944.22),32768.162554,np.float32(0.79732054),np.float64(0.488768131006059),3.085524e-01
np.float32(102944.23),32768.165040,np.float32(0.79258096),np.float64(0.49556887798516586),2.970121e-01
np.float32(102944.234),32768.167527,np.float32(0.78779304),np.float64(0.5023393779942168),2.854537e-01
np.float32(102944.24),32768.170014,np.float32(0.782957),np.float64(0.5090792177967877),2.738778e-01
np.float32(102944.25),32768.172501,np.float32(0.7780732),np.float64(0.5157879860277953),2.622852e-01
np.float32(102944.26),32768.174988,np.float32(0.77314186),np.float64(0.5224652732186053),2.506766e-01
np.float32(102944.266),32768.177474,np.float32(0.7681634),np.float64(0.5291106718220233),2.390527e-01
np.float32(102944.27),32768.179961,np.float32(0.763138),np.float64(0.5357237762371705),2.274142e-01
np.float32(102944.28),32768.182448,np.float32(0.75806606),np.float64(0.5423041828342383),2.157619e-01
np.float32(102944.29),32768.184935,np.float32(0.75294787),np.float64(0.5488514899791249),2.040964e-01
np.float32(102944.3),32768.187422,np.float32(0.74778366),np.float64(0.5553652980579481),1.924184e-01
np.float32(102944.305),32768.189908,np.float32(0.74257386),np.float64(0.5618452095014363),1.807286e-01
np.float32(102944.31),32768.192395,np.float32(0.7373187),np.float64(0.5682908288091936),1.690279e-01
np.float32(102944.32),32768.194882,np.float32(0.73201853),np.float64(0.5747017625738394),1.573168e-01
np.float32(102944.33),32768.197369,np.float32(0.7266737),np.float64(0.5810776195050199),1.455961e-01
np.float32(102944.336),32768.199856,np.float32(0.72128457),np.float64(0.5874180104532905),1.338666e-01
np.float32(102944.34),32768.202342,np.float32(0.71585137),np.float64(0.593722548433867),1.221288e-01
np.float32(102944.35),32768.204829,np.float32(0.7103745),np.float64(0.5999908486502462),1.103836e-01
np.float32(102944.36),32768.207316,np.float32(0.70485425),np.float64(0.6062225285176907),9.863172e-02
np.float32(102944.37),32768.209803,np.float32(0.69929093),np.float64(0.6124172076865807),8.687372e-02
np.float32(102944.375),32768.212290,np.float32(0.693685),np.float64(0.6185745080656283),7.511049e-02
np.float32(102944.38),32768.214776,np.float32(0.68803674),np.float64(0.6246940538449544),6.334269e-02
np.float32(102944.39),32768.217263,np.float32(0.68234646),np.float64(0.6307754715190256),5.157099e-02
np.float32(102944.4),32768.219750,np.float32(0.6766145),np.float64(0.6368183899094522),3.979613e-02
np.float32(102944.41),32768.222237,np.float32(0.6708413),np.float64(0.6428224401876417),2.801884e-02
np.float32(102944.414),32768.224723,np.float32(0.66502714),np.float64(0.6487872558973113),1.623989e-02
np.float32(102944.42),32768.227210,np.float32(0.65917236),np.float64(0.654712472976854),4.459883e-03
np.float32(102944.43),32768.229697,np.float32(0.65327734),np.float64(0.6605977297815587),7.320392e-03
np.float32(102944.44),32768.232184,np.float32(0.6473425),np.float64(0.666442667105684),1.910016e-02
np.float32(102944.445),32768.234671,np.float32(0.64136815),np.float64(0.6722469282043814),3.087878e-02
np.float32(102944.45),32768.237157,np.float32(0.6353546),np.float64(0.6780101588154697),4.265558e-02
np.float32(102944.46),32768.239644,np.float32(0.6293023),np.float64(0.6837320071810573),5.442968e-02
np.float32(102944.47),32768.242131,np.float32(0.62321156),np.float64(0.6894121240690113),6.620056e-02
np.float32(102944.48),32768.244618,np.float32(0.61708283),np.float64(0.6950501627942735),7.796733e-02
np.float32(102944.484),32768.247105,np.float32(0.61091644),np.float64(0.7006457792400194),8.972934e-02
np.float32(102944.49),32768.249591,np.float32(0.6047127),np.float64(0.7061986318786622),1.014859e-01
np.float32(102944.5),32768.252078,np.float32(0.5984721),np.float64(0.7117083817926971),1.132363e-01
np.float32(102944.51),32768.254565,np.float32(0.592195),np.float64(0.7171746926953878),1.249797e-01
np.float32(102944.516),32768.257052,np.float32(0.5858817),np.float64(0.7225972309512912),1.367155e-01
np.float32(102944.52),32768.259539,np.float32(0.5795327),np.float64(0.727975665596621),1.484430e-01
np.float32(102944.53),32768.262025,np.float32(0.57314825),np.float64(0.7333096683594477),1.601614e-01
np.float32(102944.54),32768.264512,np.float32(0.5667289),np.float64(0.7385989136797353),1.718700e-01
np.float32(102944.55),32768.266999,np.float32(0.5602749),np.float64(0.7438430787292112),1.835682e-01
np.float32(102944.555),32768.269486,np.float32(0.5537867),np.float64(0.7490418434310702),1.952551e-01
np.float32(102944.56),32768.271973,np.float32(0.5472647),np.float64(0.7541948904795103),2.069302e-01
np.float32(102944.57),32768.274459,np.float32(0.5407093),np.float64(0.7593019053590995),2.185926e-01
np.float32(102944.58),32768.276946,np.float32(0.534121),np.float64(0.764362576363972),2.302416e-01
np.float32(102944.586),32768.279433,np.float32(0.5275),np.float64(0.7693765946168534),2.418766e-01
np.float32(102944.59),32768.281920,np.float32(0.5208468),np.float64(0.7743436540879126),2.534969e-01
np.float32(102944.6),32768.284407,np.float32(0.5141618),np.float64(0.7792634516134409),2.651016e-01
np.float32(102944.61),32768.286893,np.float32(0.50744545),np.float64(0.7841356869143548),2.766902e-01
np.float32(102944.62),32768.289380,np.float32(0.50069815),np.float64(0.7889600626145239),2.882619e-01
np.float32(102944.625),32768.291867,np.float32(0.49392027),np.float64(0.7937362842589212),2.998160e-01
np.float32(102944.63),32768.294354,np.float32(0.48711225),np.float64(0.7984640603315951),3.113518e-01
np.float32(102944.64),32768.296841,np.float32(0.48027447),np.float64(0.8031431022734622),3.228686e-01
np.float32(102944.65),32768.299327,np.float32(0.47340742),np.float64(0.8077731244999187),3.343657e-01
np.float32(102944.66),32768.301814,np.float32(0.46651143),np.float64(0.8123538444182721),3.458424e-01
np.float32(102944.664),32768.304301,np.float32(0.459587),np.float64(0.8168849824449885),3.572980e-01
np.float32(102944.67),32768.306788,np.float32(0.4526345),np.float64(0.821366262022757),3.687317e-01
np.float32(102944.68),32768.309275,np.float32(0.4456544),np.float64(0.8257974096373696),3.801430e-01
np.float32(102944.69),32768.311761,np.float32(0.43864706),np.float64(0.8301781548344149),3.915311e-01
np.float32(102944.695),32768.314248,np.float32(0.43161297),np.float64(0.8345082302357852),4.028953e-01
np.float32(102944.7),32768.316735,np.float32(0.42455253),np.float64(0.8387873715559961),4.142348e-01
np.float32(102944.71),32768.319222,np.float32(0.4174662),np.float64(0.8430153176183168),4.255491e-01
np.float32(102944.72),32768.321709,np.float32(0.41035438),np.float64(0.8471918103707116),4.368374e-01
np.float32(102944.73),32768.324195,np.float32(0.4032175),np.float64(0.851316594901589),4.480991e-01
np.float32(102944.734),32768.326682,np.float32(0.396056),np.float64(0.8553894194553612),4.593334e-01
np.float32(102944.74),32768.329169,np.float32(0.38887036),np.float64(0.8594100354478097),4.705397e-01
np.float32(102944.75),32768.331656,np.float32(0.38166094),np.float64(0.8633781974812573),4.817173e-01
np.float32(102944.76),32768.334143,np.float32(0.37442827),np.float64(0.867293663359546),4.928654e-01
np.float32(102944.766),32768.336629,np.float32(0.36717272),np.float64(0.87115619410282),5.039835e-01
np.float32(102944.77),32768.339116,np.float32(0.35989478),np.float64(0.8749655539621105),5.150708e-01
np.float32(102944.78),32768.341603,np.float32(0.35259485),np.float64(0.8787215104337261),5.261267e-01
np.float32(102944.79),32768.344090,np.float32(0.34527344),np.float64(0.8824238342734426),5.371504e-01
np.float32(102944.8),32768.346576,np.float32(0.33793092),np.float64(0.8860722995104955),5.481414e-01
np.float32(102944.805),32768.349063,np.float32(0.3305678),np.float64(0.8896666834613713),5.590989e-01
np.float32(102944.81),32768.351550,np.float32(0.32318446),np.float64(0.8932067667434),5.700223e-01
np.float32(102944.82),32768.354037,np.float32(0.31578144),np.float64(0.8966923332881443),5.809109e-01
np.float32(102944.83),32768.356524,np.float32(0.30835915),np.float64(0.9001231703545876),5.917640e-01
np.float32(102944.836),32768.359010,np.float32(0.300918),np.float64(0.9034990685421185),6.025811e-01
np.float32(102944.84),32768.361497,np.float32(0.2934585),np.float64(0.9068198218033116),6.133613e-01
np.float32(102944.85),32768.363984,np.float32(0.28598112),np.float64(0.9100852274565037),6.241041e-01
np.float32(102944.86),32768.366471,np.float32(0.27848622),np.float64(0.9132950861981641),6.348089e-01
np.float32(102944.87),32768.368958,np.float32(0.27097437),np.float64(0.9164492021150598),6.454748e-01
np.float32(102944.875),32768.371444,np.float32(0.26344594),np.float64(0.9195473826962118),6.561014e-01
np.float32(102944.88),32768.373931,np.float32(0.25590152),np.float64(0.9225894388446462),6.666879e-01
np.float32(102944.89),32768.376418,np.float32(0.2483414),np.float64(0.925575184888935),6.772338e-01
np.float32(102944.9),32768.378905,np.float32(0.24076612),np.float64(0.9285044385945287),6.877383e-01
np.float32(102944.91),32768.381392,np.float32(0.23317616),np.float64(0.9313770211748791),6.982009e-01
np.float32(102944.914),32768.383878,np.float32(0.22557199),np.float64(0.9341927573023513),7.086208e-01
np.float32(102944.92),32768.386365,np.float32(0.21795404),np.float64(0.936951475118925),7.189974e-01
np.float32(102944.93),32768.388852,np.float32(0.2103228),np.float64(0.9396530062466836),7.293302e-01
np.float32(102944.94),32768.391339,np.float32(0.20267871),np.float64(0.9422971857980912),7.396185e-01
np.float32(102944.945),32768.393826,np.float32(0.19502224),np.float64(0.9448838523860565),7.498616e-01
np.float32(102944.95),32768.396312,np.float32(0.18735386),np.float64(0.9474128481337835),7.600590e-01
np.float32(102944.96),32768.398799,np.float32(0.17967406),np.float64(0.9498840186844063),7.702100e-01
np.float32(102944.97),32768.401286,np.float32(0.1719833),np.float64(0.9522972132104116),7.803139e-01
np.float32(102944.98),32768.403773,np.float32(0.16428205),np.float64(0.9546522844228436),7.903702e-01
np.float32(102944.984),32768.406260,np.float32(0.15657075),np.float64(0.9569490885802937),8.003783e-01
np.float32(102944.99),32768.408746,np.float32(0.14884992),np.float64(0.9591874854976746),8.103376e-01
np.float32(102945.0),32768.411233,np.float32(0.14111997),np.float64(0.9613673385547755),8.202474e-01
np.float32(102945.01),32768.413720,np.float32(0.13338144),np.float64(0.9634885147046012),8.301071e-01
np.float32(102945.016),32768.416207,np.float32(0.12563476),np.float64(0.9655508844814924),8.399161e-01
np.float32(102945.02),32768.418694,np.float32(0.1178804),np.float64(0.9675543220090278),8.496739e-01
np.float32(102945.03),32768.421180,np.float32(0.11011884),np.float64(0.9694987050077067),8.593799e-01
np.float32(102945.04),32768.423667,np.float32(0.10235057),np.float64(0.9713839148024127),8.690333e-01
np.float32(102945.05),32768.426154,np.float32(0.094576046),np.float64(0.9732098363296567),8.786338e-01
np.float32(102945.055),32768.428641,np.float32(0.08679578),np.float64(0.9749763581445998),8.881806e-01
np.float32(102945.06),32768.431128,np.float32(0.07901018),np.float64(0.9766833724278553),8.976732e-01
np.float32(102945.07),32768.433614,np.float32(0.07121978),np.float64(0.9783307749920697),9.071110e-01
np.float32(102945.08),32768.436101,np.float32(0.06342501),np.float64(0.9799184652882815),9.164935e-01
np.float32(102945.086),32768.438588,np.float32(0.055626407),np.float64(0.9814463464120583),9.258199e-01
np.float32(102945.09),32768.441075,np.float32(0.047824375),np.float64(0.9829143251094112),9.350899e-01
np.float32(102945.1),32768.443562,np.float32(0.040019423),np.float64(0.984322311782487),9.443029e-01
np.float32(102945.11),32768.446048,np.float32(0.03221205),np.float64(0.9856702204950358),9.534582e-01
np.float32(102945.12),32768.448535,np.float32(0.024402697),np.float64(0.9869579689776576),9.625553e-01
np.float32(102945.125),32768.451022,np.float32(0.016591867),np.float64(0.988185478632822),9.715936e-01
np.float32(102945.13),32768.453509,np.float32(0.008780011),np.float64(0.9893526745396667),9.805727e-01
np.float32(102945.14),32768.455996,np.float32(0.0009676336),np.float64(0.9904594854585693),9.894919e-01
np.float32(102945.15),32768.458482,np.float32(0.0),np.float64(0.9915058438354961),9.915058e-01
np.float32(102945.16),32768.460969,np.float32(0.0),np.float64(0.992491685806125),9.924917e-01
np.float32(102945.164),32768.463456,np.float32(0.0),np.float64(0.9934169511997432),9.934170e-01
np.float32(102945.17),32768.465943,np.float32(0.0),np.float64(0.9942815835429201),9.942816e-01
np.float32(102945.18),32768.468429,np.float32(0.0),np.float64(0.995085530062954),9.950855e-01
np.float32(102945.19),32768.470916,np.float32(0.0),np.float64(0.9958287416910929),9.958287e-01
np.float32(102945.195),32768.473403,np.float32(0.0),np.float64(0.9965111730655297),9.965112e-01
np.float32(102945.2),32768.475890,np.float32(0.0),np.float64(0.9971327825341708),9.971328e-01
np.float32(102945.21),32768.478377,np.float32(0.0),np.float64(0.9976935321571782),9.976935e-01
np.float32(102945.22),32768.480863,np.float32(0.0),np.float64(0.9981933877092848),9.981934e-01
np.float32(102945.23),32768.483350,np.float32(0.0),np.float64(0.9986323186818842),9.986323e-01
np.float32(102945.234),32768.485837,np.float32(0.0),np.float64(0.9990102982848923),9.990103e-01
np.float32(102945.24),32768.488324,np.float32(0.0),np.float64(0.9993273034483822),9.993273e-01
np.float32(102945.25),32768.490811,np.float32(0.0),np.float64(0.9995833148239925),9.995833e-01
np.float32(102945.26),32768.493297,np.float32(0.0),np.float64(0.9997783167861086),9.997783e-01
np.float32(102945.266),32768.495784,np.float32(0.0),np.float64(0.9999122974328157),9.999123e-01
np.float32(102945.27),32768.498271,np.float32(0.0),np.float64(0.9999852485866257),9.999852e-01
np.float32(102945.28),32768.500758,np.float32(0.0),np.float64(0.9999971657949761),9.999972e-01
np.float32(102945.29),32768.503245,np.float32(0.0),np.float64(0.9999480483305021),9.999480e-01
np.float32(102945.3),32768.505731,np.float32(0.0),np.float64(0.9998378991910805),9.998379e-01
np.float32(102945.305),32768.508218,np.float32(0.0),np.float64(0.9996667250996468),9.996667e-01
np.float32(102945.31),32768.510705,np.float32(0.0),np.float64(0.9994345365037857),9.994345e-01
np.float32(102945.32),32768.513192,np.float32(0.0),np.float64(0.999141347575092),9.991413e-01
np.float32(102945.33),32768.515679,np.float32(0.0),np.float64(0.9987871762083068),9.987872e-01
np.float32(102945.336),32768.518165,np.float32(0.0),np.float64(0.9983720440202252),9.983720e-01
np.float32(102945.34),32768.520652,np.float32(0.0),np.float64(0.9978959763483758),9.978960e-01
np.float32(102945.35),32768.523139,np.float32(0.0),np.float64(0.9973590022494759),9.973590e-01
np.float32(102945.36),32768.525626,np.float32(0.0),np.float64(0.9967611544976567),9.967612e-01
np.float32(102945.37),32768.528113,np.float32(0.0),np.float64(0.9961024695824635),9.961025e-01
np.float32(102945.375),32768.530599,np.float32(0.0),np.float64(0.9953829877066287),9.953830e-01
np.float32(102945.38),32768.533086,np.float32(0.0),np.float64(0.9946027527836175),9.946028e-01
np.float32(102945.39),32768.535573,np.float32(0.0),np.float64(0.9937618124349482),9.937618e-01
np.float32(102945.4),32768.538060,np.float32(0.0),np.float64(0.9928602179872853),9.928602e-01
np.float32(102945.41),32768.540547,np.float32(0.0),np.float64(0.9918980244693069),9.918980e-01
np.float32(102945.414),32768.543033,np.float32(0.0),np.float64(0.9908752906083459),9.908753e-01
np.float32(102945.42),32768.545520,np.float32(0.0),np.float64(0.989792078826806),9.897921e-01
np.float32(102945.43),32768.548007,np.float32(0.0),np.float64(0.9886484552383511),9.886485e-01
np.float32(102945.44),32768.550494,np.float32(0.0),np.float64(0.9874444896438708),9.874445e-01
np.float32(102945.445),32768.552981,np.float32(0.0),np.float64(0.9861802555272192),9.861803e-01
np.float32(102945.45),32768.555467,np.float32(0.0),np.float64(0.984855830050731),9.848558e-01
np.float32(102945.46),32768.557954,np.float32(0.0),np.float64(0.9834712940505107),9.834713e-01
np.float32(102945.47),32768.560441,np.float32(0.0),np.float64(0.9820267320314997),9.820267e-01
np.float32(102945.48),32768.562928,np.float32(0.0),np.float64(0.980522232162318),9.805222e-01
np.float32(102945.484),32768.565415,np.float32(0.0),np.float64(0.9789578862698833),9.789579e-01
np.float32(102945.49),32768.567901,np.float32(0.0),np.float64(0.9773337898338059),9.773338e-01
np.float32(102945.5),32768.570388,np.float32(0.0),np.float64(0.9756500419805614),9.756500e-01
np.float32(102945.51),32768.572875,np.float32(0.0),np.float64(0.9739067454774402),9.739067e-01
np.float32(102945.516),32768.575362,np.float32(0.0),np.float64(0.9721040067262756),9.721040e-01
np.float32(102945.52),32768.577849,np.float32(0.0),np.float64(0.9702419357569495),9.702419e-01
np.float32(102945.53),32768.580335,np.float32(0.0),np.float64(0.9683206462206763),9.683206e-01
np.float32(102945.54),32768.582822,np.float32(0.0),np.float64(0.9663402553830666),9.663403e-01
np.float32(102945.55),32768.585309,np.float32(0.0),np.float64(0.9643008841169698),9.643009e-01
np.float32(102945.555),32768.587796,np.float32(0.99988955),np.float64(0.9622026568950967),3.768690e-02
np.float32(102945.56),32768.590283,np.float32(0.9999658),np.float64(0.9600457017824222),3.992009e-02
np.float32(102945.57),32768.592769,np.float32(1.0),np.float64(0.9578301504283692),4.216985e-02
np.float32(102945.58),32768.595256,np.float32(1.0),np.float64(0.9555561380587727),4.444386e-02
np.float32(102945.586),32768.597743,np.float32(0.9998741),np.float64(0.9532238034676273),4.665031e-02
np.float32(102945.59),32768.600230,np.float32(0.9997063),np.float64(0.950833289008615),4.887304e-02
np.float32(102945.6),32768.602716,np.float32(0.99951714),np.float64(0.9483847405864173),5.113240e-02
np.float32(102945.61),32768.605203,np.float32(0.99925584),np.float64(0.9458783076478096),5.337753e-02
np.float32(102945.62),32768.607690,np.float32(0.99892414),np.float64(0.9433141431725397),5.560999e-02
np.float32(102945.625),32768.610177,np.float32(0.99853134),np.float64(0.9406924036639911),5.783894e-02
np.float32(102945.63),32768.612664,np.float32(0.99807763),np.float64(0.9380132491396305),6.006438e-02
np.float32(102945.64),32768.615150,np.float32(0.99756294),np.float64(0.9352768431212412),6.228610e-02
np.float32(102945.65),32768.617637,np.float32(0.9969874),np.float64(0.9324833526249424),6.450405e-02
np.float32(102945.66),32768.620124,np.float32(0.99635106),np.float64(0.9296329481509961),6.671812e-02
np.float32(102945.664),32768.622611,np.float32(0.9956538),np.float64(0.9267258036733995),6.892800e-02
np.float32(102945.67),32768.625098,np.float32(0.9948959),np.float64(0.9237620966292679),7.113378e-02
np.float32(102945.68),32768.627584,np.float32(0.9940772),np.float64(0.9207420079080036),7.333520e-02
np.float32(102945.69),32768.630071,np.float32(0.99319786),np.float64(0.9176657218402561),7.553214e-02
np.float32(102945.695),32768.632558,np.float32(0.9922579),np.float64(0.9145334261866711),7.772447e-02
np.float32(102945.7),32768.635045,np.float32(0.9912573),np.float64(0.911345312126431),7.991200e-02
np.float32(102945.71),32768.637532,np.float32(0.9901963),np.float64(0.9081015742455858),8.209471e-02
np.float32(102945.72),32768.640018,np.float32(0.98907477),np.float64(0.9048024105251768),8.427236e-02
np.float32(102945.73),32768.642505,np.float32(0.9878929),np.float64(0.9014480223291531),8.644490e-02
np.float32(102945.734),32768.644992,np.float32(0.9866508),np.float64(0.8980386143920811),8.861221e-02
np.float32(102945.74),32768.647479,np.float32(0.98534846),np.float64(0.8945743948066485),9.077407e-02
np.float32(102945.75),32768.649966,np.float32(0.98398596),np.float64(0.8910555750109633),9.293039e-02
np.float32(102945.76),32768.652452,np.float32(0.9825634),np.float64(0.8874823697756495),9.508101e-02
np.float32(102945.766),32768.654939,np.float32(0.98108083),np.float64(0.8838549971907376),9.722583e-02
np.float32(102945.77),32768.657426,np.float32(0.97953844),np.float64(0.8801736786523539),9.936476e-02
np.float32(102945.78),32768.659913,np.float32(0.9779362),np.float64(0.8764386388492078),1.014976e-01
np.float32(102945.79),32768.662400,np.float32(0.9762744),np.float64(0.8726501057488779),1.036243e-01
np.float32(102945.8),32768.664886,np.float32(0.97455287),np.float64(0.8688083105838976),1.057446e-01
np.float32(102945.805),32768.667373,np.float32(0.97277194),np.float64(0.8649134878376427),1.078585e-01
np.float32(102945.81),32768.669860,np.float32(0.9709316),np.float64(0.8609658752300188),1.099657e-01
np.float32(102945.82),32768.672347,np.float32(0.969032),np.float64(0.8569657137029527),1.120663e-01
np.float32(102945.83),32768.674834,np.float32(0.96707326),np.float64(0.8529132474056865),1.141600e-01
np.float32(102945.836),32768.677320,np.float32(0.9650555),np.float64(0.8488087236798758),1.162468e-01
np.float32(102945.84),32768.679807,np.float32(0.96297884),np.float64(0.8446523930444934),1.183264e-01
np.float32(102945.85),32768.682294,np.float32(0.9608434),np.float64(0.8404445091805385),1.203989e-01
np.float32(102945.86),32768.684781,np.float32(0.95864934),np.float64(0.8361853289155542),1.224640e-01
np.float32(102945.87),32768.687268,np.float32(0.9563967),np.float64(0.8318751122079511),1.245216e-01
np.float32(102945.875),32768.689754,np.float32(0.95408577),np.float64(0.8275141221311414),1.265716e-01
np.float32(102945.88),32768.692241,np.float32(0.9517166),np.float64(0.823102624857482),1.286140e-01
np.float32(102945.89),32768.694728,np.float32(0.94928926),np.float64(0.8186408896420289),1.306484e-01
np.float32(102945.9),32768.697215,np.float32(0.94680405),np.float64(0.8141291888061029),1.326749e-01
np.float32(102945.91),32768.699702,np.float32(0.944261),np.float64(0.8095677977206688),1.346932e-01
np.float32(102945.914),32768.702188,np.float32(0.9416604),np.float64(0.8049569947895283),1.367034e-01
np.float32(102945.92),32768.704675,np.float32(0.9390023),np.float64(0.8002970614323274),1.387052e-01
np.float32(102945.93),32768.707162,np.float32(0.93628687),np.float64(0.7955882820673799),1.406986e-01
np.float32(102945.94),32768.709649,np.float32(0.93351424),np.float64(0.7908309440943082),1.426833e-01
np.float32(102945.945),32768.712136,np.float32(0.9306847),np.float64(0.7860253378765023),1.446593e-01
np.float32(102945.95),32768.714622,np.float32(0.92779833),np.float64(0.7811717567233964),1.466266e-01
np.float32(102945.96),32768.717109,np.float32(0.92485535),np.float64(0.7762704968725681),1.485849e-01
np.float32(102945.97),32768.719596,np.float32(0.9218559),np.float64(0.7713218574716565),1.505341e-01
np.float32(102945.98),32768.722083,np.float32(0.91880023),np.float64(0.7663261405601043),1.524741e-01
np.float32(102945.984),32768.724569,np.float32(0.91568846),np.float64(0.761283651050723),1.544048e-01
np.float32(102945.99),32768.727056,np.float32(0.91252077),np.float64(0.7561946967110824),1.563261e-01
np.float32(102946.0),32768.729543,np.float32(0.9092974),np.float64(0.7510595881447258),1.582378e-01
np.float32(102946.01),32768.732030,np.float32(0.90601856),np.float64(0.7458786387722129),1.601399e-01
np.float32(102946.016),32768.734517,np.float32(0.9026844),np.float64(0.7406521648119897),1.620322e-01
np.float32(102946.02),32768.737003,np.float32(0.89929515),np.float64(0.7353804852610886),1.639147e-01
np.float32(102946.03),32768.739490,np.float32(0.89585096),np.float64(0.7300639218756579),1.657870e-01
np.float32(102946.04),32768.741977,np.float32(0.89235216),np.float64(0.7247027991513244),1.676494e-01
np.float32(102946.05),32768.744464,np.float32(0.8887989),np.float64(0.7192974443033867),1.695014e-01
np.float32(102946.055),32768.746951,np.float32(0.8851914),np.float64(0.7138481872468447),1.713432e-01
np.float32(102946.06),32768.749437,np.float32(0.88152975),np.float64(0.7083553605762624),1.731744e-01
np.float32(102946.07),32768.751924,np.float32(0.8778144),np.float64(0.7028192995454688),1.749951e-01
np.float32(102946.08),32768.754411,np.float32(0.87404543),np.float64(0.6972403420470954),1.768051e-01
np.float32(102946.086),32768.756898,np.float32(0.87022316),np.float64(0.6916188285919527),1.786043e-01
np.float32(102946.09),32768.759385,np.float32(0.86634773),np.float64(0.6859551022882477),1.803926e-01
np.float32(102946.1),32768.761871,np.float32(0.8624195),np.float64(0.6802495088206423),1.821700e-01
np.float32(102946.11),32768.764358,np.float32(0.85843855),np.float64(0.6745023964291538),1.839362e-01
np.float32(102946.12),32768.766845,np.float32(0.8544052),np.float64(0.6687141158879009),1.856911e-01
np.float32(102946.125),32768.769332,np.float32(0.85031974),np.float64(0.6628850204836939),1.874347e-01
np.float32(102946.13),32768.771819,np.float32(0.8461824),np.float64(0.657015465994472),1.891669e-01
np.float32(102946.14),32768.774305,np.float32(0.8419934),np.float64(0.6511058106675887),1.908876e-01
np.float32(102946.15),32768.776792,np.float32(0.837753),np.float64(0.6451564151979453),1.925966e-01
np.float32(102946.16),32768.779279,np.float32(0.83346146),np.float64(0.6391676427059773),1.942938e-01
np.float32(102946.164),32768.781766,np.float32(0.8291191),np.float64(0.63313985871549),1.959792e-01
np.float32(102946.17),32768.784253,np.float32(0.82472605),np.float64(0.62707343113135),1.976526e-01
np.float32(102946.18),32768.786739,np.float32(0.8202827),np.float64(0.6209687302170294),1.993140e-01
np.float32(102946.19),32768.789226,np.float32(0.8157893),np.float64(0.6148261285720074),2.009632e-01
np.float32(102946.195),32768.791713,np.float32(0.8112461),np.float64(0.6086460011090281),2.026001e-01
np.float32(102946.2),32768.794200,np.float32(0.8066534),np.float64(0.6024287250312185),2.042247e-01
np.float32(102946.21),32768.796687,np.float32(0.80201143),np.float64(0.5961746798090652),2.058368e-01
np.float32(102946.22),32768.799173,np.float32(0.79732054),np.float64(0.5898842471572541),2.074363e-01
np.float32(102946.23),32768.801660,np.float32(0.79258096),np.float64(0.583557811011372),2.090232e-01
np.float32(102946.234),32768.804147,np.float32(0.78779304),np.float64(0.5771957575044739),2.105973e-01
np.float32(102946.24),32768.806634,np.float32(0.782957),np.float64(0.5707984749435144),2.121585e-01
np.float32(102946.25),32768.809121,np.float32(0.7780732),np.float64(0.5643663537856483),2.137068e-01
np.float32(102946.26),32768.811607,np.float32(0.77314186),np.float64(0.5578997866143985),2.152421e-01
np.float32(102946.266),32768.814094,np.float32(0.7681634),np.float64(0.5513991681156956),2.167642e-01
np.float32(102946.27),32768.816581,np.float32(0.763138),np.float64(0.544864895053787),2.182731e-01
np.float32(102946.28),32768.819068,np.float32(0.75806606),np.float64(0.5382973662470217),2.197687e-01
np.float32(102946.29),32768.821555,np.float32(0.75294787),np.float64(0.5316969825435077),2.212509e-01
np.float32(102946.3),32768.824041,np.float32(0.74778366),np.float64(0.5250641467966466),2.227195e-01
np.float32(102946.305),32768.826528,np.float32(0.74257386),np.float64(0.5183992638405456),2.241746e-01
np.float32(102946.31),32768.829015,np.float32(0.7373187),np.float64(0.5117027404653081),2.256160e-01
np.float32(102946.32),32768.831502,np.float32(0.73201853),np.float64(0.5049749853922059),2.270435e-01
np.float32(102946.33),32768.833989,np.float32(0.7266737),np.float64(0.49821640924873245),2.284573e-01
np.float32(102946.336),32768.836475,np.float32(0.72128457),np.float64(0.49142742454354066),2.298571e-01
np.float32(102946.34),32768.838962,np.float32(0.71585137),np.float64(0.48460844564126515),2.312429e-01
np.float32(102946.35),32768.841449,np.float32(0.7103745),np.float64(0.4777598887372318),2.326146e-01
np.float32(102946.36),32768.843936,np.float32(0.70485425),np.float64(0.4708821718320553),2.339721e-01
np.float32(102946.37),32768.846422,np.float32(0.69929093),np.float64(0.4639757147061264),2.353152e-01
np.float32(102946.375),32768.848909,np.float32(0.693685),np.float64(0.457040938893991),2.366441e-01
np.float32(102946.38),32768.851396,np.float32(0.68803674),np.float64(0.4500782676586214),2.379585e-01
np.float32(102946.39),32768.853883,np.float32(0.68234646),np.float64(0.44308812596558295),2.392583e-01
np.float32(102946.4),32768.856370,np.float32(0.6766145),np.float64(0.43607094045709605),2.405436e-01
np.float32(102946.41),32768.858856,np.float32(0.6708413),np.float64(0.42902713942599624),2.418141e-01
np.float32(102946.414),32768.861343,np.float32(0.66502714),np.float64(0.42195715278959334),2.430700e-01
np.float32(102946.42),32768.863830,np.float32(0.65917236),np.float64(0.41486141206343163),2.443109e-01
np.float32(102946.43),32768.866317,np.float32(0.65327734),np.float64(0.40774035033495215),2.455370e-01
np.float32(102946.44),32768.868804,np.float32(0.6473425),np.float64(0.40059440223705955),2.467481e-01
np.float32(102946.445),32768.871290,np.float32(0.64136815),np.float64(0.3934240039215942),2.479441e-01
np.float32(102946.45),32768.873777,np.float32(0.6353546),np.float64(0.38622959303271165),2.491250e-01
np.float32(102946.46),32768.876264,np.float32(0.6293023),np.float64(0.3790116086801711),2.502907e-01
np.float32(102946.47),32768.878751,np.float32(0.62321156),np.float64(0.3717704914125347),2.514411e-01
np.float32(102946.48),32768.881238,np.float32(0.61708283),np.float64(0.3645066831902783),2.525762e-01
np.float32(102946.484),32768.883724,np.float32(0.61091644),np.float64(0.3572206273588167),2.536958e-01
np.float32(102946.49),32768.886211,np.float32(0.6047127),np.float64(0.34991276862144427),2.548000e-01
np.float32(102946.5),32768.888698,np.float32(0.5984721),np.float64(0.3425835530121921),2.558886e-01
np.float32(102946.51),32768.891185,np.float32(0.592195),np.float64(0.3352334278686049),2.569615e-01
np.float32(102946.516),32768.893672,np.float32(0.5858817),np.float64(0.3278628418044374),2.580189e-01
np.float32(102946.52),32768.896158,np.float32(0.5795327),np.float64(0.3204722446822737),2.590604e-01
np.float32(102946.53),32768.898645,np.float32(0.57314825),np.float64(0.31306208758606946),2.600862e-01
np.float32(102946.54),32768.901132,np.float32(0.5667289),np.float64(0.3056328227936205),2.610961e-01
np.float32(102946.55),32768.903619,np.float32(0.5602749),np.float64(0.29818490374895795),2.620900e-01
np.float32(102946.555),32768.906106,np.float32(0.5537867),np.float64(0.29071878503467224),2.630679e-01
np.float32(102946.56),32768.908592,np.float32(0.5472647),np.float64(0.28323492234416797),2.640298e-01
np.float32(102946.57),32768.911079,np.float32(0.5407093),np.float64(0.2757337724538505),2.649755e-01
np.float32(102946.58),32768.913566,np.float32(0.534121),np.float64(0.26821579319524674),2.659052e-01
np.float32(102946.586),32768.916053,np.float32(0.5275),np.float64(0.26068144342706157),2.668185e-01
np.float32(102946.59),32768.918540,np.float32(0.5208468),np.float64(0.2531311830071713),2.677156e-01
np.float32(102946.6),32768.921026,np.float32(0.5141618),np.float64(0.24556547276455662),2.685964e-01
np.float32(102946.61),32768.923513,np.float32(0.50744545),np.float64(0.23798477447117553),2.694607e-01
np.float32(102946.62),32768.926000,np.float32(0.50069815),np.float64(0.23038955081377951),2.703086e-01
np.float32(102946.625),32768.928487,np.float32(0.49392027),np.float64(0.22278026536567339),2.711400e-01
np.float32(102946.63),32768.930974,np.float32(0.48711225),np.float64(0.2151573825584212),2.719549e-01
np.float32(102946.64),32768.933460,np.float32(0.48027447),np.float64(0.20752136765349974),2.727531e-01
np.float32(102946.65),32768.935947,np.float32(0.47340742),np.float64(0.19987268671390132),2.735347e-01
np.float32(102946.66),32768.938434,np.float32(0.46651143),np.float64(0.19221180657568773),2.742996e-01
np.float32(102946.664),32768.940921,np.float32(0.459587),np.float64(0.18453919481949696),2.750478e-01
np.float32(102946.67),32768.943408,np.float32(0.4526345),np.float64(0.17685531974200455),2.757792e-01
np.float32(102946.68),32768.945894,np.float32(0.4456544),np.float64(0.16916065032734104),2.764937e-01
np.float32(102946.69),32768.948381,np.float32(0.43864706),np.float64(0.1614556562184677),2.771914e-01
np.float32(102946.695),32768.950868,np.float32(0.43161297),np.float64(0.15374080768851195),2.778722e-01
np.float32(102946.7),32768.953355,np.float32(0.42455253),np.float64(0.14601657561206427),2.785360e-01
np.float32(102946.71),32768.955842,np.float32(0.4174662),np.float64(0.13828343143643845),2.791828e-01
np.float32(102946.72),32768.958328,np.float32(0.41035438),np.float64(0.13054184715289685),2.798125e-01
np.float32(102946.73),32768.960815,np.float32(0.4032175),np.float64(0.12279229526784255),2.804252e-01
np.float32(102946.734),32768.963302,np.float32(0.396056),np.float64(0.11503524877397994),2.810207e-01
np.float32(102946.74),32768.965789,np.float32(0.38887036),np.float64(0.10727118112144574),2.815992e-01
np.float32(102946.75),32768.968275,np.float32(0.38166094),np.float64(0.09950056618891195),2.821604e-01
np.float32(102946.76),32768.970762,np.float32(0.37442827),np.float64(0.09172387825466283),2.827044e-01
np.float32(102946.766),32768.973249,np.float32(0.36717272),np.float64(0.08394159196764737),2.832311e-01
np.float32(102946.77),32768.975736,np.float32(0.35989478),np.float64(0.07615418231850914),2.837406e-01
np.float32(102946.78),32768.978223,np.float32(0.35259485),np.float64(0.06836212461059532),2.842327e-01
np.float32(102946.79),32768.980709,np.float32(0.34527344),np.float64(0.06056589443094667),2.847075e-01
np.float32(102946.8),32768.983196,np.float32(0.33793092),np.float64(0.052765967621270095),2.851650e-01
np.float32(102946.805),32768.985683,np.float32(0.3305678),np.float64(0.04496282024889575),2.856050e-01
np.float32(102946.81),32768.988170,np.float32(0.32318446),np.float64(0.03715692857772035),2.860275e-01
np.float32(102946.82),32768.990657,np.float32(0.31578144),np.float64(0.029348769039138436),2.864327e-01
np.float32(102946.83),32768.993143,np.float32(0.30835915),np.float64(0.021538818202963512),2.868203e-01
np.float32(102946.836),32768.995630,np.float32(0.300918),np.float64(0.013727552748340647),2.871905e-01
np.float32(102946.84),32768.998117,np.float32(0.2934585),np.float64(0.005915449434652442),2.875430e-01
np.float32(102946.85),32769.000604,np.float32(0.28598112),np.float64(-0.0018970149275799035),2.878781e-01
np.float32(102946.86),32769.003091,np.float32(0.27848622),np.float64(-0.009709363505798645),2.881956e-01
np.float32(102946.87),32769.005577,np.float32(0.27097437),np.float64(-0.0175211194745129),2.884955e-01
np.float32(102946.875),32769.008064,np.float32(0.26344594),np.float64(-0.025331806044401613),2.887777e-01
np.float32(102946.88),32769.010551,np.float32(0.25590152),np.float64(-0.03314094649141432),2.890425e-01
np.float32(102946.89),32769.013038,np.float32(0.2483414),np.float64(-0.04094806418586794),2.892895e-01
np.float32(102946.9),32769.015525,np.float32(0.24076612),np.float64(-0.04875268262153776),2.895188e-01
np.float32(102946.91),32769.018011,np.float32(0.23317616),np.float64(-0.05655432544474096),2.897305e-01
np.float32(102946.914),32769.020498,np.float32(0.22557199),np.float64(-0.06435251648341077),2.899245e-01
np.float32(102946.92),32769.022985,np.float32(0.21795404),np.float64(-0.07214677977615955),2.901008e-01
np.float32(102946.93),32769.025472,np.float32(0.2103228),np.float64(-0.079936639601329),2.902594e-01
np.float32(102946.94),32769.027959,np.float32(0.20267871),np.float64(-0.08772162050602586),2.904003e-01
np.float32(102946.945),32769.030445,np.float32(0.19502224),np.float64(-0.09550124733514093),2.905235e-01
np.float32(102946.95),32769.032932,np.float32(0.18735386),np.float64(-0.10327504526035026),2.906289e-01
np.float32(102946.96),32769.035419,np.float32(0.17967406),np.float64(-0.11104253980909613),2.907166e-01
np.float32(102946.97),32769.037906,np.float32(0.1719833),np.float64(-0.11880325689354644),2.907866e-01
np.float32(102946.98),32769.040393,np.float32(0.16428205),np.float64(-0.12655672283953054),2.908388e-01
np.float32(102946.984),32769.042879,np.float32(0.15657075),np.float64(-0.13430246441544993),2.908732e-01
np.float32(102946.99),32769.045366,np.float32(0.14884992),np.float64(-0.14204000886116186),2.908899e-01
np.float32(102947.0),32769.047853,np.float32(0.14111997),np.float64(-0.14976888391683416),2.908889e-01
np.float32(102947.01),32769.050340,np.float32(0.13338144),np.float64(-0.15748861785176946),2.908701e-01
np.float32(102947.016),32769.052827,np.float32(0.12563476),np.float64(-0.16519873949319738),2.908335e-01
np.float32(102947.02),32769.055313,np.float32(0.1178804),np.float64(-0.17289877825503236),2.907792e-01
np.float32(102947.03),32769.057800,np.float32(0.11011884),np.float64(-0.18058826416659587),2.907071e-01
np.float32(102947.04),32769.060287,np.float32(0.10235057),np.float64(-0.1882667279013009),2.906173e-01
np.float32(102947.05),32769.062774,np.float32(0.094576046),np.float64(-0.19593370080529737),2.905097e-01
np.float32(102947.055),32769.065261,np.float32(0.08679578),np.float64(-0.20358871492607625),2.903845e-01
np.float32(102947.06),32769.067747,np.float32(0.07901018),np.float64(-0.211231303041031),2.902415e-01
np.float32(102947.07),32769.070234,np.float32(0.07121978),np.float64(-0.21886099868597444),2.900808e-01
np.float32(102947.08),32769.072721,np.float32(0.06342501),np.float64(-0.22647733618360932),2.899023e-01
np.float32(102947.086),32769.075208,np.float32(0.055626407),np.float64(-0.23407985067195083),2.897063e-01
np.float32(102947.09),32769.077695,np.float32(0.047824375),np.float64(-0.24166807813269942),2.894925e-01
np.float32(102947.1),32769.080181,np.float32(0.040019423),np.float64(-0.249241555419562),2.892610e-01
np.float32(102947.11),32769.082668,np.float32(0.03221205),np.float64(-0.25679982028652015),2.890119e-01
np.float32(102947.12),32769.085155,np.float32(0.024402697),np.float64(-0.2643424114160432),2.887451e-01
np.float32(102947.125),32769.087642,np.float32(0.016591867),np.float64(-0.2718688684472444),2.884607e-01
np.float32(102947.13),32769.090128,np.float32(0.008780011),np.float64(-0.2793787320039795),2.881587e-01
np.float32(102947.14),32769.092615,np.float32(0.0009676336),np.float64(-0.2868715437228842),2.878392e-01
np.float32(102947.15),32769.095102,np.float32(0.0),np.float64(-0.29434684628135055),2.943468e-01
np.float32(102947.16),32769.097589,np.float32(0.0),np.float64(-0.3018041834254395),3.018042e-01
np.float32(102947.164),32769.100076,np.float32(0.0),np.float64(-0.3092430999977284),3.092431e-01
np.float32(102947.17),32769.102562,np.float32(0.0),np.float64(-0.31666314196509115),3.166631e-01
np.float32(102947.18),32769.105049,np.float32(0.0),np.float64(-0.32406385644641045),3.240639e-01
np.float32(102947.19),32769.107536,np.float32(0.0),np.float64(-0.331444791740219),3.314448e-01
np.float32(102947.195),32769.110023,np.float32(0.0),np.float64(-0.3388054973522693),3.388055e-01
np.float32(102947.2),32769.112510,np.float32(0.0),np.float64(-0.3461455240230291),3.461455e-01
np.float32(102947.21),32769.114996,np.float32(0.0),np.float64(-0.3534644237551025),3.534644e-01
np.float32(102947.22),32769.117483,np.float32(0.0),np.float64(-0.36076174984057274),3.607617e-01
np.float32(102947.23),32769.119970,np.float32(0.0),np.float64(-0.3680370568882674),3.680371e-01
np.float32(102947.234),32769.122457,np.float32(0.0),np.float64(-0.37528990085094255),3.752899e-01
np.float32(102947.24),32769.124944,np.float32(0.0),np.float64(-0.38251983905238535),3.825198e-01
np.float32(102947.25),32769.127430,np.float32(0.0),np.float64(-0.3897264302144324),3.897264e-01
np.float32(102947.26),32769.129917,np.float32(0.0),np.float64(-0.39690923448390325),3.969092e-01
np.float32(102947.266),32769.132404,np.float32(0.0),np.float64(-0.404067813459447),4.040678e-01
np.float32(102947.27),32769.134891,np.float32(0.0),np.float64(-0.41120173021829953),4.112017e-01
np.float32(102947.28),32769.137378,np.float32(0.0),np.float64(-0.4183105493429514),4.183105e-01
np.float32(102947.29),32769.139864,np.float32(0.0),np.float64(-0.42539383694772365),4.253938e-01
np.float32(102947.3),32769.142351,np.float32(0.0),np.float64(-0.43245116070524925),4.324512e-01
np.float32(102947.305),32769.144838,np.float32(0.0),np.float64(-0.439482089872861),4.394821e-01
np.float32(102947.31),32769.147325,np.float32(0.0),np.float64(-0.44648619531888123),4.464862e-01
np.float32(102947.32),32769.149812,np.float32(0.0),np.float64(-0.45346304954881395),4.534630e-01
np.float32(102947.33),32769.152298,np.float32(0.0),np.float64(-0.460412226731437),4.604122e-01
np.float32(102947.336),32769.154785,np.float32(0.0),np.float64(-0.4673333027247926),4.673333e-01
np.float32(102947.34),32769.157272,np.float32(0.0),np.float64(-0.47422585510207466),4.742259e-01
np.float32(102947.35),32769.159759,np.float32(0.0),np.float64(-0.48108946317741147),4.810895e-01
np.float32(102947.36),32769.162246,np.float32(0.0),np.float64(-0.4879237080315426),4.879237e-01
np.float32(102947.37),32769.164732,np.float32(0.0),np.float64(-0.49472817253738705),4.947282e-01
np.float32(102947.375),32769.167219,np.float32(0.0),np.float64(-0.5015024413855029),5.015024e-01
np.float32(102947.38),32769.169706,np.float32(0.0),np.float64(-0.5082461011094357),5.082461e-01
np.float32(102947.39),32769.172193,np.float32(0.0),np.float64(-0.5149587401109538),5.149587e-01
np.float32(102947.4),32769.174680,np.float32(0.0),np.float64(-0.5216399486851708),5.216399e-01
np.float32(102947.41),32769.177166,np.float32(0.0),np.float64(-0.5282893190455515),5.282893e-01
np.float32(102947.414),32769.179653,np.float32(0.0),np.float64(-0.5349064453488015),5.349064e-01
np.float32(102947.42),32769.182140,np.float32(0.0),np.float64(-0.5414909237196368),5.414909e-01
np.float32(102947.43),32769.184627,np.float32(0.0),np.float64(-0.5480423522754356),5.480424e-01
np.float32(102947.44),32769.187114,np.float32(0.0),np.float64(-0.554560331150766),5.545603e-01
np.float32(102947.445),32769.189600,np.float32(0.0),np.float64(-0.5610444625217924),5.610445e-01
np.float32(102947.45),32769.192087,np.float32(0.0),np.float64(-0.5674943506305564),5.674944e-01
np.float32(102947.46),32769.194574,np.float32(0.0),np.float64(-0.5739096018091316),5.739096e-01
np.float32(102947.47),32769.197061,np.float32(0.0),np.float64(-0.5802898245036519),5.802898e-01
np.float32(102947.48),32769.199548,np.float32(0.0),np.float64(-0.5866346292982084),5.866346e-01
np.float32(102947.484),32769.202034,np.float32(0.0),np.float64(-0.5929436289386191),5.929436e-01
np.float32(102947.49),32769.204521,np.float32(0.0),np.float64(-0.5992164383560636),5.992164e-01
np.float32(102947.5),32769.207008,np.float32(0.0),np.float64(-0.6054526746905864),6.054527e-01
np.float32(102947.51),32769.209495,np.float32(0.0),np.float64(-0.6116519573144643),6.116520e-01
np.float32(102947.516),32769.211981,np.float32(0.0),np.float64(-0.6178139078554383),6.178139e-01
np.float32(102947.52),32769.214468,np.float32(0.0),np.float64(-0.6239381502198073),6.239382e-01
np.float32(102947.53),32769.216955,np.float32(0.0),np.float64(-0.6300243106153827),6.300243e-01
np.float32(102947.54),32769.219442,np.float32(0.0),np.float64(-0.6360720175743032),6.360720e-01
np.float32(102947.55),32769.221929,np.float32(0.0),np.float64(-0.6420809019757072),6.420809e-01
np.float32(102947.555),32769.224415,np.float32(0.99988955),np.float64(-0.6480505970682617),1.647940e+00
np.float32(102947.56),32769.226902,np.float32(0.9999658),np.float64(-0.6539807384925473),1.653947e+00
np.float32(102947.57),32769.229389,np.float32(1.0),np.float64(-0.6598709643032964),1.659871e+00
np.float32(102947.58),32769.231876,np.float32(1.0),np.float64(-0.6657209149914849),1.665721e+00
np.float32(102947.586),32769.234363,np.float32(0.9998741),np.float64(-0.6715302335062745),1.671404e+00
np.float32(102947.59),32769.236849,np.float32(0.9997063),np.float64(-0.6772985652768055),1.677005e+00
np.float32(102947.6),32769.239336,np.float32(0.99951714),np.float64(-0.6830255582338377),1.682543e+00
np.float32(102947.61),32769.241823,np.float32(0.99925584),np.float64(-0.6887108628312388),1.687967e+00
np.float32(102947.62),32769.244310,np.float32(0.99892414),np.float64(-0.6943541320673197),1.693278e+00
np.float32(102947.625),32769.246797,np.float32(0.99853134),np.float64(-0.6999550215060123),1.698486e+00
np.float32(102947.63),32769.249283,np.float32(0.99807763),np.float64(-0.7055131892978936),1.703591e+00
np.float32(102947.64),32769.251770,np.float32(0.99756294),np.float64(-0.7110282962010493),1.708591e+00
np.float32(102947.65),32769.254257,np.float32(0.9969874),np.float64(-0.7165000056017801),1.713487e+00
np.float32(102947.66),32769.256744,np.float32(0.99635106),np.float64(-0.7219279835351461),1.718279e+00
np.float32(102947.664),32769.259231,np.float32(0.9956538),np.float64(-0.7273118987053514),1.722966e+00
np.float32(102947.67),32769.261717,np.float32(0.9948959),np.float64(-0.7326514225059636),1.727547e+00
np.float32(102947.68),32769.264204,np.float32(0.9940772),np.float64(-0.7379462290399708),1.732023e+00
np.float32(102947.69),32769.266691,np.float32(0.99319786),np.float64(-0.7431959951396726),1.736394e+00
np.float32(102947.695),32769.269178,np.float32(0.9922579),np.float64(-0.7484004003864047),1.740658e+00
np.float32(102947.7),32769.271665,np.float32(0.9912573),np.float64(-0.7535591271300952),1.744816e+00
np.float32(102947.71),32769.274151,np.float32(0.9901963),np.float64(-0.7586718605086528),1.748868e+00
np.float32(102947.72),32769.276638,np.float32(0.98907477),np.float64(-0.763738288467184),1.752813e+00
np.float32(102947.73),32769.279125,np.float32(0.9878929),np.float64(-0.7687581017770396),1.756651e+00
np.float32(102947.734),32769.281612,np.float32(0.9866508),np.float64(-0.7737309940546881),1.760382e+00
np.float32(102947.74),32769.284099,np.float32(0.98534846),np.float64(-0.7786566617804165),1.764005e+00
np.float32(102947.75),32769.286585,np.float32(0.98398596),np.float64(-0.7835348043168542),1.767521e+00
np.float32(102947.76),32769.289072,np.float32(0.9825634),np.float64(-0.7883651239273238),1.770929e+00
np.float32(102947.766),32769.291559,np.float32(0.98108083),np.float64(-0.7931473257940128),1.774228e+00
np.float32(102947.77),32769.294046,np.float32(0.97953844),np.float64(-0.7978811180359675),1.777420e+00
np.float32(102947.78),32769.296533,np.float32(0.9779362),np.float64(-0.8025662117269083),1.780502e+00
np.float32(102947.79),32769.299019,np.float32(0.9762744),np.float64(-0.8072023209128643),1.783477e+00
np.float32(102947.8),32769.301506,np.float32(0.97455287),np.float64(-0.811789162629626),1.786342e+00
np.float32(102947.805),32769.303993,np.float32(0.97277194),np.float64(-0.8163264569200166),1.789098e+00
np.float32(102947.81),32769.306480,np.float32(0.9709316),np.float64(-0.8208139268509786),1.791746e+00
np.float32(102947.82),32769.308967,np.float32(0.969032),np.float64(-0.8252512985304767),1.794283e+00
np.float32(102947.83),32769.311453,np.float32(0.96707326),np.float64(-0.8296383011242148),1.796712e+00
np.float32(102947.836),32769.313940,np.float32(0.9650555),np.float64(-0.8339746668721658),1.799030e+00
np.float32(102947.84),32769.316427,np.float32(0.96297884),np.float64(-0.8382601311049152),1.801239e+00
np.float32(102947.85),32769.318914,np.float32(0.9608434),np.float64(-0.8424944322598139),1.803338e+00
np.float32(102947.86),32769.321401,np.float32(0.95864934),np.float64(-0.8466773118969441),1.805327e+00
np.float32(102947.87),32769.323887,np.float32(0.9563967),np.float64(-0.850808514714892),1.807205e+00
np.float32(102947.875),32769.326374,np.float32(0.95408577),np.float64(-0.8548877885663307),1.808974e+00
np.float32(102947.88),32769.328861,np.float32(0.9517166),np.float64(-0.8589148844734096),1.810631e+00
np.float32(102947.89),32769.331348,np.float32(0.94928926),np.float64(-0.862889556642951),1.812179e+00
np.float32(102947.9),32769.333835,np.float32(0.94680405),np.float64(-0.8668115624814517),1.813616e+00
np.float32(102947.91),32769.336321,np.float32(0.944261),np.float64(-0.8706806626098903),1.814942e+00
np.float32(102947.914),32769.338808,np.float32(0.9416604),np.float64(-0.8744966208783369),1.816157e+00
np.float32(102947.92),32769.341295,np.float32(0.9390023),np.float64(-0.8782592043803671),1.817261e+00
np.float32(102947.93),32769.343782,np.float32(0.93628687),np.float64(-0.8819681834672769),1.818255e+00
np.float32(102947.94),32769.346268,np.float32(0.93351424),np.float64(-0.8856233317620996),1.819138e+00
np.float32(102947.945),32769.348755,np.float32(0.9306847),np.float64(-0.8892244261734227),1.819909e+00
np.float32(102947.95),32769.351242,np.float32(0.92779833),np.float64(-0.892771246909004),1.820570e+00
np.float32(102947.96),32769.353729,np.float32(0.92485535),np.float64(-0.8962635774891868),1.821119e+00
np.float32(102947.97),32769.356216,np.float32(0.9218559),np.float64(-0.8997012047601126),1.821557e+00
np.float32(102947.98),32769.358702,np.float32(0.91880023),np.float64(-0.9030839189067311),1.821884e+00
np.float32(102947.984),32769.361189,np.float32(0.91568846),np.float64(-0.9064115134656058),1.822100e+00
np.float32(102947.99),32769.363676,np.float32(0.91252077),np.float64(-0.9096837853375159),1.822205e+00
np.float32(102948.0),32769.366163,np.float32(0.9092974),np.float64(-0.9129005347998523),1.822198e+00
np.float32(102948.01),32769.368650,np.float32(0.90601856),np.float64(-0.9160615655188076),1.822080e+00
np.float32(102948.016),32769.371136,np.float32(0.9026844),np.float64(-0.9191666845613591),1.821851e+00
np.float32(102948.02),32769.373623,np.float32(0.89929515),np.float64(-0.9222157024070449),1.821511e+00
np.float32(102948.03),32769.376110,np.float32(0.89585096),np.float64(-0.925208432959531),1.821059e+00
np.float32(102948.04),32769.378597,np.float32(0.89235216),np.float64(-0.9281446935579695),1.820497e+00
np.float32(102948.05),32769.381084,np.float32(0.8887989),np.float64(-0.9310243049881475),1.819823e+00
np.float32(102948.055),32769.383570,np.float32(0.8851914),np.float64(-0.9338470914934254),1.819038e+00
np.float32(102948.06),32769.386057,np.float32(0.88152975),np.float64(-0.9366128807854641),1.818143e+00
np.float32(102948.07),32769.388544,np.float32(0.8778144),np.float64(-0.9393215040547407),1.817136e+00
np.float32(102948.08),32769.391031,np.float32(0.87404543),np.float64(-0.9419727959808514),1.816018e+00
np.float32(102948.086),32769.393518,np.float32(0.87022316),np.float64(-0.9445665947426024),1.814790e+00
np.float32(102948.09),32769.396004,np.float32(0.86634773),np.float64(-0.9471027420278862),1.813450e+00
np.float32(102948.1),32769.398491,np.float32(0.8624195),np.float64(-0.9495810830433444),1.812001e+00
np.float32(102948.11),32769.400978,np.float32(0.85843855),np.float64(-0.9520014665238152),1.810440e+00
np.float32(102948.12),32769.403465,np.float32(0.8544052),np.float64(-0.954363744741566),1.808769e+00
np.float32(102948.125),32769.405952,np.float32(0.85031974),np.float64(-0.9566677735153101),1.806988e+00
np.float32(102948.13),32769.408438,np.float32(0.8461824),np.float64(-0.9589134122190064),1.805096e+00
np.float32(102948.14),32769.410925,np.float32(0.8419934),np.float64(-0.9611005237904431),1.803094e+00
np.float32(102948.15),32769.413412,np.float32(0.837753),np.float64(-0.9632289747396025),1.800982e+00
np.float32(102948.16),32769.415899,np.float32(0.83346146),np.float64(-0.9652986351568091),1.798760e+00
np.float32(102948.164),32769.418386,np.float32(0.8291191),np.float64(-0.9673093787206587),1.796428e+00
np.float32(102948.17),32769.420872,np.float32(0.82472605),np.float64(-0.9692610827057276),1.793987e+00
np.float32(102948.18),32769.423359,np.float32(0.8202827),np.float64(-0.9711536279900641),1.791436e+00
np.float32(102948.19),32769.425846,np.float32(0.8157893),np.float64(-0.9729868990624587),1.788776e+00
np.float32(102948.195),32769.428333,np.float32(0.8112461),np.float64(-0.9747607840294942),1.786007e+00
np.float32(102948.2),32769.430820,np.float32(0.8066534),np.float64(-0.9764751746223749),1.783129e+00
np.float32(102948.21),32769.433306,np.float32(0.80201143),np.float64(-0.9781299662035354),1.780141e+00
np.float32(102948.22),32769.435793,np.float32(0.79732054),np.float64(-0.9797250577730269),1.777046e+00
np.float32(102948.23),32769.438280,np.float32(0.79258096),np.float64(-0.9812603519746812),1.773841e+00
np.float32(102948.234),32769.440767,np.float32(0.78779304),np.float64(-0.9827357551020535),1.770529e+00
np.float32(102948.24),32769.443254,np.float32(0.782957),np.float64(-0.9841511771041414),1.767108e+00
np.float32(102948.25),32769.445740,np.float32(0.7780732),np.float64(-0.9855065315908812),1.763580e+00
np.float32(102948.26),32769.448227,np.float32(0.77314186),np.float64(-0.9868017358384208),1.759944e+00
np.float32(102948.266),32769.450714,np.float32(0.7681634),np.float64(-0.9880367107941687),1.756200e+00
np.float32(102948.27),32769.453201,np.float32(0.763138),np.float64(-0.9892113810816189),1.752349e+00
np.float32(102948.28),32769.455688,np.float32(0.75806606),np.float64(-0.9903256750049515),1.748392e+00
np.float32(102948.29),32769.458174,np.float32(0.75294787),np.float64(-0.9913795245534087),1.744327e+00
np.float32(102948.3),32769.460661,np.float32(0.74778366),np.float64(-0.9923728654054459),1.740157e+00
np.float32(102948.305),32769.463148,np.float32(0.74257386),np.float64(-0.9933056369326572),1.735879e+00
np.float32(102948.31),32769.465635,np.float32(0.7373187),np.float64(-0.9941777822034763),1.731496e+00
np.float32(102948.32),32769.468121,np.float32(0.73201853),np.float64(-0.9949892479866512),1.727008e+00
np.float32(102948.33),32769.470608,np.float32(0.7266737),np.float64(-0.9957399847544929),1.722414e+00
np.float32(102948.336),32769.473095,np.float32(0.72128457),np.float64(-0.9964299466858983),1.717715e+00
np.float32(102948.34),32769.475582,np.float32(0.71585137),np.float64(-0.9970590916691476),1.712910e+00
np.float32(102948.35),32769.478069,np.float32(0.7103745),np.float64(-0.9976273813044736),1.708002e+00
np.float32(102948.36),32769.480555,np.float32(0.70485425),np.float64(-0.9981347809064062),1.702989e+00
np.float32(102948.37),32769.483042,np.float32(0.69929093),np.float64(-0.9985812595058886),1.697872e+00
np.float32(102948.375),32769.485529,np.float32(0.693685),np.float64(-0.9989667898521687),1.692652e+00
np.float32(102948.38),32769.488016,np.float32(0.68803674),np.float64(-0.999291348414461),1.687328e+00
np.float32(102948.39),32769.490503,np.float32(0.68234646),np.float64(-0.9995549153833838),1.681901e+00
np.float32(102948.4),32769.492989,np.float32(0.6766145),np.float64(-0.9997574746721678),1.676372e+00
np.float32(102948.41),32769.495476,np.float32(0.6708413),np.float64(-0.9998990139176379),1.670740e+00
np.float32(102948.414),32769.497963,np.float32(0.66502714),np.float64(-0.9999795244809684),1.665007e+00
np.float32(102948.42),32769.500450,np.float32(0.65917236),np.float64(-0.9999990014482091),1.659171e+00
np.float32(102948.43),32769.502937,np.float32(0.65327734),np.float64(-0.9999574436305866),1.653235e+00
np.float32(102948.44),32769.505423,np.float32(0.6473425),np.float64(-0.9998548535645756),1.647197e+00
np.float32(102948.445),32769.507910,np.float32(0.64136815),np.float64(-0.9996912375117453),1.641059e+00
np.float32(102948.45),32769.510397,np.float32(0.6353546),np.float64(-0.9994666054583761),1.634821e+00
np.float32(102948.46),32769.512884,np.float32(0.6293023),np.float64(-0.9991809711148506),1.628483e+00
np.float32(102948.47),32769.515371,np.float32(0.62321156),np.float64(-0.9988343519148171),1.622046e+00
np.float32(102948.48),32769.517857,np.float32(0.61708283),np.float64(-0.998426769014125),1.615510e+00
np.float32(102948.484),32769.520344,np.float32(0.61091644),np.float64(-0.9979582472895338),1.608875e+00
np.float32(102948.49),32769.522831,np.float32(0.6047127),np.float64(-0.9974288153371946),1.602142e+00
np.float32(102948.5),32769.525318,np.float32(0.5984721),np.float64(-0.9968385054709051),1.595311e+00
np.float32(102948.51),32769.527805,np.float32(0.592195),np.float64(-0.996187353720137),1.588382e+00
np.float32(102948.516),32769.530291,np.float32(0.5858817),np.float64(-0.9954753998278368),1.581357e+00
np.float32(102948.52),32769.532778,np.float32(0.5795327),np.float64(-0.9947026872480008),1.574235e+00
np.float32(102948.53),32769.535265,np.float32(0.57314825),np.float64(-0.993869263143022),1.567018e+00
np.float32(102948.54),32769.537752,np.float32(0.5667289),np.float64(-0.9929751783808123),1.559704e+00
np.float32(102948.55),32769.540239,np.float32(0.5602749),np.float64(-0.9920204875316971),1.552295e+00
np.float32(102948.555),32769.542725,np.float32(0.5537867),np.float64(-0.9910052488650853),1.544792e+00
np.float32(102948.56),32769.545212,np.float32(0.5472647),np.float64(-0.9899295243459124),1.537194e+00
np.float32(102948.57),32769.547699,np.float32(0.5407093),np.float64(-0.9887933796308584),1.529503e+00
np.float32(102948.58),32769.550186,np.float32(0.534121),np.float64(-0.987596884064341),1.521718e+00
np.float32(102948.586),32769.552673,np.float32(0.5275),np.float64(-0.9863401106742824),1.513840e+00
np.float32(102948.59),32769.555159,np.float32(0.5208468),np.float64(-0.9850231361676529),1.505870e+00
np.float32(102948.6),32769.557646,np.float32(0.5141618),np.float64(-0.9836460409257883),1.497808e+00
np.float32(102948.61),32769.560133,np.float32(0.50744545),np.float64(-0.9822089089994844),1.489654e+00
np.float32(102948.62),32769.562620,np.float32(0.50069815),np.float64(-0.9807118281038668),1.481410e+00
np.float32(102948.625),32769.565107,np.float32(0.49392027),np.float64(-0.979154889613037),1.473075e+00
np.float32(102948.63),32769.567593,np.float32(0.48711225),np.float64(-0.9775381885544957),1.464650e+00
np.float32(102948.64),32769.570080,np.float32(0.48027447),np.float64(-0.975861823603343),1.456136e+00
np.float32(102948.65),32769.572567,np.float32(0.47340742),np.float64(-0.9741258970762549),1.447533e+00
np.float32(102948.66),32769.575054,np.float32(0.46651143),np.float64(-0.9723305149252395),1.438842e+00
np.float32(102948.664),32769.577541,np.float32(0.459587),np.float64(-0.9704757867311694),1.430063e+00
np.float32(102948.67),32769.580027,np.float32(0.4526345),np.float64(-0.9685618256970941),1.421196e+00
np.float32(102948.68),32769.582514,np.float32(0.4456544),np.float64(-0.9665887486413302),1.412243e+00
np.float32(102948.69),32769.585001,np.float32(0.43864706),np.float64(-0.9645566759903315),1.403204e+00
np.float32(102948.695),32769.587488,np.float32(0.43161297),np.float64(-0.9624657317713389),1.394079e+00
np.float32(102948.7),32769.589974,np.float32(0.42455253),np.float64(-0.9603160436048105),1.384869e+00
np.float32(102948.71),32769.592461,np.float32(0.4174662),np.float64(-0.9581077426966319),1.375574e+00
np.float32(102948.72),32769.594948,np.float32(0.41035438),np.float64(-0.9558409638301087),1.366195e+00
np.float32(102948.73),32769.597435,np.float32(0.4032175),np.float64(-0.9535158453577396),1.356733e+00
np.float32(102948.734),32769.599922,np.float32(0.396056),np.float64(-0.9511325291927718),1.347189e+00
np.float32(102948.74),32769.602408,np.float32(0.38887036),np.float64(-0.9486911608005401),1.337562e+00
np.float32(102948.75),32769.604895,np.float32(0.38166094),np.float64(-0.9461918891895879),1.327853e+00
np.float32(102948.76),32769.607382,np.float32(0.37442827),np.float64(-0.9436348669025725),1.318063e+00
np.float32(102948.766),32769.609869,np.float32(0.36717272),np.float64(-0.9410202500069549),1.308193e+00
np.float32(102948.77),32769.612356,np.float32(0.35989478),np.float64(-0.9383481980854743),1.298243e+00
np.float32(102948.78),32769.614842,np.float32(0.35259485),np.float64(-0.9356188742264077),1.288214e+00
np.float32(102948.79),32769.617329,np.float32(0.34527344),np.float64(-0.932832445013616),1.278106e+00
np.float32(102948.8),32769.619816,np.float32(0.33793092),np.float64(-0.9299890805163765),1.267920e+00
np.float32(102948.805),32769.622303,np.float32(0.3305678),np.float64(-0.9270889542790028),1.257657e+00
np.float32(102948.81),32769.624790,np.float32(0.32318446),np.float64(-0.9241322433102529),1.247317e+00
np.float32(102948.82),32769.627276,np.float32(0.31578144),np.float64(-0.9211191280725247),1.236901e+00
np.float32(102948.83),32769.629763,np.float32(0.30835915),np.float64(-0.9180497924708422),1.226409e+00
np.float32(102948.836),32769.632250,np.float32(0.300918),np.float64(-0.9149244238416304),1.215842e+00
np.float32(102948.84),32769.634737,np.float32(0.2934585),np.float64(-0.9117432129412819),1.205202e+00
np.float32(102948.85),32769.637224,np.float32(0.28598112),np.float64(-0.9085063539345135),1.194487e+00
np.float32(102948.86),32769.639710,np.float32(0.27848622),np.float64(-0.9052140443825154),1.183700e+00
np.float32(102948.87),32769.642197,np.float32(0.27097437),np.float64(-0.9018664852308936),1.172841e+00
np.float32(102948.875),32769.644684,np.float32(0.26344594),np.float64(-0.8984638807974048),1.161910e+00
np.float32(102948.88),32769.647171,np.float32(0.25590152),np.float64(-0.8950064387594858),1.150908e+00
np.float32(102948.89),32769.649658,np.float32(0.2483414),np.float64(-0.8914943701415784),1.139836e+00
np.float32(102948.9),32769.652144,np.float32(0.24076612),np.float64(-0.8879278893022491),1.128694e+00
np.float32(102948.91),32769.654631,np.float32(0.23317616),np.float64(-0.884307213921106),1.117483e+00
np.float32(102948.914),32769.657118,np.float32(0.22557199),np.float64(-0.8806325649855128),1.106205e+00
np.float32(102948.92),32769.659605,np.float32(0.21795404),np.float64(-0.8769041667771007),1.094858e+00
np.float32(102948.93),32769.662092,np.float32(0.2103228),np.float64(-0.8731222468580794),1.083445e+00
np.float32(102948.94),32769.664578,np.float32(0.20267871),np.float64(-0.8692870360573479),1.071966e+00
np.float32(102948.945),32769.667065,np.float32(0.19502224),np.float64(-0.8653987684564063),1.060421e+00
np.float32(102948.95),32769.669552,np.float32(0.18735386),np.float64(-0.8614576813750681),1.048812e+00
np.float32(102948.96),32769.672039,np.float32(0.17967406),np.float64(-0.8574640153569754),1.037138e+00
np.float32(102948.97),32769.674526,np.float32(0.1719833),np.float64(-0.8534180141549179),1.025401e+00
np.float32(102948.98),32769.677012,np.float32(0.16428205),np.float64(-0.8493199247159553),1.013602e+00
np.float32(102948.984),32769.679499,np.float32(0.15657075),np.float64(-0.8451699971663444),1.001741e+00
np.float32(102948.99),32769.681986,np.float32(0.14884992),np.float64(-0.8409684847962735),9.898184e-01
np.float32(102949.0),32769.684473,np.float32(0.14111997),np.float64(-0.8367156440444021),9.778356e-01
np.float32(102949.01),32769.686960,np.float32(0.13338144),np.float64(-0.8324117344822098),9.657932e-01
np.float32(102949.016),32769.689446,np.float32(0.12563476),np.float64(-0.8280570187981533),9.536918e-01
np.float32(102949.02),32769.691933,np.float32(0.1178804),np.float64(-0.8236517627816327),9.415322e-01
np.float32(102949.03),32769.694420,np.float32(0.11011884),np.float64(-0.8191962353067697),9.293151e-01
np.float32(102949.04),32769.696907,np.float32(0.10235057),np.float64(-0.8146907083159968),9.170413e-01
np.float32(102949.05),32769.699394,np.float32(0.094576046),np.float64(-0.8101354568034591),9.047115e-01
np.float32(102949.055),32769.701880,np.float32(0.08679578),np.float64(-0.8055307587982306),8.923265e-01
np.float32(102949.06),32769.704367,np.float32(0.07901018),np.float64(-0.8008768953473436),8.798871e-01
np.float32(102949.07),32769.706854,np.float32(0.07121978),np.float64(-0.7961741504986366),8.673939e-01
np.float32(102949.08),32769.709341,np.float32(0.06342501),np.float64(-0.7914228112834161),8.548478e-01
np.float32(102949.086),32769.711827,np.float32(0.055626407),np.float64(-0.7866231676989386),8.422496e-01
np.float32(102949.09),32769.714314,np.float32(0.047824375),np.float64(-0.7817755126907102),8.295999e-01
np.float32(102949.1),32769.716801,np.float32(0.040019423),np.float64(-0.776880142134607),8.168996e-01
np.float32(102949.11),32769.719288,np.float32(0.03221205),np.float64(-0.7719373548188158),8.041494e-01
np.float32(102949.12),32769.721775,np.float32(0.024402697),np.float64(-0.7669474524255985),7.913501e-01
np.float32(102949.125),32769.724261,np.float32(0.016591867),np.float64(-0.7619107395128781),7.785026e-01
np.float32(102949.13),32769.726748,np.float32(0.008780011),np.float64(-0.7568275234956507),7.656075e-01
np.float32(102949.14),32769.729235,np.float32(0.0009676336),np.float64(-0.7516981146272224),7.526657e-01
np.float32(102949.15),32769.731722,np.float32(0.0),np.float64(-0.7465228259802721),7.465228e-01
np.float32(102949.16),32769.734209,np.float32(0.0),np.float64(-0.7413019734277446),7.413020e-01
np.float32(102949.164),32769.736695,np.float32(0.0),np.float64(-0.7360358756235706),7.360359e-01
np.float32(102949.17),32769.739182,np.float32(0.0),np.float64(-0.7307248539832174),7.307249e-01
np.float32(102949.18),32769.741669,np.float32(0.0),np.float64(-0.7253692326640719),7.253692e-01
np.float32(102949.19),32769.744156,np.float32(0.0),np.float64(-0.7199693385456557),7.199693e-01
np.float32(102949.195),32769.746643,np.float32(0.0),np.float64(-0.7145255012096735),7.145255e-01
np.float32(102949.2),32769.749129,np.float32(0.0),np.float64(-0.709038052919898),7.090381e-01
np.float32(102949.21),32769.751616,np.float32(0.0),np.float64(-0.7035073286018891),7.035073e-01
np.float32(102949.22),32769.754103,np.float32(0.0),np.float64(-0.697933665822553),6.979337e-01
np.float32(102949.23),32769.756590,np.float32(0.0),np.float64(-0.692317404769538),6.923174e-01
np.float32(102949.234),32769.759077,np.float32(0.0),np.float64(-0.6866588882304714),6.866589e-01
np.float32(102949.24),32769.761563,np.float32(0.0),np.float64(-0.6809584615720377),6.809585e-01
np.float32(102949.25),32769.764050,np.float32(0.0),np.float64(-0.6752164727188992),6.752165e-01
np.float32(102949.26),32769.766537,np.float32(0.0),np.float64(-0.66943327213246),6.694333e-01
np.float32(102949.266),32769.769024,np.float32(0.0),np.float64(-0.6636092127894763),6.636092e-01
np.float32(102949.27),32769.771511,np.float32(0.0),np.float64(-0.6577446501605121),6.577447e-01
np.float32(102949.28),32769.773997,np.float32(0.0),np.float64(-0.651839942188243),6.518399e-01
np.float32(102949.29),32769.776484,np.float32(0.0),np.float64(-0.6458954492656099),6.458954e-01
np.float32(102949.3),32769.778971,np.float32(0.0),np.float64(-0.6399115342138216),6.399115e-01
np.float32(102949.305),32769.781458,np.float32(0.0),np.float64(-0.6338885622602107),6.338886e-01
np.float32(102949.31),32769.783945,np.float32(0.0),np.float64(-0.6278269010159417),6.278269e-01
np.float32(102949.32),32769.786431,np.float32(0.0),np.float64(-0.6217269204535739),6.217269e-01
np.float32(102949.33),32769.788918,np.float32(0.0),np.float64(-0.6155889928844804),6.155890e-01
np.float32(102949.336),32769.791405,np.float32(0.0),np.float64(-0.6094134929361241),6.094135e-01
np.float32(102949.34),32769.793892,np.float32(0.0),np.float64(-0.6032007975291921),6.032008e-01
np.float32(102949.35),32769.796379,np.float32(0.0),np.float64(-0.5969512858545905),5.969513e-01
np.float32(102949.36),32769.798865,np.float32(0.0),np.float64(-0.5906653393503007),5.906653e-01
np.float32(102949.37),32769.801352,np.float32(0.0),np.float64(-0.5843433416780986),5.843433e-01
np.float32(102949.375),32769.803839,np.float32(0.0),np.float64(-0.5779856787001372),5.779857e-01
np.float32(102949.38),32769.806326,np.float32(0.0),np.float64(-0.571592738455396),5.715927e-01
np.float32(102949.39),32769.808813,np.float32(0.0),np.float64(-0.5651649111359973),5.651649e-01
np.float32(102949.4),32769.811299,np.float32(0.0),np.float64(-0.5587025890633903),5.587026e-01
np.float32(102949.41),32769.813786,np.float32(0.0),np.float64(-0.5522061666644063),5.522062e-01
np.float32(102949.414),32769.816273,np.float32(0.0),np.float64(-0.5456760404471847),5.456760e-01
np.float32(102949.42),32769.818760,np.float32(0.0),np.float64(-0.5391126089769722),5.391126e-01
np.float32(102949.43),32769.821247,np.float32(0.0),np.float64(-0.5325162728517969),5.325163e-01
np.float32(102949.44),32769.823733,np.float32(0.0),np.float64(-0.5258874346780168),5.258874e-01
np.float32(102949.445),32769.826220,np.float32(0.0),np.float64(-0.5192264990457478),5.192265e-01
np.float32(102949.45),32769.828707,np.float32(0.0),np.float64(-0.5125338725041693),5.125339e-01
np.float32(102949.46),32769.831194,np.float32(0.0),np.float64(-0.50580996353671),5.058100e-01
np.float32(102949.47),32769.833680,np.float32(0.0),np.float64(-0.4990551825361174),4.990552e-01
np.float32(102949.48),32769.836167,np.float32(0.0),np.float64(-0.4922699417794081),4.922699e-01
np.float32(102949.484),32769.838654,np.float32(0.0),np.float64(-0.48545465540270544),4.854547e-01
np.float32(102949.49),32769.841141,np.float32(0.0),np.float64(-0.4786097393759627),4.786097e-01
np.float32(102949.5),32769.843628,np.float32(0.0),np.float64(-0.4717356114775741),4.717356e-01
np.float32(102949.51),32769.846114,np.float32(0.0),np.float64(-0.46483269126887594),4.648327e-01
np.float32(102949.516),32769.848601,np.float32(0.0),np.float64(-0.45790140006853886),4.579014e-01
np.float32(102949.52),32769.851088,np.float32(0.0),np.float64(-0.4509421609268525),4.509422e-01
np.float32(102949.53),32769.853575,np.float32(0.0),np.float64(-0.4439553985999049),4.439554e-01
np.float32(102949.54),32769.856062,np.float32(0.0),np.float64(-0.4369415395236573),4.369415e-01
np.float32(102949.55),32769.858548,np.float32(0.0),np.float64(-0.429901011787917),4.299010e-01
np.float32(102949.555),32769.861035,np.float32(0.99988955),np.float64(-0.42283424511020873),1.422724e+00
np.float32(102949.56),32769.863522,np.float32(0.9999658),np.float64(-0.4157416708095471),1.415707e+00
np.float32(102949.57),32769.866009,np.float32(1.0),np.float64(-0.4086237217801109),1.408624e+00
np.float32(102949.58),32769.868496,np.float32(1.0),np.float64(-0.40148083246482164),1.401481e+00
np.float32(102949.586),32769.870982,np.float32(0.9998741),np.float64(-0.3943134388288273),1.394188e+00
np.float32(102949.59),32769.873469,np.float32(0.9997063),np.float64(-0.3871219783328933),1.386828e+00
np.float32(102949.6),32769.875956,np.float32(0.99951714),np.float64(-0.37990688990670224),1.379424e+00
np.float32(102949.61),32769.878443,np.float32(0.99925584),np.float64(-0.3726686139220636),1.371924e+00
np.float32(102949.62),32769.880930,np.float32(0.99892414),np.float64(-0.3654075921660361),1.364332e+00
np.float32(102949.625),32769.883416,np.float32(0.99853134),np.float64(-0.358124267813963),1.356656e+00
np.float32(102949.63),32769.885903,np.float32(0.99807763),np.float64(-0.3508190854024232),1.348897e+00
np.float32(102949.64),32769.888390,np.float32(0.99756294),np.float64(-0.3434924908020987),1.341055e+00
np.float32(102949.65),32769.890877,np.float32(0.9969874),np.float64(-0.33614493119056127),1.333132e+00
np.float32(102949.66),32769.893364,np.float32(0.99635106),np.float64(-0.3287768550249789),1.325128e+00
np.float32(102949.664),32769.895850,np.float32(0.9956538),np.float64(-0.3213887120147442),1.317043e+00
np.float32(102949.67),32769.898337,np.float32(0.9948959),np.float64(-0.3139809530940268),1.308877e+00
np.float32(102949.68),32769.900824,np.float32(0.9940772),np.float64(-0.30655403039425),1.300631e+00
np.float32(102949.69),32769.903311,np.float32(0.99319786),np.float64(-0.2991083972164958),1.292306e+00
np.float32(102949.695),32769.905798,np.float32(0.9922579),np.float64(-0.291644508003837),1.283902e+00
np.float32(102949.7),32769.908284,np.float32(0.9912573),np.float64(-0.28416281831360096),1.275420e+00
np.float32(102949.71),32769.910771,np.float32(0.9901963),np.float64(-0.27666378478956427),1.266860e+00
np.float32(102949.72),32769.913258,np.float32(0.98907477),np.float64(-0.26914786513408184),1.258223e+00
np.float32(102949.73),32769.915745,np.float32(0.9878929),np.float64(-0.2616155180801509),1.249508e+00
np.float32(102949.734),32769.918232,np.float32(0.9866508),np.float64(-0.2540672033634125),1.240718e+00
np.float32(102949.74),32769.920718,np.float32(0.98534846),np.float64(-0.24650338169409144),1.231852e+00
np.float32(102949.75),32769.923205,np.float32(0.98398596),np.float64(-0.23892451472887713),1.222910e+00
np.float32(102949.76),32769.925692,np.float32(0.9825634),np.float64(-0.23133106504274617),1.213894e+00
np.float32(102949.766),32769.928179,np.float32(0.98108083),np.float64(-0.2237234961007293),1.204804e+00
np.float32(102949.77),32769.930666,np.float32(0.97953844),np.float64(-0.21610227222962392),1.195641e+00
np.float32(102949.78),32769.933152,np.float32(0.9779362),np.float64(-0.20846785858965386),1.186404e+00
np.float32(102949.79),32769.935639,np.float32(0.9762744),np.float64(-0.20082072114607846),1.177095e+00
np.float32(102949.8),32769.938126,np.float32(0.97455287),np.float64(-0.19316132664075253),1.167714e+00
np.float32(102949.805),32769.940613,np.float32(0.97277194),np.float64(-0.18549014256363866),1.158262e+00
np.float32(102949.81),32769.943100,np.float32(0.9709316),np.float64(-0.1778076371242742),1.148739e+00
np.float32(102949.82),32769.945586,np.float32(0.969032),np.float64(-0.17011427922319405),1.139146e+00
np.float32(102949.83),32769.948073,np.float32(0.96707326),np.float64(-0.16241053842331146),1.129484e+00
np.float32(102949.836),32769.950560,np.float32(0.9650555),np.float64(-0.15469688492125835),1.119752e+00
np.float32(102949.84),32769.953047,np.float32(0.96297884),np.float64(-0.14697378951868678),1.109953e+00
np.float32(102949.85),32769.955533,np.float32(0.9608434),np.float64(-0.1392417235935339),1.100085e+00
np.float32(102949.86),32769.958020,np.float32(0.95864934),np.float64(-0.13150115907125118),1.090150e+00
np.float32(102949.87),32769.960507,np.float32(0.9563967),np.float64(-0.12375256839600074),1.080149e+00
np.float32(102949.875),32769.962994,np.float32(0.95408577),np.float64(-0.11599642450181968),1.070082e+00
np.float32(102949.88),32769.965481,np.float32(0.9517166),np.float64(-0.10823320078375467),1.059950e+00
np.float32(102949.89),32769.967967,np.float32(0.94928926),np.float64(-0.10046337106896834),1.049753e+00
np.float32(102949.9),32769.970454,np.float32(0.94680405),np.float64(-0.09268740958781926),1.039491e+00
np.float32(102949.91),32769.972941,np.float32(0.944261),np.float64(-0.0849057909449175),1.029167e+00
np.float32(102949.914),32769.975428,np.float32(0.9416604),np.float64(-0.07711899009015706),1.018779e+00
np.float32(102949.92),32769.977915,np.float32(0.9390023),np.float64(-0.06932748228972746),1.008330e+00
np.float32(102949.93),32769.980401,np.float32(0.93628687),np.float64(-0.06153174309710592),9.978186e-01
np.float32(102949.94),32769.982888,np.float32(0.93351424),np.float64(-0.05373224832403204),9.872465e-01
np.float32(102949.945),32769.985375,np.float32(0.9306847),np.float64(-0.0459294740114667),9.766142e-01
np.float32(102949.95),32769.987862,np.float32(0.92779833),np.float64(-0.03812389640053694),9.659222e-01
np.float32(102949.96),32769.990349,np.float32(0.92485535),np.float64(-0.030315991903468707),9.551713e-01
np.float32(102949.97),32769.992835,np.float32(0.9218559),np.float64(-0.022506237074509074),9.443622e-01
np.float32(102949.98),32769.995322,np.float32(0.91880023),np.float64(-0.01469510858083984),9.334953e-01
np.float32(102949.984),32769.997809,np.float32(0.91568846),np.float64(-0.006883083173484218),9.225715e-01
np.float32(102949.99),32770.000296,np.float32(0.91252077),np.float64(0.0009293623417915935),9.115914e-01
np.float32(102950.0),32770.002783,np.float32(0.9092974),np.float64(0.008741751133580172),9.005557e-01
np.float32(102950.01),32770.005269,np.float32(0.90601856),np.float64(0.016553606373936207),8.894649e-01
np.float32(102950.016),32770.007756,np.float32(0.9026844),np.float64(0.02436445126747961),8.783199e-01
np.float32(102950.02),32770.010243,np.float32(0.89929515),np.float64(0.03217380908049666),8.671213e-01
np.float32(102950.03),32770.012730,np.float32(0.89585096),np.float64(0.03998120317003738),8.558698e-01
np.float32(102950.04),32770.015217,np.float32(0.89235216),np.float64(0.04778615701300732),8.445660e-01
np.float32(102950.05),32770.017703,np.float32(0.8887989),np.float64(0.05558819423525213),8.332107e-01
np.float32(102950.055),32770.020190,np.float32(0.8851914),np.float64(0.06338683864063295),8.218045e-01
np.float32(102950.06),32770.022677,np.float32(0.88152975),np.float64(0.07118161424009097),8.103481e-01
np.float32(102950.07),32770.025164,np.float32(0.8778144),np.float64(0.07897204528069934),7.988424e-01
np.float32(102950.08),32770.027651,np.float32(0.87404543),np.float64(0.08675765627470074),7.872878e-01
np.float32(102950.086),32770.030137,np.float32(0.87022316),np.float64(0.0945379720285286),7.756852e-01
np.float32(102950.09),32770.032624,np.float32(0.86634773),np.float64(0.10231251767181052),7.640352e-01
np.float32(102950.1),32770.035111,np.float32(0.8624195),np.float64(0.11008081868635192),7.523387e-01
np.float32(102950.11),32770.037598,np.float32(0.85843855),np.float64(0.1178424009350982),7.405962e-01
np.float32(102950.12),32770.040085,np.float32(0.8544052),np.float64(0.12559679069107355),7.288084e-01
np.float32(102950.125),32770.042571,np.float32(0.85031974),np.float64(0.13334351466629488),7.169762e-01
np.float32(102950.13),32770.045058,np.float32(0.8461824),np.float64(0.1410821000406588),7.051003e-01
np.float32(102950.14),32770.047545,np.float32(0.8419934),np.float64(0.14881207449080022),6.931813e-01
np.float32(102950.15),32770.050032,np.float32(0.837753),np.float64(0.15653296621892046),6.812200e-01
np.float32(102950.16),32770.052519,np.float32(0.83346146),np.float64(0.16424430398158338),6.692172e-01
np.float32(102950.164),32770.055005,np.float32(0.8291191),np.float64(0.17194561711847767),6.571735e-01
np.float32(102950.17),32770.057492,np.float32(0.82472605),np.float64(0.17963643558114345),6.450896e-01
np.float32(102950.18),32770.059979,np.float32(0.8202827),np.float64(0.18731628996166172),6.329664e-01
np.float32(102950.19),32770.062466,np.float32(0.8157893),np.float64(0.19498471152130453),6.208046e-01
np.float32(102950.195),32770.064953,np.float32(0.8112461),np.float64(0.20264123221914437),6.086049e-01
np.float32(102950.2),32770.067439,np.float32(0.8066534),np.float64(0.21028538474062103),5.963680e-01
np.float32(102950.21),32770.069926,np.float32(0.80201143),np.float64(0.21791670252606396),5.840947e-01
np.float32(102950.22),32770.072413,np.float32(0.79732054),np.float64(0.22553471979916886),5.717858e-01
np.float32(102950.23),32770.074900,np.float32(0.79258096),np.float64(0.23313897159542607),5.594420e-01
np.float32(102950.234),32770.077387,np.float32(0.78779304),np.float64(0.2407289937904997),5.470640e-01
np.float32(102950.24),32770.079873,np.float32(0.782957),np.float64(0.24830432312855538),5.346527e-01
np.float32(102950.25),32770.082360,np.float32(0.7780732),np.float64(0.255864497250535),5.222087e-01
np.float32(102950.26),32770.084847,np.float32(0.77314186),np.float64(0.26340905472237675),5.097328e-01
np.float32(102950.266),32770.087334,np.float32(0.7681634),np.float64(0.27093753506317864),4.972258e-01
np.float32(102950.27),32770.089820,np.float32(0.763138),np.float64(0.27844947877330384),4.846885e-01
np.float32(102950.28),32770.092307,np.float32(0.75806606),np.float64(0.2859444273624263),4.721216e-01
np.float32(102950.29),32770.094794,np.float32(0.75294787),np.float64(0.29342192337751455),4.595259e-01
np.float32(102950.3),32770.097281,np.float32(0.74778366),np.float64(0.30088151043075223),4.469022e-01
np.float32(102950.305),32770.099768,np.float32(0.74257386),np.float64(0.3083227332273938),4.342511e-01
np.float32(102950.31),32770.102254,np.float32(0.7373187),np.float64(0.3157451375935531),4.215736e-01
np.float32(102950.32),32770.104741,np.float32(0.73201853),np.float64(0.32314827050392425),4.088703e-01
np.float32(102950.33),32770.107228,np.float32(0.7266737),np.float64(0.3305316801094315),3.961420e-01
np.float32(102950.336),32770.109715,np.float32(0.72128457),np.float64(0.337894915764808),3.833897e-01
np.float32(102950.34),32770.112202,np.float32(0.71585137),np.float64(0.3452375280561009),3.706138e-01
np.float32(102950.35),32770.114688,np.float32(0.7103745),np.float64(0.3525590688281012),3.578154e-01
np.float32(102950.36),32770.117175,np.float32(0.70485425),np.float64(0.3598590912116967),3.449952e-01
np.float32(102950.37),32770.119662,np.float32(0.69929093),np.float64(0.3671371496511468),3.321538e-01
np.float32(102950.375),32770.122149,np.float32(0.693685),np.float64(0.37439279993127694),3.192922e-01
np.float32(102950.38),32770.124636,np.float32(0.68803674),np.float64(0.381625599204591),3.064111e-01
np.float32(102950.39),32770.127122,np.float32(0.68234646),np.float64(0.3888351060183005),2.935114e-01
np.float32(102950.4),32770.129609,np.float32(0.6766145),np.float64(0.3960208803412688),2.805936e-01
np.float32(102950.41),32770.132096,np.float32(0.6708413),np.float64(0.403182483590868),2.676588e-01
np.float32(102950.414),32770.134583,np.float32(0.66502714),np.float64(0.41031947865974805),2.547077e-01
np.float32(102950.42),32770.137070,np.float32(0.65917236),np.float64(0.41743142994251536),2.417409e-01
np.float32(102950.43),32770.139556,np.float32(0.65327734),np.float64(0.4245179033623199),2.287594e-01
np.float32(102950.44),32770.142043,np.float32(0.6473425),np.float64(0.4315784663973493),2.157640e-01
np.float32(102950.445),32770.144530,np.float32(0.64136815),np.float64(0.4386126881072273),2.027555e-01
np.float32(102950.45),32770.147017,np.float32(0.6353546),np.float64(0.4456201391593165),1.897344e-01
np.float32(102950.46),32770.149504,np.float32(0.6293023),np.float64(0.45260039185492235),1.767019e-01
np.float32(102950.47),32770.151990,np.float32(0.62321156),np.float64(0.4595530201553979),1.636585e-01
np.float32(102950.48),32770.154477,np.float32(0.61708283),np.float64(0.46647759970814684),1.506052e-01
np.float32(102950.484),32770.156964,np.float32(0.61091644),np.float64(0.47337370787252386),1.375427e-01
np.float32(102950.49),32770.159451,np.float32(0.6047127),np.float64(0.4802409237456305),1.244718e-01
np.float32(102950.5),32770.161938,np.float32(0.5984721),np.float64(0.4870788281880048),1.113933e-01
np.float32(102950.51),32770.164424,np.float32(0.592195),np.float64(0.4938870038492034),9.830797e-02
np.float32(102950.516),32770.166911,np.float32(0.5858817),np.float64(0.5006650351932747),8.521667e-02
np.float32(102950.52),32770.169398,np.float32(0.5795327),np.float64(0.5074125085241206),7.212017e-02
np.float32(102950.53),32770.171885,np.float32(0.57314825),np.float64(0.5141290120107467),5.901924e-02
np.float32(102950.54),32770.174372,np.float32(0.5667289),np.float64(0.5208141357123984),4.591475e-02
np.float32(102950.55),32770.176858,np.float32(0.5602749),np.float64(0.5274674716035814),3.280743e-02
np.float32(102950.555),32770.179345,np.float32(0.5537867),np.float64(0.5340886135989654),1.969808e-02
np.float32(102950.56),32770.181832,np.float32(0.5472647),np.float64(0.5406771575781696),6.587538e-03
np.float32(102950.57),32770.184319,np.float32(0.5407093),np.float64(0.5472327014104282),6.523385e-03
np.float32(102950.58),32770.186806,np.float32(0.534121),np.float64(0.5537548449791341),1.963387e-02
np.float32(102950.586),32770.189292,np.float32(0.5275),np.float64(0.5602431902062603),3.274322e-02
np.float32(102950.59),32770.191779,np.float32(0.5208468),np.float64(0.5666973410766563),4.585056e-02
np.float32(102950.6),32770.194266,np.float32(0.5141618),np.float64(0.5731169036622189),5.895508e-02
np.float32(102950.61),32770.196753,np.float32(0.50744545),np.float64(0.5795014861459354),7.205603e-02
np.float32(102950.62),32770.199240,np.float32(0.50069815),np.float64(0.5858506988457985),8.515255e-02
np.float32(102950.625),32770.201726,np.float32(0.49392027),np.float64(0.5921641542385901),9.824389e-02
np.float32(102950.63),32770.204213,np.float32(0.48711225),np.float64(0.5984414669835336),1.113292e-01
np.float32(102950.64),32770.206700,np.float32(0.48027447),np.float64(0.6046822539458135),1.244078e-01
np.float32(102950.65),32770.209187,np.float32(0.47340742),np.float64(0.6108861342199601),1.374787e-01
np.float32(102950.66),32770.211673,np.float32(0.46651143),np.float64(0.6170527291530971),1.505413e-01
np.float32(102950.664),32770.214160,np.float32(0.459587),np.float64(0.6231816623680537),1.635947e-01
np.float32(102950.67),32770.216647,np.float32(0.4526345),np.float64(0.6292725597863363),1.766380e-01
np.float32(102950.68),32770.219134,np.float32(0.4456544),np.float64(0.63532504965096),1.896707e-01
np.float32(102950.69),32770.221621,np.float32(0.43864706),np.float64(0.6413387625491392),2.026917e-01
np.float32(102950.695),32770.224107,np.float32(0.43161297),np.float64(0.6473133314348343),2.157004e-01
np.float32(102950.7),32770.226594,np.float32(0.42455253),np.float64(0.6532483916511548),2.286959e-01
np.float32(102950.71),32770.229081,np.float32(0.4174662),np.float64(0.6591435809526153),2.416774e-01
np.float32(102950.72),32770.231568,np.float32(0.41035438),np.float64(0.6649985395272457),2.546442e-01
np.float32(102950.73),32770.234055,np.float32(0.4032175),np.float64(0.6708129100185526),2.675954e-01
np.float32(102950.734),32770.236541,np.float32(0.396056),np.float64(0.6765863375473291),2.805303e-01
np.float32(102950.74),32770.239028,np.float32(0.38887036),np.float64(0.6823184697333166),2.934481e-01
np.float32(102950.75),32770.241515,np.float32(0.38166094),np.float64(0.6880089567167106),3.063480e-01
np.float32(102950.76),32770.244002,np.float32(0.37442827),np.float64(0.6936574511795157),3.192292e-01
np.float32(102950.766),32770.246489,np.float32(0.36717272),np.float64(0.6992636083667433),3.320909e-01
np.float32(102950.77),32770.248975,np.float32(0.35989478),np.float64(0.7048270861074538),3.449323e-01
np.float32(102950.78),32770.251462,np.float32(0.35259485),np.float64(0.7103475448356412),3.577527e-01
np.float32(102950.79),32770.253949,np.float32(0.34527344),np.float64(0.7158246476109582),3.705512e-01
np.float32(102950.8),32770.256436,np.float32(0.33793092),np.float64(0.7212580601392814),3.833271e-01
np.float32(102950.805),32770.258923,np.float32(0.3305678),np.float64(0.726647450793115),3.960796e-01
np.float32(102950.81),32770.261409,np.float32(0.32318446),np.float64(0.7319924906318314),4.088080e-01
np.float32(102950.82),32770.263896,np.float32(0.31578144),np.float64(0.7372928534217481),4.215114e-01
np.float32(102950.83),32770.266383,np.float32(0.30835915),np.float64(0.7425482156560396),4.341891e-01
np.float32(102950.836),32770.268870,np.float32(0.300918),np.float64(0.7477582565744821),4.468402e-01
np.float32(102950.84),32770.271357,np.float32(0.2934585),np.float64(0.7529226581830317),4.594642e-01
np.float32(102950.85),32770.273843,np.float32(0.28598112),np.float64(0.7580411052732324),4.720600e-01
np.float32(102950.86),32770.276330,np.float32(0.27848622),np.float64(0.7631132854414553),4.846271e-01
np.float32(102950.87),32770.278817,np.float32(0.27097437),np.float64(0.7681388891079659),4.971645e-01
np.float32(102950.875),32770.281304,np.float32(0.26344594),np.float64(0.7731176095358193),5.096717e-01
np.float32(102950.88),32770.283791,np.float32(0.25590152),np.float64(0.7780491428495818),5.221476e-01
np.float32(102950.89),32770.286277,np.float32(0.2483414),np.float64(0.7829331880538781),5.345918e-01
np.float32(102950.9),32770.288764,np.float32(0.24076612),np.float64(0.7877694470517621),5.470033e-01
np.float32(102950.91),32770.291251,np.float32(0.23317616),np.float64(0.7925576246629117),5.593815e-01
np.float32(102950.914),32770.293738,np.float32(0.22557199),np.float64(0.7972974286416447),5.717254e-01
np.float32(102950.92),32770.296225,np.float32(0.21795404),np.float64(0.801988569694756),5.840345e-01
np.float32(102950.93),32770.298711,np.float32(0.2103228),np.float64(0.8066307614991747),5.963080e-01
np.float32(102950.94),32770.301198,np.float32(0.20267871),np.float64(0.8112237207194399),6.085450e-01
np.float32(102950.945),32770.303685,np.float32(0.19502224),np.float64(0.8157671670249939),6.207449e-01
np.float32(102950.95),32770.306172,np.float32(0.18735386),np.float64(0.8202608231072916),6.329070e-01
np.float32(102950.96),32770.308659,np.float32(0.17967406),np.float64(0.8247044146967274),6.450304e-01
np.float32(102950.97),32770.311145,np.float32(0.1719833),np.float64(0.8290976705793734),6.571144e-01
np.float32(102950.98),32770.313632,np.float32(0.16428205),np.float64(0.8334403226135344),6.691583e-01
np.float32(102950.984),32770.316119,np.float32(0.15657075),np.float64(0.837732105746113),6.811614e-01
np.float32(102950.99),32770.318606,np.float32(0.14884992),np.float64(0.8419727580287876),6.931228e-01
np.float32(102951.0),32770.321093,np.float32(0.14111997),np.float64(0.8461620206339997),7.050420e-01
np.float32(102951.01),32770.323579,np.float32(0.13338144),np.float64(0.8502996378707525),7.169182e-01
np.float32(102951.016),32770.326066,np.float32(0.12563476),np.float64(0.8543853572002156),7.287506e-01
np.float32(102951.02),32770.328553,np.float32(0.1178804),np.float64(0.8584189292511399),7.405385e-01
np.float32(102951.03),32770.331040,np.float32(0.11011884),np.float64(0.8624001078350771),7.522813e-01
np.float32(102951.04),32770.333526,np.float32(0.10235057),np.float64(0.8663286499614063),7.639781e-01
np.float32(102951.05),32770.336013,np.float32(0.094576046),np.float64(0.8702043158521647),7.756283e-01
np.float32(102951.055),32770.338500,np.float32(0.08679578),np.float64(0.8740268689566819),7.872311e-01
np.float32(102951.06),32770.340987,np.float32(0.07901018),np.float64(0.8777960759660187),7.987859e-01
np.float32(102951.07),32770.343474,np.float32(0.07121978),np.float64(0.8815117068272066),8.102919e-01
np.float32(102951.08),32770.345960,np.float32(0.06342501),np.float64(0.8851735347572887),8.217485e-01
np.float32(102951.086),32770.348447,np.float32(0.055626407),np.float64(0.888781336257162),8.331549e-01
np.float32(102951.09),32770.350934,np.float32(0.047824375),np.float64(0.8923348911252182),8.445105e-01
np.float32(102951.1),32770.353421,np.float32(0.040019423),np.float64(0.895833982470784),8.558146e-01
np.float32(102951.11),32770.355908,np.float32(0.03221205),np.float64(0.8992783967273585),8.670663e-01
np.float32(102951.12),32770.358394,np.float32(0.024402697),np.float64(0.9026679236656487),8.782652e-01
np.float32(102951.125),32770.360881,np.float32(0.016591867),np.float64(0.9060023564064006),8.894105e-01
np.float32(102951.13),32770.363368,np.float32(0.008780011),np.float64(0.9092814914330258),9.005015e-01
np.float32(102951.14),32770.365855,np.float32(0.0009676336),np.float64(0.9125051286040238),9.115375e-01
np.float32(102951.15),32770.368342,np.float32(0.0),np.float64(0.9156730711651968),9.156731e-01
np.float32(102951.16),32770.370828,np.float32(0.0),np.float64(0.918785125761659),9.187851e-01
np.float32(102951.164),32770.373315,np.float32(0.0),np.float64(0.9218411024496381),9.218411e-01
np.float32(102951.17),32770.375802,np.float32(0.0),np.float64(0.9248408147080681),9.248408e-01
np.float32(102951.18),32770.378289,np.float32(0.0),np.float64(0.9277840794499738),9.277841e-01
np.float32(102951.19),32770.380776,np.float32(0.0),np.float64(0.9306707170336455),9.306707e-01
np.float32(102951.195),32770.383262,np.float32(0.0),np.float64(0.9335005512736033),9.335006e-01
np.float32(102951.2),32770.385749,np.float32(0.0),np.float64(0.9362734094513508),9.362734e-01
np.float32(102951.21),32770.388236,np.float32(0.0),np.float64(0.9389891223259167),9.389891e-01
np.float32(102951.22),32770.390723,np.float32(0.0),np.float64(0.9416475241441844),9.416475e-01
np.float32(102951.23),32770.393210,np.float32(0.0),np.float64(0.9442484526510088),9.442485e-01
np.float32(102951.234),32770.395696,np.float32(0.0),np.float64(0.9467917490991195),9.467917e-01
np.float32(102951.24),32770.398183,np.float32(0.0),np.float64(0.9492772582588099),9.492773e-01
np.float32(102951.25),32770.400670,np.float32(0.0),np.float64(0.9517048284274119),9.517048e-01
np.float32(102951.26),32770.403157,np.float32(0.0),np.float64(0.9540743114385544),9.540743e-01
np.float32(102951.266),32770.405644,np.float32(0.0),np.float64(0.956385562671207),9.563856e-01
np.float32(102951.27),32770.408130,np.float32(0.0),np.float64(0.9586384410585074),9.586384e-01
np.float32(102951.28),32770.410617,np.float32(0.0),np.float64(0.9608328090963705),9.608328e-01
np.float32(102951.29),32770.413104,np.float32(0.0),np.float64(0.9629685328518813),9.629685e-01
np.float32(102951.3),32770.415591,np.float32(0.0),np.float64(0.96504548197147),9.650455e-01
np.float32(102951.305),32770.418078,np.float32(0.0),np.float64(0.9670635296888671),9.670635e-01
np.float32(102951.31),32770.420564,np.float32(0.0),np.float64(0.9690225528328413),9.690226e-01
np.float32(102951.32),32770.423051,np.float32(0.0),np.float64(0.9709224318347172),9.709224e-01
np.float32(102951.33),32770.425538,np.float32(0.0),np.float64(0.9727630507356728),9.727631e-01
np.float32(102951.336),32770.428025,np.float32(0.0),np.float64(0.9745442971938174),9.745443e-01
np.float32(102951.34),32770.430512,np.float32(0.0),np.float64(0.9762660624910479),9.762661e-01
np.float32(102951.35),32770.432998,np.float32(0.0),np.float64(0.9779282415396849),9.779282e-01
np.float32(102951.36),32770.435485,np.float32(0.0),np.float64(0.9795307328888866),9.795307e-01
np.float32(102951.37),32770.437972,np.float32(0.0),np.float64(0.9810734387308404),9.810734e-01
np.float32(102951.375),32770.440459,np.float32(0.0),np.float64(0.9825562649067333),9.825563e-01
np.float32(102951.38),32770.442946,np.float32(0.0),np.float64(0.9839791209124981),9.839791e-01
np.float32(102951.39),32770.445432,np.float32(0.0),np.float64(0.9853419199043381),9.853419e-01
np.float32(102951.4),32770.447919,np.float32(0.0),np.float64(0.9866445787040267),9.866446e-01
np.float32(102951.41),32770.450406,np.float32(0.0),np.float64(0.987887017803985),9.878870e-01
np.float32(102951.414),32770.452893,np.float32(0.0),np.float64(0.9890691613721343),9.890692e-01
np.float32(102951.42),32770.455379,np.float32(0.0),np.float64(0.990190937256524),9.901909e-01
np.float32(102951.43),32770.457866,np.float32(0.0),np.float64(0.991252276989736),9.912523e-01
np.float32(102951.44),32770.460353,np.float32(0.0),np.float64(0.9922531157930633),9.922531e-01
np.float32(102951.445),32770.462840,np.float32(0.0),np.float64(0.993193392580464),9.931934e-01
np.float32(102951.45),32770.465327,np.float32(0.0),np.float64(0.9940730499622893),9.940730e-01
np.float32(102951.46),32770.467813,np.float32(0.0),np.float64(0.9948920342487864),9.948920e-01
np.float32(102951.47),32770.470300,np.float32(0.0),np.float64(0.9956502954533757),9.956503e-01
np.float32(102951.48),32770.472787,np.float32(0.0),np.float64(0.9963477872957016),9.963478e-01
np.float32(102951.484),32770.475274,np.float32(0.0),np.float64(0.9969844672044571),9.969845e-01
np.float32(102951.49),32770.477761,np.float32(0.0),np.float64(0.997560296319982),9.975603e-01
np.float32(102951.5),32770.480247,np.float32(0.0),np.float64(0.998075239496635),9.980752e-01
np.float32(102951.51),32770.482734,np.float32(0.0),np.float64(0.9985292653049388),9.985293e-01
np.float32(102951.516),32770.485221,np.float32(0.0),np.float64(0.9989223460334982),9.989223e-01
np.float32(102951.52),32770.487708,np.float32(0.0),np.float64(0.9992544576906913),9.992545e-01
np.float32(102951.53),32770.490195,np.float32(0.0),np.float64(0.9995255800061348),9.995256e-01
np.float32(102951.54),32770.492681,np.float32(0.0),np.float64(0.9997356964319195),9.997357e-01
np.float32(102951.55),32770.495168,np.float32(0.0),np.float64(0.9998847941436221),9.998848e-01
np.float32(102951.555),32770.497655,np.float32(0.99988955),np.float64(0.9999728640410865),8.331145e-05
np.float32(102951.56),32770.500142,np.float32(0.9999658),np.float64(0.9999999007489803),3.411382e-05
np.float32(102951.57),32770.502629,np.float32(1.0),np.float64(0.999965902617122),3.409738e-05
np.float32(102951.58),32770.505115,np.float32(1.0),np.float64(0.9998708717205824),1.291283e-04
np.float32(102951.586),32770.507602,np.float32(0.9998741),np.float64(0.9997148138595577),1.593011e-04
np.float32(102951.59),32770.510089,np.float32(0.9997063),np.float64(0.9994977385590155),2.085894e-04
np.float32(102951.6),32770.512576,np.float32(0.99951714),np.float64(0.9992196590681129),2.974837e-04
np.float32(102951.61),32770.515063,np.float32(0.99925584),np.float64(0.9988805923593891),3.752437e-04
np.float32(102951.62),32770.517549,np.float32(0.99892414),np.float64(0.9984805591277283),4.435770e-04
np.float32(102951.625),32770.520036,np.float32(0.99853134),np.float64(0.9980195837890969),5.117578e-04
np.float32(102951.63),32770.522523,np.float32(0.99807763),np.float64(0.997497694479054),5.799365e-04
np.float32(102951.64),32770.525010,np.float32(0.99756294),np.float64(0.9969149230510329),6.480218e-04
np.float32(102951.65),32770.527497,np.float32(0.9969874),np.float64(0.9962713050743979),7.160974e-04
np.float32(102951.66),32770.529983,np.float32(0.99635106),np.float64(0.995566879832273),7.841834e-04
np.float32(102951.664),32770.532470,np.float32(0.9956538),np.float64(0.9948016903191442),8.521178e-04
np.float32(102951.67),32770.534957,np.float32(0.9948959),np.float64(0.9939757832382354),9.200922e-04
np.float32(102951.68),32770.537444,np.float32(0.9940772),np.float64(0.9930892089986582),9.879967e-04
np.float32(102951.69),32770.539931,np.float32(0.99319786),np.float64(0.9921420217123342),1.055837e-03
np.float32(102951.695),32770.542417,np.float32(0.9922579),np.float64(0.9911342791906937),1.123614e-03
np.float32(102951.7),32770.544904,np.float32(0.9912573),np.float64(0.9900660429411461),1.191267e-03
np.float32(102951.71),32770.547391,np.float32(0.9901963),np.float64(0.9889373781633259),1.258909e-03
np.float32(102951.72),32770.549878,np.float32(0.98907477),np.float64(0.9877483537451142),1.326413e-03
np.float32(102951.73),32770.552365,np.float32(0.9878929),np.float64(0.9864990422584327),1.393883e-03
np.float32(102951.734),32770.554851,np.float32(0.9866508),np.float64(0.9851895199548154),1.461305e-03
np.float32(102951.74),32770.557338,np.float32(0.98534846),np.float64(0.9838198667607543),1.528596e-03
np.float32(102951.75),32770.559825,np.float32(0.98398596),np.float64(0.9823901662728208),1.595794e-03
np.float32(102951.76),32770.562312,np.float32(0.9825634),np.float64(0.9809005057525639),1.662871e-03
np.float32(102951.766),32770.564799,np.float32(0.98108083),np.float64(0.9793509761211837),1.729854e-03
np.float32(102951.77),32770.567285,np.float32(0.97953844),np.float64(0.9777416719539822),1.796769e-03
np.float32(102951.78),32770.569772,np.float32(0.9779362),np.float64(0.9760726914745913),1.863517e-03
np.float32(102951.79),32770.572259,np.float32(0.9762744),np.float64(0.974344136548977),1.930235e-03
np.float32(102951.8),32770.574746,np.float32(0.97455287),np.float64(0.9725561126792228),1.996757e-03
np.float32(102951.805),32770.577232,np.float32(0.97277194),np.float64(0.9707087289970899),2.063214e-03
np.float32(102951.81),32770.579719,np.float32(0.9709316),np.float64(0.9688020982573565),2.129491e-03
np.float32(102951.82),32770.582206,np.float32(0.969032),np.float64(0.9668363368309357),2.195653e-03
np.float32(102951.83),32770.584693,np.float32(0.96707326),np.float64(0.9648115646977732),2.261697e-03
np.float32(102951.836),32770.587180,np.float32(0.9650555),np.float64(0.9627279054395238),2.327620e-03
np.float32(102951.84),32770.589666,np.float32(0.96297884),np.float64(0.9605854862320092),2.393354e-03
np.float32(102951.85),32770.592153,np.float32(0.9608434),np.float64(0.9583844378374554),2.458946e-03
np.float32(102951.86),32770.594640,np.float32(0.95864934),np.float64(0.9561248945965116),2.524443e-03
np.float32(102951.87),32770.597127,np.float32(0.9563967),np.float64(0.9538069944200512),2.589705e-03
np.float32(102951.875),32770.599614,np.float32(0.95408577),np.float64(0.9514308787807542),2.654888e-03
np.float32(102951.88),32770.602100,np.float32(0.9517166),np.float64(0.9489966927044721),2.719909e-03
np.float32(102951.89),32770.604587,np.float32(0.94928926),np.float64(0.9465045847613767),2.784678e-03
np.float32(102951.9),32770.607074,np.float32(0.94680405),np.float64(0.9439547070568922),2.849340e-03
np.float32(102951.91),32770.609561,np.float32(0.944261),np.float64(0.9413472152224112),2.913799e-03
np.float32(102951.914),32770.612048,np.float32(0.9416604),np.float64(0.9386822684057955),2.978136e-03
np.float32(102951.92),32770.614534,np.float32(0.9390023),np.float64(0.9359600292616633),3.042246e-03
np.float32(102951.93),32770.617021,np.float32(0.93628687),np.float64(0.933180663941461),3.106203e-03
np.float32(102951.94),32770.619508,np.float32(0.93351424),np.float64(0.9303443420833224),3.169895e-03
np.float32(102951.945),32770.621995,np.float32(0.9306847),np.float64(0.9274512368017148),3.233449e-03
np.float32(102951.95),32770.624482,np.float32(0.92779833),np.float64(0.9245015246768729),3.296806e-03
np.float32(102951.96),32770.626968,np.float32(0.92485535),np.float64(0.9214953857440213),3.359966e-03
np.float32(102951.97),32770.629455,np.float32(0.9218559),np.float64(0.9184330034823865),3.422923e-03
np.float32(102951.98),32770.631942,np.float32(0.91880023),np.float64(0.9153145648039976),3.485670e-03
np.float32(102951.984),32770.634429,np.float32(0.91568846),np.float64(0.9121402600422784),3.548195e-03
np.float32(102951.99),32770.636916,np.float32(0.91252077),np.float64(0.9089102829404306),3.610483e-03
np.float32(102952.0),32770.639402,np.float32(0.9092974),np.float64(0.9056248306396087),3.672576e-03
np.float32(102952.01),32770.641889,np.float32(0.90601856),np.float64(0.9022841036668872),3.734451e-03
np.float32(102952.016),32770.644376,np.float32(0.9026844),np.float64(0.8988883059230217),3.796085e-03
np.float32(102952.02),32770.646863,np.float32(0.89929515),np.float64(0.8954376446700041),3.857507e-03
np.float32(102952.03),32770.649350,np.float32(0.89585096),np.float64(0.8919323305184117),3.918626e-03
np.float32(102952.04),32770.651836,np.float32(0.89235216),np.float64(0.8883725774145534),3.979586e-03
np.float32(102952.05),32770.654323,np.float32(0.8887989),np.float64(0.8847586026274109),4.040290e-03
np.float32(102952.055),32770.656810,np.float32(0.8851914),np.float64(0.8810906267353783),4.100754e-03
np.float32(102952.06),32770.659297,np.float32(0.88152975),np.float64(0.8773688736127984),4.160875e-03
np.float32(102952.07),32770.661784,np.float32(0.8778144),np.float64(0.8735935704162991),4.220842e-03
np.float32(102952.08),32770.664270,np.float32(0.87404543),np.float64(0.8697649475709293),4.280484e-03
np.float32(102952.086),32770.666757,np.float32(0.87022316),np.float64(0.8658832387560936),4.339926e-03
np.float32(102952.09),32770.669244,np.float32(0.86634773),np.float64(0.8619486808912912),4.399049e-03
np.float32(102952.1),32770.671731,np.float32(0.8624195),np.float64(0.8579615141216547),4.457972e-03
np.float32(102952.11),32770.674218,np.float32(0.85843855),np.float64(0.8539219818032929),4.516570e-03
np.float32(102952.12),32770.676704,np.float32(0.8544052),np.float64(0.8498303304884384),4.574894e-03
np.float32(102952.125),32770.679191,np.float32(0.85031974),np.float64(0.8456868099103979),4.632933e-03
np.float32(102952.13),32770.681678,np.float32(0.8461824),np.float64(0.8414916729683112),4.690733e-03
np.float32(102952.14),32770.684165,np.float32(0.8419934),np.float64(0.8372451757117146),4.748216e-03
np.float32(102952.15),32770.686652,np.float32(0.837753),np.float64(0.8329475773249135),4.805421e-03
np.float32(102952.16),32770.689138,np.float32(0.83346146),np.float64(0.8285991401111629),4.862323e-03
np.float32(102952.164),32770.691625,np.float32(0.8291191),np.float64(0.8242001294766573),4.918957e-03
np.float32(102952.17),32770.694112,np.float32(0.82472605),np.float64(0.8197508139143328),4.975231e-03
np.float32(102952.18),32770.696599,np.float32(0.8202827),np.float64(0.8152514649874786),5.031233e-03
np.float32(102952.19),32770.699085,np.float32(0.8157893),np.float64(0.8107023573131626),5.086925e-03
np.float32(102952.195),32770.701572,np.float32(0.8112461),np.float64(0.8061037685454705),5.142329e-03
np.float32(102952.2),32770.704059,np.float32(0.8066534),np.float64(0.8014559793585586),5.197401e-03
np.float32(102952.21),32770.706546,np.float32(0.80201143),np.float64(0.7967592734295231),5.252157e-03
np.float32(102952.22),32770.709033,np.float32(0.79732054),np.float64(0.7920139374210864),5.306607e-03
np.float32(102952.23),32770.711519,np.float32(0.79258096),np.float64(0.7872202609640999),5.360701e-03
np.float32(102952.234),32770.714006,np.float32(0.78779304),np.float64(0.7823785366398672),5.414504e-03
np.float32(102952.24),32770.716493,np.float32(0.782957),np.float64(0.7774890599622858),5.467957e-03
np.float32(102952.25),32770.718980,np.float32(0.7780732),np.float64(0.7725521293598109),5.521062e-03
np.float32(102952.26),32770.721467,np.float32(0.77314186),np.float64(0.7675680461572404),5.573815e-03
np.float32(102952.266),32770.723953,np.float32(0.7681634),np.float64(0.7625371145573242),5.626268e-03
np.float32(102952.27),32770.726440,np.float32(0.763138),np.float64(0.7574596416221968),5.678355e-03
np.float32(102952.28),32770.728927,np.float32(0.75806606),np.float64(0.7523359372546358),5.730121e-03
np.float32(102952.29),32770.731414,np.float32(0.75294787),np.float64(0.7471663141791474),5.781553e-03
np.float32(102952.3),32770.733901,np.float32(0.74778366),np.float64(0.7419510879228788),5.832573e-03
np.float32(102952.305),32770.736387,np.float32(0.74257386),np.float64(0.7366905767963604),5.883281e-03
np.float32(102952.31),32770.738874,np.float32(0.7373187),np.float64(0.7313851018740777),5.933593e-03
np.float32(102952.32),32770.741361,np.float32(0.73201853),np.float64(0.7260349869748746),5.983543e-03
np.float32(102952.33),32770.743848,np.float32(0.7266737),np.float64(0.720640558642189),6.033164e-03
np.float32(102952.336),32770.746335,np.float32(0.72128457),np.float64(0.7152021461241223),6.082422e-03
np.float32(102952.34),32770.748821,np.float32(0.71585137),np.float64(0.7097200813533442),6.131285e-03
np.float32(102952.35),32770.751308,np.float32(0.7103745),np.float64(0.7041946989268325),6.179776e-03
np.float32(102952.36),32770.753795,np.float32(0.70485425),np.float64(0.6986263360854519),6.227914e-03
np.float32(102952.37),32770.756282,np.float32(0.69929093),np.float64(0.6930153326933695),6.275599e-03
np.float32(102952.375),32770.758769,np.float32(0.693685),np.float64(0.6873620312173124),6.322964e-03
np.float32(102952.38),32770.761255,np.float32(0.68803674),np.float64(0.6816667767056646),6.369963e-03
np.float32(102952.39),32770.763742,np.float32(0.68234646),np.float64(0.6759299167674068),6.416546e-03
np.float32(102952.4),32770.766229,np.float32(0.6766145),np.float64(0.6701518015509009),6.462721e-03
np.float32(102952.41),32770.768716,np.float32(0.6708413),np.float64(0.6643327837225182),6.508493e-03
np.float32(102952.414),32770.771203,np.float32(0.66502714),np.float64(0.6584732184451146),6.553923e-03
np.float32(102952.42),32770.773689,np.float32(0.65917236),np.float64(0.6525734633563534),6.598893e-03
np.float32(102952.43),32770.776176,np.float32(0.65327734),np.float64(0.6466338785468767),6.643459e-03
np.float32(102952.44),32770.778663,np.float32(0.6473425),np.float64(0.6406548265383274),6.687677e-03
np.float32(102952.445),32770.781150,np.float32(0.64136815),np.float64(0.6346366722612231),6.731478e-03
np.float32(102952.45),32770.783637,np.float32(0.6353546),np.float64(0.6285797830326821),6.774795e-03
np.float32(102952.46),32770.786123,np.float32(0.6293023),np.float64(0.6224845285340047),6.817794e-03
np.float32(102952.47),32770.788610,np.float32(0.62321156),np.float64(0.6163512807881091),6.860282e-03
np.float32(102952.48),32770.791097,np.float32(0.61708283),np.float64(0.610180414136826),6.902420e-03
np.float32(102952.484),32770.793584,np.float32(0.61091644),np.float64(0.6039723052180499),6.944131e-03
np.float32(102952.49),32770.796071,np.float32(0.6047127),np.float64(0.5977273329427515),6.985392e-03
np.float32(102952.5),32770.798557,np.float32(0.5984721),np.float64(0.5914458784718506),7.026240e-03
np.float32(102952.51),32770.801044,np.float32(0.592195),np.float64(0.5851283251929523),7.066649e-03
np.float32(102952.516),32770.803531,np.float32(0.5858817),np.float64(0.5787750586969469),7.106651e-03
np.float32(102952.52),32770.806018,np.float32(0.5795327),np.float64(0.5723864667544755),7.146216e-03
np.float32(102952.53),32770.808505,np.float32(0.57314825),np.float64(0.565962939292262),7.185311e-03
np.float32(102952.54),32770.810991,np.float32(0.5667289),np.float64(0.5595048683693149),7.224022e-03
np.float32(102952.55),32770.813478,np.float32(0.5602749),np.float64(0.553012648152997),7.262251e-03
np.float32(102952.555),32770.815965,np.float32(0.5537867),np.float64(0.5464866748949683),7.300020e-03
np.float32(102952.56),32770.818452,np.float32(0.5472647),np.float64(0.5399273469070002),7.337348e-03
np.float32(102952.57),32770.820939,np.float32(0.5407093),np.float64(0.5333350645366651),7.374252e-03
np.float32(102952.58),32770.823425,np.float32(0.534121),np.float64(0.5267102301429012),7.410747e-03
np.float32(102952.586),32770.825912,np.float32(0.5275),np.float64(0.5200532480714539),7.446726e-03
np.float32(102952.59),32770.828399,np.float32(0.5208468),np.float64(0.5133645246301979),7.482259e-03
np.float32(102952.6),32770.830886,np.float32(0.5141618),np.float64(0.5066444680643368),7.517357e-03
np.float32(102952.61),32770.833372,np.float32(0.50744545),np.float64(0.499893488531487),7.551966e-03
np.float32(102952.62),32770.835859,np.float32(0.50069815),np.float64(0.4931119980766434),7.586151e-03
np.float32(102952.625),32770.838346,np.float32(0.49392027),np.float64(0.4863004106070302),7.619856e-03
np.float32(102952.63),32770.840833,np.float32(0.48711225),np.float64(0.4794591418668384),7.653112e-03
np.float32(102952.64),32770.843320,np.float32(0.48027447),np.float64(0.4725886094118507),7.685859e-03
np.float32(102952.65),32770.845806,np.float32(0.47340742),np.float64(0.46568923258395606),7.718185e-03
np.float32(102952.66),32770.848293,np.float32(0.46651143),np.float64(0.4587614324855554),7.749996e-03
np.float32(102952.664),32770.850780,np.float32(0.459587),np.float64(0.45180563195385953),7.781376e-03
np.float32(102952.67),32770.853267,np.float32(0.4526345),np.float64(0.4448222555350813),7.812258e-03
np.float32(102952.68),32770.855754,np.float32(0.4456544),np.float64(0.4378117294585238),7.842663e-03
np.float32(102952.69),32770.858240,np.float32(0.43864706),np.float64(0.4307744816105651),7.872580e-03
np.float32(102952.695),32770.860727,np.float32(0.43161297),np.float64(0.42371094150854244),7.902027e-03
np.float32(102952.7),32770.863214,np.float32(0.42455253),np.float64(0.41662154027453696),7.930990e-03
np.float32(102952.71),32770.865701,np.float32(0.4174662),np.float64(0.40950671060905974),7.959483e-03
np.float32(102952.72),32770.868188,np.float32(0.41035438),np.float64(0.40236688676464244),7.987489e-03
np.float32(102952.73),32770.870674,np.float32(0.4032175),np.float64(0.39520250451933253),8.014990e-03
np.float32(102952.734),32770.873161,np.float32(0.396056),np.float64(0.38801400115009566),8.041995e-03
np.float32(102952.74),32770.875648,np.float32(0.38887036),np.float64(0.3808018154061265),8.068543e-03
np.float32(102952.75),32770.878135,np.float32(0.38166094),np.float64(0.37356638748207),8.094551e-03
np.float32(102952.76),32770.880622,np.float32(0.37442827),np.float64(0.36630815899115376),8.120113e-03
np.float32(102952.766),32770.883108,np.float32(0.36717272),np.float64(0.3590275729382347),8.145145e-03
np.float32(102952.77),32770.885595,np.float32(0.35989478),np.float64(0.35172507369275985),8.169709e-03
np.float32(102952.78),32770.888082,np.float32(0.35259485),np.float64(0.3444011069616448),8.193745e-03
np.float32(102952.79),32770.890569,np.float32(0.34527344),np.float64(0.3370561197620695),8.217315e-03
np.float32(102952.8),32770.893056,np.float32(0.33793092),np.float64(0.32969056039419536),8.240357e-03
np.float32(102952.805),32770.895542,np.float32(0.3305678),np.float64(0.3223048784138027),8.262929e-03
np.float32(102952.81),32770.898029,np.float32(0.32318446),np.float64(0.3148995246048522),8.284936e-03
np.float32(102952.82),32770.900516,np.float32(0.31578144),np.float64(0.3074749509519719),8.306493e-03
np.float32(102952.83),32770.903003,np.float32(0.30835915),np.float64(0.30003161061286987),8.327536e-03
np.float32(102952.836),32770.905490,np.float32(0.300918),np.float64(0.2925699578906761),8.348055e-03
np.float32(102952.84),32770.907976,np.float32(0.2934585),np.float64(0.2850904482062138),8.368043e-03
np.float32(102952.85),32770.910463,np.float32(0.28598112),np.float64(0.2775935380702034),8.387581e-03
np.float32(102952.86),32770.912950,np.float32(0.27848622),np.float64(0.2700796850553992),8.406537e-03
np.float32(102952.87),32770.915437,np.float32(0.27097437),np.float64(0.2625493477686612),8.425020e-03
np.float32(102952.875),32770.917924,np.float32(0.26344594),np.float64(0.2550029858229647),8.442958e-03
np.float32(102952.88),32770.920410,np.float32(0.25590152),np.float64(0.2474410598093475),8.460456e-03
np.float32(102952.89),32770.922897,np.float32(0.2483414),np.float64(0.2398640312687978),8.477365e-03
np.float32(102952.9),32770.925384,np.float32(0.24076612),np.float64(0.2322723626640843),8.493760e-03
np.float32(102952.91),32770.927871,np.float32(0.23317616),np.float64(0.2246665173515297),8.509640e-03
np.float32(102952.914),32770.930358,np.float32(0.22557199),np.float64(0.21704695955272998),8.525030e-03
np.float32(102952.92),32770.932844,np.float32(0.21795404),np.float64(0.20941415432622046),8.539885e-03
np.float32(102952.93),32770.935331,np.float32(0.2103228),np.float64(0.20176856753909123),8.554230e-03
np.float32(102952.94),32770.937818,np.float32(0.20267871),np.float64(0.19411066583855302),8.568044e-03
np.float32(102952.945),32770.940305,np.float32(0.19502224),np.float64(0.18644091662345533),8.581324e-03
np.float32(102952.95),32770.942792,np.float32(0.18735386),np.float64(0.17875978801575887),8.594076e-03
np.float32(102952.96),32770.945278,np.float32(0.17967406),np.float64(0.17106774883196388),8.606310e-03
np.float32(102952.97),32770.947765,np.float32(0.1719833),np.float64(0.16336526855449593),8.618033e-03
np.float32(102952.98),32770.950252,np.float32(0.16428205),np.float64(0.15565281730305106),8.629236e-03
np.float32(102952.984),32770.952739,np.float32(0.15657075),np.float64(0.14793086580590226),8.639882e-03
np.float32(102952.99),32770.955225,np.float32(0.14884992),np.float64(0.14019988537116848),8.650034e-03
np.float32(102953.0),32770.957712,np.float32(0.14111997),np.float64(0.13246034785804853),8.659624e-03
np.float32(102953.01),32770.960199,np.float32(0.13338144),np.float64(0.12471272564802115),8.668716e-03
np.float32(102953.016),32770.962686,np.float32(0.12563476),np.float64(0.11695749161601332),8.677268e-03
np.float32(102953.02),32770.965173,np.float32(0.1178804),np.float64(0.10919511910153841),8.685277e-03
np.float32(102953.03),32770.967659,np.float32(0.11011884),np.float64(0.10142608187980597),8.692762e-03
np.float32(102953.04),32770.970146,np.float32(0.10235057),np.float64(0.0936508541328049),8.699716e-03
np.float32(102953.05),32770.972633,np.float32(0.094576046),np.float64(0.08586991042036188),8.706135e-03
np.float32(102953.055),32770.975120,np.float32(0.08679578),np.float64(0.07808372565117666),8.712051e-03
np.float32(102953.06),32770.977607,np.float32(0.07901018),np.float64(0.07029277505383606),8.717406e-03
np.float32(102953.07),32770.980093,np.float32(0.07121978),np.float64(0.06249753414780851),8.722245e-03
np.float32(102953.08),32770.982580,np.float32(0.06342501),np.float64(0.054698478714420753),8.726533e-03
np.float32(102953.086),32770.985067,np.float32(0.055626407),np.float64(0.04689608476781864),8.730322e-03
np.float32(102953.09),32770.987554,np.float32(0.047824375),np.float64(0.03909082852591364),8.733547e-03
np.float32(102953.1),32770.990041,np.float32(0.040019423),np.float64(0.03128318638131698),8.736236e-03
np.float32(102953.11),32770.992527,np.float32(0.03221205),np.float64(0.023473634872263102),8.738414e-03
np.float32(102953.12),32770.995014,np.float32(0.024402697),np.float64(0.015662650653524197),8.740046e-03
np.float32(102953.125),32770.997501,np.float32(0.016591867),np.float64(0.007850710467317685),8.741157e-03
np.float32(102953.13),32770.999988,np.float32(0.008780011),np.float64(3.8291114208302154e-05),8.741720e-03
np.float32(102953.14),32771.002475,np.float32(0.0009676336),np.float64(-0.007774130575993333),8.741764e-03
np.float32(102953.15),32771.004961,np.float32(0.0),np.float64(-0.015586077773333956),1.558608e-02
np.float32(102953.16),32771.007448,np.float32(0.0),np.float64(-0.023397073676820906),2.339707e-02
np.float32(102953.164),32771.009935,np.float32(0.0),np.float64(-0.03120664154352359),3.120664e-02
np.float32(102953.17),32771.012422,np.float32(0.0),np.float64(-0.03901430471767142),3.901430e-02
np.float32(102953.18),32771.014909,np.float32(0.0),np.float64(-0.04681958665974644),4.681959e-02
np.float32(102953.19),32771.017395,np.float32(0.0),np.float64(-0.054622010975568805),5.462201e-02
np.float32(102953.195),32771.019882,np.float32(0.0),np.float64(-0.062421101445373446),6.242110e-02
np.float32(102953.2),32771.022369,np.float32(0.0),np.float64(-0.0702163820528761),7.021638e-02
np.float32(102953.21),32771.024856,np.float32(0.0),np.float64(-0.07800737701432683),7.800738e-02
np.float32(102953.22),32771.027343,np.float32(0.0),np.float64(-0.08579361080754948),8.579361e-02
np.float32(102953.23),32771.029829,np.float32(0.0),np.float64(-0.09357460820096501),9.357461e-02
np.float32(102953.234),32771.032316,np.float32(0.0),np.float64(-0.1013498942825973),1.013499e-01
np.float32(102953.24),32771.034803,np.float32(0.0),np.float64(-0.1091189944890592),1.091190e-01
np.float32(102953.25),32771.037290,np.float32(0.0),np.float64(-0.11688143463451756),1.168814e-01
np.float32(102953.26),32771.039777,np.float32(0.0),np.float64(-0.12463674093963496),1.246367e-01
np.float32(102953.266),32771.042263,np.float32(0.0),np.float64(-0.13238444006048689),1.323844e-01
np.float32(102953.27),32771.044750,np.float32(0.0),np.float64(-0.1401240591174521),1.401241e-01
np.float32(102953.28),32771.047237,np.float32(0.0),np.float64(-0.14785512572407486),1.478551e-01
np.float32(102953.29),32771.049724,np.float32(0.0),np.float64(-0.15557716801589686),1.555772e-01
np.float32(102953.3),32771.052211,np.float32(0.0),np.float64(-0.16328971467925746),1.632897e-01
np.float32(102953.305),32771.054697,np.float32(0.0),np.float64(-0.17099229498006033),1.709923e-01
np.float32(102953.31),32771.057184,np.float32(0.0),np.float64(-0.1786844387925044),1.786844e-01
np.float32(102953.32),32771.059671,np.float32(0.0),np.float64(-0.18636567662777817),1.863657e-01
np.float32(102953.33),32771.062158,np.float32(0.0),np.float64(-0.19403553966271475),1.940355e-01
np.float32(102953.336),32771.064645,np.float32(0.0),np.float64(-0.2016935597684064),2.016936e-01
np.float32(102953.34),32771.067131,np.float32(0.0),np.float64(-0.20933926953877674),2.093393e-01
np.float32(102953.35),32771.069618,np.float32(0.0),np.float64(-0.21697220231910885),2.169722e-01
np.float32(102953.36),32771.072105,np.float32(0.0),np.float64(-0.2245918922345274),2.245919e-01
np.float32(102953.37),32771.074592,np.float32(0.0),np.float64(-0.23219787421843333),2.321979e-01
np.float32(102953.375),32771.077078,np.float32(0.0),np.float64(-0.23978968404088893),2.397897e-01
np.float32(102953.38),32771.079565,np.float32(0.0),np.float64(-0.24736685833695235),2.473669e-01
np.float32(102953.39),32771.082052,np.float32(0.0),np.float64(-0.25492893463495875),2.549289e-01
np.float32(102953.4),32771.084539,np.float32(0.0),np.float64(-0.2624754513847472),2.624755e-01
np.float32(102953.41),32771.087026,np.float32(0.0),np.float64(-0.27000594798583155),2.700059e-01
np.float32(102953.414),32771.089512,np.float32(0.0),np.float64(-0.2775199648155129),2.775200e-01
np.float32(102953.42),32771.091999,np.float32(0.0),np.float64(-0.28501704325693256),2.850170e-01
np.float32(102953.43),32771.094486,np.float32(0.0),np.float64(-0.29249672572706387),2.924967e-01
np.float32(102953.44),32771.096973,np.float32(0.0),np.float64(-0.2999585557046406),2.999586e-01
np.float32(102953.445),32771.099460,np.float32(0.0),np.float64(-0.30740207775802053),3.074021e-01
np.float32(102953.45),32771.101946,np.float32(0.0),np.float64(-0.31482683757298296),3.148268e-01
np.float32(102953.46),32771.104433,np.float32(0.0),np.float64(-0.3222323819804573),3.222324e-01
np.float32(102953.47),32771.106920,np.float32(0.0),np.float64(-0.32961825898418257),3.296183e-01
np.float32(102953.48),32771.109407,np.float32(0.0),np.float64(-0.3369840177882946),3.369840e-01
np.float32(102953.484),32771.111894,np.float32(0.0),np.float64(-0.34432920882484064),3.443292e-01
np.float32(102953.49),32771.114380,np.float32(0.0),np.float64(-0.3516533837812182),3.516534e-01
np.float32(102953.5),32771.116867,np.float32(0.0),np.float64(-0.3589560956275382),3.589561e-01
np.float32(102953.51),32771.119354,np.float32(0.0),np.float64(-0.3662368986439091),3.662369e-01
np.float32(102953.516),32771.121841,np.float32(0.0),np.float64(-0.37349534844764143),3.734953e-01
np.float32(102953.52),32771.124328,np.float32(0.0),np.float64(-0.3807310020203706),3.807310e-01
np.float32(102953.53),32771.126814,np.float32(0.0),np.float64(-0.3879434177350964),3.879434e-01
np.float32(102953.54),32771.129301,np.float32(0.0),np.float64(-0.3951321553831379),3.951322e-01
np.float32(102953.55),32771.131788,np.float32(0.0),np.float64(-0.402296776201001),4.022968e-01
np.float32(102953.555),32771.134275,np.float32(0.99988955),np.float64(-0.409436842897159),1.409326e+00
np.float32(102953.56),32771.136762,np.float32(0.9999658),np.float64(-0.4165519196787419),1.416518e+00
np.float32(102953.57),32771.139248,np.float32(1.0),np.float64(-0.4236415722781354),1.423642e+00
np.float32(102953.58),32771.141735,np.float32(1.0),np.float64(-0.4307053679794864),1.430705e+00
np.float32(102953.586),32771.144222,np.float32(0.9998741),np.float64(-0.43774287564511327),1.437617e+00
np.float32(102953.59),32771.146709,np.float32(0.9997063),np.float64(-0.4447536657418208),1.444460e+00
np.float32(102953.6),32771.149196,np.float32(0.99951714),np.float64(-0.45173731036711645),1.451254e+00
np.float32(102953.61),32771.151682,np.float32(0.99925584),np.float64(-0.4586933832753273),1.457949e+00
np.float32(102953.62),32771.154169,np.float32(0.99892414),np.float64(-0.46562145990361603),1.464546e+00
np.float32(102953.625),32771.156656,np.float32(0.99853134),np.float64(-0.4725211173978938),1.471052e+00
np.float32(102953.63),32771.159143,np.float32(0.99807763),np.float64(-0.47939193463862934),1.477470e+00
np.float32(102953.64),32771.161630,np.float32(0.99756294),np.float64(-0.4862334922665517),1.483796e+00
np.float32(102953.65),32771.164116,np.float32(0.9969874),np.float64(-0.4930453727082461),1.490033e+00
np.float32(102953.66),32771.166603,np.float32(0.99635106),np.float64(-0.49982716020164),1.496178e+00
np.float32(102953.664),32771.169090,np.float32(0.9956538),np.float64(-0.5065784408213795),1.502232e+00
np.float32(102953.67),32771.171577,np.float32(0.9948959),np.float64(-0.5132988025040928),1.508195e+00
np.float32(102953.68),32771.174064,np.float32(0.9940772),np.float64(-0.519987835073541),1.514065e+00
np.float32(102953.69),32771.176550,np.float32(0.99319786),np.float64(-0.5266451302656525),1.519843e+00
np.float32(102953.695),32771.179037,np.float32(0.9922579),np.float64(-0.5332702817534418),1.525528e+00
np.float32(102953.7),32771.181524,np.float32(0.9912573),np.float64(-0.5398628851718094),1.531120e+00
np.float32(102953.71),32771.184011,np.float32(0.9901963),np.float64(-0.546422538142222),1.536619e+00
np.float32(102953.72),32771.186498,np.float32(0.98907477),np.float64(-0.5529488402972721),1.542024e+00
np.float32(102953.73),32771.188984,np.float32(0.9878929),np.float64(-0.5594413933051141),1.547334e+00
np.float32(102953.734),32771.191471,np.float32(0.9866508),np.float64(-0.565899800893776),1.552551e+00
np.float32(102953.74),32771.193958,np.float32(0.98534846),np.float64(-0.5723236688753466),1.557672e+00
np.float32(102953.75),32771.196445,np.float32(0.98398596),np.float64(-0.5787126051700341),1.562699e+00
np.float32(102953.76),32771.198931,np.float32(0.9825634),np.float64(-0.5850662198300969),1.567630e+00
np.float32(102953.766),32771.201418,np.float32(0.98108083),np.float64(-0.5913841250636438),1.572465e+00
np.float32(102953.77),32771.203905,np.float32(0.97953844),np.float64(-0.5976659352583031),1.577204e+00
np.float32(102953.78),32771.206392,np.float32(0.9779362),np.float64(-0.6039112670047583),1.581847e+00
np.float32(102953.79),32771.208879,np.float32(0.9762744),np.float64(-0.6101197391201489),1.586394e+00
np.float32(102953.8),32771.211365,np.float32(0.97455287),np.float64(-0.6162909726713369),1.590844e+00
np.float32(102953.805),32771.213852,np.float32(0.97277194),np.float64(-0.6224245909980339),1.595197e+00
np.float32(102953.81),32771.216339,np.float32(0.9709316),np.float64(-0.6285202197357912),1.599452e+00
np.float32(102953.82),32771.218826,np.float32(0.969032),np.float64(-0.6345774868388485),1.603609e+00
np.float32(102953.83),32771.221313,np.float32(0.96707326),np.float64(-0.6405960226028423),1.607669e+00
np.float32(102953.836),32771.223799,np.float32(0.9650555),np.float64(-0.6465754596873702),1.611631e+00
np.float32(102953.84),32771.226286,np.float32(0.96297884),np.float64(-0.6525154331384116),1.615494e+00
np.float32(102953.85),32771.228773,np.float32(0.9608434),np.float64(-0.6584155804106031),1.619259e+00
np.float32(102953.86),32771.231260,np.float32(0.95864934),np.float64(-0.6642755413893653),1.622925e+00
np.float32(102953.87),32771.233747,np.float32(0.9563967),np.float64(-0.6700949584128837),1.626492e+00
np.float32(102953.875),32771.236233,np.float32(0.95408577),np.float64(-0.6758734762939373),1.629959e+00
np.float32(102953.88),32771.238720,np.float32(0.9517166),np.float64(-0.6816107423415786),1.633327e+00
np.float32(102953.89),32771.241207,np.float32(0.94928926),np.float64(-0.6873064063826586),1.636596e+00
np.float32(102953.9),32771.243694,np.float32(0.94680405),np.float64(-0.6929601207832011),1.639764e+00
np.float32(102953.91),32771.246181,np.float32(0.944261),np.float64(-0.6985715404696192),1.642833e+00
np.float32(102953.914),32771.248667,np.float32(0.9416604),np.float64(-0.7041403229497778),1.645801e+00
np.float32(102953.92),32771.251154,np.float32(0.9390023),np.float64(-0.7096661283338965),1.648668e+00
np.float32(102953.93),32771.253641,np.float32(0.93628687),np.float64(-0.7151486193552961),1.651435e+00
np.float32(102953.94),32771.256128,np.float32(0.93351424),np.float64(-0.7205874613909822),1.654102e+00
np.float32(102953.945),32771.258615,np.float32(0.9306847),np.float64(-0.7259823224820697),1.656667e+00
np.float32(102953.95),32771.261101,np.float32(0.92779833),np.float64(-0.7313328733540441),1.659131e+00
np.float32(102953.96),32771.263588,np.float32(0.92485535),np.float64(-0.7366387874368576),1.661494e+00
np.float32(102953.97),32771.266075,np.float32(0.9218559),np.float64(-0.7418997408848624),1.663756e+00
np.float32(102953.98),32771.268562,np.float32(0.91880023),np.float64(-0.7471154125965761),1.665916e+00
np.float32(102953.984),32771.271049,np.float32(0.91568846),np.float64(-0.7522854842342798),1.667974e+00
np.float32(102953.99),32771.273535,np.float32(0.91252077),np.float64(-0.7574096402434483),1.669930e+00
np.float32(102954.0),32771.276022,np.float32(0.9092974),np.float64(-0.7624875678720098),1.671785e+00
np.float32(102954.01),32771.278509,np.float32(0.90601856),np.float64(-0.7675189571894342),1.673538e+00
np.float32(102954.016),32771.280996,np.float32(0.9026844),np.float64(-0.7725035011056506),1.675188e+00
np.float32(102954.02),32771.283483,np.float32(0.89929515),np.float64(-0.7774408953897893),1.676736e+00
np.float32(102954.03),32771.285969,np.float32(0.89585096),np.float64(-0.7823308386887519),1.678182e+00
np.float32(102954.04),32771.288456,np.float32(0.89235216),np.float64(-0.7871730325456028),1.679525e+00
np.float32(102954.05),32771.290943,np.float32(0.8887989),np.float64(-0.7919671814177867),1.680766e+00
np.float32(102954.055),32771.293430,np.float32(0.8851914),np.float64(-0.7967129926951664),1.681904e+00
np.float32(102954.06),32771.295917,np.float32(0.88152975),np.float64(-0.8014101767178822),1.682940e+00
np.float32(102954.07),32771.298403,np.float32(0.8778144),np.float64(-0.8060584467940317),1.683873e+00
np.float32(102954.08),32771.300890,np.float32(0.87404543),np.float64(-0.8106575192171674),1.684703e+00
np.float32(102954.086),32771.303377,np.float32(0.87022316),np.float64(-0.8152071132836133),1.685430e+00
np.float32(102954.09),32771.305864,np.float32(0.86634773),np.float64(-0.8197069513095968),1.686055e+00
np.float32(102954.1),32771.308351,np.float32(0.8624195),np.float64(-0.8241567586481979),1.686576e+00
np.float32(102954.11),32771.310837,np.float32(0.85843855),np.float64(-0.8285562637061119),1.686995e+00
np.float32(102954.12),32771.313324,np.float32(0.8544052),np.float64(-0.8329051979602258),1.687310e+00
np.float32(102954.125),32771.315811,np.float32(0.85031974),np.float64(-0.8372032959740081),1.687523e+00
np.float32(102954.13),32771.318298,np.float32(0.8461824),np.float64(-0.8414502954137092),1.687633e+00
np.float32(102954.14),32771.320784,np.float32(0.8419934),np.float64(-0.8456459370643731),1.687639e+00
np.float32(102954.15),32771.323271,np.float32(0.837753),np.float64(-0.8497899648456586),1.687543e+00
np.float32(102954.16),32771.325758,np.float32(0.83346146),np.float64(-0.853882125827469),1.687344e+00
np.float32(102954.164),32771.328245,np.float32(0.8291191),np.float64(-0.8579221702453899),1.687041e+00
np.float32(102954.17),32771.330732,np.float32(0.82472605),np.float64(-0.861909851515933),1.686636e+00
np.float32(102954.18),32771.333218,np.float32(0.8202827),np.float64(-0.865844926251587),1.686128e+00
np.float32(102954.19),32771.335705,np.float32(0.8157893),np.float64(-0.869727154275672),1.685516e+00
np.float32(102954.195),32771.338192,np.float32(0.8112461),np.float64(-0.8735562986369992),1.684802e+00
np.float32(102954.2),32771.340679,np.float32(0.8066534),np.float64(-0.877332125624333),1.683986e+00
np.float32(102954.21),32771.343166,np.float32(0.80201143),np.float64(-0.8810544047806553),1.683066e+00
np.float32(102954.22),32771.345652,np.float32(0.79732054),np.float64(-0.8847229089172318),1.682043e+00
np.float32(102954.23),32771.348139,np.float32(0.79258096),np.float64(-0.8883374141274782),1.680918e+00
np.float32(102954.234),32771.350626,np.float32(0.78779304),np.float64(-0.8918976998006263),1.679691e+00
np.float32(102954.24),32771.353113,np.float32(0.782957),np.float64(-0.8954035486351889),1.678361e+00
np.float32(102954.25),32771.355600,np.float32(0.7780732),np.float64(-0.898854746652223),1.676928e+00
np.float32(102954.26),32771.358086,np.float32(0.77314186),np.float64(-0.9022510832083899),1.675393e+00
np.float32(102954.266),32771.360573,np.float32(0.7681634),np.float64(-0.9055923510088114),1.673756e+00
np.float32(102954.27),32771.363060,np.float32(0.763138),np.float64(-0.9088783461197226),1.672016e+00
np.float32(102954.28),32771.365547,np.float32(0.75806606),np.float64(-0.9121088679809185),1.670175e+00
np.float32(102954.29),32771.368034,np.float32(0.75294787),np.float64(-0.9152837194179955),1.668232e+00
np.float32(102954.3),32771.370520,np.float32(0.74778366),np.float64(-0.9184027066543856),1.666186e+00
np.float32(102954.305),32771.373007,np.float32(0.74257386),np.float64(-0.9214656393231838),1.664039e+00
np.float32(102954.31),32771.375494,np.float32(0.7373187),np.float64(-0.9244723304787669),1.661791e+00
np.float32(102954.32),32771.377981,np.float32(0.73201853),np.float64(-0.9274225966082038),1.659441e+00
np.float32(102954.33),32771.380468,np.float32(0.7266737),np.float64(-0.9303162576424563),1.656990e+00
np.float32(102954.336),32771.382954,np.float32(0.72128457),np.float64(-0.9331531369673691),1.654438e+00
np.float32(102954.34),32771.385441,np.float32(0.71585137),np.float64(-0.9359330614344503),1.651784e+00
np.float32(102954.35),32771.387928,np.float32(0.7103745),np.float64(-0.9386558613714386),1.649030e+00
np.float32(102954.36),32771.390415,np.float32(0.70485425),np.float64(-0.9413213705926596),1.646176e+00
np.float32(102954.37),32771.392902,np.float32(0.69929093),np.float64(-0.9439294264091691),1.643220e+00
np.float32(102954.375),32771.395388,np.float32(0.693685),np.float64(-0.9464798696386824),1.640165e+00
np.float32(102954.38),32771.397875,np.float32(0.68803674),np.float64(-0.9489725446152902),1.637009e+00
np.float32(102954.39),32771.400362,np.float32(0.68234646),np.float64(-0.9514072991989597),1.633754e+00
np.float32(102954.4),32771.402849,np.float32(0.6766145),np.float64(-0.9537839847848203),1.630399e+00
np.float32(102954.41),32771.405336,np.float32(0.6708413),np.float64(-0.9561024563122338),1.626944e+00
np.float32(102954.414),32771.407822,np.float32(0.66502714),np.float64(-0.9583625722736479),1.623390e+00
np.float32(102954.42),32771.410309,np.float32(0.65917236),np.float64(-0.9605641947232334),1.619737e+00
np.float32(102954.43),32771.412796,np.float32(0.65327734),np.float64(-0.9627071892853035),1.615985e+00
np.float32(102954.44),32771.415283,np.float32(0.6473425),np.float64(-0.9647914251625157),1.612134e+00
np.float32(102954.445),32771.417770,np.float32(0.64136815),np.float64(-0.9668167751438546),1.608185e+00
np.float32(102954.45),32771.420256,np.float32(0.6353546),np.float64(-0.9687831156123962),1.604138e+00
np.float32(102954.46),32771.422743,np.float32(0.6293023),np.float64(-0.9706903265528533),1.599993e+00
np.float32(102954.47),32771.425230,np.float32(0.62321156),np.float64(-0.9725382915589),1.595750e+00
np.float32(102954.48),32771.427717,np.float32(0.61708283),np.float64(-0.9743268978402776),1.591410e+00
np.float32(102954.484),32771.430204,np.float32(0.61091644),np.float64(-0.9760560362296771),1.586972e+00
np.float32(102954.49),32771.432690,np.float32(0.6047127),np.float64(-0.9777256011894035),1.582438e+00
np.float32(102954.5),32771.435177,np.float32(0.5984721),np.float64(-0.9793354908178172),1.577808e+00
np.float32(102954.51),32771.437664,np.float32(0.592195),np.float64(-0.9808856068555528),1.573081e+00
np.float32(102954.516),32771.440151,np.float32(0.5858817),np.float64(-0.9823758546915169),1.568258e+00
np.float32(102954.52),32771.442637,np.float32(0.5795327),np.float64(-0.9838061433686627),1.563339e+00
np.float32(102954.53),32771.445124,np.float32(0.57314825),np.float64(-0.9851763855895412),1.558325e+00
np.float32(102954.54),32771.447611,np.float32(0.5667289),np.float64(-0.9864864977216299),1.553215e+00
np.float32(102954.55),32771.450098,np.float32(0.5602749),np.float64(-0.9877363998024367),1.548011e+00
np.float32(102954.555),32771.452585,np.float32(0.5537867),np.float64(-0.9889260155443808),1.542713e+00
np.float32(102954.56),32771.455071,np.float32(0.5472647),np.float64(-0.9900552723394489),1.537320e+00
np.float32(102954.57),32771.457558,np.float32(0.5407093),np.float64(-0.9911241012636266),1.531833e+00
np.float32(102954.58),32771.460045,np.float32(0.534121),np.float64(-0.9921324370811054),1.526253e+00
np.float32(102954.586),32771.462532,np.float32(0.5275),np.float64(-0.993080218248264),1.520580e+00
np.float32(102954.59),32771.465019,np.float32(0.5208468),np.float64(-0.9939673869174251),1.514814e+00
np.float32(102954.6),32771.467505,np.float32(0.5141618),np.float64(-0.9947938889403858),1.508956e+00
np.float32(102954.61),32771.469992,np.float32(0.50744545),np.float64(-0.9955596738717225),1.503005e+00
np.float32(102954.62),32771.472479,np.float32(0.50069815),np.float64(-0.99626469497187),1.496963e+00
np.float32(102954.625),32771.474966,np.float32(0.49392027),np.float64(-0.9969089092099742),1.490829e+00
np.float32(102954.63),32771.477453,np.float32(0.48711225),np.float64(-0.9974922772665183),1.484605e+00
np.float32(102954.64),32771.479939,np.float32(0.48027447),np.float64(-0.998014763535723),1.478289e+00
np.float32(102954.65),32771.482426,np.float32(0.47340742),np.float64(-0.9984763361277196),1.471884e+00
np.float32(102954.66),32771.484913,np.float32(0.46651143),np.float64(-0.9988769668704958),1.465388e+00
np.float32(102954.664),32771.487400,np.float32(0.459587),np.float64(-0.9992166313116161),1.458804e+00
np.float32(102954.67),32771.489887,np.float32(0.4526345),np.float64(-0.9994953087197137),1.452130e+00
np.float32(102954.68),32771.492373,np.float32(0.4456544),np.float64(-0.9997129820857561),1.445367e+00
np.float32(102954.69),32771.494860,np.float32(0.43864706),np.float64(-0.9998696381240828),1.438517e+00
np.float32(102954.695),32771.497347,np.float32(0.43161297),np.float64(-0.9999652672732168),1.431578e+00
np.float32(102954.7),32771.499834,np.float32(0.42455253),np.float64(-0.9999998636964476),1.424552e+00
np.float32(102954.71),32771.502321,np.float32(0.4174662),np.float64(-0.9999734252821879),1.417440e+00
np.float32(102954.72),32771.504807,np.float32(0.41035438),np.float64(-0.9998859536441023),1.410240e+00
np.float32(102954.73),32771.507294,np.float32(0.4032175),np.float64(-0.9997374541210086),1.402955e+00
np.float32(102954.734),32771.509781,np.float32(0.396056),np.float64(-0.9995279357765523),1.395584e+00
np.float32(102954.74),32771.512268,np.float32(0.38887036),np.float64(-0.9992574113986534),1.388128e+00
np.float32(102954.75),32771.514755,np.float32(0.38166094),np.float64(-0.9989258974987255),1.380587e+00
np.float32(102954.76),32771.517241,np.float32(0.37442827),np.float64(-0.9985334143106683),1.372962e+00
np.float32(102954.766),32771.519728,np.float32(0.36717272),np.float64(-0.9980799857896329),1.365253e+00
np.float32(102954.77),32771.522215,np.float32(0.35989478),np.float64(-0.9975656396105589),1.357460e+00
np.float32(102954.78),32771.524702,np.float32(0.35259485),np.float64(-0.9969904071664861),1.349585e+00
np.float32(102954.79),32771.527189,np.float32(0.34527344),np.float64(-0.9963543235666382),1.341628e+00
np.float32(102954.8),32771.529675,np.float32(0.33793092),np.float64(-0.9956574276342794),1.333588e+00
np.float32(102954.805),32771.532162,np.float32(0.3305678),np.float64(-0.9948997619043457),1.325468e+00
np.float32(102954.81),32771.534649,np.float32(0.32318446),np.float64(-0.9940813726208478),1.317266e+00
np.float32(102954.82),32771.537136,np.float32(0.31578144),np.float64(-0.9932023097340498),1.308984e+00
np.float32(102954.83),32771.539623,np.float32(0.30835915),np.float64(-0.9922626268974193),1.300622e+00
np.float32(102954.836),32771.542109,np.float32(0.300918),np.float64(-0.9912623814643532),1.292180e+00
np.float32(102954.84),32771.544596,np.float32(0.2934585),np.float64(-0.9902016344846774),1.283660e+00
np.float32(102954.85),32771.547083,np.float32(0.28598112),np.float64(-0.9890804507009202),1.275062e+00
np.float32(102954.86),32771.549570,np.float32(0.27848622),np.float64(-0.9878988985443611),1.266385e+00
np.float32(102954.87),32771.552057,np.float32(0.27097437),np.float64(-0.9866570501308537),1.257631e+00
np.float32(102954.875),32771.554543,np.float32(0.26344594),np.float64(-0.9853549812564244),1.248801e+00
np.float32(102954.88),32771.557030,np.float32(0.25590152),np.float64(-0.9839927713926462),1.239894e+00
np.float32(102954.89),32771.559517,np.float32(0.2483414),np.float64(-0.9825705036817881),1.230912e+00
np.float32(102954.9),32771.562004,np.float32(0.24076612),np.float64(-0.9810882649317406),1.221854e+00
np.float32(102954.91),32771.564491,np.float32(0.23317616),np.float64(-0.9795461456107173),1.212722e+00
np.float32(102954.914),32771.566977,np.float32(0.22557199),np.float64(-0.977944239841733),1.203516e+00
np.float32(102954.92),32771.569464,np.float32(0.21795404),np.float64(-0.9762826453968594),1.194237e+00
np.float32(102954.93),32771.571951,np.float32(0.2103228),np.float64(-0.9745614636912573),1.184884e+00
np.float32(102954.94),32771.574438,np.float32(0.20267871),np.float64(-0.9727807997769865),1.175460e+00
np.float32(102954.945),32771.576924,np.float32(0.19502224),np.float64(-0.9709407623365948),1.165963e+00
np.float32(102954.95),32771.579411,np.float32(0.18735386),np.float64(-0.9690414636764834),1.156395e+00
np.float32(102954.96),32771.581898,np.float32(0.17967406),np.float64(-0.9670830197200532),1.146757e+00
np.float32(102954.97),32771.584385,np.float32(0.1719833),np.float64(-0.9650655500006291),1.137049e+00
np.float32(102954.98),32771.586872,np.float32(0.16428205),np.float64(-0.9629891776541644),1.127271e+00
np.float32(102954.984),32771.589358,np.float32(0.15657075),np.float64(-0.9608540294117252),1.117425e+00
np.float32(102954.99),32771.591845,np.float32(0.14884992),np.float64(-0.9586602355917551),1.107510e+00
np.float32(102955.0),32771.594332,np.float32(0.14111997),np.float64(-0.9564079300921215),1.097528e+00
np.float32(102955.01),32771.596819,np.float32(0.13338144),np.float64(-0.9540972503819437),1.087479e+00
np.float32(102955.016),32771.599306,np.float32(0.12563476),np.float64(-0.9517283374932013),1.077363e+00
np.float32(102955.02),32771.601792,np.float32(0.1178804),np.float64(-0.9493013360121272),1.067182e+00
np.float32(102955.03),32771.604279,np.float32(0.11011884),np.float64(-0.9468163940703825),1.056935e+00
np.float32(102955.04),32771.606766,np.float32(0.10235057),np.float64(-0.9442736633360157),1.046624e+00
np.float32(102955.05),32771.609253,np.float32(0.094576046),np.float64(-0.9416732990042048),1.036249e+00
np.float32(102955.055),32771.611740,np.float32(0.08679578),np.float64(-0.9390154597877861),1.025811e+00
np.float32(102955.06),32771.614226,np.float32(0.07901018),np.float64(-0.9363003079075662),1.015310e+00
np.float32(102955.07),32771.616713,np.float32(0.07121978),np.float64(-0.9335280090824216),1.004748e+00
np.float32(102955.08),32771.619200,np.float32(0.06342501),np.float64(-0.9306987325191834),9.941237e-01
np.float32(102955.086),32771.621687,np.float32(0.055626407),np.float64(-0.9278126509023108),9.834391e-01
np.float32(102955.09),32771.624174,np.float32(0.047824375),np.float64(-0.9248699403833498),9.726943e-01
np.float32(102955.1),32771.626660,np.float32(0.040019423),np.float64(-0.9218707805701835),9.618902e-01
np.float32(102955.11),32771.629147,np.float32(0.03221205),np.float64(-0.9188153545160684),9.510274e-01
np.float32(102955.12),32771.631634,np.float32(0.024402697),np.float64(-0.915703848708463),9.401065e-01
np.float32(102955.125),32771.634121,np.float32(0.016591867),np.float64(-0.9125364530576441),9.291283e-01
np.float32(102955.13),32771.636608,np.float32(0.008780011),np.float64(-0.9093133608851172),9.180934e-01
np.float32(102955.14),32771.639094,np.float32(0.0009676336),np.float64(-0.9060347689118157),9.070024e-01
np.float32(102955.15),32771.641581,np.float32(0.0),np.float64(-0.9027008772460955),9.027009e-01
np.float32(102955.16),32771.644068,np.float32(0.0),np.float64(-0.8993118893715202),8.993119e-01
np.float32(102955.164),32771.646555,np.float32(0.0),np.float64(-0.8958680121344422),8.958680e-01
np.float32(102955.17),32771.649042,np.float32(0.0),np.float64(-0.8923694557313777),8.923695e-01
np.float32(102955.18),32771.651528,np.float32(0.0),np.float64(-0.8888164336961772),8.888164e-01
np.float32(102955.19),32771.654015,np.float32(0.0),np.float64(-0.8852091628869929),8.852092e-01
np.float32(102955.195),32771.656502,np.float32(0.0),np.float64(-0.8815478634730425),8.815479e-01
np.float32(102955.2),32771.658989,np.float32(0.0),np.float64(-0.877832758921171),8.778328e-01
np.float32(102955.21),32771.661476,np.float32(0.0),np.float64(-0.874064075982212),8.740641e-01
np.float32(102955.22),32771.663962,np.float32(0.0),np.float64(-0.8702420446771475),8.702420e-01
np.float32(102955.23),32771.666449,np.float32(0.0),np.float64(-0.866366898283069),8.663669e-01
np.float32(102955.234),32771.668936,np.float32(0.0),np.float64(-0.8624388733189391),8.624389e-01
np.float32(102955.24),32771.671423,np.float32(0.0),np.float64(-0.8584582095311558),8.584582e-01
np.float32(102955.25),32771.673910,np.float32(0.0),np.float64(-0.8544251498789197),8.544251e-01
np.float32(102955.26),32771.676396,np.float32(0.0),np.float64(-0.8503399405194048),8.503399e-01
np.float32(102955.266),32771.678883,np.float32(0.0),np.float64(-0.8462028307927342),8.462028e-01
np.float32(102955.27),32771.681370,np.float32(0.0),np.float64(-0.8420140732067625),8.420141e-01
np.float32(102955.28),32771.683857,np.float32(0.0),np.float64(-0.8377739234216629),8.377739e-01
np.float32(102955.29),32771.686344,np.float32(0.0),np.float64(-0.833482640234324),8.334826e-01
np.float32(102955.3),32771.688830,np.float32(0.0),np.float64(-0.829140485562553),8.291405e-01
np.float32(102955.305),32771.691317,np.float32(0.0),np.float64(-0.8247477244290913),8.247477e-01
np.float32(102955.31),32771.693804,np.float32(0.0),np.float64(-0.8203046249454369),8.203046e-01
np.float32(102955.32),32771.696291,np.float32(0.0),np.float64(-0.815811458295482),8.158115e-01
np.float32(102955.33),32771.698777,np.float32(0.0),np.float64(-0.8112684987189602),8.112685e-01
np.float32(102955.336),32771.701264,np.float32(0.0),np.float64(-0.8066760234947088),8.066760e-01
np.float32(102955.34),32771.703751,np.float32(0.0),np.float64(-0.8020343129237448),8.020343e-01
np.float32(102955.35),32771.706238,np.float32(0.0),np.float64(-0.7973436503121576),7.973437e-01
np.float32(102955.36),32771.708725,np.float32(0.0),np.float64(-0.792604321953816),7.926043e-01
np.float32(102955.37),32771.711211,np.float32(0.0),np.float64(-0.7878166171128959),7.878166e-01
np.float32(102955.375),32771.713698,np.float32(0.0),np.float64(-0.7829808280062238),7.829808e-01
np.float32(102955.38),32771.716185,np.float32(0.0),np.float64(-0.7780972497854425),7.780972e-01
np.float32(102955.39),32771.718672,np.float32(0.0),np.float64(-0.7731661805189953),7.731662e-01
np.float32(102955.4),32771.721159,np.float32(0.0),np.float64(-0.7681879211739351),7.681879e-01
np.float32(102955.41),32771.723645,np.float32(0.0),np.float64(-0.7631627755975529),7.631628e-01
np.float32(102955.414),32771.726132,np.float32(0.0),np.float64(-0.7580910504988344),7.580911e-01
np.float32(102955.42),32771.728619,np.float32(0.0),np.float64(-0.7529730554297389),7.529731e-01
np.float32(102955.43),32771.731106,np.float32(0.0),np.float64(-0.7478091027663064),7.478091e-01
np.float32(102955.44),32771.733593,np.float32(0.0),np.float64(-0.7425995076895914),7.425995e-01
np.float32(102955.445),32771.736079,np.float32(0.0),np.float64(-0.7373445881664261),7.373446e-01
np.float32(102955.45),32771.738566,np.float32(0.0),np.float64(-0.7320446649300134),7.320447e-01
np.float32(102955.46),32771.741053,np.float32(0.0),np.float64(-0.7267000614603509),7.267001e-01
np.float32(102955.47),32771.743540,np.float32(0.0),np.float64(-0.7213111039644872),7.213111e-01
np.float32(102955.48),32771.746027,np.float32(0.0),np.float64(-0.7158781213566121),7.158781e-01
np.float32(102955.484),32771.748513,np.float32(0.0),np.float64(-0.7104014452379815),7.104014e-01
np.float32(102955.49),32771.751000,np.float32(0.0),np.float64(-0.7048814098766777),7.048814e-01
np.float32(102955.5),32771.753487,np.float32(0.0),np.float64(-0.6993183521872078),6.993184e-01
np.float32(102955.51),32771.755974,np.float32(0.0),np.float64(-0.6937126117099404),6.937126e-01
np.float32(102955.516),32771.758461,np.float32(0.0),np.float64(-0.6880645305903809),6.880645e-01
np.float32(102955.52),32771.760947,np.float32(0.0),np.float64(-0.6823744535582896),6.823745e-01
np.float32(102955.53),32771.763434,np.float32(0.0),np.float64(-0.6766427279066408),6.766427e-01
np.float32(102955.54),32771.765921,np.float32(0.0),np.float64(-0.6708697034704261),6.708697e-01
np.float32(102955.55),32771.768408,np.float32(0.0),np.float64(-0.6650557326053015),6.650557e-01
np.float32(102955.555),32771.770895,np.float32(0.99988955),np.float64(-0.6592011701660825),1.659091e+00
np.float32(102955.56),32771.773381,np.float32(0.9999658),np.float64(-0.6533063734850847),1.653272e+00
np.float32(102955.57),32771.775868,np.float32(1.0),np.float64(-0.6473717023503147),1.647372e+00
np.float32(102955.58),32771.778355,np.float32(1.0),np.float64(-0.6413975189835102),1.641398e+00
np.float32(102955.586),32771.780842,np.float32(0.9998741),np.float64(-0.6353841880180318),1.635258e+00
np.float32(102955.59),32771.783329,np.float32(0.9997063),np.float64(-0.6293320764766076),1.629038e+00
np.float32(102955.6),32771.785815,np.float32(0.99951714),np.float64(-0.6232415537489326),1.622759e+00
np.float32(102955.61),32771.788302,np.float32(0.99925584),np.float64(-0.6171129915691224),1.616369e+00
np.float32(102955.62),32771.790789,np.float32(0.99892414),np.float64(-0.6109467639930244),1.609871e+00
np.float32(102955.625),32771.793276,np.float32(0.99853134),np.float64(-0.6047432473753882),1.603275e+00
np.float32(102955.63),32771.795763,np.float32(0.99807763),np.float64(-0.598502820346894),1.596580e+00
np.float32(102955.64),32771.798249,np.float32(0.99756294),np.float64(-0.592225863791043),1.589789e+00
np.float32(102955.65),32771.800736,np.float32(0.9969874),np.float64(-0.5859127608209111),1.582900e+00
np.float32(102955.66),32771.803223,np.float32(0.99635106),np.float64(-0.5795638967557645),1.575915e+00
np.float32(102955.664),32771.805710,np.float32(0.9956538),np.float64(-0.5731796590975425),1.568833e+00
np.float32(102955.67),32771.808197,np.float32(0.9948959),np.float64(-0.5667604375072062),1.561656e+00
np.float32(102955.68),32771.810683,np.float32(0.9940772),np.float64(-0.5603066237809555),1.554384e+00
np.float32(102955.69),32771.813170,np.float32(0.99319786),np.float64(-0.5538186118263162),1.547016e+00
np.float32(102955.695),32771.815657,np.float32(0.9922579),np.float64(-0.5472967976380975),1.539555e+00
np.float32(102955.7),32771.818144,np.float32(0.9912573),np.float64(-0.5407415792742227),1.531999e+00
np.float32(102955.71),32771.820630,np.float32(0.9901963),np.float64(-0.5341533568314341),1.524350e+00
np.float32(102955.72),32771.823117,np.float32(0.98907477),np.float64(-0.5275325324208724),1.516607e+00
np.float32(102955.73),32771.825604,np.float32(0.9878929),np.float64(-0.5208795101435348),1.508772e+00
np.float32(102955.734),32771.828091,np.float32(0.9866508),np.float64(-0.5141946960656101),1.500846e+00
np.float32(102955.74),32771.830578,np.float32(0.98534846),np.float64(-0.5074784981936948),1.492827e+00
np.float32(102955.75),32771.833064,np.float32(0.98398596),np.float64(-0.5007313264498906),1.484717e+00
np.float32(102955.76),32771.835551,np.float32(0.9825634),np.float64(-0.49395359264678435),1.476517e+00
np.float32(102955.766),32771.838038,np.float32(0.98108083),np.float64(-0.4871457104623137),1.468227e+00
np.float32(102955.77),32771.840525,np.float32(0.97953844),np.float64(-0.4803080954145181),1.459847e+00
np.float32(102955.78),32771.843012,np.float32(0.9779362),np.float64(-0.47344116483617765),1.451377e+00
np.float32(102955.79),32771.845498,np.float32(0.9762744),np.float64(-0.46654533784934143),1.442820e+00
np.float32(102955.8),32771.847985,np.float32(0.97455287),np.float64(-0.45962103533974635),1.434174e+00
np.float32(102955.805),32771.850472,np.float32(0.97277194),np.float64(-0.45266867993112836),1.425441e+00
np.float32(102955.81),32771.852959,np.float32(0.9709316),np.float64(-0.44568869595942784),1.416620e+00
np.float32(102955.82),32771.855446,np.float32(0.969032),np.float64(-0.43868150944689027),1.407713e+00
np.float32(102955.83),32771.857932,np.float32(0.96707326),np.float64(-0.43164754807606404),1.398721e+00
np.float32(102955.836),32771.860419,np.float32(0.9650555),np.float64(-0.42458724116369684),1.389643e+00
np.float32(102955.84),32771.862906,np.float32(0.96297884),np.float64(-0.4175010196345324),1.380480e+00
np.float32(102955.85),32771.865393,np.float32(0.9608434),np.float64(-0.4103893159950091),1.371233e+00
np.float32(102955.86),32771.867880,np.float32(0.95864934),np.float64(-0.4032525643068621),1.361902e+00
np.float32(102955.87),32771.870366,np.float32(0.9563967),np.float64(-0.39609120016063026),1.352488e+00
np.float32(102955.875),32771.872853,np.float32(0.95408577),np.float64(-0.38890566064907),1.342991e+00
np.float32(102955.88),32771.875340,np.float32(0.9517166),np.float64(-0.3816963843404774),1.333413e+00
np.float32(102955.89),32771.877827,np.float32(0.94928926),np.float64(-0.3744638112519205),1.323753e+00
np.float32(102955.9),32771.880314,np.float32(0.94680405),np.float64(-0.36720838282238255),1.314012e+00
np.float32(102955.91),32771.882800,np.float32(0.944261),np.float64(-0.3599305418858189),1.304192e+00
np.float32(102955.914),32771.885287,np.float32(0.9416604),np.float64(-0.35263073264412903),1.294291e+00
np.float32(102955.92),32771.887774,np.float32(0.9390023),np.float64(-0.34530940064004445),1.284312e+00
np.float32(102955.93),32771.890261,np.float32(0.93628687),np.float64(-0.33796699272993513),1.274254e+00
np.float32(102955.94),32771.892748,np.float32(0.93351424),np.float64(-0.3306039570565358),1.264118e+00
np.float32(102955.945),32771.895234,np.float32(0.9306847),np.float64(-0.32322074302159337),1.253905e+00
np.float32(102955.95),32771.897721,np.float32(0.92779833),np.float64(-0.31581780125843806),1.243616e+00
np.float32(102955.96),32771.900208,np.float32(0.92485535),np.float64(-0.30839558360447905),1.233251e+00
np.float32(102955.97),32771.902695,np.float32(0.9218559),np.float64(-0.30095454307362624),1.222810e+00
np.float32(102955.98),32771.905182,np.float32(0.91880023),np.float64(-0.29349513382864123),1.212295e+00
np.float32(102955.984),32771.907668,np.float32(0.91568846),np.float64(-0.28601781115341707),1.201706e+00
np.float32(102955.99),32771.910155,np.float32(0.91252077),np.float64(-0.2785230314251903),1.191044e+00
np.float32(102956.0),32771.912642,np.float32(0.9092974),np.float64(-0.271011252086686),1.180309e+00
np.float32(102956.01),32771.915129,np.float32(0.90601856),np.float64(-0.2634829316181979),1.169501e+00
np.float32(102956.016),32771.917616,np.float32(0.9026844),np.float64(-0.255938529509605),1.158623e+00
np.float32(102956.02),32771.920102,np.float32(0.89929515),np.float64(-0.24837850623232668),1.147674e+00
np.float32(102956.03),32771.922589,np.float32(0.89585096),np.float64(-0.240803323211218),1.136654e+00
np.float32(102956.04),32771.925076,np.float32(0.89235216),np.float64(-0.23321344279640666),1.125566e+00
np.float32(102956.05),32771.927563,np.float32(0.8887989),np.float64(-0.22560932823507346),1.114408e+00
np.float32(102956.055),32771.930050,np.float32(0.8851914),np.float64(-0.21799144364317818),1.103183e+00
np.float32(102956.06),32771.932536,np.float32(0.88152975),np.float64(-0.21036025397713232),1.091890e+00
np.float32(102956.07),32771.935023,np.float32(0.8778144),np.float64(-0.20271622500542041),1.080531e+00
np.float32(102956.08),32771.937510,np.float32(0.87404543),np.float64(-0.19505982328017218),1.069105e+00
np.float32(102956.086),32771.939997,np.float32(0.87022316),np.float64(-0.18739151610868637),1.057615e+00
np.float32(102956.09),32771.942483,np.float32(0.86634773),np.float64(-0.1797117715249088),1.046060e+00
np.float32(102956.1),32771.944970,np.float32(0.8624195),np.float64(-0.17202105826086603),1.034441e+00
np.float32(102956.11),32771.947457,np.float32(0.85843855),np.float64(-0.16431984571805625),1.022758e+00
np.float32(102956.12),32771.949944,np.float32(0.8544052),np.float64(-0.15660860393879958),1.011014e+00
np.float32(102956.125),32771.952431,np.float32(0.85031974),np.float64(-0.14888780357754902),9.992075e-01
np.float32(102956.13),32771.954917,np.float32(0.8461824),np.float64(-0.14115791587216417),9.873403e-01
np.float32(102956.14),32771.957404,np.float32(0.8419934),np.float64(-0.13341941261514922),9.754128e-01
np.float32(102956.15),32771.959891,np.float32(0.837753),np.float64(-0.12567276612485728),9.634258e-01
np.float32(102956.16),32771.962378,np.float32(0.83346146),np.float64(-0.1179184492166624),9.513799e-01
np.float32(102956.164),32771.964865,np.float32(0.8291191),np.float64(-0.11015693517410148),9.392760e-01
np.float32(102956.17),32771.967351,np.float32(0.82472605),np.float64(-0.10238869771998732),9.271147e-01
np.float32(102956.18),32771.969838,np.float32(0.8202827),np.float64(-0.09461421098749515),9.148969e-01
np.float32(102956.19),32771.972325,np.float32(0.8157893),np.float64(-0.08683394949122396),9.026232e-01
np.float32(102956.195),32771.974812,np.float32(0.8112461),np.float64(-0.0790483880982345),8.902945e-01
np.float32(102956.2),32771.977299,np.float32(0.8066534),np.float64(-0.07125800199906597),8.779114e-01
np.float32(102956.21),32771.979785,np.float32(0.80201143),np.float64(-0.06346326667873271),8.654747e-01
np.float32(102956.22),32771.982272,np.float32(0.79732054),np.float64(-0.055664657887703126),8.529852e-01
np.float32(102956.23),32771.984759,np.float32(0.79258096),np.float64(-0.047862651612862316),8.404436e-01
np.float32(102956.234),32771.987246,np.float32(0.78779304),np.float64(-0.04005772404846026),8.278508e-01
np.float32(102956.24),32771.989733,np.float32(0.782957),np.float64(-0.032250351567047426),8.152074e-01
np.float32(102956.25),32771.992219,np.float32(0.7780732),np.float64(-0.024441010690399383),8.025142e-01
np.float32(102956.26),32771.994706,np.float32(0.77314186),np.float64(-0.016630178060432415),7.897720e-01
np.float32(102956.266),32771.997193,np.float32(0.7681634),np.float64(-0.008818330410111739),7.769817e-01
np.float32(102956.27),32771.999680,np.float32(0.763138),np.float64(-0.0010059445343541828),7.641439e-01
np.float32(102956.28),32772.002167,np.float32(0.75806606),np.float64(0.006806502739072921),7.512596e-01
np.float32(102956.29),32772.004653,np.float32(0.75294787),np.float64(0.01461853457865484),7.383293e-01
np.float32(102956.3),32772.007140,np.float32(0.74778366),np.float64(0.022429674178232786),7.253540e-01
np.float32(102956.305),32772.009627,np.float32(0.74257386),np.float64(0.030239444786105702),7.123344e-01
np.float32(102956.31),32772.012114,np.float32(0.7373187),np.float64(0.03804736973412873),6.992713e-01
np.float32(102956.32),32772.014601,np.float32(0.73201853),np.float64(0.04585297246680656),6.861656e-01
np.float32(102956.33),32772.017087,np.float32(0.7266737),np.float64(0.05365577657037996),6.730179e-01
np.float32(102956.336),32772.019574,np.float32(0.72128457),np.float64(0.06145530580190358),6.598293e-01
np.float32(102956.34),32772.022061,np.float32(0.71585137),np.float64(0.06925108411831339),6.466003e-01
np.float32(102956.35),32772.024548,np.float32(0.7103745),np.float64(0.07704263570548188),6.333318e-01
np.float32(102956.36),32772.027035,np.float32(0.70485425),np.float64(0.08482948500725931),6.200248e-01
np.float32(102956.37),32772.029521,np.float32(0.69929093),np.float64(0.0926111567544992),6.066798e-01
np.float32(102956.375),32772.032008,np.float32(0.693685),np.float64(0.10038717599406631),5.932978e-01
np.float32(102956.38),32772.034495,np.float32(0.68803674),np.float64(0.10815706811782536),5.798797e-01
np.float32(102956.39),32772.036982,np.float32(0.68234646),np.float64(0.11592035889160858),5.664261e-01
np.float32(102956.4),32772.039469,np.float32(0.6766145),np.float64(0.12367657448416064),5.529379e-01
np.float32(102956.41),32772.041955,np.float32(0.6708413),np.float64(0.13142524149605878),5.394160e-01
np.float32(102956.414),32772.044442,np.float32(0.66502714),np.float64(0.1391658869886067),5.258613e-01
np.float32(102956.42),32772.046929,np.float32(0.65917236),np.float64(0.1468980385127003),5.122743e-01
np.float32(102956.43),32772.049416,np.float32(0.65327734),np.float64(0.1546212241376635),4.986561e-01
np.float32(102956.44),32772.051903,np.float32(0.6473425),np.float64(0.16233497248005255),4.850075e-01
np.float32(102956.445),32772.054389,np.float32(0.64136815),np.float64(0.17003881273242674),4.713293e-01
np.float32(102956.45),32772.056876,np.float32(0.6353546),np.float64(0.17773227469208414),4.576223e-01
np.float32(102956.46),32772.059363,np.float32(0.6293023),np.float64(0.18541488878976028),4.438874e-01
np.float32(102956.47),32772.061850,np.float32(0.62321156),np.float64(0.1930861861182883),4.301254e-01
np.float32(102956.48),32772.064336,np.float32(0.61708283),np.float64(0.2007456984612186),4.163371e-01
np.float32(102956.484),32772.066823,np.float32(0.61091644),np.float64(0.20839295832139634),4.025235e-01
np.float32(102956.49),32772.069310,np.float32(0.6047127),np.float64(0.21602749894949508),3.886852e-01
np.float32(102956.5),32772.071797,np.float32(0.5984721),np.float64(0.22364885437250479),3.748233e-01
np.float32(102956.51),32772.074284,np.float32(0.592195),np.float64(0.23125655942217233),3.609384e-01
np.float32(102956.516),32772.076770,np.float32(0.5858817),np.float64(0.23885014976339303),3.470316e-01
np.float32(102956.52),32772.079257,np.float32(0.5795327),np.float64(0.2464291619225513),3.331035e-01
np.float32(102956.53),32772.081744,np.float32(0.57314825),np.float64(0.2539931333158086),3.191551e-01
np.float32(102956.54),32772.084231,np.float32(0.5667289),np.float64(0.2615416022773372),3.051873e-01
np.float32(102956.55),32772.086718,np.float32(0.5602749),np.float64(0.26907410808749793),2.912008e-01
np.float32(102956.555),32772.089204,np.float32(0.5537867),np.float64(0.2765901910009602),2.771965e-01
np.float32(102956.56),32772.091691,np.float32(0.5472647),np.float64(0.2840893922747622),2.631753e-01
np.float32(102956.57),32772.094178,np.float32(0.5407093),np.float64(0.2915712541963105),2.491381e-01
np.float32(102956.58),32772.096665,np.float32(0.534121),np.float64(0.29903532011131645),2.350857e-01
np.float32(102956.586),32772.099152,np.float32(0.5275),np.float64(0.30648113445166764),2.210188e-01
np.float32(102956.59),32772.101638,np.float32(0.5208468),np.float64(0.31390824276323404),2.069385e-01
np.float32(102956.6),32772.104125,np.float32(0.5141618),np.float64(0.32131619173360493),1.928456e-01
np.float32(102956.61),32772.106612,np.float32(0.50744545),np.float64(0.3287045292197572),1.787409e-01
np.float32(102956.62),32772.109099,np.float32(0.50069815),np.float64(0.3360728042756515),1.646253e-01
np.float32(102956.625),32772.111586,np.float32(0.49392027),np.float64(0.34342056717975605),1.504997e-01
np.float32(102956.63),32772.114072,np.float32(0.48711225),np.float64(0.35074736946249485),1.363649e-01
np.float32(102956.64),32772.116559,np.float32(0.48027447),np.float64(0.3580527639336203),1.222217e-01
np.float32(102956.65),32772.119046,np.float32(0.47340742),np.float64(0.36533630470950734),1.080711e-01
np.float32(102956.66),32772.121533,np.float32(0.46651143),np.float64(0.3725975472403677),9.391388e-02
np.float32(102956.664),32772.124020,np.float32(0.459587),np.float64(0.37983604833738316),7.975096e-02
np.float32(102956.67),32772.126506,np.float32(0.4526345),np.float64(0.38705136619975533),6.558315e-02
np.float32(102956.68),32772.128993,np.float32(0.4456544),np.float64(0.39424306044167107),5.141133e-02
np.float32(102956.69),32772.131480,np.float32(0.43864706),np.float64(0.4014106921191811),3.723637e-02
np.float32(102956.695),32772.133967,np.float32(0.43161297),np.float64(0.40855382375699134),2.305914e-02
np.float32(102956.7),32772.136454,np.float32(0.42455253),np.float64(0.4156720193751635),8.880511e-03
np.float32(102956.71),32772.138940,np.float32(0.4174662),np.float64(0.4227648445157257),5.298651e-03
np.float32(102956.72),32772.141427,np.float32(0.41035438),np.float64(0.4298318662691891),1.947749e-02
np.float32(102956.73),32772.143914,np.float32(0.4032175),np.float64(0.43687265330097064),3.365516e-02
np.float32(102956.734),32772.146401,np.float32(0.396056),np.float64(0.4438867758777194),4.783078e-02
np.float32(102956.74),32772.148888,np.float32(0.38887036),np.float64(0.45087380589354553),6.200345e-02
np.float32(102956.75),32772.151374,np.float32(0.38166094),np.float64(0.45783331689614926),7.617238e-02
np.float32(102956.76),32772.153861,np.float32(0.37442827),np.float64(0.4647648841128496),9.033661e-02
np.float32(102956.766),32772.156348,np.float32(0.36717272),np.float64(0.4716680844765104),1.044954e-01
np.float32(102956.77),32772.158835,np.float32(0.35989478),np.float64(0.4785424966513617),1.186477e-01
np.float32(102956.78),32772.161322,np.float32(0.35259485),np.float64(0.48538770105871654),1.327928e-01
np.float32(102956.79),32772.163808,np.float32(0.34527344),np.float64(0.4922032799025793),1.469298e-01
np.float32(102956.8),32772.166295,np.float32(0.33793092),np.float64(0.4989888171951461),1.610579e-01
np.float32(102956.805),32772.168782,np.float32(0.3305678),np.float64(0.5057438987821946),1.751761e-01
np.float32(102956.81),32772.171269,np.float32(0.32318446),np.float64(0.5124681123683617),1.892837e-01
np.float32(102956.82),32772.173756,np.float32(0.31578144),np.float64(0.519161047542308),2.033796e-01
np.float32(102956.83),32772.176242,np.float32(0.30835915),np.float64(0.525822295801767),2.174631e-01
np.float32(102956.836),32772.178729,np.float32(0.300918),np.float64(0.5324514505784785),2.315334e-01
np.float32(102956.84),32772.181216,np.float32(0.2934585),np.float64(0.5390481072630027),2.455896e-01
np.float32(102956.85),32772.183703,np.float32(0.28598112),np.float64(0.5456118632294161),2.596307e-01
np.float32(102956.86),32772.186189,np.float32(0.27848622),np.float64(0.5521423178598853),2.736561e-01
np.float32(102956.87),32772.188676,np.float32(0.27097437),np.float64(0.5586390725691188),2.876647e-01
np.float32(102956.875),32772.191163,np.float32(0.26344594),np.float64(0.5651017308286949),3.016558e-01
np.float32(102956.88),32772.193650,np.float32(0.25590152),np.float64(0.5715298981912629),3.156284e-01
np.float32(102956.89),32772.196137,np.float32(0.2483414),np.float64(0.5779231823146191),3.295818e-01
np.float32(102956.9),32772.198623,np.float32(0.24076612),np.float64(0.584281192985653),3.435151e-01
np.float32(102956.91),32772.201110,np.float32(0.23317616),np.float64(0.5906035421441633),3.574274e-01
np.float32(102956.914),32772.203597,np.float32(0.22557199),np.float64(0.5968898439065442),3.713179e-01
np.float32(102956.92),32772.206084,np.float32(0.21795404),np.float64(0.6031397145893368),3.851857e-01
np.float32(102956.93),32772.208571,np.float32(0.2103228),np.float64(0.6093527727326477),3.990300e-01
np.float32(102956.94),32772.211057,np.float32(0.20267871),np.float64(0.6155286391234311),4.128499e-01
np.float32(102956.945),32772.213544,np.float32(0.19502224),np.float64(0.6216669368186342),4.266447e-01
np.float32(102956.95),32772.216031,np.float32(0.18735386),np.float64(0.6277672911682034),4.404134e-01
np.float32(102956.96),32772.218518,np.float32(0.17967406),np.float64(0.6338293298379518),4.541553e-01
np.float32(102956.97),32772.221005,np.float32(0.1719833),np.float64(0.6398526828322838),4.678694e-01
np.float32(102956.98),32772.223491,np.float32(0.16428205),np.float64(0.6458369825167781),4.815549e-01
np.float32(102956.984),32772.225978,np.float32(0.15657075),np.float64(0.6517818636406264),4.952111e-01
np.float32(102956.99),32772.228465,np.float32(0.14884992),np.float64(0.6576869633589257),5.088370e-01
np.float32(102957.0),32772.230952,np.float32(0.14111997),np.float64(0.6635519212548253),5.224319e-01
np.float32(102957.01),32772.233439,np.float32(0.13338144),np.float64(0.6693763793615243),5.359949e-01
np.float32(102957.016),32772.235925,np.float32(0.12563476),np.float64(0.6751599821841203),5.495252e-01
np.float32(102957.02),32772.238412,np.float32(0.1178804),np.float64(0.6809023767213067),5.630220e-01
np.float32(102957.03),32772.240899,np.float32(0.11011884),np.float64(0.6866032124869185),5.764844e-01
np.float32(102957.04),32772.243386,np.float32(0.10235057),np.float64(0.6922621415313236),5.899116e-01
np.float32(102957.05),32772.245873,np.float32(0.094576046),np.float64(0.6978788184626605),6.033028e-01
np.float32(102957.055),32772.248359,np.float32(0.08679578),np.float64(0.7034529004679185),6.166571e-01
np.float32(102957.06),32772.250846,np.float32(0.07901018),np.float64(0.708984047333862),6.299739e-01
np.float32(102957.07),32772.253333,np.float32(0.07121978),np.float64(0.714471921467795),6.432521e-01
np.float32(102957.08),32772.255820,np.float32(0.06342501),np.float64(0.7199161879181658),6.564912e-01
np.float32(102957.086),32772.258307,np.float32(0.055626407),np.float64(0.7253165143950109),6.696901e-01
np.float32(102957.09),32772.260793,np.float32(0.047824375),np.float64(0.7306725712902368),6.828482e-01
np.float32(102957.1),32772.263280,np.float32(0.040019423),np.float64(0.7359840316977364),6.959646e-01
np.float32(102957.11),32772.265767,np.float32(0.03221205),np.float64(0.7412505714333429),7.090385e-01
np.float32(102957.12),32772.268254,np.float32(0.024402697),np.float64(0.7464718690546157),7.220692e-01
np.float32(102957.125),32772.270741,np.float32(0.016591867),np.float64(0.7516476058804593),7.350557e-01
np.float32(102957.13),32772.273227,np.float32(0.008780011),np.float64(0.7567774660105747),7.479975e-01
np.float32(102957.14),32772.275714,np.float32(0.0009676336),np.float64(0.76186113634474),7.608935e-01
np.float32(102957.15),32772.278201,np.float32(0.0),np.float64(0.7668983066019198),7.668983e-01
np.float32(102957.16),32772.280688,np.float32(0.0),np.float64(0.7718886693392045),7.718887e-01
np.float32(102957.164),32772.283175,np.float32(0.0),np.float64(0.7768319199705738),7.768319e-01
np.float32(102957.17),32772.285661,np.float32(0.0),np.float64(0.7817277567854874),7.817278e-01
np.float32(102957.18),32772.288148,np.float32(0.0),np.float64(0.7865758809673006),7.865759e-01
np.float32(102957.19),32772.290635,np.float32(0.0),np.float64(0.7913759966115013),7.913760e-01
np.float32(102957.195),32772.293122,np.float32(0.0),np.float64(0.796127810743771),7.961278e-01
np.float32(102957.2),32772.295609,np.float32(0.0),np.float64(0.8008310333378673),8.008310e-01
np.float32(102957.21),32772.298095,np.float32(0.0),np.float64(0.805485377333324),8.054854e-01
np.float32(102957.22),32772.300582,np.float32(0.0),np.float64(0.8100905586529733),8.100906e-01
np.float32(102957.23),32772.303069,np.float32(0.0),np.float64(0.8146462962202832),8.146463e-01
np.float32(102957.234),32772.305556,np.float32(0.0),np.float64(0.8191523119765137),8.191523e-01
np.float32(102957.24),32772.308043,np.float32(0.0),np.float64(0.823608330897688),8.236083e-01
np.float32(102957.25),32772.310529,np.float32(0.0),np.float64(0.8280140810113784),8.280141e-01
np.float32(102957.26),32772.313016,np.float32(0.0),np.float64(0.8323692934133059),8.323693e-01
np.float32(102957.266),32772.315503,np.float32(0.0),np.float64(0.8366737022837532),8.366737e-01
np.float32(102957.27),32772.317990,np.float32(0.0),np.float64(0.8409270449037884),8.409270e-01
np.float32(102957.28),32772.320476,np.float32(0.0),np.float64(0.8451290616713008),8.451291e-01
np.float32(102957.29),32772.322963,np.float32(0.0),np.float64(0.8492794961168446),8.492795e-01
np.float32(102957.3),32772.325450,np.float32(0.0),np.float64(0.8533780949192935),8.533781e-01
np.float32(102957.305),32772.327937,np.float32(0.0),np.float64(0.8574246079213016),8.574246e-01
np.float32(102957.31),32772.330424,np.float32(0.0),np.float64(0.8614187881445717),8.614188e-01
np.float32(102957.32),32772.332910,np.float32(0.0),np.float64(0.8653603918049299),8.653604e-01
np.float32(102957.33),32772.335397,np.float32(0.0),np.float64(0.8692491783272042),8.692492e-01
np.float32(102957.336),32772.337884,np.float32(0.0),np.float64(0.8730849103599091),8.730849e-01
np.float32(102957.34),32772.340371,np.float32(0.0),np.float64(0.8768673537897314),8.768674e-01
np.float32(102957.35),32772.342858,np.float32(0.0),np.float64(0.8805962777558194),8.805963e-01
np.float32(102957.36),32772.345344,np.float32(0.0),np.float64(0.884271454663874),8.842715e-01
np.float32(102957.37),32772.347831,np.float32(0.0),np.float64(0.8878926602000391),8.878927e-01
np.float32(102957.375),32772.350318,np.float32(0.0),np.float64(0.8914596733445934),8.914597e-01
np.float32(102957.38),32772.352805,np.float32(0.0),np.float64(0.8949722763854394),8.949723e-01
np.float32(102957.39),32772.355292,np.float32(0.0),np.float64(0.8984302549313923),8.984303e-01
np.float32(102957.4),32772.357778,np.float32(0.0),np.float64(0.9018333979252645),9.018334e-01
np.float32(102957.41),32772.360265,np.float32(0.0),np.float64(0.9051814976567483),9.051815e-01
np.float32(102957.414),32772.362752,np.float32(0.0),np.float64(0.9084743497750927),9.084743e-01
np.float32(102957.42),32772.365239,np.float32(0.0),np.float64(0.9117117533015765),9.117118e-01
np.float32(102957.43),32772.367726,np.float32(0.0),np.float64(0.9148935106417745),9.148935e-01
np.float32(102957.44),32772.370212,np.float32(0.0),np.float64(0.9180194275976182),9.180194e-01
np.float32(102957.445),32772.372699,np.float32(0.0),np.float64(0.921089313379248),9.210893e-01
np.float32(102957.45),32772.375186,np.float32(0.0),np.float64(0.9241029806166589),9.241030e-01
np.float32(102957.46),32772.377673,np.float32(0.0),np.float64(0.9270602453711353),9.270602e-01
np.float32(102957.47),32772.380160,np.float32(0.0),np.float64(0.9299609271464792),9.299609e-01
np.float32(102957.48),32772.382646,np.float32(0.0),np.float64(0.9328048489000255),9.328048e-01
np.float32(102957.484),32772.385133,np.float32(0.0),np.float64(0.9355918370534486),9.355918e-01
np.float32(102957.49),32772.387620,np.float32(0.0),np.float64(0.9383217215033564),9.383217e-01
np.float32(102957.5),32772.390107,np.float32(0.0),np.float64(0.9409943356316721),9.409943e-01
np.float32(102957.51),32772.392594,np.float32(0.0),np.float64(0.9436095163158047),9.436095e-01
np.float32(102957.516),32772.395080,np.float32(0.0),np.float64(0.9461671039386044),9.461671e-01
np.float32(102957.52),32772.397567,np.float32(0.0),np.float64(0.9486669423981049),9.486669e-01
np.float32(102957.53),32772.400054,np.float32(0.0),np.float64(0.9511088791170512),9.511089e-01
np.float32(102957.54),32772.402541,np.float32(0.0),np.float64(0.9534927650522124),9.534928e-01
np.float32(102957.55),32772.405028,np.float32(0.0),np.float64(0.9558184547034779),9.558185e-01
np.float32(102957.555),32772.407514,np.float32(0.99988955),np.float64(0.9580858061227384),4.180375e-02
np.float32(102957.56),32772.410001,np.float32(0.9999658),np.float64(0.9602946809225497),3.967111e-02
np.float32(102957.57),32772.412488,np.float32(1.0),np.float64(0.9624449442845789),3.755506e-02
np.float32(102957.58),32772.414975,np.float32(1.0),np.float64(0.9645364649678333),3.546354e-02
np.float32(102957.586),32772.417462,np.float32(0.9998741),np.float64(0.9665691153166706),3.330500e-02
np.float32(102957.59),32772.419948,np.float32(0.9997063),np.float64(0.9685427712685899),3.116356e-02
np.float32(102957.6),32772.422435,np.float32(0.99951714),np.float64(0.9704573123618047),2.905983e-02
np.float32(102957.61),32772.424922,np.float32(0.99925584),np.float64(0.9723126217425946),2.694321e-02
np.float32(102957.62),32772.427409,np.float32(0.99892414),np.float64(0.9741085861724375),2.481555e-02
np.float32(102957.625),32772.429896,np.float32(0.99853134),np.float64(0.9758450960349213),2.268625e-02
np.float32(102957.63),32772.432382,np.float32(0.99807763),np.float64(0.9775220453424345),2.055559e-02
np.float32(102957.64),32772.434869,np.float32(0.99756294),np.float64(0.9791393317426346),1.842361e-02
np.float32(102957.65),32772.437356,np.float32(0.9969874),np.float64(0.9806968565246954),1.629055e-02
np.float32(102957.66),32772.439843,np.float32(0.99635106),np.float64(0.9821945246253321),1.415654e-02
np.float32(102957.664),32772.442329,np.float32(0.9956538),np.float64(0.9836322446346031),1.202156e-02
np.float32(102957.67),32772.444816,np.float32(0.9948959),np.float64(0.9850099288014893),9.885947e-03
np.float32(102957.68),32772.447303,np.float32(0.9940772),np.float64(0.98632749303925),7.749713e-03
np.float32(102957.69),32772.449790,np.float32(0.99319786),np.float64(0.9875848569305552),5.613001e-03
np.float32(102957.695),32772.452277,np.float32(0.9922579),np.float64(0.9887819437323935),3.475949e-03
np.float32(102957.7),32772.454763,np.float32(0.9912573),np.float64(0.9899186803807566),1.338630e-03
np.float32(102957.71),32772.457250,np.float32(0.9901963),np.float64(0.9909949974950985),7.987099e-04
np.float32(102957.72),32772.459737,np.float32(0.98907477),np.float64(0.9920108293825699),2.936063e-03
np.float32(102957.73),32772.462224,np.float32(0.9878929),np.float64(0.9929661140420284),5.073188e-03
np.float32(102957.734),32772.464711,np.float32(0.9866508),np.float64(0.993860793167822),7.209969e-03
np.float32(102957.74),32772.467197,np.float32(0.98534846),np.float64(0.9946948121533483),9.346349e-03
np.float32(102957.75),32772.469684,np.float32(0.98398596),np.float64(0.9954681200943869),1.148216e-02
np.float32(102957.76),32772.472171,np.float32(0.9825634),np.float64(0.9961806697922071),1.361729e-02
np.float32(102957.766),32772.474658,np.float32(0.98108083),np.float64(0.9968324177564478),1.575159e-02
np.float32(102957.77),32772.477145,np.float32(0.97953844),np.float64(0.9974233242077726),1.788488e-02
np.float32(102957.78),32772.479631,np.float32(0.9779362),np.float64(0.9979533530802973),2.001714e-02
np.float32(102957.79),32772.482118,np.float32(0.9762744),np.float64(0.9984224720237914),2.214810e-02
np.float32(102957.8),32772.484605,np.float32(0.97455287),np.float64(0.9988306524056525),2.427778e-02
np.float32(102957.805),32772.487092,np.float32(0.97277194),np.float64(0.999177869312654),2.640593e-02
np.float32(102957.81),32772.489579,np.float32(0.9709316),np.float64(0.9994641015524653),2.853251e-02
np.float32(102957.82),32772.492065,np.float32(0.969032),np.float64(0.9996893316549461),3.065734e-02
np.float32(102957.83),32772.494552,np.float32(0.96707326),np.float64(0.9998535458732116),3.278028e-02
np.float32(102957.836),32772.497039,np.float32(0.9650555),np.float64(0.9999567341844724),3.490121e-02
np.float32(102957.84),32772.499526,np.float32(0.96297884),np.float64(0.9999988902906458),3.702005e-02
np.float32(102957.85),32772.502013,np.float32(0.9608434),np.float64(0.9999800116187403),3.913663e-02
np.float32(102957.86),32772.504499,np.float32(0.95864934),np.float64(0.9999000993210129),4.125076e-02
np.float32(102957.87),32772.506986,np.float32(0.9563967),np.float64(0.9997591582748981),4.336246e-02
np.float32(102957.875),32772.509473,np.float32(0.95408577),np.float64(0.9995571970827113),4.547143e-02
np.float32(102957.88),32772.511960,np.float32(0.9517166),np.float64(0.9992942280711224),4.757763e-02
np.float32(102957.89),32772.514447,np.float32(0.94928926),np.float64(0.9989702672904046),4.968100e-02
np.float32(102957.9),32772.516933,np.float32(0.94680405),np.float64(0.9985853345134542),5.178129e-02
np.float32(102957.91),32772.519420,np.float32(0.944261),np.float64(0.9981394532345839),5.387844e-02
np.float32(102957.914),32772.521907,np.float32(0.9416604),np.float64(0.9976326506680886),5.597225e-02
np.float32(102957.92),32772.524394,np.float32(0.9390023),np.float64(0.9970649577465851),5.806268e-02
np.float32(102957.93),32772.526881,np.float32(0.93628687),np.float64(0.9964364091191232),6.014954e-02
np.float32(102957.94),32772.529367,np.float32(0.93351424),np.float64(0.9957470431490715),6.223281e-02
np.float32(102957.945),32772.531854,np.float32(0.9306847),np.float64(0.9949969019117756),6.431222e-02
np.float32(102957.95),32772.534341,np.float32(0.92779833),np.float64(0.9941860311919903),6.638770e-02
np.float32(102957.96),32772.536828,np.float32(0.92485535),np.float64(0.9933144804810851),6.845913e-02
np.float32(102957.97),32772.539315,np.float32(0.9218559),np.float64(0.9923823029740231),7.052638e-02
np.float32(102957.98),32772.541801,np.float32(0.91880023),np.float64(0.9913895555661146),7.258932e-02
np.float32(102957.984),32772.544288,np.float32(0.91568846),np.float64(0.9903362988495448),7.464784e-02
np.float32(102957.99),32772.546775,np.float32(0.91252077),np.float64(0.9892225971096749),7.670183e-02
np.float32(102958.0),32772.549262,np.float32(0.9092974),np.float64(0.9880485183211187),7.875111e-02
np.float32(102958.01),32772.551749,np.float32(0.90601856),np.float64(0.9868141341435944),8.079558e-02
np.float32(102958.016),32772.554235,np.float32(0.9026844),np.float64(0.9855195199175497),8.283513e-02
np.float32(102958.02),32772.556722,np.float32(0.89929515),np.float64(0.9841647546595642),8.486960e-02
np.float32(102958.03),32772.559209,np.float32(0.89585096),np.float64(0.9827499210575268),8.689896e-02
np.float32(102958.04),32772.561696,np.float32(0.89235216),np.float64(0.9812751054655879),8.892294e-02
np.float32(102958.05),32772.564182,np.float32(0.8887989),np.float64(0.9797403978988901),9.094151e-02
np.float32(102958.055),32772.566669,np.float32(0.8851914),np.float64(0.9781458920280729),9.295451e-02
np.float32(102958.06),32772.569156,np.float32(0.88152975),np.float64(0.9764916851735563),9.496194e-02
np.float32(102958.07),32772.571643,np.float32(0.8778144),np.float64(0.9747778782996006),9.696347e-02
np.float32(102958.08),32772.574130,np.float32(0.87404543),np.float64(0.973004576008144),9.895914e-02
np.float32(102958.086),32772.576616,np.float32(0.87022316),np.float64(0.9711718865324187),1.009487e-01
np.float32(102958.09),32772.579103,np.float32(0.86634773),np.float64(0.969279921730344),1.029322e-01
np.float32(102958.1),32772.581590,np.float32(0.8624195),np.float64(0.9673287970777),1.049093e-01
np.float32(102958.11),32772.584077,np.float32(0.85843855),np.float64(0.9653186316610791),1.068801e-01
np.float32(102958.12),32772.586564,np.float32(0.8544052),np.float64(0.9632495481706174),1.088443e-01
np.float32(102958.125),32772.589050,np.float32(0.85031974),np.float64(0.9611216728925067),1.108019e-01
np.float32(102958.13),32772.591537,np.float32(0.8461824),np.float64(0.9589351357012867),1.127527e-01
np.float32(102958.14),32772.594024,np.float32(0.8419934),np.float64(0.9566900700519175),1.146967e-01
np.float32(102958.15),32772.596511,np.float32(0.837753),np.float64(0.9543866129716351),1.166336e-01
np.float32(102958.16),32772.598998,np.float32(0.83346146),np.float64(0.9520249050515869),1.185634e-01
np.float32(102958.164),32772.601484,np.float32(0.8291191),np.float64(0.9496050904382518),1.204860e-01
np.float32(102958.17),32772.603971,np.float32(0.82472605),np.float64(0.9471273168246417),1.224013e-01
np.float32(102958.18),32772.606458,np.float32(0.8202827),np.float64(0.9445917354412869),1.243090e-01
np.float32(102958.19),32772.608945,np.float32(0.8157893),np.float64(0.9419985010470064),1.262092e-01
np.float32(102958.195),32772.611432,np.float32(0.8112461),np.float64(0.9393477719194614),1.281017e-01
np.float32(102958.2),32772.613918,np.float32(0.8066534),np.float64(0.9366397098454955),1.299863e-01
np.float32(102958.21),32772.616405,np.float32(0.80201143),np.float64(0.9338744801112598),1.318630e-01
np.float32(102958.22),32772.618892,np.float32(0.79732054),np.float64(0.931052251492125),1.337317e-01
np.float32(102958.23),32772.621379,np.float32(0.79258096),np.float64(0.9281731962423795),1.355922e-01
np.float32(102958.234),32772.623866,np.float32(0.78779304),np.float64(0.9252374900847165),1.374444e-01
np.float32(102958.24),32772.626352,np.float32(0.782957),np.float64(0.9222453121995088),1.392883e-01
np.float32(102958.25),32772.628839,np.float32(0.7780732),np.float64(0.9191968452138722),1.411237e-01
np.float32(102958.26),32772.631326,np.float32(0.77314186),np.float64(0.9160922751905192),1.429504e-01
np.float32(102958.266),32772.633813,np.float32(0.7681634),np.float64(0.9129317916164023),1.447684e-01
np.float32(102958.27),32772.636300,np.float32(0.763138),np.float64(0.9097155873911493),1.465776e-01
np.float32(102958.28),32772.638786,np.float32(0.75806606),np.float64(0.9064438588152892),1.483778e-01
np.float32(102958.29),32772.641273,np.float32(0.75294787),np.float64(0.903116805578271),1.501689e-01
np.float32(102958.3),32772.643760,np.float32(0.74778366),np.float64(0.8997346307462762),1.519510e-01
np.float32(102958.305),32772.646247,np.float32(0.74257386),np.float64(0.896297540749824),1.537237e-01
np.float32(102958.31),32772.648734,np.float32(0.7373187),np.float64(0.8928057453711726),1.554871e-01
np.float32(102958.32),32772.651220,np.float32(0.73201853),np.float64(0.8892594577315143),1.572409e-01
np.float32(102958.33),32772.653707,np.float32(0.7266737),np.float64(0.8856588942779684),1.589852e-01
np.float32(102958.336),32772.656194,np.float32(0.72128457),np.float64(0.8820042747703704),1.607197e-01
np.float32(102958.34),32772.658681,np.float32(0.71585137),np.float64(0.878295822267858),1.624445e-01
np.float32(102958.35),32772.661168,np.float32(0.7103745),np.float64(0.8745337631152582),1.641593e-01
np.float32(102958.36),32772.663654,np.float32(0.70485425),np.float64(0.8707183269292712),1.658641e-01
np.float32(102958.37),32772.666141,np.float32(0.69929093),np.float64(0.8668497465844563),1.675588e-01
np.float32(102958.375),32772.668628,np.float32(0.693685),np.float64(0.8629282581990185),1.692433e-01
np.float32(102958.38),32772.671115,np.float32(0.68803674),np.float64(0.8589541011203966),1.709174e-01
np.float32(102958.39),32772.673602,np.float32(0.68234646),np.float64(0.8549275179106551),1.725811e-01
np.float32(102958.4),32772.676088,np.float32(0.6766145),np.float64(0.8508487543316794),1.742342e-01
np.float32(102958.41),32772.678575,np.float32(0.6708413),np.float64(0.8467180593301756),1.758768e-01
np.float32(102958.414),32772.681062,np.float32(0.66502714),np.float64(0.8425356850224762),1.775085e-01
np.float32(102958.42),32772.683549,np.float32(0.65917236),np.float64(0.8383018866791523),1.791295e-01
np.float32(102958.43),32772.686035,np.float32(0.65327734),np.float64(0.834016922709433),1.807396e-01
np.float32(102958.44),32772.688522,np.float32(0.6473425),np.float64(0.8296810546454332),1.823386e-01
np.float32(102958.445),32772.691009,np.float32(0.64136815),np.float64(0.8252945471261919),1.839264e-01
np.float32(102958.45),32772.693496,np.float32(0.6353546),np.float64(0.820857667881519),1.855031e-01
np.float32(102958.46),32772.695983,np.float32(0.6293023),np.float64(0.8163706877156552),1.870684e-01
np.float32(102958.47),32772.698469,np.float32(0.62321156),np.float64(0.8118338804907432),1.886223e-01
np.float32(102958.48),32772.700956,np.float32(0.61708283),np.float64(0.8072475231101123),1.901647e-01
np.float32(102958.484),32772.703443,np.float32(0.61091644),np.float64(0.8026118955013779),1.916955e-01
np.float32(102958.49),32772.705930,np.float32(0.6047127),np.float64(0.7979272805993566),1.932146e-01
np.float32(102958.5),32772.708417,np.float32(0.5984721),np.float64(0.7931939643287964),1.947218e-01
np.float32(102958.51),32772.710903,np.float32(0.592195),np.float64(0.7884122355869263),1.962173e-01
np.float32(102958.516),32772.713390,np.float32(0.5858817),np.float64(0.7835823862258225),1.977007e-01
np.float32(102958.52),32772.715877,np.float32(0.5795327),np.float64(0.7787047110345962),1.991720e-01
np.float32(102958.53),32772.718364,np.float32(0.57314825),np.float64(0.7737795077214005),2.006313e-01
np.float32(102958.54),32772.720851,np.float32(0.5667289),np.float64(0.7688070768952603),2.020782e-01
np.float32(102958.55),32772.723337,np.float32(0.5602749),np.float64(0.7637877220477244),2.035128e-01
np.float32(102958.555),32772.725824,np.float32(0.5537867),np.float64(0.7587217495343418),2.049351e-01
np.float32(102958.56),32772.728311,np.float32(0.5472647),np.float64(0.7536094685559639),2.063448e-01
np.float32(102958.57),32772.730798,np.float32(0.5407093),np.float64(0.7484511911398719),2.077419e-01
np.float32(102958.58),32772.733285,np.float32(0.534121),np.float64(0.7432472321207326),2.091263e-01
np.float32(102958.586),32772.735771,np.float32(0.5275),np.float64(0.7379979091213822),2.104979e-01
np.float32(102958.59),32772.738258,np.float32(0.5208468),np.float64(0.7327035425334407),2.118568e-01
np.float32(102958.6),32772.740745,np.float32(0.5141618),np.float64(0.7273644554977563),2.132026e-01
np.float32(102958.61),32772.743232,np.float32(0.50744545),np.float64(0.7219809738846832),2.145355e-01
np.float32(102958.62),32772.745719,np.float32(0.50069815),np.float64(0.7165534262741914),2.158553e-01
np.float32(102958.625),32772.748205,np.float32(0.49392027),np.float64(0.7110821439358125),2.171619e-01
np.float32(102958.63),32772.750692,np.float32(0.48711225),np.float64(0.7055674608084204),2.184552e-01
np.float32(102958.64),32772.753179,np.float32(0.48027447),np.float64(0.7000097134798493),2.197352e-01
np.float32(102958.65),32772.755666,np.float32(0.47340742),np.float64(0.6944092411663508),2.210018e-01
np.float32(102958.66),32772.758153,np.float32(0.46651143),np.float64(0.6887663856918889),2.222550e-01
np.float32(102958.664),32772.760639,np.float32(0.459587),np.float64(0.6830814914672771),2.234945e-01
np.float32(102958.67),32772.763126,np.float32(0.4526345),np.float64(0.6773549054691582),2.247204e-01
np.float32(102958.68),32772.765613,np.float32(0.4456544),np.float64(0.6715869772188255),2.259326e-01
np.float32(102958.69),32772.768100,np.float32(0.43864706),np.float64(0.6657780587608905),2.271310e-01
np.float32(102958.695),32772.770587,np.float32(0.43161297),np.float64(0.6599285046417954),2.283155e-01
np.float32(102958.7),32772.773073,np.float32(0.42455253),np.float64(0.654038671888174),2.294861e-01
np.float32(102958.71),32772.775560,np.float32(0.4174662),np.float64(0.6481089199850603),2.306427e-01
np.float32(102958.72),32772.778047,np.float32(0.41035438),np.float64(0.6421396108539474),2.317852e-01
np.float32(102958.73),32772.780534,np.float32(0.4032175),np.float64(0.6361311088306977),2.329136e-01
np.float32(102958.734),32772.783021,np.float32(0.396056),np.float64(0.6300837806433056),2.340278e-01
np.float32(102958.74),32772.785507,np.float32(0.38887036),np.float64(0.6239979953895147),2.351276e-01
np.float32(102958.75),32772.787994,np.float32(0.38166094),np.float64(0.6178741245142898),2.362132e-01
np.float32(102958.76),32772.790481,np.float32(0.37442827),np.float64(0.6117125417871452),2.372843e-01
np.float32(102958.766),32772.792968,np.float32(0.36717272),np.float64(0.6055136232793327),2.383409e-01
np.float32(102958.77),32772.795455,np.float32(0.35989478),np.float64(0.5992777473408876),2.393830e-01
np.float32(102958.78),32772.797941,np.float32(0.35259485),np.float64(0.5930052945775363),2.404104e-01
np.float32(102958.79),32772.800428,np.float32(0.34527344),np.float64(0.5866966478274661),2.414232e-01
np.float32(102958.8),32772.802915,np.float32(0.33793092),np.float64(0.5803521921379587),2.424213e-01
np.float32(102958.805),32772.805402,np.float32(0.3305678),np.float64(0.5739723147418888),2.434045e-01
np.float32(102958.81),32772.807888,np.float32(0.32318446),np.float64(0.5675574050340895),2.443729e-01
np.float32(102958.82),32772.810375,np.float32(0.31578144),np.float64(0.5611078545475857),2.453264e-01
np.float32(102958.83),32772.812862,np.float32(0.30835915),np.float64(0.5546240569296971),2.462649e-01
np.float32(102958.836),32772.815349,np.float32(0.300918),np.float64(0.5481064079180112),2.471884e-01
np.float32(102958.84),32772.817836,np.float32(0.2934585),np.float64(0.5415553053162309),2.480968e-01
np.float32(102958.85),32772.820322,np.float32(0.28598112),np.float64(0.534971148969893),2.489900e-01
np.float32(102958.86),32772.822809,np.float32(0.27848622),np.float64(0.5283543407419651),2.498681e-01
np.float32(102958.87),32772.825296,np.float32(0.27097437),np.float64(0.521705284488317),2.507309e-01
np.float32(102958.875),32772.827783,np.float32(0.26344594),np.float64(0.5150243860330721),2.515784e-01
np.float32(102958.88),32772.830270,np.float32(0.25590152),np.float64(0.5083120531438374),2.524105e-01
np.float32(102958.89),32772.832756,np.float32(0.2483414),np.float64(0.5015686955068158),2.532273e-01
np.float32(102958.9),32772.835243,np.float32(0.24076612),np.float64(0.4947947247018009),2.540286e-01
np.float32(102958.91),32772.837730,np.float32(0.23317616),np.float64(0.4879905541770564),2.548144e-01
np.float32(102958.914),32772.840217,np.float32(0.22557199),np.float64(0.48115659922408105),2.555846e-01
np.float32(102958.92),32772.842704,np.float32(0.21795404),np.float64(0.4742932769522617),2.563392e-01
np.float32(102958.93),32772.845190,np.float32(0.2103228),np.float64(0.46740100626341496),2.570782e-01
np.float32(102958.94),32772.847677,np.float32(0.20267871),np.float64(0.46048020782621957),2.578015e-01
np.float32(102958.945),32772.850164,np.float32(0.19502224),np.float64(0.4535313040505411),2.585091e-01
np.float32(102958.95),32772.852651,np.float32(0.18735386),np.float64(0.44655471906165),2.592009e-01
np.float32(102958.96),32772.855138,np.float32(0.17967406),np.float64(0.4395508786743353),2.598768e-01
np.float32(102958.97),32772.857624,np.float32(0.1719833),np.float64(0.4325202103669152),2.605369e-01
np.float32(102958.98),32772.860111,np.float32(0.16428205),np.float64(0.4254631432551457),2.611811e-01
np.float32(102958.984),32772.862598,np.float32(0.15657075),np.float64(0.41838010806602993),2.618094e-01
np.float32(102958.99),32772.865085,np.float32(0.14884992),np.float64(0.4112715371115285),2.624216e-01
np.float32(102959.0),32772.867572,np.float32(0.14111997),np.float64(0.40413786426217346),2.630179e-01
np.float32(102959.01),32772.870058,np.float32(0.13338144),np.float64(0.3969795249205873),2.635981e-01
np.float32(102959.016),32772.872545,np.float32(0.12563476),np.float64(0.38979695599490793),2.641622e-01
np.float32(102959.02),32772.875032,np.float32(0.1178804),np.float64(0.38259059587212235),2.647102e-01
np.float32(102959.03),32772.877519,np.float32(0.11011884),np.float64(0.37536088439130944),2.652420e-01
np.float32(102959.04),32772.880006,np.float32(0.10235057),np.float64(0.3681082628167947),2.657577e-01
np.float32(102959.05),32772.882492,np.float32(0.094576046),np.float64(0.3608331738112176),2.662571e-01
np.float32(102959.055),32772.884979,np.float32(0.08679578),np.float64(0.3535360614085139),2.667403e-01
np.float32(102959.06),32772.887466,np.float32(0.07901018),np.float64(0.34621737098681393),2.672072e-01
np.float32(102959.07),32772.889953,np.float32(0.07121978),np.float64(0.3388775492412591),2.676578e-01
np.float32(102959.08),32772.892440,np.float32(0.06342501),np.float64(0.331517044156738),2.680920e-01
np.float32(102959.086),32772.894926,np.float32(0.055626407),np.float64(0.3241363049805434),2.685099e-01
np.float32(102959.09),32772.897413,np.float32(0.047824375),np.float64(0.316735782194953),2.689114e-01
np.float32(102959.1),32772.899900,np.float32(0.040019423),np.float64(0.3093159274897339),2.692965e-01
np.float32(102959.11),32772.902387,np.float32(0.03221205),np.float64(0.30187719373457395),2.696651e-01
np.float32(102959.12),32772.904874,np.float32(0.024402697),np.float64(0.2944200349514409),2.700173e-01
np.float32(102959.125),32772.907360,np.float32(0.016591867),np.float64(0.2869449062868713),2.703530e-01
np.float32(102959.13),32772.909847,np.float32(0.008780011),np.float64(0.2794522639841906),2.706723e-01
np.float32(102959.14),32772.912334,np.float32(0.0009676336),np.float64(0.2719425653556664),2.709749e-01
np.float32(102959.15),32772.914821,np.float32(0.0),np.float64(0.2644162687545966),2.644163e-01
np.float32(102959.16),32772.917308,np.float32(0.0),np.float64(0.25687383354733384),2.568738e-01
np.float32(102959.164),32772.919794,np.float32(0.0),np.float64(0.24931572008524788),2.493157e-01
np.float32(102959.17),32772.922281,np.float32(0.0),np.float64(0.2417423896766286),2.417424e-01
np.float32(102959.18),32772.924768,np.float32(0.0),np.float64(0.23415430455852967),2.341543e-01
np.float32(102959.19),32772.927255,np.float32(0.0),np.float64(0.22655192786855635),2.265519e-01
np.float32(102959.195),32772.929741,np.float32(0.0),np.float64(0.2189357236165977),2.189357e-01
np.float32(102959.2),32772.932228,np.float32(0.0),np.float64(0.21130615665650582),2.113062e-01
np.float32(102959.21),32772.934715,np.float32(0.0),np.float64(0.20366369265772374),2.036637e-01
np.float32(102959.22),32772.937202,np.float32(0.0),np.float64(0.19600879807686328),1.960088e-01
np.float32(102959.23),32772.939689,np.float32(0.0),np.float64(0.1883419401292348),1.883419e-01
np.float32(102959.234),32772.942175,np.float32(0.0),np.float64(0.18066358676033106),1.806636e-01
np.float32(102959.24),32772.944662,np.float32(0.0),np.float64(0.17297420661726595),1.729742e-01
np.float32(102959.25),32772.947149,np.float32(0.0),np.float64(0.16527426902017087),1.652743e-01
np.float32(102959.26),32772.949636,np.float32(0.0),np.float64(0.15756424393354984),1.575642e-01
np.float32(102959.266),32772.952123,np.float32(0.0),np.float64(0.1498446019375952),1.498446e-01
np.float32(102959.27),32772.954609,np.float32(0.0),np.float64(0.14211581419946584),1.421158e-01
np.float32(102959.28),32772.957096,np.float32(0.0),np.float64(0.13437835244452973),1.343784e-01
np.float32(102959.29),32772.959583,np.float32(0.0),np.float64(0.12663268892757196),1.266327e-01
np.float32(102959.3),32772.962070,np.float32(0.0),np.float64(0.11887929640397102),1.188793e-01
np.float32(102959.305),32772.964557,np.float32(0.0),np.float64(0.1111186481008441),1.111186e-01
np.float32(102959.31),32772.967043,np.float32(0.0),np.float64(0.10335121768816376),1.033512e-01
np.float32(102959.32),32772.969530,np.float32(0.0),np.float64(0.09557747924984757),9.557748e-02
np.float32(102959.33),32772.972017,np.float32(0.0),np.float64(0.08779790725482246),8.779791e-02
np.float32(102959.336),32772.974504,np.float32(0.0),np.float64(0.08001297652806565),8.001298e-02
np.float32(102959.34),32772.976991,np.float32(0.0),np.float64(0.07222316222162366),7.222316e-02
np.float32(102959.35),32772.979477,np.float32(0.0),np.float64(0.06442893978561158),6.442894e-02
np.float32(102959.36),32772.981964,np.float32(0.0),np.float64(0.056630784939194004),5.663078e-02
np.float32(102959.37),32772.984451,np.float32(0.0),np.float64(0.04882917364154957),4.882917e-02
np.float32(102959.375),32772.986938,np.float32(0.0),np.float64(0.041024582062820905),4.102458e-02
np.float32(102959.38),32772.989425,np.float32(0.0),np.float64(0.033217486555051634),3.321749e-02
np.float32(102959.39),32772.991911,np.float32(0.0),np.float64(0.02540836362311228),2.540836e-02
np.float32(102959.4),32772.994398,np.float32(0.0),np.float64(0.017597689895616914),1.759769e-02
np.float32(102959.41),32772.996885,np.float32(0.0),np.float64(0.009785942095832159),9.785942e-03
np.float32(102959.414),32772.999372,np.float32(0.0),np.float64(0.001973597012580482),1.973597e-03
np.float32(102959.42),32773.001859,np.float32(0.0),np.float64(-0.005838868528860549),5.838869e-03
np.float32(102959.43),32773.004345,np.float32(0.0),np.float64(-0.013650977695861216),1.365098e-02
np.float32(102959.44),32773.006832,np.float32(0.0),np.float64(-0.021462253677543064),2.146225e-02
np.float32(102959.445),32773.009319,np.float32(0.0),np.float64(-0.029272219713880974),2.927222e-02
np.float32(102959.45),32773.011806,np.float32(0.0),np.float64(-0.037080399124802134),3.708040e-02
np.float32(102959.46),32773.014293,np.float32(0.0),np.float64(-0.04488631533928015),4.488632e-02
np.float32(102959.47),32773.016779,np.float32(0.0),np.float64(-0.05268949192442247),5.268949e-02
np.float32(102959.48),32773.019266,np.float32(0.0),np.float64(-0.060489452614549376),6.048945e-02
np.float32(102959.484),32773.021753,np.float32(0.0),np.float64(-0.06828572134026284),6.828572e-02
np.float32(102959.49),32773.024240,np.float32(0.0),np.float64(-0.0760778222575033),7.607782e-02
np.float32(102959.5),32773.026727,np.float32(0.0),np.float64(-0.08386527977659272),8.386528e-02
np.float32(102959.51),32773.029213,np.float32(0.0),np.float64(-0.09164761859126218),9.164762e-02
np.float32(102959.516),32773.031700,np.float32(0.0),np.float64(-0.0994243637076621),9.942436e-02
np.float32(102959.52),32773.034187,np.float32(0.0),np.float64(-0.10719504047335338),1.071950e-01
np.float32(102959.53),32773.036674,np.float32(0.0),np.float64(-0.11495917460627779),1.149592e-01
np.float32(102959.54),32773.039161,np.float32(0.0),np.float64(-0.1227162922237057),1.227163e-01
np.float32(102959.55),32773.041647,np.float32(0.0),np.float64(-0.13046591987115938),1.304659e-01
np.float32(102959.555),32773.044134,np.float32(0.99988955),np.float64(-0.1382075845513103),1.138097e+00
np.float32(102959.56),32773.046621,np.float32(0.9999658),np.float64(-0.1459408137528484),1.145907e+00
np.float32(102959.57),32773.049108,np.float32(1.0),np.float64(-0.15366513547932173),1.153665e+00
np.float32(102959.58),32773.051594,np.float32(1.0),np.float64(-0.16138007827794473),1.161380e+00
np.float32(102959.586),32773.054081,np.float32(0.9998741),np.float64(-0.16908517126837327),1.168959e+00
np.float32(102959.59),32773.056568,np.float32(0.9997063),np.float64(-0.17677994417144474),1.176486e+00
np.float32(102959.6),32773.059055,np.float32(0.99951714),np.float64(-0.18446392733788144),1.183981e+00
np.float32(102959.61),32773.061542,np.float32(0.99925584),np.float64(-0.1921366517769556),1.191392e+00
np.float32(102959.62),32773.064028,np.float32(0.99892414),np.float64(-0.19979764918511417),1.198722e+00
np.float32(102959.625),32773.066515,np.float32(0.99853134),np.float64(-0.20744645197456155),1.205978e+00
np.float32(102959.63),32773.069002,np.float32(0.99807763),np.float64(-0.21508259330179888),1.213160e+00
np.float32(102959.64),32773.071489,np.float32(0.99756294),np.float64(-0.22270560709611767),1.220269e+00
np.float32(102959.65),32773.073976,np.float32(0.9969874),np.float64(-0.23031502808804638),1.227302e+00
np.float32(102959.66),32773.076462,np.float32(0.99635106),np.float64(-0.23791039183774806),1.234261e+00
np.float32(102959.664),32773.078949,np.float32(0.9956538),np.float64(-0.24549123476336737),1.241145e+00
np.float32(102959.67),32773.081436,np.float32(0.9948959),np.float64(-0.25305709416932526),1.247953e+00
np.float32(102959.68),32773.083923,np.float32(0.9940772),np.float64(-0.2606075082745595),1.254685e+00
np.float32(102959.69),32773.086410,np.float32(0.99319786),np.float64(-0.26814201624070927),1.261340e+00
np.float32(102959.695),32773.088896,np.float32(0.9922579),np.float64(-0.27566015820024264),1.267918e+00
np.float32(102959.7),32773.091383,np.float32(0.9912573),np.float64(-0.2831614752845244),1.274419e+00
np.float32(102959.71),32773.093870,np.float32(0.9901963),np.float64(-0.29064550965182295),1.280842e+00
np.float32(102959.72),32773.096357,np.float32(0.98907477),np.float64(-0.29811180451525454),1.287187e+00
np.float32(102959.73),32773.098844,np.float32(0.9878929),np.float64(-0.3055599041706635),1.293453e+00
np.float32(102959.734),32773.101330,np.float32(0.9866508),np.float64(-0.31298935402443573),1.299640e+00
np.float32(102959.74),32773.103817,np.float32(0.98534846),np.float64(-0.32039970062124495),1.305748e+00
np.float32(102959.75),32773.106304,np.float32(0.98398596),np.float64(-0.3277904916717293),1.311776e+00
np.float32(102959.76),32773.108791,np.float32(0.9825634),np.float64(-0.33516127608009655),1.317725e+00
np.float32(102959.766),32773.111278,np.float32(0.98108083),np.float64(-0.3425116039716568),1.323592e+00
np.float32(102959.77),32773.113764,np.float32(0.97953844),np.float64(-0.34984102672028067),1.329379e+00
np.float32(102959.78),32773.116251,np.float32(0.9779362),np.float64(-0.3571490969757807),1.335085e+00
np.float32(102959.79),32773.118738,np.float32(0.9762744),np.float64(-0.3644353686912157),1.340710e+00
np.float32(102959.8),32773.121225,np.float32(0.97455287),np.float64(-0.37169939715011496),1.346252e+00
np.float32(102959.805),32773.123712,np.float32(0.97277194),np.float64(-0.37894073899362163),1.351713e+00
np.float32(102959.81),32773.126198,np.float32(0.9709316),np.float64(-0.38615895224755276),1.357091e+00
np.float32(102959.82),32773.128685,np.float32(0.969032),np.float64(-0.39335359634937545),1.362386e+00
np.float32(102959.83),32773.131172,np.float32(0.96707326),np.float64(-0.4005242321750962),1.367597e+00
np.float32(102959.836),32773.133659,np.float32(0.9650555),np.float64(-0.407670422066063),1.372726e+00
np.float32(102959.84),32773.136146,np.float32(0.96297884),np.float64(-0.41479172985567786),1.377771e+00
np.float32(102959.85),32773.138632,np.float32(0.9608434),np.float64(-0.42188772089601784),1.382731e+00
np.float32(102959.86),32773.141119,np.float32(0.95864934),np.float64(-0.4289579620843638),1.387607e+00
np.float32(102959.87),32773.143606,np.float32(0.9563967),np.float64(-0.43600202188963516),1.392399e+00
np.float32(102959.875),32773.146093,np.float32(0.95408577),np.float64(-0.4430194703787277),1.397105e+00
np.float32(102959.88),32773.148580,np.float32(0.9517166),np.float64(-0.45000987924275493),1.401726e+00
np.float32(102959.89),32773.151066,np.float32(0.94928926),np.float64(-0.45697282182318977),1.406262e+00
np.float32(102959.9),32773.153553,np.float32(0.94680405),np.float64(-0.46390787313790527),1.410712e+00
np.float32(102959.91),32773.156040,np.float32(0.944261),np.float64(-0.47081460990711393),1.415076e+00
np.float32(102959.914),32773.158527,np.float32(0.9416604),np.float64(-0.4776926105792019),1.419353e+00
np.float32(102959.92),32773.161014,np.float32(0.9390023),np.float64(-0.4845414553564587),1.423544e+00
np.float32(102959.93),32773.163500,np.float32(0.93628687),np.float64(-0.4913607262206994),1.427648e+00
np.float32(102959.94),32773.165987,np.float32(0.93351424),np.float64(-0.4981500069587782),1.431664e+00
np.float32(102959.945),32773.168474,np.float32(0.9306847),np.float64(-0.5049088831879922),1.435594e+00
np.float32(102959.95),32773.170961,np.float32(0.92779833),np.float64(-0.5116369423813728),1.439435e+00
np.float32(102959.96),32773.173448,np.float32(0.92485535),np.float64(-0.5183337738928645),1.443189e+00
np.float32(102959.97),32773.175934,np.float32(0.9218559),np.float64(-0.5249989689823887),1.446855e+00
np.float32(102959.98),32773.178421,np.float32(0.91880023),np.float64(-0.5316321208407908),1.450432e+00
np.float32(102959.984),32773.180908,np.float32(0.91568846),np.float64(-0.5382328246146698),1.453921e+00
np.float32(102959.99),32773.183395,np.float32(0.91252077),np.float64(-0.5448006774310887),1.457321e+00
np.float32(102960.0),32773.185881,np.float32(0.9092974),np.float64(-0.5513352784221637),1.460633e+00
np.float32(102960.01),32773.188368,np.float32(0.90601856),np.float64(-0.5578362287495305),1.463855e+00
np.float32(102960.016),32773.190855,np.float32(0.9026844),np.float64(-0.5643031316286885),1.466988e+00
np.float32(102960.02),32773.193342,np.float32(0.89929515),np.float64(-0.5707355923532177),1.470031e+00
np.float32(102960.03),32773.195829,np.float32(0.89585096),np.float64(-0.5771332183188693),1.472984e+00
np.float32(102960.04),32773.198315,np.float32(0.89235216),np.float64(-0.5834956190475292),1.475848e+00
np.float32(102960.05),32773.200802,np.float32(0.8887989),np.float64(-0.5898224062110499),1.478621e+00
np.float32(102960.055),32773.203289,np.float32(0.8851914),np.float64(-0.5961131936549523),1.481305e+00
np.float32(102960.06),32773.205776,np.float32(0.88152975),np.float64(-0.6023675974219949),1.483897e+00
np.float32(102960.07),32773.208263,np.float32(0.8778144),np.float64(-0.6085852357756079),1.486400e+00
np.float32(102960.08),32773.210749,np.float32(0.87404543),np.float64(-0.6147657292231932),1.488811e+00
np.float32(102960.086),32773.213236,np.float32(0.87022316),np.float64(-0.6209087005392864),1.491132e+00
np.float32(102960.09),32773.215723,np.float32(0.86634773),np.float64(-0.6270137747885801),1.493362e+00
np.float32(102960.1),32773.218210,np.float32(0.8624195),np.float64(-0.633080579348809),1.495500e+00
np.float32(102960.11),32773.220697,np.float32(0.85843855),np.float64(-0.6391087439334923),1.497547e+00
np.float32(102960.12),32773.223183,np.float32(0.8544052),np.float64(-0.6450979006145338),1.499503e+00
np.float32(102960.125),32773.225670,np.float32(0.85031974),np.float64(-0.6510476838446791),1.501367e+00
np.float32(102960.13),32773.228157,np.float32(0.8461824),np.float64(-0.6569577304798262),1.503140e+00
np.float32(102960.14),32773.230644,np.float32(0.8419934),np.float64(-0.6628276798011898),1.504821e+00
np.float32(102960.15),32773.233131,np.float32(0.837753),np.float64(-0.6686571735373184),1.506410e+00
np.float32(102960.16),32773.235617,np.float32(0.83346146),np.float64(-0.6744458558859605),1.507907e+00
np.float32(102960.164),32773.238104,np.float32(0.8291191),np.float64(-0.6801933735357816),1.509312e+00
np.float32(102960.17),32773.240591,np.float32(0.82472605),np.float64(-0.6858993756879281),1.510625e+00
np.float32(102960.18),32773.243078,np.float32(0.8202827),np.float64(-0.6915635140774384),1.511846e+00
np.float32(102960.19),32773.245565,np.float32(0.8157893),np.float64(-0.6971854429944995),1.512975e+00
np.float32(102960.195),32773.248051,np.float32(0.8112461),np.float64(-0.7027648193055465),1.514011e+00
np.float32(102960.2),32773.250538,np.float32(0.8066534),np.float64(-0.7083013024742066),1.514955e+00
np.float32(102960.21),32773.253025,np.float32(0.80201143),np.float64(-0.7137945545820834),1.515806e+00
np.float32(102960.22),32773.255512,np.float32(0.79732054),np.float64(-0.7192442403493814),1.516565e+00
np.float32(102960.23),32773.257999,np.float32(0.79258096),np.float64(-0.7246500271553701),1.517231e+00
np.float32(102960.234),32773.260485,np.float32(0.78779304),np.float64(-0.7300115850586854),1.517805e+00
np.float32(102960.24),32773.262972,np.float32(0.782957),np.float64(-0.7353285868174672),1.518286e+00
np.float32(102960.25),32773.265459,np.float32(0.7780732),np.float64(-0.7406007079093331),1.518674e+00
np.float32(102960.26),32773.267946,np.float32(0.77314186),np.float64(-0.7458276265511851),1.518969e+00
np.float32(102960.266),32773.270433,np.float32(0.7681634),np.float64(-0.7510090237188499),1.519172e+00
np.float32(102960.27),32773.272919,np.float32(0.763138),np.float64(-0.7561445831665503),1.519283e+00
np.float32(102960.28),32773.275406,np.float32(0.75806606),np.float64(-0.7612339914462073),1.519300e+00
np.float32(102960.29),32773.277893,np.float32(0.75294787),np.float64(-0.7662769379265711),1.519225e+00
np.float32(102960.3),32773.280380,np.float32(0.74778366),np.float64(-0.771273114812181),1.519057e+00
np.float32(102960.305),32773.282867,np.float32(0.74257386),np.float64(-0.7762222171621511),1.518796e+00
np.float32(102960.31),32773.285353,np.float32(0.7373187),np.float64(-0.7811239429087827),1.518443e+00
np.float32(102960.32),32773.287840,np.float32(0.73201853),np.float64(-0.7859779928760005),1.517997e+00
np.float32(102960.33),32773.290327,np.float32(0.7266737),np.float64(-0.7907840707976131),1.517458e+00
np.float32(102960.336),32773.292814,np.float32(0.72128457),np.float64(-0.7955418833353959),1.516826e+00
np.float32(102960.34),32773.295301,np.float32(0.71585137),np.float64(-0.800251140096994),1.516103e+00
np.float32(102960.35),32773.297787,np.float32(0.7103745),np.float64(-0.8049115536536473),1.515286e+00
np.float32(102960.36),32773.300274,np.float32(0.70485425),np.float64(-0.8095228395577327),1.514377e+00
np.float32(102960.37),32773.302761,np.float32(0.69929093),np.float64(-0.8140847163601264),1.513376e+00
np.float32(102960.375),32773.305248,np.float32(0.693685),np.float64(-0.8185969056273809),1.512282e+00
np.float32(102960.38),32773.307734,np.float32(0.68803674),np.float64(-0.8230591319587199),1.511096e+00
np.float32(102960.39),32773.310221,np.float32(0.68234646),np.float64(-0.8274711230028476),1.509818e+00
np.float32(102960.4),32773.312708,np.float32(0.6766145),np.float64(-0.8318326094745708),1.508447e+00
np.float32(102960.41),32773.315195,np.float32(0.6708413),np.float64(-0.8361433251712351),1.506985e+00
np.float32(102960.414),32773.317682,np.float32(0.66502714),np.float64(-0.8404030069889729),1.505430e+00
np.float32(102960.42),32773.320168,np.float32(0.65917236),np.float64(-0.8446113949387608),1.503784e+00
np.float32(102960.43),32773.322655,np.float32(0.65327734),np.float64(-0.8487682321622896),1.502046e+00
np.float32(102960.44),32773.325142,np.float32(0.6473425),np.float64(-0.8528732649476402),1.500216e+00
np.float32(102960.445),32773.327629,np.float32(0.64136815),np.float64(-0.8569262427447693),1.498294e+00
np.float32(102960.45),32773.330116,np.float32(0.6353546),np.float64(-0.8609269181808021),1.496281e+00
np.float32(102960.46),32773.332602,np.float32(0.6293023),np.float64(-0.8648750470751303),1.494177e+00
np.float32(102960.47),32773.335089,np.float32(0.62321156),np.float64(-0.8687703884543155),1.491982e+00
np.float32(102960.48),32773.337576,np.float32(0.61708283),np.float64(-0.8726127045667974),1.489696e+00
np.float32(102960.484),32773.340063,np.float32(0.61091644),np.float64(-0.8764017608974044),1.487318e+00
np.float32(102960.49),32773.342550,np.float32(0.6047127),np.float64(-0.8801373261816676),1.484850e+00
np.float32(102960.5),32773.345036,np.float32(0.5984721),np.float64(-0.8838191724199359),1.482291e+00
np.float32(102960.51),32773.347523,np.float32(0.592195),np.float64(-0.8874470748912918),1.479642e+00
np.float32(102960.516),32773.350010,np.float32(0.5858817),np.float64(-0.8910208121672674),1.476903e+00
np.float32(102960.52),32773.352497,np.float32(0.5795327),np.float64(-0.894540166125359),1.474073e+00
np.float32(102960.53),32773.354984,np.float32(0.57314825),np.float64(-0.8980049219623405),1.471153e+00
np.float32(102960.54),32773.357470,np.float32(0.5667289),np.float64(-0.9014148682073736),1.468144e+00
np.float32(102960.55),32773.359957,np.float32(0.5602749),np.float64(-0.9047697967349151),1.465045e+00
np.float32(102960.555),32773.362444,np.float32(0.5537867),np.float64(-0.9080695027774195),1.461856e+00
np.float32(102960.56),32773.364931,np.float32(0.5472647),np.float64(-0.9113137849378373),1.458578e+00
np.float32(102960.57),32773.367418,np.float32(0.5407093),np.float64(-0.9145024452019072),1.455212e+00
np.float32(102960.58),32773.369904,np.float32(0.534121),np.float64(-0.9176352889502415),1.451756e+00
np.float32(102960.586),32773.372391,np.float32(0.5275),np.float64(-0.920712124970205),1.448212e+00
np.float32(102960.59),32773.374878,np.float32(0.5208468),np.float64(-0.9237327654675859),1.444580e+00
np.float32(102960.6),32773.377365,np.float32(0.5141618),np.float64(-0.9266970260780569),1.440859e+00
np.float32(102960.61),32773.379852,np.float32(0.50744545),np.float64(-0.929604725878429),1.437050e+00
np.float32(102960.62),32773.382338,np.float32(0.50069815),np.float64(-0.932455687397693),1.433154e+00
np.float32(102960.625),32773.384825,np.float32(0.49392027),np.float64(-0.9352497366278523),1.429170e+00
np.float32(102960.63),32773.387312,np.float32(0.48711225),np.float64(-0.9379867030345428),1.425099e+00
np.float32(102960.64),32773.389799,np.float32(0.48027447),np.float64(-0.940666419567442),1.420941e+00
np.float32(102960.65),32773.392286,np.float32(0.47340742),np.float64(-0.9432887226704645),1.416696e+00
np.float32(102960.66),32773.394772,np.float32(0.46651143),np.float64(-0.9458534522917447),1.412365e+00
np.float32(102960.664),32773.397259,np.float32(0.459587),np.float64(-0.9483604518934056),1.407947e+00
np.float32(102960.67),32773.399746,np.float32(0.4526345),np.float64(-0.9508095684611131),1.403444e+00
np.float32(102960.68),32773.402233,np.float32(0.4456544),np.float64(-0.9532006525134151),1.398855e+00
np.float32(102960.69),32773.404720,np.float32(0.43864706),np.float64(-0.9555335581108653),1.394181e+00
np.float32(102960.695),32773.407206,np.float32(0.43161297),np.float64(-0.95780814286493),1.389421e+00
np.float32(102960.7),32773.409693,np.float32(0.42455253),np.float64(-0.9600242679466796),1.384577e+00
np.float32(102960.71),32773.412180,np.float32(0.4174662),np.float64(-0.9621817980952615),1.379648e+00
np.float32(102960.72),32773.414667,np.float32(0.41035438),np.float64(-0.9642806016261557),1.374635e+00
np.float32(102960.73),32773.417154,np.float32(0.4032175),np.float64(-0.9663205504392122),1.369538e+00
np.float32(102960.734),32773.419640,np.float32(0.396056),np.float64(-0.9683015200264699),1.364358e+00
np.float32(102960.74),32773.422127,np.float32(0.38887036),np.float64(-0.9702233894797554),1.359094e+00
np.float32(102960.75),32773.424614,np.float32(0.38166094),np.float64(-0.9720860414980629),1.353747e+00
np.float32(102960.76),32773.427101,np.float32(0.37442827),np.float64(-0.9738893623947138),1.348318e+00
np.float32(102960.766),32773.429587,np.float32(0.36717272),np.float64(-0.9756332421042951),1.342806e+00
np.float32(102960.77),32773.432074,np.float32(0.35989478),np.float64(-0.9773175741893778),1.337212e+00
np.float32(102960.78),32773.434561,np.float32(0.35259485),np.float64(-0.9789422558470126),1.331537e+00
np.float32(102960.79),32773.437048,np.float32(0.34527344),np.float64(-0.9805071879150051),1.325781e+00
np.float32(102960.8),32773.439535,np.float32(0.33793092),np.float64(-0.9820122748779678),1.319943e+00
np.float32(102960.805),32773.442021,np.float32(0.3305678),np.float64(-0.98345742487315),1.314025e+00
np.float32(102960.81),32773.444508,np.float32(0.32318446),np.float64(-0.9848425496960447),1.308027e+00
np.float32(102960.82),32773.446995,np.float32(0.31578144),np.float64(-0.9861675648057717),1.301949e+00
np.float32(102960.83),32773.449482,np.float32(0.30835915),np.float64(-0.9874323893302382),1.295792e+00
np.float32(102960.836),32773.451969,np.float32(0.300918),np.float64(-0.9886369460710744),1.289555e+00
np.float32(102960.84),32773.454455,np.float32(0.2934585),np.float64(-0.9897811615083454),1.283240e+00
np.float32(102960.85),32773.456942,np.float32(0.28598112),np.float64(-0.9908649658050381),1.276846e+00
np.float32(102960.86),32773.459429,np.float32(0.27848622),np.float64(-0.9918882928113247),1.270375e+00
np.float32(102960.87),32773.461916,np.float32(0.27097437),np.float64(-0.992851080068599),1.263825e+00
np.float32(102960.875),32773.464403,np.float32(0.26344594),np.float64(-0.9937532688132893),1.257199e+00
np.float32(102960.88),32773.466889,np.float32(0.25590152),np.float64(-0.9945948039804446),1.250496e+00
np.float32(102960.89),32773.469376,np.float32(0.2483414),np.float64(-0.9953756342070957),1.243717e+00
np.float32(102960.9),32773.471863,np.float32(0.24076612),np.float64(-0.9960957118353903),1.236862e+00
np.float32(102960.91),32773.474350,np.float32(0.23317616),np.float64(-0.9967549929155011),1.229931e+00
np.float32(102960.914),32773.476837,np.float32(0.22557199),np.float64(-0.9973534372083093),1.222925e+00
np.float32(102960.92),32773.479323,np.float32(0.21795404),np.float64(-0.9978910081878596),1.215845e+00
np.float32(102960.93),32773.481810,np.float32(0.2103228),np.float64(-0.9983676730435901),1.208690e+00
np.float32(102960.94),32773.484297,np.float32(0.20267871),np.float64(-0.998783402682335),1.201462e+00
np.float32(102960.945),32773.486784,np.float32(0.19502224),np.float64(-0.9991381717300999),1.194160e+00
np.float32(102960.95),32773.489271,np.float32(0.18735386),np.float64(-0.9994319585336104),1.186786e+00
np.float32(102960.96),32773.491757,np.float32(0.17967406),np.float64(-0.9996647451616346),1.179339e+00
np.float32(102960.97),32773.494244,np.float32(0.1719833),np.float64(-0.9998365174060764),1.171820e+00
np.float32(102960.98),32773.496731,np.float32(0.16428205),np.float64(-0.9999472647828432),1.164229e+00
np.float32(102960.984),32773.499218,np.float32(0.15657075),np.float64(-0.9999969805324862),1.156568e+00
np.float32(102960.99),32773.501705,np.float32(0.14884992),np.float64(-0.9999856616206122),1.148836e+00
np.float32(102961.0),32773.504191,np.float32(0.14111997),np.float64(-0.999913308738069),1.141033e+00
np.float32(102961.01),32773.506678,np.float32(0.13338144),np.float64(-0.9997799263009041),1.133161e+00
np.float32(102961.016),32773.509165,np.float32(0.12563476),np.float64(-0.9995855224500936),1.125220e+00
np.float32(102961.02),32773.511652,np.float32(0.1178804),np.float64(-0.9993301090510466),1.117211e+00
np.float32(102961.03),32773.514139,np.float32(0.11011884),np.float64(-0.9990137016928806),1.109133e+00
np.float32(102961.04),32773.516625,np.float32(0.10235057),np.float64(-0.99863631968747),1.100987e+00
np.float32(102961.05),32773.519112,np.float32(0.094576046),np.float64(-0.9981979860682673),1.092774e+00
np.float32(102961.055),32773.521599,np.float32(0.08679578),np.float64(-0.9976987275888972),1.084495e+00
np.float32(102961.06),32773.524086,np.float32(0.07901018),np.float64(-0.9971385747215241),1.076149e+00
np.float32(102961.07),32773.526573,np.float32(0.07121978),np.float64(-0.996517561654992),1.067737e+00
np.float32(102961.08),32773.529059,np.float32(0.06342501),np.float64(-0.9958357262927374),1.059261e+00
np.float32(102961.086),32773.531546,np.float32(0.055626407),np.float64(-0.9950931102504768),1.050720e+00
np.float32(102961.09),32773.534033,np.float32(0.047824375),np.float64(-0.9942897588536656),1.042114e+00
np.float32(102961.1),32773.536520,np.float32(0.040019423),np.float64(-0.9934257211347325),1.033445e+00
np.float32(102961.11),32773.539007,np.float32(0.03221205),np.float64(-0.9925010498300866),1.024713e+00
np.float32(102961.12),32773.541493,np.float32(0.024402697),np.float64(-0.9915158013768982),1.015918e+00
np.float32(102961.125),32773.543980,np.float32(0.016591867),np.float64(-0.9904700359096548),1.007062e+00
np.float32(102961.13),32773.546467,np.float32(0.008780011),np.float64(-0.9893638172564905),9.981438e-01
np.float32(102961.14),32773.548954,np.float32(0.0009676336),np.float64(-0.9881972129352902),9.891648e-01
np.float32(102961.15),32773.551440,np.float32(0.0),np.float64(-0.9869702941495686),9.869703e-01
np.float32(102961.16),32773.553927,np.float32(0.0),np.float64(-0.9856831357841249),9.856831e-01
np.float32(102961.164),32773.556414,np.float32(0.0),np.float64(-0.9843358164004713),9.843358e-01
np.float32(102961.17),32773.558901,np.float32(0.0),np.float64(-0.9829284182320386),9.829284e-01
np.float32(102961.18),32773.561388,np.float32(0.0),np.float64(-0.9814610271791571),9.814610e-01
np.float32(102961.19),32773.563874,np.float32(0.0),np.float64(-0.9799337328038135),9.799337e-01
np.float32(102961.195),32773.566361,np.float32(0.0),np.float64(-0.9783466283241843),9.783466e-01
np.float32(102961.2),32773.568848,np.float32(0.0),np.float64(-0.9766998106089468),9.766998e-01
np.float32(102961.21),32773.571335,np.float32(0.0),np.float64(-0.9749933801713665),9.749934e-01
np.float32(102961.22),32773.573822,np.float32(0.0),np.float64(-0.9732274411631617),9.732274e-01
np.float32(102961.23),32773.576308,np.float32(0.0),np.float64(-0.9714021013681479),9.714021e-01
np.float32(102961.234),32773.578795,np.float32(0.0),np.float64(-0.9695174721956576),9.695175e-01
np.float32(102961.24),32773.581282,np.float32(0.0),np.float64(-0.9675736686737421),9.675737e-01
np.float32(102961.25),32773.583769,np.float32(0.0),np.float64(-0.9655708094421495),9.655708e-01
np.float32(102961.26),32773.586256,np.float32(0.0),np.float64(-0.963509016745084),9.635090e-01
np.float32(102961.266),32773.588742,np.float32(0.0),np.float64(-0.9613884164237453),9.613884e-01
np.float32(102961.27),32773.591229,np.float32(0.0),np.float64(-0.9592091379086468),9.592091e-01
np.float32(102961.28),32773.593716,np.float32(0.0),np.float64(-0.9569713142117168),9.569713e-01
np.float32(102961.29),32773.596203,np.float32(0.0),np.float64(-0.9546750819181794),9.546751e-01
np.float32(102961.3),32773.598690,np.float32(0.0),np.float64(-0.9523205811782188),9.523206e-01
np.float32(102961.305),32773.601176,np.float32(0.0),np.float64(-0.9499079556984245),9.499080e-01
np.float32(102961.31),32773.603663,np.float32(0.0),np.float64(-0.9474373527330205),9.474374e-01
np.float32(102961.32),32773.606150,np.float32(0.0),np.float64(-0.9449089230748783),9.449089e-01
np.float32(102961.33),32773.608637,np.float32(0.0),np.float64(-0.9423228210463117),9.423228e-01
np.float32(102961.336),32773.611124,np.float32(0.0),np.float64(-0.9396792044896597),9.396792e-01
np.float32(102961.34),32773.613610,np.float32(0.0),np.float64(-0.9369782347576509),9.369782e-01
np.float32(102961.35),32773.616097,np.float32(0.0),np.float64(-0.9342200767035566),9.342201e-01
np.float32(102961.36),32773.618584,np.float32(0.0),np.float64(-0.9314048986711283),9.314049e-01
np.float32(102961.37),32773.621071,np.float32(0.0),np.float64(-0.928532872484323),9.285329e-01
np.float32(102961.375),32773.623558,np.float32(0.0),np.float64(-0.9256041734368166),9.256042e-01
np.float32(102961.38),32773.626044,np.float32(0.0),np.float64(-0.9226189802813034),9.226190e-01
np.float32(102961.39),32773.628531,np.float32(0.0),np.float64(-0.9195774752185876),9.195775e-01
np.float32(102961.4),32773.631018,np.float32(0.0),np.float64(-0.9164798438864616),9.164798e-01
np.float32(102961.41),32773.633505,np.float32(0.0),np.float64(-0.9133262753483764),9.133263e-01
np.float32(102961.414),32773.635992,np.float32(0.0),np.float64(-0.9101169620819012),9.101170e-01
np.float32(102961.42),32773.638478,np.float32(0.0),np.float64(-0.9068520999669765),9.068521e-01
np.float32(102961.43),32773.640965,np.float32(0.0),np.float64(-0.903531888273958),9.035319e-01
np.float32(102961.44),32773.643452,np.float32(0.0),np.float64(-0.9001565296514545),9.001565e-01
np.float32(102961.445),32773.645939,np.float32(0.0),np.float64(-0.8967262301139591),8.967262e-01
np.float32(102961.45),32773.648426,np.float32(0.0),np.float64(-0.8932411990292751),8.932412e-01
np.float32(102961.46),32773.650912,np.float32(0.0),np.float64(-0.8897016491057375),8.897016e-01
np.float32(102961.47),32773.653399,np.float32(0.0),np.float64(-0.8861077963792299),8.861078e-01
np.float32(102961.48),32773.655886,np.float32(0.0),np.float64(-0.8824598601999994),8.824599e-01
np.float32(102961.484),32773.658373,np.float32(0.0),np.float64(-0.8787580632192684),8.787581e-01
np.float32(102961.49),32773.660860,np.float32(0.0),np.float64(-0.8750026313756448),8.750026e-01
np.float32(102961.5),32773.663346,np.float32(0.0),np.float64(-0.8711937938813319),8.711938e-01
np.float32(102961.51),32773.665833,np.float32(0.0),np.float64(-0.8673317832081391),8.673318e-01
np.float32(102961.516),32773.668320,np.float32(0.0),np.float64(-0.8634168350732921),8.634168e-01
np.float32(102961.52),32773.670807,np.float32(0.0),np.float64(-0.859449188425047),8.594492e-01
np.float32(102961.53),32773.673293,np.float32(0.0),np.float64(-0.855429085428105),8.554291e-01
np.float32(102961.54),32773.675780,np.float32(0.0),np.float64(-0.8513567714488328),8.513568e-01
np.float32(102961.55),32773.678267,np.float32(0.0),np.float64(-0.847232495040286),8.472325e-01
np.float32(102961.555),32773.680754,np.float32(0.99988955),np.float64(-0.8430565079270395),1.842946e+00
np.float32(102961.56),32773.683241,np.float32(0.9999658),np.float64(-0.8388290649898226),1.838795e+00
np.float32(102961.57),32773.685727,np.float32(1.0),np.float64(-0.8345504242499633),1.834550e+00
np.float32(102961.58),32773.688214,np.float32(1.0),np.float64(-0.8302208468536395),1.830221e+00
np.float32(102961.586),32773.690701,np.float32(0.9998741),np.float64(-0.8258405970559399),1.825715e+00
np.float32(102961.59),32773.693188,np.float32(0.9997063),np.float64(-0.8214099422047355),1.821116e+00
np.float32(102961.6),32773.695675,np.float32(0.99951714),np.float64(-0.8169291527243622),1.816446e+00
np.float32(102961.61),32773.698161,np.float32(0.99925584),np.float64(-0.8123985020991147),1.811654e+00
np.float32(102961.62),32773.700648,np.float32(0.99892414),np.float64(-0.8078182668565554),1.806742e+00
np.float32(102961.625),32773.703135,np.float32(0.99853134),np.float64(-0.8031887265506363),1.801720e+00
np.float32(102961.63),32773.705622,np.float32(0.99807763),np.float64(-0.7985101637446361),1.796588e+00
np.float32(102961.64),32773.708109,np.float32(0.99756294),np.float64(-0.7937828639939142),1.791346e+00
np.float32(102961.65),32773.710595,np.float32(0.9969874),np.float64(-0.7890071158284818),1.785995e+00
np.float32(102961.66),32773.713082,np.float32(0.99635106),np.float64(-0.7841832107353922),1.780534e+00
np.float32(102961.664),32773.715569,np.float32(0.9956538),np.float64(-0.7793114431409487),1.774965e+00
np.float32(102961.67),32773.718056,np.float32(0.9948959),np.float64(-0.7743921103927353),1.769288e+00
np.float32(102961.68),32773.720543,np.float32(0.9940772),np.float64(-0.7694255127414678),1.763503e+00
np.float32(102961.69),32773.723029,np.float32(0.99319786),np.float64(-0.7644119533226679),1.757610e+00
np.float32(102961.695),32773.725516,np.float32(0.9922579),np.float64(-0.7593517381381618),1.751610e+00
np.float32(102961.7),32773.728003,np.float32(0.9912573),np.float64(-0.7542451760374032),1.745502e+00
np.float32(102961.71),32773.730490,np.float32(0.9901963),np.float64(-0.7490925786986223),1.739289e+00
np.float32(102961.72),32773.732977,np.float32(0.98907477),np.float64(-0.7438942606098033),1.732969e+00
np.float32(102961.73),32773.735463,np.float32(0.9878929),np.float64(-0.7386505390494893),1.726543e+00
np.float32(102961.734),32773.737950,np.float32(0.9866508),np.float64(-0.733361734067417),1.720013e+00
np.float32(102961.74),32773.740437,np.float32(0.98534846),np.float64(-0.7280281684649831),1.713377e+00
np.float32(102961.75),32773.742924,np.float32(0.98398596),np.float64(-0.7226501677755418),1.706636e+00
np.float32(102961.76),32773.745411,np.float32(0.9825634),np.float64(-0.7172280602445359),1.699791e+00
np.float32(102961.766),32773.747897,np.float32(0.98108083),np.float64(-0.7117621768094625),1.692843e+00
np.float32(102961.77),32773.750384,np.float32(0.97953844),np.float64(-0.7062528510796744),1.685791e+00
np.float32(102961.78),32773.752871,np.float32(0.9779362),np.float64(-0.7007004193160179),1.678637e+00
np.float32(102961.79),32773.755358,np.float32(0.9762744),np.float64(-0.6951052204103095),1.671380e+00
np.float32(102961.8),32773.757845,np.float32(0.97455287),np.float64(-0.6894675958646519),1.664020e+00
np.float32(102961.805),32773.760331,np.float32(0.97277194),np.float64(-0.6837878897705899),1.656560e+00
np.float32(102961.81),32773.762818,np.float32(0.9709316),np.float64(-0.6780664487881091),1.648998e+00
np.float32(102961.82),32773.765305,np.float32(0.969032),np.float64(-0.6723036221244778),1.641336e+00
np.float32(102961.83),32773.767792,np.float32(0.96707326),np.float64(-0.6664997615129327),1.633573e+00
np.float32(102961.836),32773.770279,np.float32(0.9650555),np.float64(-0.6606552211912115),1.625711e+00
np.float32(102961.84),32773.772765,np.float32(0.96297884),np.float64(-0.6547703578799313),1.617749e+00
np.float32(102961.85),32773.775252,np.float32(0.9608434),np.float64(-0.6488455307608172),1.609689e+00
np.float32(102961.86),32773.777739,np.float32(0.95864934),np.float64(-0.6428811014547787),1.601530e+00
np.float32(102961.87),32773.780226,np.float32(0.9563967),np.float64(-0.636877433999839),1.593274e+00
np.float32(102961.875),32773.782713,np.float32(0.95408577),np.float64(-0.6308348948289153),1.584921e+00
np.float32(102961.88),32773.785199,np.float32(0.9517166),np.float64(-0.6247538527474543),1.576470e+00
np.float32(102961.89),32773.787686,np.float32(0.94928926),np.float64(-0.6186346789109218),1.567924e+00
np.float32(102961.9),32773.790173,np.float32(0.94680405),np.float64(-0.6124777468021495),1.559282e+00
np.float32(102961.91),32773.792660,np.float32(0.944261),np.float64(-0.6062834322085391),1.550544e+00
np.float32(102961.914),32773.795146,np.float32(0.9416604),np.float64(-0.6000521131991269),1.541713e+00
np.float32(102961.92),32773.797633,np.float32(0.9390023),np.float64(-0.5937841701015076),1.532786e+00
np.float32(102961.93),32773.800120,np.float32(0.93628687),np.float64(-0.5874799854786221),1.523767e+00
np.float32(102961.94),32773.802607,np.float32(0.93351424),np.float64(-0.5811399441054065),1.514654e+00
np.float32(102961.945),32773.805094,np.float32(0.9306847),np.float64(-0.5747644329453084),1.505449e+00
np.float32(102961.95),32773.807580,np.float32(0.92779833),np.float64(-0.5683538411266686),1.496152e+00
np.float32(102961.96),32773.810067,np.float32(0.92485535),np.float64(-0.5619085599189704),1.486764e+00
np.float32(102961.97),32773.812554,np.float32(0.9218559),np.float64(-0.5554289827089582),1.477285e+00
np.float32(102961.98),32773.815041,np.float32(0.91880023),np.float64(-0.5489155049766281),1.467716e+00
np.float32(102961.984),32773.817528,np.float32(0.91568846),np.float64(-0.5423685242710892),1.458057e+00
np.float32(102961.99),32773.820014,np.float32(0.91252077),np.float64(-0.5357884401862993),1.448309e+00
np.float32(102962.0),32773.822501,np.float32(0.9092974),np.float64(-0.529175654336676),1.438473e+00
np.float32(102962.01),32773.824988,np.float32(0.90601856),np.float64(-0.522530570332584),1.428549e+00
np.float32(102962.016),32773.827475,np.float32(0.9026844),np.float64(-0.5158535937557008),1.418538e+00
np.float32(102962.02),32773.829962,np.float32(0.89929515),np.float64(-0.5091451321342624),1.408440e+00
np.float32(102962.03),32773.832448,np.float32(0.89585096),np.float64(-0.5024055949181893),1.398257e+00
np.float32(102962.04),32773.834935,np.float32(0.89235216),np.float64(-0.49563539345409635),1.387988e+00
np.float32(102962.05),32773.837422,np.float32(0.8887989),np.float64(-0.48883494096018615),1.377634e+00
np.float32(102962.055),32773.839909,np.float32(0.8851914),np.float64(-0.482004652501028),1.367196e+00
np.float32(102962.06),32773.842396,np.float32(0.88152975),np.float64(-0.4751449449622248),1.356675e+00
np.float32(102962.07),32773.844882,np.float32(0.8778144),np.float64(-0.4682562370249686),1.346071e+00
np.float32(102962.08),32773.847369,np.float32(0.87404543),np.float64(-0.4613389491404861),1.335384e+00
np.float32(102962.086),32773.849856,np.float32(0.87022316),np.float64(-0.45439350350437674),1.324617e+00
np.float32(102962.09),32773.852343,np.float32(0.86634773),np.float64(-0.4474203240308441),1.313768e+00
np.float32(102962.1),32773.854830,np.float32(0.8624195),np.float64(-0.440419836326822),1.302839e+00
np.float32(102962.11),32773.857316,np.float32(0.85843855),np.float64(-0.43339246766599815),1.291831e+00
np.float32(102962.12),32773.859803,np.float32(0.8544052),np.float64(-0.4263386469627352),1.280744e+00
np.float32(102962.125),32773.862290,np.float32(0.85031974),np.float64(-0.41925880474589217),1.269579e+00
np.float32(102962.13),32773.864777,np.float32(0.8461824),np.float64(-0.412153373132547),1.258336e+00
np.float32(102962.14),32773.867264,np.float32(0.8419934),np.float64(-0.40502278580162276),1.247016e+00
np.float32(102962.15),32773.869750,np.float32(0.837753),np.float64(-0.39786747796741767),1.235620e+00
np.float32(102962.16),32773.872237,np.float32(0.83346146),np.float64(-0.39068788635304214),1.224149e+00
np.float32(102962.164),32773.874724,np.float32(0.8291191),np.float64(-0.3834844491637633),1.212604e+00
np.float32(102962.17),32773.877211,np.float32(0.82472605),np.float64(-0.37625760606025926),1.200984e+00
np.float32(102962.18),32773.879698,np.float32(0.8202827),np.float64(-0.3690077981317846),1.189290e+00
np.float32(102962.19),32773.882184,np.float32(0.8157893),np.float64(-0.3617354678692484),1.177525e+00
np.float32(102962.195),32773.884671,np.float32(0.8112461),np.float64(-0.3544410591382068),1.165687e+00
np.float32(102962.2),32773.887158,np.float32(0.8066534),np.float64(-0.3471250171517721),1.153778e+00
np.float32(102962.21),32773.889645,np.float32(0.80201143),np.float64(-0.33978778844343877),1.141799e+00
np.float32(102962.22),32773.892132,np.float32(0.79732054),np.float64(-0.3324298208398298),1.129750e+00
np.float32(102962.23),32773.894618,np.float32(0.79258096),np.float64(-0.3250515634333633),1.117633e+00
np.float32(102962.234),32773.897105,np.float32(0.78779304),np.float64(-0.3176534665548424),1.105447e+00
np.float32(102962.24),32773.899592,np.float32(0.782957),np.float64(-0.3102359817459694),1.093193e+00
np.float32(102962.25),32773.902079,np.float32(0.7780732),np.float64(-0.30279956173178585),1.080873e+00
np.float32(102962.26),32773.904566,np.float32(0.77314186),np.float64(-0.2953446603930408),1.068487e+00
np.float32(102962.266),32773.907052,np.float32(0.7681634),np.float64(-0.2878717327384879),1.056035e+00
np.float32(102962.27),32773.909539,np.float32(0.763138),np.float64(-0.2803812348771143),1.043519e+00
np.float32(102962.28),32773.912026,np.float32(0.75806606),np.float64(-0.272873623990302),1.030940e+00
np.float32(102962.29),32773.914513,np.float32(0.75294787),np.float64(-0.2653493583039239),1.018297e+00
np.float32(102962.3),32773.917000,np.float32(0.74778366),np.float64(-0.2578088970603761),1.005593e+00
np.float32(102962.305),32773.919486,np.float32(0.74257386),np.float64(-0.2502527004905477),9.928266e-01
np.float32(102962.31),32773.921973,np.float32(0.7373187),np.float64(-0.24268122978573145),9.799999e-01
np.float32(102962.32),32773.924460,np.float32(0.73201853),np.float64(-0.23509494706947426),9.671135e-01
np.float32(102962.33),32773.926947,np.float32(0.7266737),np.float64(-0.22749431536937206),9.541680e-01
np.float32(102962.336),32773.929433,np.float32(0.72128457),np.float64(-0.21987979858880868),9.411644e-01
np.float32(102962.34),32773.931920,np.float32(0.71585137),np.float64(-0.21225186147864175),9.281032e-01
np.float32(102962.35),32773.934407,np.float32(0.7103745),np.float64(-0.20461096960883665),9.149854e-01
np.float32(102962.36),32773.936894,np.float32(0.70485425),np.float64(-0.19695758934005048),9.018118e-01
np.float32(102962.37),32773.939381,np.float32(0.69929093),np.float64(-0.18929218779516785),8.885831e-01
np.float32(102962.375),32773.941867,np.float32(0.693685),np.float64(-0.18161523283079017),8.753002e-01
np.float32(102962.38),32773.944354,np.float32(0.68803674),np.float64(-0.17392719300867995),8.619639e-01
np.float32(102962.39),32773.946841,np.float32(0.68234646),np.float64(-0.1662285375671623),8.485750e-01
np.float32(102962.4),32773.949328,np.float32(0.6766145),np.float64(-0.1585197363924851),8.351343e-01
np.float32(102962.41),32773.951815,np.float32(0.6708413),np.float64(-0.15080125999013932),8.216425e-01
np.float32(102962.414),32773.954301,np.float32(0.66502714),np.float64(-0.14307357945614216),8.081007e-01
np.float32(102962.42),32773.956788,np.float32(0.65917236),np.float64(-0.13533716644828345),7.945095e-01
np.float32(102962.43),32773.959275,np.float32(0.65327734),np.float64(-0.12759249315733823),7.808698e-01
np.float32(102962.44),32773.961762,np.float32(0.6473425),np.float64(-0.11984003227824665),7.671825e-01
np.float32(102962.445),32773.964249,np.float32(0.64136815),np.float64(-0.11208025698126314),7.534484e-01
np.float32(102962.45),32773.966735,np.float32(0.6353546),np.float64(-0.10431364088307646),7.396682e-01
np.float32(102962.46),32773.969222,np.float32(0.6293023),np.float64(-0.09654065801790263),7.258430e-01
np.float32(102962.47),32773.971709,np.float32(0.62321156),np.float64(-0.08876178280855229),7.119733e-01
np.float32(102962.48),32773.974196,np.float32(0.61708283),np.float64(-0.08097749003747444),6.980603e-01
np.float32(102962.484),32773.976683,np.float32(0.61091644),np.float64(-0.07318825481777808),6.841047e-01
np.float32(102962.49),32773.979169,np.float32(0.6047127),np.float64(-0.06539455256423383),6.701073e-01
np.float32(102962.5),32773.981656,np.float32(0.5984721),np.float64(-0.057596858964257036),6.560690e-01
np.float32(102962.51),32773.984143,np.float32(0.592195),np.float64(-0.04979564994887423),6.419906e-01
np.float32(102962.516),32773.986630,np.float32(0.5858817),np.float64(-0.041991401663674786),6.278731e-01
np.float32(102962.52),32773.989117,np.float32(0.5795327),np.float64(-0.034184590439749474),6.137173e-01
np.float32(102962.53),32773.991603,np.float32(0.57314825),np.float64(-0.026375692764617594),5.995239e-01
np.float32(102962.54),32773.994090,np.float32(0.5667289),np.float64(-0.018565185253144705),5.852941e-01
np.float32(102962.55),32773.996577,np.float32(0.5602749),np.float64(-0.010753544618452456),5.710284e-01
np.float32(102962.555),32773.999064,np.float32(0.5537867),np.float64(-0.0029412476428225145),5.567279e-01
np.float32(102962.56),32774.001551,np.float32(0.5472647),np.float64(0.0048712288514037964),5.423935e-01
np.float32(102962.57),32774.004037,np.float32(0.5407093),np.float64(0.012683408030928257),5.280259e-01
np.float32(102962.58),32774.006524,np.float32(0.534121),np.float64(0.02049481308059921),5.136262e-01
np.float32(102962.586),32774.009011,np.float32(0.5275),np.float64(0.028304967232513883),4.991950e-01
np.float32(102962.59),32774.011498,np.float32(0.5208468),np.float64(0.036113393795117875),4.847334e-01
np.float32(102962.6),32774.013985,np.float32(0.5141618),np.float64(0.04391961618229991),4.702422e-01
np.float32(102962.61),32774.016471,np.float32(0.50744545),np.float64(0.05172315794248024),4.557223e-01
np.float32(102962.62),32774.018958,np.float32(0.50069815),np.float64(0.059523542787690745),4.411746e-01
np.float32(102962.625),32774.021445,np.float32(0.49392027),np.float64(0.06732029462264516),4.266000e-01
np.float32(102962.63),32774.023932,np.float32(0.48711225),np.float64(0.07511293757379742),4.119993e-01
np.float32(102962.64),32774.026419,np.float32(0.48027447),np.float64(0.08290099601838653),3.973735e-01
np.float32(102962.65),32774.028905,np.float32(0.47340742),np.float64(0.09068399461346618),3.827234e-01
np.float32(102962.66),32774.031392,np.float32(0.46651143),np.float64(0.09846145832491719),3.680500e-01
np.float32(102962.664),32774.033879,np.float32(0.459587),np.float64(0.10623291245644113),3.533541e-01
np.float32(102962.67),32774.036366,np.float32(0.4526345),np.float64(0.11399788267853338),3.386366e-01
np.float32(102962.68),32774.038853,np.float32(0.4456544),np.float64(0.1217558950574337),3.238985e-01
np.float32(102962.69),32774.041339,np.float32(0.43864706),np.float64(0.12950647608405275),3.091406e-01
np.float32(102962.695),32774.043826,np.float32(0.43161297),np.float64(0.13724915270287263),2.943638e-01
np.float32(102962.7),32774.046313,np.float32(0.42455253),np.float64(0.1449834523408198),2.795691e-01
np.float32(102962.71),32774.048800,np.float32(0.4174662),np.float64(0.15270890293610836),2.647573e-01
np.float32(102962.72),32774.051286,np.float32(0.41035438),np.float64(0.16042503296705246),2.499293e-01
np.float32(102962.73),32774.053773,np.float32(0.4032175),np.float64(0.16813137148084537),2.350861e-01
np.float32(102962.734),32774.056260,np.float32(0.396056),np.float64(0.17582744812230414),2.202285e-01
np.float32(102962.74),32774.058747,np.float32(0.38887036),np.float64(0.18351279316257765),2.053576e-01
np.float32(102962.75),32774.061234,np.float32(0.38166094),np.float64(0.19118693752781638),1.904740e-01
np.float32(102962.76),32774.063720,np.float32(0.37442827),np.float64(0.19884941282780225),1.755789e-01
np.float32(102962.766),32774.066207,np.float32(0.36717272),np.float64(0.2064997513845368),1.606730e-01
np.float32(102962.77),32774.068694,np.float32(0.35989478),np.float64(0.21413748626078585),1.457573e-01
np.float32(102962.78),32774.071181,np.float32(0.35259485),np.float64(0.22176215128857887),1.308327e-01
np.float32(102962.79),32774.073668,np.float32(0.34527344),np.float64(0.22937328109766156),1.159002e-01
np.float32(102962.8),32774.076154,np.float32(0.33793092),np.float64(0.23697041114389958),1.009605e-01
np.float32(102962.805),32774.078641,np.float32(0.3305678),np.float64(0.24455307773763194),8.601473e-02
np.float32(102962.81),32774.081128,np.float32(0.32318446),np.float64(0.2521208180719723),7.106364e-02
np.float32(102962.82),32774.083615,np.float32(0.31578144),np.float64(0.25967317025105613),5.610827e-02
np.float32(102962.83),32774.086102,np.float32(0.30835915),np.float64(0.2672096733182328),4.114947e-02
np.float32(102962.836),32774.088588,np.float32(0.300918),np.float64(0.2747298672841996),2.618815e-02
np.float32(102962.84),32774.091075,np.float32(0.2934585),np.float64(0.28223329315507745),1.122520e-02
np.float32(102962.85),32774.093562,np.float32(0.28598112),np.float64(0.2897194929604251),3.738374e-03
np.float32(102962.86),32774.096049,np.float32(0.27848622),np.float64(0.29718800978119186),1.870179e-02
np.float32(102962.87),32774.098536,np.float32(0.27097437),np.float64(0.3046383877776051),3.366402e-02
np.float32(102962.875),32774.101022,np.float32(0.26344594),np.float64(0.3120701722169926),4.862423e-02
np.float32(102962.88),32774.103509,np.float32(0.25590152),np.float64(0.319482909501537),6.358139e-02
np.float32(102962.89),32774.105996,np.float32(0.2483414),np.float64(0.32687614719596114),7.853475e-02
np.float32(102962.9),32774.108483,np.float32(0.24076612),np.float64(0.33424943405514224),9.348331e-02
np.float32(102962.91),32774.110970,np.float32(0.23317616),np.float64(0.3416023200516538),1.084262e-01
np.float32(102962.914),32774.113456,np.float32(0.22557199),np.float64(0.3489343564032328),1.233624e-01
np.float32(102962.92),32774.115943,np.float32(0.21795404),np.float64(0.3562450956001709),1.382911e-01
np.float32(102962.93),32774.118430,np.float32(0.2103228),np.float64(0.36353409143262866),1.532113e-01
np.float32(102962.94),32774.120917,np.float32(0.20267871),np.float64(0.37080089901786917),1.681222e-01
np.float32(102962.945),32774.123404,np.float32(0.19502224),np.float64(0.378045074827412),1.830228e-01
np.float32(102962.95),32774.125890,np.float32(0.18735386),np.float64(0.38526617671410357),1.979123e-01
np.float32(102962.96),32774.128377,np.float32(0.17967406),np.float64(0.3924637639391037),2.127897e-01
np.float32(102962.97),32774.130864,np.float32(0.1719833),np.float64(0.39963739719878594),2.276541e-01
np.float32(102962.98),32774.133351,np.float32(0.16428205),np.float64(0.40678663865155024),2.425046e-01
np.float32(102962.984),32774.135838,np.float32(0.15657075),np.float64(0.413911051944547),2.573403e-01
np.float32(102962.99),32774.138324,np.float32(0.14884992),np.float64(0.4210102022403094),2.721603e-01
np.float32(102963.0),32774.140811,np.float32(0.14111997),np.float64(0.4280836562432937),2.869637e-01
np.float32(102963.01),32774.143298,np.float32(0.13338144),np.float64(0.4351309822263255),3.017495e-01
np.float32(102963.016),32774.145785,np.float32(0.12563476),np.float64(0.44215175005695007),3.165170e-01
np.float32(102963.02),32774.148272,np.float32(0.1178804),np.float64(0.4491455312236854),3.312651e-01
np.float32(102963.03),32774.150758,np.float32(0.11011884),np.float64(0.4561118988621763),3.459931e-01
np.float32(102963.04),32774.153245,np.float32(0.10235057),np.float64(0.46305042778124816),3.606999e-01
np.float32(102963.05),32774.155732,np.float32(0.094576046),np.float64(0.46996069448885824),3.753846e-01
np.float32(102963.055),32774.158219,np.float32(0.08679578),np.float64(0.4768422772179436),3.900465e-01
np.float32(102963.06),32774.160706,np.float32(0.07901018),np.float64(0.48369475595216327),4.046846e-01
np.float32(102963.07),32774.163192,np.float32(0.07121978),np.float64(0.49051771245153447),4.192979e-01
np.float32(102963.08),32774.165679,np.float32(0.06342501),np.float64(0.49731073027795925),4.338857e-01
np.float32(102963.086),32774.168166,np.float32(0.055626407),np.float64(0.504073394820642),4.484470e-01
np.float32(102963.09),32774.170653,np.float32(0.047824375),np.float64(0.5108052933213949),4.629809e-01
np.float32(102963.1),32774.173139,np.float32(0.040019423),np.float64(0.5175060148998313),4.774866e-01
np.float32(102963.11),32774.175626,np.float32(0.03221205),np.float64(0.5241751505784426),4.919631e-01
np.float32(102963.12),32774.178113,np.float32(0.024402697),np.float64(0.530812293307561),5.064096e-01
np.float32(102963.125),32774.180600,np.float32(0.016591867),np.float64(0.5374170379902034),5.208252e-01
np.float32(102963.13),32774.183087,np.float32(0.008780011),np.float64(0.5439889815067965),5.352090e-01
np.float32(102963.14),32774.185573,np.float32(0.0009676336),np.float64(0.5505277227397812),5.495601e-01
np.float32(102963.15),32774.188060,np.float32(0.0),np.float64(0.5570328625980945),5.570329e-01
np.float32(102963.16),32774.190547,np.float32(0.0),np.float64(0.5635040040415281),5.635040e-01
np.float32(102963.164),32774.193034,np.float32(0.0),np.float64(0.5699407521049619),5.699408e-01
np.float32(102963.17),32774.195521,np.float32(0.0),np.float64(0.5763427139224702),5.763427e-01
np.float32(102963.18),32774.198007,np.float32(0.0),np.float64(0.5827094987513006),5.827095e-01
np.float32(102963.19),32774.200494,np.float32(0.0),np.float64(0.5890407179957229),5.890407e-01
np.float32(102963.195),32774.202981,np.float32(0.0),np.float64(0.5953359852307467),5.953360e-01
np.float32(102963.2),32774.205468,np.float32(0.0),np.float64(0.6015949162257068),6.015949e-01
np.float32(102963.21),32774.207955,np.float32(0.0),np.float64(0.6078171289677152),6.078171e-01
np.float32(102963.22),32774.210441,np.float32(0.0),np.float64(0.6140022436849766),6.140022e-01
np.float32(102963.23),32774.212928,np.float32(0.0),np.float64(0.6201498828699678),6.201499e-01
np.float32(102963.234),32774.215415,np.float32(0.0),np.float64(0.626259671302479),6.262597e-01
np.float32(102963.24),32774.217902,np.float32(0.0),np.float64(0.6323312360725153),6.323312e-01
np.float32(102963.25),32774.220389,np.float32(0.0),np.float64(0.6383642066030574),6.383642e-01
np.float32(102963.26),32774.222875,np.float32(0.0),np.float64(0.6443582146726788),6.443582e-01
np.float32(102963.266),32774.225362,np.float32(0.0),np.float64(0.6503128944380215),6.503129e-01
np.float32(102963.27),32774.227849,np.float32(0.0),np.float64(0.6562278824561242),6.562279e-01
np.float32(102963.28),32774.230336,np.float32(0.0),np.float64(0.662102817706605),6.621028e-01
np.float32(102963.29),32774.232823,np.float32(0.0),np.float64(0.6679373416136968),6.679373e-01
np.float32(102963.3),32774.235309,np.float32(0.0),np.float64(0.6737310980681327),6.737311e-01
np.float32(102963.305),32774.237796,np.float32(0.0),np.float64(0.6794837334488807),6.794837e-01
np.float32(102963.31),32774.240283,np.float32(0.0),np.float64(0.6851948966447274),6.851949e-01
np.float32(102963.32),32774.242770,np.float32(0.0),np.float64(0.6908642390757078),6.908642e-01
np.float32(102963.33),32774.245257,np.float32(0.0),np.float64(0.6964914147143807),6.964914e-01
np.float32(102963.336),32774.247743,np.float32(0.0),np.float64(0.7020760801069487),7.020761e-01
np.float32(102963.34),32774.250230,np.float32(0.0),np.float64(0.7076178943942206),7.076179e-01
np.float32(102963.35),32774.252717,np.float32(0.0),np.float64(0.713116519332416),7.131165e-01
np.float32(102963.36),32774.255204,np.float32(0.0),np.float64(0.7185716193138094),7.185716e-01
np.float32(102963.37),32774.257691,np.float32(0.0),np.float64(0.7239828613872148),7.239829e-01
np.float32(102963.375),32774.260177,np.float32(0.0),np.float64(0.7293499152783065),7.293499e-01
np.float32(102963.38),32774.262664,np.float32(0.0),np.float64(0.7346724534097778),7.346725e-01
np.float32(102963.39),32774.265151,np.float32(0.0),np.float64(0.7399501509213346),7.399502e-01
np.float32(102963.4),32774.267638,np.float32(0.0),np.float64(0.745182685689523),7.451827e-01
np.float32(102963.41),32774.270125,np.float32(0.0),np.float64(0.7503697383473902),7.503697e-01
np.float32(102963.414),32774.272611,np.float32(0.0),np.float64(0.755510992303977),7.555110e-01
np.float32(102963.42),32774.275098,np.float32(0.0),np.float64(0.760606133763641),7.606061e-01
np.float32(102963.43),32774.277585,np.float32(0.0),np.float64(0.7656548517452086),7.656549e-01
np.float32(102963.44),32774.280072,np.float32(0.0),np.float64(0.7706568381009566),7.706568e-01
np.float32(102963.445),32774.282559,np.float32(0.0),np.float64(0.7756117875354188),7.756118e-01
np.float32(102963.45),32774.285045,np.float32(0.0),np.float64(0.7805193976240206),7.805194e-01
np.float32(102963.46),32774.287532,np.float32(0.0),np.float64(0.7853793688315369),7.853794e-01
np.float32(102963.47),32774.290019,np.float32(0.0),np.float64(0.7901914045303743),7.901914e-01
np.float32(102963.48),32774.292506,np.float32(0.0),np.float64(0.794955211018676),7.949552e-01
np.float32(102963.484),32774.294992,np.float32(0.0),np.float64(0.7996704975382475),7.996705e-01
np.float32(102963.49),32774.297479,np.float32(0.0),np.float64(0.8043369762923032),8.043370e-01
np.float32(102963.5),32774.299966,np.float32(0.0),np.float64(0.8089543624630317),8.089544e-01
np.float32(102963.51),32774.302453,np.float32(0.0),np.float64(0.8135223742289801),8.135224e-01
np.float32(102963.516),32774.304940,np.float32(0.0),np.float64(0.8180407327822548),8.180407e-01
np.float32(102963.52),32774.307426,np.float32(0.0),np.float64(0.8225091623455378),8.225092e-01
np.float32(102963.53),32774.309913,np.float32(0.0),np.float64(0.82692739018892),8.269274e-01
np.float32(102963.54),32774.312400,np.float32(0.0),np.float64(0.8312951466465462),8.312951e-01
np.float32(102963.55),32774.314887,np.float32(0.0),np.float64(0.8356121651330745),8.356122e-01
np.float32(102963.555),32774.317374,np.float32(0.99988955),np.float64(0.8398781821599469),1.600114e-01
np.float32(102963.56),32774.319860,np.float32(0.9999658),np.float64(0.8440929373514724),1.558728e-01
np.float32(102963.57),32774.322347,np.float32(1.0),np.float64(0.8482561734607174),1.517438e-01
np.float32(102963.58),32774.324834,np.float32(1.0),np.float64(0.8523676363852081),1.476324e-01
np.float32(102963.586),32774.327321,np.float32(0.9998741),np.float64(0.8564270751824387),1.434470e-01
np.float32(102963.59),32774.329808,np.float32(0.9997063),np.float64(0.8604342420851883),1.392721e-01
np.float32(102963.6),32774.332294,np.float32(0.99951714),np.float64(0.8643888925166427),1.351283e-01
np.float32(102963.61),32774.334781,np.float32(0.99925584),np.float64(0.8682907851053228),1.309651e-01
np.float32(102963.62),32774.337268,np.float32(0.99892414),np.float64(0.8721396816998158),1.267845e-01
np.float32(102963.625),32774.339755,np.float32(0.99853134),np.float64(0.8759353473833118),1.225960e-01
np.float32(102963.63),32774.342242,np.float32(0.99807763),np.float64(0.8796775504879408),1.184001e-01
np.float32(102963.64),32774.344728,np.float32(0.99756294),np.float64(0.8833660626089136),1.141969e-01
np.float32(102963.65),32774.347215,np.float32(0.9969874),np.float64(0.8870006586184613),1.099867e-01
np.float32(102963.66),32774.349702,np.float32(0.99635106),np.float64(0.8905811166795772),1.057699e-01
np.float32(102963.664),32774.352189,np.float32(0.9956538),np.float64(0.8941072182595554),1.015466e-01
np.float32(102963.67),32774.354676,np.float32(0.9948959),np.float64(0.8975787481433297),9.731713e-02
np.float32(102963.68),32774.357162,np.float32(0.9940772),np.float64(0.900995494446609),9.308171e-02
np.float32(102963.69),32774.359649,np.float32(0.99319786),np.float64(0.9043572486288095),8.884061e-02
np.float32(102963.695),32774.362136,np.float32(0.9922579),np.float64(0.9076638055057829),8.459409e-02
np.float32(102963.7),32774.364623,np.float32(0.9912573),np.float64(0.9109149632623401),8.034235e-02
np.float32(102963.71),32774.367110,np.float32(0.9901963),np.float64(0.9141105234645689),7.608576e-02
np.float32(102963.72),32774.369596,np.float32(0.98907477),np.float64(0.9172502910719449),7.182448e-02
np.float32(102963.73),32774.372083,np.float32(0.9878929),np.float64(0.9203340744492363),6.755885e-02
np.float32(102963.734),32774.374570,np.float32(0.9866508),np.float64(0.9233616853782003),6.328914e-02
np.float32(102963.74),32774.377057,np.float32(0.98534846),np.float64(0.9263329390690705),5.901552e-02
np.float32(102963.75),32774.379544,np.float32(0.98398596),np.float64(0.9292476541718361),5.473831e-02
np.float32(102963.76),32774.382030,np.float32(0.9825634),np.float64(0.9321056527873103),5.045772e-02
np.float32(102963.766),32774.384517,np.float32(0.98108083),np.float64(0.9349067604779882),4.617407e-02
np.float32(102963.77),32774.387004,np.float32(0.97953844),np.float64(0.9376508062786938),4.188763e-02
np.float32(102963.78),32774.389491,np.float32(0.9779362),np.float64(0.9403376227070147),3.759859e-02
np.float32(102963.79),32774.391978,np.float32(0.9762744),np.float64(0.9429670457735246),3.330733e-02
np.float32(102963.8),32774.394464,np.float32(0.97455287),np.float64(0.9455389149917921),2.901395e-02
np.float32(102963.805),32774.396951,np.float32(0.97277194),np.float64(0.9480530733881758),2.471887e-02
np.float32(102963.81),32774.399438,np.float32(0.9709316),np.float64(0.9505093675114058),2.042222e-02
np.float32(102963.82),32774.401925,np.float32(0.969032),np.float64(0.9529076474419491),1.612434e-02
np.float32(102963.83),32774.404412,np.float32(0.96707326),np.float64(0.9552477668011597),1.182549e-02
np.float32(102963.836),32774.406898,np.float32(0.9650555),np.float64(0.9575295827602135),7.525943e-03
np.float32(102963.84),32774.409385,np.float32(0.96297884),np.float64(0.9597529560488253),3.225884e-03
np.float32(102963.85),32774.411872,np.float32(0.9608434),np.float64(0.9619177509637491),1.074367e-03
np.float32(102963.86),32774.414359,np.float32(0.95864934),np.float64(0.9640238353770612),5.374498e-03
np.float32(102963.87),32774.416845,np.float32(0.9563967),np.float64(0.9660710807442241),9.674382e-03
np.float32(102963.875),32774.419332,np.float32(0.95408577),np.float64(0.9680593621119324),1.397359e-02
np.float32(102963.88),32774.421819,np.float32(0.9517166),np.float64(0.9699885581257397),1.827196e-02
np.float32(102963.89),32774.424306,np.float32(0.94928926),np.float64(0.9718585510374643),2.256929e-02
np.float32(102963.9),32774.426793,np.float32(0.94680405),np.float64(0.9736692267123777),2.686518e-02
np.float32(102963.91),32774.429279,np.float32(0.944261),np.float64(0.9754204746361688),3.115946e-02
np.float32(102963.914),32774.431766,np.float32(0.9416604),np.float64(0.9771121879216907),3.545178e-02
np.float32(102963.92),32774.434253,np.float32(0.9390023),np.float64(0.9787442633154841),3.974199e-02
np.float32(102963.93),32774.436740,np.float32(0.93628687),np.float64(0.9803166012040788),4.402973e-02
np.float32(102963.94),32774.439227,np.float32(0.93351424),np.float64(0.9818291056200743),4.831487e-02
np.float32(102963.945),32774.441713,np.float32(0.9306847),np.float64(0.9832816842479967),5.259700e-02
np.float32(102963.95),32774.444200,np.float32(0.92779833),np.float64(0.9846742484299335),5.687592e-02
np.float32(102963.96),32774.446687,np.float32(0.92485535),np.float64(0.9860067131709443),6.115136e-02
np.float32(102963.97),32774.449174,np.float32(0.9218559),np.float64(0.9872789971442496),6.542307e-02
np.float32(102963.98),32774.451661,np.float32(0.91880023),np.float64(0.9884910226961928),6.969079e-02
np.float32(102963.984),32774.454147,np.float32(0.91568846),np.float64(0.9896427158509814),7.395426e-02
np.float32(102963.99),32774.456634,np.float32(0.91252077),np.float64(0.9907340063152014),7.821324e-02
np.float32(102964.0),32774.459121,np.float32(0.9092974),np.float64(0.9917648274821074),8.246742e-02
np.float32(102964.01),32774.461608,np.float32(0.90601856),np.float64(0.9927351164356883),8.671656e-02
np.float32(102964.016),32774.464095,np.float32(0.9026844),np.float64(0.9936448139545078),9.096042e-02
np.float32(102964.02),32774.466581,np.float32(0.89929515),np.float64(0.9944938645153178),9.519871e-02
np.float32(102964.03),32774.469068,np.float32(0.89585096),np.float64(0.9952822162964484),9.943126e-02
np.float32(102964.04),32774.471555,np.float32(0.89235216),np.float64(0.9960098211809701),1.036577e-01
np.float32(102964.05),32774.474042,np.float32(0.8887989),np.float64(0.9966766347596311),1.078777e-01
np.float32(102964.055),32774.476529,np.float32(0.8851914),np.float64(0.9972826163335672),1.120912e-01
np.float32(102964.06),32774.479015,np.float32(0.88152975),np.float64(0.9978277289167866),1.162980e-01
np.float32(102964.07),32774.481502,np.float32(0.8778144),np.float64(0.998311939238427),1.204975e-01
np.float32(102964.08),32774.483989,np.float32(0.87404543),np.float64(0.9987352177447858),1.246898e-01
np.float32(102964.086),32774.486476,np.float32(0.87022316),np.float64(0.9990975386011248),1.288744e-01
np.float32(102964.09),32774.488963,np.float32(0.86634773),np.float64(0.9993988796932464),1.330511e-01
np.float32(102964.1),32774.491449,np.float32(0.8624195),np.float64(0.9996392226288434),1.372197e-01
np.float32(102964.11),32774.493936,np.float32(0.85843855),np.float64(0.9998185527386219),1.413800e-01
np.float32(102964.12),32774.496423,np.float32(0.8544052),np.float64(0.9999368590771962),1.455316e-01
np.float32(102964.125),32774.498910,np.float32(0.85031974),np.float64(0.9999941344237573),1.496744e-01
np.float32(102964.13),32774.501397,np.float32(0.8461824),np.float64(0.999990375282513),1.538080e-01
np.float32(102964.14),32774.503883,np.float32(0.8419934),np.float64(0.9999255818829023),1.579322e-01
np.float32(102964.15),32774.506370,np.float32(0.837753),np.float64(0.9997997581795799),1.620468e-01
np.float32(102964.16),32774.508857,np.float32(0.83346146),np.float64(0.9996129118521765),1.661514e-01
np.float32(102964.164),32774.511344,np.float32(0.8291191),np.float64(0.9993650543048287),1.702460e-01
np.float32(102964.17),32774.513831,np.float32(0.82472605),np.float64(0.9990562006654837),1.743302e-01
np.float32(102964.18),32774.516317,np.float32(0.8202827),np.float64(0.9986863697849758),1.784037e-01
np.float32(102964.19),32774.518804,np.float32(0.8157893),np.float64(0.9982555842358758),1.824663e-01
np.float32(102964.195),32774.521291,np.float32(0.8112461),np.float64(0.9977638703111132),1.865178e-01
np.float32(102964.2),32774.523778,np.float32(0.8066534),np.float64(0.9972112580223715),1.905579e-01
np.float32(102964.21),32774.526265,np.float32(0.80201143),np.float64(0.9965977810982568),1.945864e-01
np.float32(102964.22),32774.528751,np.float32(0.79732054),np.float64(0.9959234769822384),1.986029e-01
np.float32(102964.23),32774.531238,np.float32(0.79258096),np.float64(0.9951883868303639),2.026074e-01
np.float32(102964.234),32774.533725,np.float32(0.78779304),np.float64(0.9943925555087476),2.065995e-01
np.float32(102964.24),32774.536212,np.float32(0.782957),np.float64(0.9935360315908315),2.105790e-01
np.float32(102964.25),32774.538698,np.float32(0.7780732),np.float64(0.9926188673544207),2.145457e-01
np.float32(102964.26),32774.541185,np.float32(0.77314186),np.float64(0.9916411187784931),2.184993e-01
np.float32(102964.266),32774.543672,np.float32(0.7681634),np.float64(0.9906028455397823),2.224395e-01
np.float32(102964.27),32774.546159,np.float32(0.763138),np.float64(0.9895041110091352),2.263661e-01
np.float32(102964.28),32774.548646,np.float32(0.75806606),np.float64(0.9883449822476444),2.302789e-01
np.float32(102964.29),32774.551132,np.float32(0.75294787),np.float64(0.9871255300025554),2.341777e-01
np.float32(102964.3),32774.553619,np.float32(0.74778366),np.float64(0.9858458287029478),2.380622e-01
np.float32(102964.305),32774.556106,np.float32(0.74257386),np.float64(0.984505956455193),2.419321e-01
np.float32(102964.31),32774.558593,np.float32(0.7373187),np.float64(0.9831059950381873),2.457873e-01
np.float32(102964.32),32774.561080,np.float32(0.73201853),np.float64(0.9816460298983597),2.496275e-01
np.float32(102964.33),32774.563566,np.float32(0.7266737),np.float64(0.9801261501444575),2.534524e-01
np.float32(102964.336),32774.566053,np.float32(0.72128457),np.float64(0.978546448542107),2.572619e-01
np.float32(102964.34),32774.568540,np.float32(0.71585137),np.float64(0.9769070215081521),2.610557e-01
np.float32(102964.35),32774.571027,np.float32(0.7103745),np.float64(0.975207969104769),2.648335e-01
np.float32(102964.36),32774.573514,np.float32(0.70485425),np.float64(0.9734493950333591),2.685951e-01
np.float32(102964.37),32774.576000,np.float32(0.69929093),np.float64(0.9716314066282198),2.723405e-01
np.float32(102964.375),32774.578487,np.float32(0.693685),np.float64(0.9697541148499929),2.760691e-01
np.float32(102964.38),32774.580974,np.float32(0.68803674),np.float64(0.9678176342788928),2.797809e-01
np.float32(102964.39),32774.583461,np.float32(0.68234646),np.float64(0.9658220831077124),2.834756e-01
np.float32(102964.4),32774.585948,np.float32(0.6766145),np.float64(0.96376758313461),2.871531e-01
np.float32(102964.41),32774.588434,np.float32(0.6708413),np.float64(0.9616542597556744),2.908130e-01
np.float32(102964.414),32774.590921,np.float32(0.66502714),np.float64(0.9594822419572724),2.944551e-01
np.float32(102964.42),32774.593408,np.float32(0.65917236),np.float64(0.9572516623081753),2.980793e-01
np.float32(102964.43),32774.595895,np.float32(0.65327734),np.float64(0.9549626569514681),3.016853e-01
np.float32(102964.44),32774.598382,np.float32(0.6473425),np.float64(0.9526153655962397),3.052729e-01
np.float32(102964.445),32774.600868,np.float32(0.64136815),np.float64(0.9502099315090561),3.088418e-01
np.float32(102964.45),32774.603355,np.float32(0.6353546),np.float64(0.947746501505216),3.123919e-01
np.float32(102964.46),32774.605842,np.float32(0.6293023),np.float64(0.9452252259397897),3.159229e-01
np.float32(102964.47),32774.608329,np.float32(0.62321156),np.float64(0.9426462586984428),3.194347e-01
np.float32(102964.48),32774.610816,np.float32(0.61708283),np.float64(0.9400097571880429),3.229269e-01
np.float32(102964.484),32774.613302,np.float32(0.61091644),np.float64(0.9373158823270534),3.263994e-01
np.float32(102964.49),32774.615789,np.float32(0.6047127),np.float64(0.9345647985357111),3.298521e-01
np.float32(102964.5),32774.618276,np.float32(0.5984721),np.float64(0.9317566737259908),3.332846e-01
np.float32(102964.51),32774.620763,np.float32(0.592195),np.float64(0.9288916792913575),3.366967e-01
np.float32(102964.516),32774.623250,np.float32(0.5858817),np.float64(0.9259699900963047),3.400883e-01
np.float32(102964.52),32774.625736,np.float32(0.5795327),np.float64(0.9229917844656819),3.434591e-01
np.float32(102964.53),32774.628223,np.float32(0.57314825),np.float64(0.9199572441738104),3.468090e-01
np.float32(102964.54),32774.630710,np.float32(0.5667289),np.float64(0.9168665544333893),3.501377e-01
np.float32(102964.55),32774.633197,np.float32(0.5602749),np.float64(0.9137199038841902),3.534450e-01
np.float32(102964.555),32774.635684,np.float32(0.5537867),np.float64(0.9105174845815441),3.567308e-01
np.float32(102964.56),32774.638170,np.float32(0.5472647),np.float64(0.9072594919846196),3.599948e-01
np.float32(102964.57),32774.640657,np.float32(0.5407093),np.float64(0.9039461249444923),3.632368e-01
np.float32(102964.58),32774.643144,np.float32(0.534121),np.float64(0.9005775856920087),3.664566e-01
np.float32(102964.586),32774.645631,np.float32(0.5275),np.float64(0.8971540798254427),3.696541e-01
np.float32(102964.59),32774.648118,np.float32(0.5208468),np.float64(0.8936758162979469),3.728290e-01
np.float32(102964.6),32774.650604,np.float32(0.5141618),np.float64(0.8901430074047993),3.759812e-01
np.float32(102964.61),32774.653091,np.float32(0.50744545),np.float64(0.8865558687704463),3.791104e-01
np.float32(102964.62),32774.655578,np.float32(0.50069815),np.float64(0.8829146193353411),3.822165e-01
np.float32(102964.625),32774.658065,np.float32(0.49392027),np.float64(0.8792194813425815),3.852992e-01
np.float32(102964.63),32774.660552,np.float32(0.48711225),np.float64(0.8754706803243453),3.883584e-01
np.float32(102964.64),32774.663038,np.float32(0.48027447),np.float64(0.8716684450881244),3.913940e-01
np.float32(102964.65),32774.665525,np.float32(0.47340742),np.float64(0.8678130077027604),3.944056e-01
np.float32(102964.66),32774.668012,np.float32(0.46651143),np.float64(0.8639046034842796),3.973932e-01
np.float32(102964.664),32774.670499,np.float32(0.459587),np.float64(0.8599434709815306),4.003565e-01
np.float32(102964.67),32774.672985,np.float32(0.4526345),np.float64(0.8559298519616252),4.032953e-01
np.float32(102964.68),32774.675472,np.float32(0.4456544),np.float64(0.8518639913951814),4.062096e-01
np.float32(102964.69),32774.677959,np.float32(0.43864706),np.float64(0.8477461374413718),4.090991e-01
np.float32(102964.695),32774.680446,np.float32(0.43161297),np.float64(0.8435765414327777),4.119636e-01
np.float32(102964.7),32774.682933,np.float32(0.42455253),np.float64(0.8393554578600485),4.148029e-01
np.float32(102964.71),32774.685419,np.float32(0.4174662),np.float64(0.8350831443563692),4.176170e-01
np.float32(102964.72),32774.687906,np.float32(0.41035438),np.float64(0.8307598616817359),4.204055e-01
np.float32(102964.73),32774.690393,np.float32(0.4032175),np.float64(0.8263858737070398),4.231684e-01
np.float32(102964.734),32774.692880,np.float32(0.396056),np.float64(0.8219614473979625),4.259055e-01
np.float32(102964.74),32774.695367,np.float32(0.38887036),np.float64(0.8174868527986818),4.286165e-01
np.float32(102964.75),32774.697853,np.float32(0.38166094),np.float64(0.812962363015389),4.313014e-01
np.float32(102964.76),32774.700340,np.float32(0.37442827),np.float64(0.8083882541996205),4.339600e-01
np.float32(102964.766),32774.702827,np.float32(0.36717272),np.float64(0.8037648055314024),4.365921e-01
np.float32(102964.77),32774.705314,np.float32(0.35989478),np.float64(0.7990922992022114),4.391975e-01
np.float32(102964.78),32774.707801,np.float32(0.35259485),np.float64(0.7943710203977508),4.417762e-01
np.float32(102964.79),32774.710287,np.float32(0.34527344),np.float64(0.7896012572805444),4.443278e-01
np.float32(102964.8),32774.712774,np.float32(0.33793092),np.float64(0.7847833009723488),4.468524e-01
np.float32(102964.805),32774.715261,np.float32(0.3305678),np.float64(0.7799174455363842),4.493496e-01
np.float32(102964.81),32774.717748,np.float32(0.32318446),np.float64(0.775003987959387),4.518195e-01
np.float32(102964.82),32774.720235,np.float32(0.31578144),np.float64(0.7700432281334827),4.542618e-01
np.float32(102964.83),32774.722721,np.float32(0.30835915),np.float64(0.7650354688378824),4.566763e-01
np.float32(102964.836),32774.725208,np.float32(0.300918),np.float64(0.7599810157204026),4.590630e-01
np.float32(102964.84),32774.727695,np.float32(0.2934585),np.float64(0.7548801772788098),4.614217e-01
np.float32(102964.85),32774.730182,np.float32(0.28598112),np.float64(0.7497332648419922),4.637521e-01
np.float32(102964.86),32774.732669,np.float32(0.27848622),np.float64(0.7445405925509563),4.660544e-01
np.float32(102964.87),32774.735155,np.float32(0.27097437),np.float64(0.739302477339655),4.683281e-01
np.float32(102964.875),32774.737642,np.float32(0.26344594),np.float64(0.7340192389156425),4.705733e-01
np.float32(102964.88),32774.740129,np.float32(0.25590152),np.float64(0.7286911997405614),4.727897e-01
np.float32(102964.89),32774.742616,np.float32(0.2483414),np.float64(0.7233186850104611),4.749773e-01
np.float32(102964.9),32774.745103,np.float32(0.24076612),np.float64(0.7179020226359499),4.771359e-01
np.float32(102964.91),32774.747589,np.float32(0.23317616),np.float64(0.7124415432221807),4.792654e-01
np.float32(102964.914),32774.750076,np.float32(0.22557199),np.float64(0.7069375800486724),4.813656e-01
np.float32(102964.92),32774.752563,np.float32(0.21795404),np.float64(0.7013904690489686),4.834364e-01
np.float32(102964.93),32774.755050,np.float32(0.2103228),np.float64(0.6958005487901341),4.854778e-01
np.float32(102964.94),32774.757537,np.float32(0.20267871),np.float64(0.6901681604520897),4.874895e-01
np.float32(102964.945),32774.760023,np.float32(0.19502224),np.float64(0.6844936478067893),4.894714e-01
np.float32(102964.95),32774.762510,np.float32(0.18735386),np.float64(0.6787773571972374),4.914235e-01
np.float32(102964.96),32774.764997,np.float32(0.17967406),np.float64(0.6730196375163496),4.933456e-01
np.float32(102964.97),32774.767484,np.float32(0.1719833),np.float64(0.6672208401856592),4.952375e-01
np.float32(102964.98),32774.769971,np.float32(0.16428205),np.float64(0.661381319133867),4.970993e-01
np.float32(102964.984),32774.772457,np.float32(0.15657075),np.float64(0.6555014307752399),4.989307e-01
np.float32(102964.99),32774.774944,np.float32(0.14884992),np.float64(0.6495815339878573),5.007316e-01
np.float32(102965.0),32774.777431,np.float32(0.14111997),np.float64(0.6436219900917071),5.025020e-01
np.float32(102965.01),32774.779918,np.float32(0.13338144),np.float64(0.6376231628266317),5.042417e-01
np.float32(102965.016),32774.782405,np.float32(0.12563476),np.float64(0.6315854183301285),5.059507e-01
np.float32(102965.02),32774.784891,np.float32(0.1178804),np.float64(0.6255091251150018),5.076287e-01
np.float32(102965.03),32774.787378,np.float32(0.11011884),np.float64(0.619394654046871),5.092758e-01
np.float32(102965.04),32774.789865,np.float32(0.10235057),np.float64(0.6132423783215352),5.108918e-01
np.float32(102965.05),32774.792352,np.float32(0.094576046),np.float64(0.6070526734421944),5.124766e-01
np.float32(102965.055),32774.794838,np.float32(0.08679578),np.float64(0.6008259171965318),5.140301e-01
np.float32(102965.06),32774.797325,np.float32(0.07901018),np.float64(0.5945624896336544),5.155523e-01
np.float32(102965.07),32774.799812,np.float32(0.07121978),np.float64(0.5882627730408981),5.170430e-01
np.float32(102965.08),32774.802299,np.float32(0.06342501),np.float64(0.5819271519204936),5.185021e-01
np.float32(102965.086),32774.804786,np.float32(0.055626407),np.float64(0.575556012966099),5.199296e-01
np.float32(102965.09),32774.807272,np.float32(0.047824375),np.float64(0.5691497450391982),5.213254e-01
np.float32(102965.1),32774.809759,np.float32(0.040019423),np.float64(0.5627087391453662),5.226893e-01
np.float32(102965.11),32774.812246,np.float32(0.03221205),np.float64(0.5562333884104048),5.240213e-01
np.float32(102965.12),32774.814733,np.float32(0.024402697),np.float64(0.5497240880563474),5.253214e-01
np.float32(102965.125),32774.817220,np.float32(0.016591867),np.float64(0.5431812353773376),5.265894e-01
np.float32(102965.13),32774.819706,np.float32(0.008780011),np.float64(0.5366052297153798),5.278252e-01
np.float32(102965.14),32774.822193,np.float32(0.0009676336),np.float64(0.5299964724359656),5.290288e-01
np.float32(102965.15),32774.824680,np.float32(0.0),np.float64(0.5233553669035765),5.233554e-01
np.float32(102965.16),32774.827167,np.float32(0.0),np.float64(0.5166823184570647),5.166823e-01
np.float32(102965.164),32774.829654,np.float32(0.0),np.float64(0.5099777343849133),5.099777e-01
np.float32(102965.17),32774.832140,np.float32(0.0),np.float64(0.5032420239003773),5.032420e-01
np.float32(102965.18),32774.834627,np.float32(0.0),np.float64(0.49647559811650754),4.964756e-01
np.float32(102965.19),32774.837114,np.float32(0.0),np.float64(0.4896788700210584),4.896789e-01
np.float32(102965.195),32774.839601,np.float32(0.0),np.float64(0.48285225445128127),4.828523e-01
np.float32(102965.2),32774.842088,np.float32(0.0),np.float64(0.47599616806860473),4.759962e-01
np.float32(102965.21),32774.844574,np.float32(0.0),np.float64(0.46911102933320414),4.691110e-01
np.float32(102965.22),32774.847061,np.float32(0.0),np.float64(0.4621972584784605),4.621973e-01
np.float32(102965.23),32774.849548,np.float32(0.0),np.float64(0.45525527748531197),4.552553e-01
np.float32(102965.234),32774.852035,np.float32(0.0),np.float64(0.44828551005649797),4.482855e-01
np.float32(102965.24),32774.854522,np.float32(0.0),np.float64(0.44128838159069894),4.412884e-01
np.float32(102965.25),32774.857008,np.float32(0.0),np.float64(0.43426431915657193),4.342643e-01
np.float32(102965.26),32774.859495,np.float32(0.0),np.float64(0.42721375146668444),4.272138e-01
np.float32(102965.266),32774.861982,np.float32(0.0),np.float64(0.4201371088513484),4.201371e-01
np.float32(102965.27),32774.864469,np.float32(0.0),np.float64(0.4130348232323547),4.130348e-01
np.float32(102965.28),32774.866956,np.float32(0.0),np.float64(0.4059073280966109),4.059073e-01
np.float32(102965.29),32774.869442,np.float32(0.0),np.float64(0.3987550584696836),3.987551e-01
np.float32(102965.3),32774.871929,np.float32(0.0),np.float64(0.39157845088924687),3.915785e-01
np.float32(102965.305),32774.874416,np.float32(0.0),np.float64(0.38437794337843756),3.843779e-01
np.float32(102965.31),32774.876903,np.float32(0.0),np.float64(0.37715397541912155),3.771540e-01
np.float32(102965.32),32774.879390,np.float32(0.0),np.float64(0.36990698792506926),3.699070e-01
np.float32(102965.33),32774.881876,np.float32(0.0),np.float64(0.362637423215045),3.626374e-01
np.float32(102965.336),32774.884363,np.float32(0.0),np.float64(0.35534572498580996),3.553457e-01
np.float32(102965.34),32774.886850,np.float32(0.0),np.float64(0.34803233828504127),3.480323e-01
np.float32(102965.35),32774.889337,np.float32(0.0),np.float64(0.34069770948416855),3.406977e-01
np.float32(102965.36),32774.891824,np.float32(0.0),np.float64(0.33334228625112966),3.333423e-01
np.float32(102965.37),32774.894310,np.float32(0.0),np.float64(0.3259665175230476),3.259665e-01
np.float32(102965.375),32774.896797,np.float32(0.0),np.float64(0.31857085347882935),3.185709e-01
np.float32(102965.38),32774.899284,np.float32(0.0),np.float64(0.31115574551168956),3.111557e-01
np.float32(102965.39),32774.901771,np.float32(0.0),np.float64(0.30372164620159964),3.037216e-01
np.float32(102965.4),32774.904258,np.float32(0.0),np.float64(0.2962690092876647),2.962690e-01
np.float32(102965.41),32774.906744,np.float32(0.0),np.float64(0.28879828964042964),2.887983e-01
np.float32(102965.414),32774.909231,np.float32(0.0),np.float64(0.2813099432341163),2.813099e-01
np.float32(102965.42),32774.911718,np.float32(0.0),np.float64(0.2738044271187929),2.738044e-01
np.float32(102965.43),32774.914205,np.float32(0.0),np.float64(0.26628219939247827),2.662822e-01
np.float32(102965.44),32774.916691,np.float32(0.0),np.float64(0.2587437191731818),2.587437e-01
np.float32(102965.445),32774.919178,np.float32(0.0),np.float64(0.2511894465708814),2.511894e-01
np.float32(102965.45),32774.921665,np.float32(0.0),np.float64(0.24361984265944045),2.436198e-01
np.float32(102965.46),32774.924152,np.float32(0.0),np.float64(0.2360353694484666),2.360354e-01
np.float32(102965.47),32774.926639,np.float32(0.0),np.float64(0.22843648985511283),2.284365e-01
np.float32(102965.48),32774.929125,np.float32(0.0),np.float64(0.2208236676758234),2.208237e-01
np.float32(102965.484),32774.931612,np.float32(0.0),np.float64(0.21319736755802624),2.131974e-01
np.float32(102965.49),32774.934099,np.float32(0.0),np.float64(0.20555805497177312),2.055581e-01
np.float32(102965.5),32774.936586,np.float32(0.0),np.float64(0.19790619618132985),1.979062e-01
np.float32(102965.51),32774.939073,np.float32(0.0),np.float64(0.19024225821671786),1.902423e-01
np.float32(102965.516),32774.941559,np.float32(0.0),np.float64(0.1825667088452091),1.825667e-01
np.float32(102965.52),32774.944046,np.float32(0.0),np.float64(0.17488001654277596),1.748800e-01
np.float32(102965.53),32774.946533,np.float32(0.0),np.float64(0.16718265046549796),1.671827e-01
np.float32(102965.54),32774.949020,np.float32(0.0),np.float64(0.1594750804209267),1.594751e-01
np.float32(102965.55),32774.951507,np.float32(0.0),np.float64(0.15175777683941144),1.517578e-01
np.float32(102965.555),32774.953993,np.float32(0.99988955),np.float64(0.14403121074538638),8.558583e-01
np.float32(102965.56),32774.956480,np.float32(0.9999658),np.float64(0.13629585372862166),8.636699e-01
np.float32(102965.57),32774.958967,np.float32(1.0),np.float64(0.1285521779154401),8.714478e-01
np.float32(102965.58),32774.961454,np.float32(1.0),np.float64(0.12080065593990098),8.791993e-01
np.float32(102965.586),32774.963941,np.float32(0.9998741),np.float64(0.11304176091495284),8.868324e-01
np.float32(102965.59),32774.966427,np.float32(0.9997063),np.float64(0.10527596640355719),8.944304e-01
np.float32(102965.6),32774.968914,np.float32(0.99951714),np.float64(0.09750374638978462),9.020134e-01
np.float32(102965.61),32774.971401,np.float32(0.99925584),np.float64(0.08972557524988527),9.095303e-01
np.float32(102965.62),32774.973888,np.float32(0.99892414),np.float64(0.08194192772333536),9.169822e-01
np.float32(102965.625),32774.976375,np.float32(0.99853134),np.float64(0.0741532788838615),9.243781e-01
np.float32(102965.63),32774.978861,np.float32(0.99807763),np.float64(0.06636010411044467),9.317175e-01
np.float32(102965.64),32774.981348,np.float32(0.99756294),np.float64(0.05856287905830554),9.390001e-01
np.float32(102965.65),32774.983835,np.float32(0.9969874),np.float64(0.050762079629872905),9.462253e-01
np.float32(102965.66),32774.986322,np.float32(0.99635106),np.float64(0.042958181945737084),9.533929e-01
np.float32(102965.664),32774.988809,np.float32(0.9956538),np.float64(0.035151662315589936),9.605021e-01
np.float32(102965.67),32774.991295,np.float32(0.9948959),np.float64(0.027342997209153397),9.675529e-01
np.float32(102965.68),32774.993782,np.float32(0.9940772),np.float64(0.01953266322709822),9.745445e-01
np.float32(102965.69),32774.996269,np.float32(0.99319786),np.float64(0.011721137071954725),9.814767e-01
np.float32(102965.695),32774.998756,np.float32(0.9922579),np.float64(0.0039088955190173255),9.883490e-01
np.float32(102965.7),32775.001243,np.float32(0.9912573),np.float64(-0.0039035846127553624),9.951609e-01
np.float32(102965.71),32775.003729,np.float32(0.9901963),np.float64(-0.011715826489843106),1.001912e+00
np.float32(102965.72),32775.006216,np.float32(0.98907477),np.float64(-0.01952735329326751),1.008602e+00
np.float32(102965.73),32775.008703,np.float32(0.9878929),np.float64(-0.027337688247694582),1.015231e+00
np.float32(102965.734),32775.011190,np.float32(0.9866508),np.float64(-0.03514635465053466),1.021797e+00
np.float32(102965.74),32775.013677,np.float32(0.98534846),np.float64(-0.04295287590103787),1.028301e+00
np.float32(102965.75),32775.016163,np.float32(0.98398596),np.float64(-0.050756775529383374),1.034743e+00
np.float32(102965.76),32775.018650,np.float32(0.9825634),np.float64(-0.05855757722576064),1.041121e+00
np.float32(102965.766),32775.021137,np.float32(0.98108083),np.float64(-0.06635480486944094),1.047436e+00
np.float32(102965.77),32775.023624,np.float32(0.97953844),np.float64(-0.07414798255783729),1.053686e+00
np.float32(102965.78),32775.026111,np.float32(0.9779362),np.float64(-0.08193663463555112),1.059873e+00
np.float32(102965.79),32775.028597,np.float32(0.9762744),np.float64(-0.0897202857234038),1.065995e+00
np.float32(102965.8),32775.031084,np.float32(0.97455287),np.float64(-0.09749846074745135),1.072051e+00
np.float32(102965.805),32775.033571,np.float32(0.97277194),np.float64(-0.10527068496798048),1.078043e+00
np.float32(102965.81),32775.036058,np.float32(0.9709316),np.float64(-0.11303648400848429),1.083968e+00
np.float32(102965.82),32775.038544,np.float32(0.969032),np.float64(-0.12079538388461578),1.089827e+00
np.float32(102965.83),32775.041031,np.float32(0.96707326),np.float64(-0.12854691103311733),1.095620e+00
np.float32(102965.836),32775.043518,np.float32(0.9650555),np.float64(-0.13629059234072466),1.101346e+00
np.float32(102965.84),32775.046005,np.float32(0.96297884),np.float64(-0.14402595517304315),1.107005e+00
np.float32(102965.85),32775.048492,np.float32(0.9608434),np.float64(-0.15175252740339504),1.112596e+00
np.float32(102965.86),32775.050978,np.float32(0.95864934),np.float64(-0.15946983744163562),1.118119e+00
np.float32(102965.87),32775.053465,np.float32(0.9563967),np.float64(-0.16717741426293664),1.123574e+00
np.float32(102965.875),32775.055952,np.float32(0.95408577),np.float64(-0.17487478743653526),1.128961e+00
np.float32(102965.88),32775.058439,np.float32(0.9517166),np.float64(-0.18256148715444664),1.134278e+00
np.float32(102965.89),32775.060926,np.float32(0.94928926),np.float64(-0.1902370442601388),1.139526e+00
np.float32(102965.9),32775.063412,np.float32(0.94680405),np.float64(-0.19790099027716718),1.144705e+00
np.float32(102965.91),32775.065899,np.float32(0.944261),np.float64(-0.2055528574377684),1.149814e+00
np.float32(102965.914),32775.068386,np.float32(0.9416604),np.float64(-0.2131921787114102),1.154853e+00
np.float32(102965.92),32775.070873,np.float32(0.9390023),np.float64(-0.22081848783329644),1.159821e+00
np.float32(102965.93),32775.073360,np.float32(0.93628687),np.float64(-0.22843131933282587),1.164718e+00
np.float32(102965.94),32775.075846,np.float32(0.93351424),np.float64(-0.23603020856200166),1.169544e+00
np.float32(102965.945),32775.078333,np.float32(0.9306847),np.float64(-0.24361469172379144),1.174299e+00
np.float32(102965.95),32775.080820,np.float32(0.92779833),np.float64(-0.2511843059004349),1.178983e+00
np.float32(102965.96),32775.083307,np.float32(0.92485535),np.float64(-0.25873858908169783),1.183594e+00
np.float32(102965.97),32775.085794,np.float32(0.9218559),np.float64(-0.2662770801930711),1.188133e+00
np.float32(102965.98),32775.088280,np.float32(0.91880023),np.float64(-0.2737993191239122),1.192600e+00
np.float32(102965.984),32775.090767,np.float32(0.91568846),np.float64(-0.2813048467555277),1.196993e+00
np.float32(102965.99),32775.093254,np.float32(0.91252077),np.float64(-0.2887932049891959),1.201314e+00
np.float32(102966.0),32775.095741,np.float32(0.9092974),np.float64(-0.2962639367741267),1.205561e+00
np.float32(102966.01),32775.098228,np.float32(0.90601856),np.float64(-0.30371658613535757),1.209735e+00
np.float32(102966.016),32775.100714,np.float32(0.9026844),np.float64(-0.3111506982015837),1.213835e+00
np.float32(102966.02),32775.103201,np.float32(0.89929515),np.float64(-0.31856581923292154),1.217861e+00
np.float32(102966.03),32775.105688,np.float32(0.89585096),np.float64(-0.3259614966486022),1.221812e+00
np.float32(102966.04),32775.108175,np.float32(0.89235216),np.float64(-0.33333727905459504),1.225689e+00
np.float32(102966.05),32775.110662,np.float32(0.8887989),np.float64(-0.3406927162711581),1.229492e+00
np.float32(102966.055),32775.113148,np.float32(0.8851914),np.float64(-0.34802735936031504),1.233219e+00
np.float32(102966.06),32775.115635,np.float32(0.88152975),np.float64(-0.3553407606532558),1.236871e+00
np.float32(102966.07),32775.118122,np.float32(0.8778144),np.float64(-0.3626324737776602),1.240447e+00
np.float32(102966.08),32775.120609,np.float32(0.87404543),np.float64(-0.369902053684942),1.243947e+00
np.float32(102966.086),32775.123096,np.float32(0.87022316),np.float64(-0.3771490566774124),1.247372e+00
np.float32(102966.09),32775.125582,np.float32(0.86634773),np.float64(-0.3843730404353612),1.250721e+00
np.float32(102966.1),32775.128069,np.float32(0.8624195),np.float64(-0.3915735640440535),1.253993e+00
np.float32(102966.11),32775.130556,np.float32(0.85843855),np.float64(-0.3987501880206413),1.257189e+00
np.float32(102966.12),32775.133043,np.float32(0.8544052),np.float64(-0.40590247434098664),1.260308e+00
np.float32(102966.125),32775.135530,np.float32(0.85031974),np.float64(-0.4130299864663967),1.263350e+00
np.float32(102966.13),32775.138016,np.float32(0.8461824),np.float64(-0.42013228937026803),1.266315e+00
np.float32(102966.14),32775.140503,np.float32(0.8419934),np.float64(-0.4272089495646379),1.269202e+00
np.float32(102966.15),32775.142990,np.float32(0.837753),np.float64(-0.43425953512664256),1.272013e+00
np.float32(102966.16),32775.145477,np.float32(0.83346146),np.float64(-0.44128361572487934),1.274745e+00
np.float32(102966.164),32775.147964,np.float32(0.8291191),np.float64(-0.44828076264567196),1.277400e+00
np.float32(102966.17),32775.150450,np.float32(0.82472605),np.float64(-0.45525054881923704),1.279977e+00
np.float32(102966.18),32775.152937,np.float32(0.8202827),np.float64(-0.46219254884575006),1.282475e+00
np.float32(102966.19),32775.155424,np.float32(0.8157893),np.float64(-0.46910633902130994),1.284896e+00
np.float32(102966.195),32775.157911,np.float32(0.8112461),np.float64(-0.4759914973637992),1.287238e+00
np.float32(102966.2),32775.160397,np.float32(0.8066534),np.float64(-0.48284760363864015),1.289501e+00
np.float32(102966.21),32775.162884,np.float32(0.80201143),np.float64(-0.4896742393844433),1.291686e+00
np.float32(102966.22),32775.165371,np.float32(0.79732054),np.float64(-0.4964709879385487),1.293792e+00
np.float32(102966.23),32775.167858,np.float32(0.79258096),np.float64(-0.5032374344624563),1.295818e+00
np.float32(102966.234),32775.170345,np.float32(0.78779304),np.float64(-0.5099731659671456),1.297766e+00
np.float32(102966.24),32775.172831,np.float32(0.782957),np.float64(-0.5166777713382831),1.299635e+00
np.float32(102966.25),32775.175318,np.float32(0.7780732),np.float64(-0.5233508413613136),1.301424e+00
np.float32(102966.26),32775.177805,np.float32(0.77314186),np.float64(-0.5299919687464372),1.303134e+00
np.float32(102966.266),32775.180292,np.float32(0.7681634),np.float64(-0.5366007481534679),1.304764e+00
np.float32(102966.27),32775.182779,np.float32(0.763138),np.float64(-0.5431767762165737),1.306315e+00
np.float32(102966.28),32775.185265,np.float32(0.75806606),np.float64(-0.5497196515688957),1.307786e+00
np.float32(102966.29),32775.187752,np.float32(0.75294787),np.float64(-0.5562289748670455),1.309177e+00
np.float32(102966.3),32775.190239,np.float32(0.74778366),np.float64(-0.5627043488154794),1.310488e+00
np.float32(102966.305),32775.192726,np.float32(0.74257386),np.float64(-0.5691453781907468),1.311719e+00
np.float32(102966.31),32775.195213,np.float32(0.7373187),np.float64(-0.5755516698656131),1.312870e+00
np.float32(102966.32),32775.197699,np.float32(0.73201853),np.float64(-0.5819228328330536),1.313941e+00
np.float32(102966.33),32775.200186,np.float32(0.7266737),np.float64(-0.5882584782301189),1.314932e+00
np.float32(102966.336),32775.202673,np.float32(0.72128457),np.float64(-0.5945582193616691),1.315843e+00
np.float32(102966.34),32775.205160,np.float32(0.71585137),np.float64(-0.6008216717239756),1.316673e+00
np.float32(102966.35),32775.207647,np.float32(0.7103745),np.float64(-0.6070484530281893),1.317423e+00
np.float32(102966.36),32775.210133,np.float32(0.70485425),np.float64(-0.6132381832236734),1.318092e+00
np.float32(102966.37),32775.212620,np.float32(0.69929093),np.float64(-0.6193904845211997),1.318681e+00
np.float32(102966.375),32775.215107,np.float32(0.693685),np.float64(-0.6255049814160073),1.319190e+00
np.float32(102966.38),32775.217594,np.float32(0.68803674),np.float64(-0.6315813007107209),1.319618e+00
np.float32(102966.39),32775.220081,np.float32(0.68234646),np.float64(-0.6376190715381292),1.319966e+00
np.float32(102966.4),32775.222567,np.float32(0.6766145),np.float64(-0.6436179253838209),1.320232e+00
np.float32(102966.41),32775.225054,np.float32(0.6708413),np.float64(-0.6495774961086764),1.320419e+00
np.float32(102966.414),32775.227541,np.float32(0.66502714),np.float64(-0.6554974199712154),1.320525e+00
np.float32(102966.42),32775.230028,np.float32(0.65917236),np.float64(-0.6613773356497976),1.320550e+00
np.float32(102966.43),32775.232515,np.float32(0.65327734),np.float64(-0.6672168842646765),1.320494e+00
np.float32(102966.44),32775.235001,np.float32(0.6473425),np.float64(-0.6730157093999026),1.320358e+00
np.float32(102966.445),32775.237488,np.float32(0.64136815),np.float64(-0.6787734571250779),1.320142e+00
np.float32(102966.45),32775.239975,np.float32(0.6353546),np.float64(-0.6844897760169578),1.319844e+00
np.float32(102966.46),32775.242462,np.float32(0.6293023),np.float64(-0.6901643171809002),1.319467e+00
np.float32(102966.47),32775.244949,np.float32(0.62321156),np.float64(-0.6957967342721599),1.319008e+00
np.float32(102966.48),32775.247435,np.float32(0.61708283),np.float64(-0.7013866835170286),1.318470e+00
np.float32(102966.484),32775.249922,np.float32(0.61091644),np.float64(-0.7069338237338156),1.317850e+00
np.float32(102966.49),32775.252409,np.float32(0.6047127),np.float64(-0.7124378163536733),1.317151e+00
np.float32(102966.5),32775.254896,np.float32(0.5984721),np.float64(-0.717898325441261),1.316370e+00
np.float32(102966.51),32775.257383,np.float32(0.592195),np.float64(-0.7233150177152481),1.315510e+00
np.float32(102966.516),32775.259869,np.float32(0.5858817),np.float64(-0.7286875625686572),1.314569e+00
np.float32(102966.52),32775.262356,np.float32(0.5795327),np.float64(-0.7340156320890413),1.313548e+00
np.float32(102966.53),32775.264843,np.float32(0.57314825),np.float64(-0.7392989010784989),1.312447e+00
np.float32(102966.54),32775.267330,np.float32(0.5667289),np.float64(-0.7445370470735219),1.311266e+00
np.float32(102966.55),32775.269817,np.float32(0.5602749),np.float64(-0.749729750364677),1.310005e+00
np.float32(102966.555),32775.272303,np.float32(0.5537867),np.float64(-0.7548766940161197),1.308663e+00
np.float32(102966.56),32775.274790,np.float32(0.5472647),np.float64(-0.7599775638849376),1.307242e+00
np.float32(102966.57),32775.277277,np.float32(0.5407093),np.float64(-0.765032048640325),1.305741e+00
np.float32(102966.58),32775.279764,np.float32(0.534121),np.float64(-0.7700398397825842),1.304161e+00
np.float32(102966.586),32775.282250,np.float32(0.5275),np.float64(-0.7750006316619548),1.302501e+00
np.float32(102966.59),32775.284737,np.float32(0.5208468),np.float64(-0.7799141214972694),1.300761e+00
np.float32(102966.6),32775.287224,np.float32(0.5141618),np.float64(-0.7847800093944335),1.298942e+00
np.float32(102966.61),32775.289711,np.float32(0.50744545),np.float64(-0.7895979983647297),1.297043e+00
np.float32(102966.62),32775.292198,np.float32(0.50069815),np.float64(-0.794367794342944),1.295066e+00
np.float32(102966.625),32775.294684,np.float32(0.49392027),np.float64(-0.7990891062053143),1.293009e+00
np.float32(102966.63),32775.297171,np.float32(0.48711225),np.float64(-0.8037616457872991),1.290874e+00
np.float32(102966.64),32775.299658,np.float32(0.48027447),np.float64(-0.8083851279011655),1.288660e+00
np.float32(102966.65),32775.302145,np.float32(0.47340742),np.float64(-0.8129592703533954),1.286367e+00
np.float32(102966.66),32775.304632,np.float32(0.46651143),np.float64(-0.8174837939619098),1.283995e+00
np.float32(102966.664),32775.307118,np.float32(0.459587),np.float64(-0.8219584225731077),1.281545e+00
np.float32(102966.67),32775.309605,np.float32(0.4526345),np.float64(-0.8263828830787219),1.279017e+00
np.float32(102966.68),32775.312092,np.float32(0.4456544),np.float64(-0.8307569054324874),1.276411e+00
np.float32(102966.69),32775.314579,np.float32(0.43864706),np.float64(-0.8350802226666245),1.273727e+00
np.float32(102966.695),32775.317066,np.float32(0.43161297),np.float64(-0.8393525709081323),1.270966e+00
np.float32(102966.7),32775.319552,np.float32(0.42455253),np.float64(-0.8435736893948947),1.268126e+00
np.float32(102966.71),32775.322039,np.float32(0.4174662),np.float64(-0.8477433204915957),1.265210e+00
np.float32(102966.72),32775.324526,np.float32(0.41035438),np.float64(-0.8518612097054443),1.262216e+00
np.float32(102966.73),32775.327013,np.float32(0.4032175),np.float64(-0.8559271057017072),1.259145e+00
np.float32(102966.734),32775.329500,np.float32(0.396056),np.float64(-0.8599407603190491),1.255997e+00
np.float32(102966.74),32775.331986,np.float32(0.38887036),np.float64(-0.8639019285846795),1.252772e+00
np.float32(102966.75),32775.334473,np.float32(0.38166094),np.float64(-0.8678103687293038),1.249471e+00
np.float32(102966.76),32775.336960,np.float32(0.37442827),np.float64(-0.8716658422018808),1.246094e+00
np.float32(102966.766),32775.339447,np.float32(0.36717272),np.float64(-0.8754681136841812),1.242641e+00
np.float32(102966.77),32775.341934,np.float32(0.35989478),np.float64(-0.8792169511051516),1.239112e+00
np.float32(102966.78),32775.344420,np.float32(0.35259485),np.float64(-0.8829121256550779),1.235507e+00
np.float32(102966.79),32775.346907,np.float32(0.34527344),np.float64(-0.8865534117995513),1.231827e+00
np.float32(102966.8),32775.349394,np.float32(0.33793092),np.float64(-0.8901405872932333),1.228072e+00
np.float32(102966.805),32775.351881,np.float32(0.3305678),np.float64(-0.893673433193421),1.224241e+00
np.float32(102966.81),32775.354368,np.float32(0.32318446),np.float64(-0.8971517338734093),1.220336e+00
np.float32(102966.82),32775.356854,np.float32(0.31578144),np.float64(-0.9005752770356528),1.216357e+00
np.float32(102966.83),32775.359341,np.float32(0.30835915),np.float64(-0.9039438537247222),1.212303e+00
np.float32(102966.836),32775.361828,np.float32(0.300918),np.float64(-0.9072572583400589),1.208175e+00
np.float32(102966.84),32775.364315,np.float32(0.2934585),np.float64(-0.9105152886485229),1.203974e+00
np.float32(102966.85),32775.366802,np.float32(0.28598112),np.float64(-0.9137177457967369),1.199699e+00
np.float32(102966.86),32775.369288,np.float32(0.27848622),np.float64(-0.9168644343232226),1.195351e+00
np.float32(102966.87),32775.371775,np.float32(0.27097437),np.float64(-0.9199551621703308),1.190930e+00
np.float32(102966.875),32775.374262,np.float32(0.26344594),np.float64(-0.9229897406959641),1.186436e+00
np.float32(102966.88),32775.376749,np.float32(0.25590152),np.float64(-0.92596798468509),1.181870e+00
np.float32(102966.89),32775.379236,np.float32(0.2483414),np.float64(-0.9288897123610459),1.177231e+00
np.float32(102966.9),32775.381722,np.float32(0.24076612),np.float64(-0.9317547453966335),1.172521e+00
np.float32(102966.91),32775.384209,np.float32(0.23317616),np.float64(-0.9345629089250033),1.167739e+00
np.float32(102966.914),32775.386696,np.float32(0.22557199),np.float64(-0.9373140315503273),1.162886e+00
np.float32(102966.92),32775.389183,np.float32(0.21795404),np.float64(-0.9400079453582603),1.157962e+00
np.float32(102966.93),32775.391670,np.float32(0.2103228),np.float64(-0.9426444859261884),1.152967e+00
np.float32(102966.94),32775.394156,np.float32(0.20267871),np.float64(-0.9452234923332646),1.147902e+00
np.float32(102966.945),32775.396643,np.float32(0.19502224),np.float64(-0.9477448071702305),1.142767e+00
np.float32(102966.95),32775.399130,np.float32(0.18735386),np.float64(-0.9502082765490236),1.137562e+00
np.float32(102966.96),32775.401617,np.float32(0.17967406),np.float64(-0.9526137501121705),1.132288e+00
np.float32(102966.97),32775.404104,np.float32(0.1719833),np.float64(-0.954961081041963),1.126944e+00
np.float32(102966.98),32775.406590,np.float32(0.16428205),np.float64(-0.9572501260694197),1.121532e+00
np.float32(102966.984),32775.409077,np.float32(0.15657075),np.float64(-0.9594807454830305),1.116051e+00
np.float32(102966.99),32775.411564,np.float32(0.14884992),np.float64(-0.9616528031372832),1.110503e+00
np.float32(102967.0),32775.414051,np.float32(0.14111997),np.float64(-0.9637661664609739),1.104886e+00
np.float32(102967.01),32775.416537,np.float32(0.13338144),np.float64(-0.9658207064652979),1.099202e+00
np.float32(102967.016),32775.419024,np.float32(0.12563476),np.float64(-0.9678162977517231),1.093451e+00
np.float32(102967.02),32775.421511,np.float32(0.1178804),np.float64(-0.9697528185196427),1.087633e+00
np.float32(102967.03),32775.423998,np.float32(0.11011884),np.float64(-0.9716301505738104),1.081749e+00
np.float32(102967.04),32775.426485,np.float32(0.10235057),np.float64(-0.9734481793315537),1.075799e+00
np.float32(102967.05),32775.428971,np.float32(0.094576046),np.float64(-0.9752067938297676),1.069783e+00
np.float32(102967.055),32775.431458,np.float32(0.08679578),np.float64(-0.9769058867316875),1.063702e+00
np.float32(102967.06),32775.433945,np.float32(0.07901018),np.float64(-0.9785453543334401),1.057556e+00
np.float32(102967.07),32775.436432,np.float32(0.07121978),np.float64(-0.9801250965703732),1.051345e+00
np.float32(102967.08),32775.438919,np.float32(0.06342501),np.float64(-0.9816450170231626),1.045070e+00
np.float32(102967.086),32775.441405,np.float32(0.055626407),np.float64(-0.9831050229236983),1.038731e+00
np.float32(102967.09),32775.443892,np.float32(0.047824375),np.float64(-0.9845050251607449),1.032329e+00
np.float32(102967.1),32775.446379,np.float32(0.040019423),np.float64(-0.9858449382853819),1.025864e+00
np.float32(102967.11),32775.448866,np.float32(0.03221205),np.float64(-0.9871246805162183),1.019337e+00
np.float32(102967.12),32775.451353,np.float32(0.024402697),np.float64(-0.9883441737443844),1.012747e+00
np.float32(102967.125),32775.453839,np.float32(0.016591867),np.float64(-0.9895033435382989),1.006095e+00
np.float32(102967.13),32775.456326,np.float32(0.008780011),np.float64(-0.9906021191482125),9.993821e-01
np.float32(102967.14),32775.458813,np.float32(0.0009676336),np.float64(-0.9916404335105249),9.926081e-01
np.float32(102967.15),32775.461300,np.float32(0.0),np.float64(-0.9926182232518793),9.926182e-01
np.float32(102967.16),32775.463787,np.float32(0.0),np.float64(-0.9935354286930295),9.935354e-01
np.float32(102967.164),32775.466273,np.float32(0.0),np.float64(-0.9943919938524829),9.943920e-01
np.float32(102967.17),32775.468760,np.float32(0.0),np.float64(-0.9951878664499171),9.951879e-01
np.float32(102967.18),32775.471247,np.float32(0.0),np.float64(-0.9959229979093707),9.959230e-01
np.float32(102967.19),32775.473734,np.float32(0.0),np.float64(-0.9965973433622085),9.965973e-01
np.float32(102967.195),32775.476221,np.float32(0.0),np.float64(-0.9972108616498597),9.972109e-01
np.float32(102967.2),32775.478707,np.float32(0.0),np.float64(-0.9977635153263305),9.977635e-01
np.float32(102967.21),32775.481194,np.float32(0.0),np.float64(-0.9982552706604885),9.982553e-01
np.float32(102967.22),32775.483681,np.float32(0.0),np.float64(-0.998686097638123),9.986861e-01
np.float32(102967.23),32775.486168,np.float32(0.0),np.float64(-0.9990559699637759),9.990560e-01
np.float32(102967.234),32775.488655,np.float32(0.0),np.float64(-0.9993648650623466),9.993649e-01
np.float32(102967.24),32775.491141,np.float32(0.0),np.float64(-0.9996127640804705),9.996128e-01
np.float32(102967.25),32775.493628,np.float32(0.0),np.float64(-0.9997996518876694),9.997997e-01
np.float32(102967.26),32775.496115,np.float32(0.0),np.float64(-0.9999255170772746),9.999255e-01
np.float32(102967.266),32775.498602,np.float32(0.0),np.float64(-0.9999903519671237),9.999904e-01
np.float32(102967.27),32775.501089,np.float32(0.0),np.float64(-0.9999941526000292),9.999942e-01
np.float32(102967.28),32775.503575,np.float32(0.0),np.float64(-0.9999369187440202),9.999369e-01
np.float32(102967.29),32775.506062,np.float32(0.0),np.float64(-0.9998186538923561),9.998187e-01
np.float32(102967.3),32775.508549,np.float32(0.0),np.float64(-0.999639365263314),9.996394e-01
np.float32(102967.305),32775.511036,np.float32(0.0),np.float64(-0.9993990637997475),9.993991e-01
np.float32(102967.31),32775.513523,np.float32(0.0),np.float64(-0.9990977641684197),9.990978e-01
np.float32(102967.32),32775.516009,np.float32(0.0),np.float64(-0.998735484759107),9.987355e-01
np.float32(102967.33),32775.518496,np.float32(0.0),np.float64(-0.9983122476834771),9.983122e-01
np.float32(102967.336),32775.520983,np.float32(0.0),np.float64(-0.99782807877374),9.978281e-01
np.float32(102967.34),32775.523470,np.float32(0.0),np.float64(-0.9972830075810704),9.972830e-01
np.float32(102967.35),32775.525957,np.float32(0.0),np.float64(-0.9966770673738041),9.966771e-01
np.float32(102967.36),32775.528443,np.float32(0.0),np.float64(-0.9960102951354086),9.960103e-01
np.float32(102967.37),32775.530930,np.float32(0.0),np.float64(-0.9952827315622247),9.952827e-01
np.float32(102967.375),32775.533417,np.float32(0.0),np.float64(-0.9944944210609826),9.944944e-01
np.float32(102967.38),32775.535904,np.float32(0.0),np.float64(-0.9936454117460924),9.936454e-01
np.float32(102967.39),32775.538390,np.float32(0.0),np.float64(-0.9927357554367068),9.927358e-01
np.float32(102967.4),32775.540877,np.float32(0.0),np.float64(-0.9917655076535582),9.917655e-01
np.float32(102967.41),32775.543364,np.float32(0.0),np.float64(-0.9907347276155705),9.907347e-01
np.float32(102967.414),32775.545851,np.float32(0.0),np.float64(-0.9896434782362443),9.896435e-01
np.float32(102967.42),32775.548338,np.float32(0.0),np.float64(-0.9884918261198175),9.884918e-01
np.float32(102967.43),32775.550824,np.float32(0.0),np.float64(-0.9872798415571992),9.872798e-01
np.float32(102967.44),32775.553311,np.float32(0.0),np.float64(-0.9860075985216803),9.860076e-01
np.float32(102967.445),32775.555798,np.float32(0.0),np.float64(-0.9846751746644183),9.846752e-01
np.float32(102967.45),32775.558285,np.float32(0.0),np.float64(-0.983282651309698),9.832827e-01
np.float32(102967.46),32775.560772,np.float32(0.0),np.float64(-0.9818301134499676),9.818301e-01
np.float32(102967.47),32775.563258,np.float32(0.0),np.float64(-0.9803176497406515),9.803176e-01
np.float32(102967.48),32775.565745,np.float32(0.0),np.float64(-0.9787453524947387),9.787454e-01
np.float32(102967.484),32775.568232,np.float32(0.0),np.float64(-0.9771133176771495),9.771133e-01
np.float32(102967.49),32775.570719,np.float32(0.0),np.float64(-0.9754216448988771),9.754216e-01
np.float32(102967.5),32775.573206,np.float32(0.0),np.float64(-0.9736704374109089),9.736704e-01
np.float32(102967.51),32775.575692,np.float32(0.0),np.float64(-0.9718598020979237),9.718598e-01
np.float32(102967.516),32775.578179,np.float32(0.0),np.float64(-0.9699898494717687),9.699898e-01
np.float32(102967.52),32775.580666,np.float32(0.0),np.float64(-0.9680606936647141),9.680607e-01
np.float32(102967.53),32775.583153,np.float32(0.0),np.float64(-0.9660724524224873),9.660725e-01
np.float32(102967.54),32775.585640,np.float32(0.0),np.float64(-0.9640252470970858),9.640252e-01
np.float32(102967.55),32775.588126,np.float32(0.0),np.float64(-0.961919202639371),9.619192e-01
np.float32(102967.555),32775.590613,np.float32(0.99988955),np.float64(-0.9597544475914416),1.959644e+00
np.float32(102967.56),32775.593100,np.float32(0.9999658),np.float64(-0.9575311140787882),1.957497e+00
np.float32(102967.57),32775.595587,np.float32(1.0),np.float64(-0.955249337802229),1.955249e+00
np.float32(102967.58),32775.598074,np.float32(1.0),np.float64(-0.9529092580296271),1.952909e+00
np.float32(102967.586),32775.600560,np.float32(0.9998741),np.float64(-0.9505110175873908),1.950385e+00
np.float32(102967.59),32775.603047,np.float32(0.9997063),np.float64(-0.9480547628517554),1.947761e+00
np.float32(102967.6),32775.605534,np.float32(0.99951714),np.float64(-0.9455406437398501),1.945058e+00
np.float32(102967.61),32775.608021,np.float32(0.99925584),np.float64(-0.9429688137005474),1.942225e+00
np.float32(102967.62),32775.610508,np.float32(0.99892414),np.float64(-0.940339429705097),1.939264e+00
np.float32(102967.625),32775.612994,np.float32(0.99853134),np.float64(-0.9376526522375457),1.936184e+00
np.float32(102967.63),32775.615481,np.float32(0.99807763),np.float64(-0.934908645284942),1.932986e+00
np.float32(102967.64),32775.617968,np.float32(0.99756294),np.float64(-0.932107576327327),1.929671e+00
np.float32(102967.65),32775.620455,np.float32(0.9969874),np.float64(-0.9292496163275128),1.926237e+00
np.float32(102967.66),32775.622942,np.float32(0.99635106),np.float64(-0.9263349397206473),1.922686e+00
np.float32(102967.664),32775.625428,np.float32(0.9956538),np.float64(-0.9233637244035677),1.919018e+00
np.float32(102967.67),32775.627915,np.float32(0.9948959),np.float64(-0.9203361517239428),1.915232e+00
np.float32(102967.68),32775.630402,np.float32(0.9940772),np.float64(-0.9172524064692043),1.911330e+00
np.float32(102967.69),32775.632889,np.float32(0.99319786),np.float64(-0.9141126768552682),1.907311e+00
np.float32(102967.695),32775.635376,np.float32(0.9922579),np.float64(-0.9109171545150476),1.903175e+00
np.float32(102967.7),32775.637862,np.float32(0.9912573),np.float64(-0.9076660344867556),1.898923e+00
np.float32(102967.71),32775.640349,np.float32(0.9901963),np.float64(-0.9043595152020021),1.894556e+00
np.float32(102967.72),32775.642836,np.float32(0.98907477),np.float64(-0.9009977984736814),1.890073e+00
np.float32(102967.73),32775.645323,np.float32(0.9878929),np.float64(-0.8975810894836561),1.885474e+00
np.float32(102967.734),32775.647810,np.float32(0.9866508),np.float64(-0.8941095967702324),1.880760e+00
np.float32(102967.74),32775.650296,np.float32(0.98534846),np.float64(-0.8905835322154327),1.875932e+00
np.float32(102967.75),32775.652783,np.float32(0.98398596),np.float64(-0.8870031110320635),1.870989e+00
np.float32(102967.76),32775.655270,np.float32(0.9825634),np.float64(-0.8833685517505797),1.865932e+00
np.float32(102967.766),32775.657757,np.float32(0.98108083),np.float64(-0.8796800762057466),1.860761e+00
np.float32(102967.77),32775.660243,np.float32(0.97953844),np.float64(-0.8759379095231004),1.855476e+00
np.float32(102967.78),32775.662730,np.float32(0.9779362),np.float64(-0.8721422801052074),1.850078e+00
np.float32(102967.79),32775.665217,np.float32(0.9762744),np.float64(-0.8682934196177242),1.844568e+00
np.float32(102967.8),32775.667704,np.float32(0.97455287),np.float64(-0.8643915629752569),1.838944e+00
np.float32(102967.805),32775.670191,np.float32(0.97277194),np.float64(-0.860436948327024),1.833209e+00
np.float32(102967.81),32775.672677,np.float32(0.9709316),np.float64(-0.8564298170423211),1.827361e+00
np.float32(102967.82),32775.675164,np.float32(0.969032),np.float64(-0.852370413695788),1.821402e+00
np.float32(102967.83),32775.677651,np.float32(0.96707326),np.float64(-0.8482589860524823),1.815332e+00
np.float32(102967.836),32775.680138,np.float32(0.9650555),np.float64(-0.8440957850527561),1.809151e+00
np.float32(102967.84),32775.682625,np.float32(0.96297884),np.float64(-0.8398810647969404),1.802860e+00
np.float32(102967.85),32775.685111,np.float32(0.9608434),np.float64(-0.8356150825298364),1.796458e+00
np.float32(102967.86),32775.687598,np.float32(0.95864934),np.float64(-0.8312980986250138),1.789947e+00
np.float32(102967.87),32775.690085,np.float32(0.9563967),np.float64(-0.8269303765689197),1.783327e+00
np.float32(102967.875),32775.692572,np.float32(0.95408577),np.float64(-0.8225121829447962),1.776598e+00
np.float32(102967.88),32775.695059,np.float32(0.9517166),np.float64(-0.8180437874164102),1.769760e+00
np.float32(102967.89),32775.697545,np.float32(0.94928926),np.float64(-0.8135254627115934),1.762815e+00
np.float32(102967.9),32775.700032,np.float32(0.94680405),np.float64(-0.8089574846055978),1.755762e+00
np.float32(102967.91),32775.702519,np.float32(0.944261),np.float64(-0.8043401319042626),1.748601e+00
np.float32(102967.914),32775.705006,np.float32(0.9416604),np.float64(-0.799673686426998),1.741334e+00
np.float32(102967.92),32775.707493,np.float32(0.9390023),np.float64(-0.7949584329895842),1.733961e+00
np.float32(102967.93),32775.709979,np.float32(0.93628687),np.float64(-0.7901946593867877),1.726482e+00
np.float32(102967.94),32775.712466,np.float32(0.93351424),np.float64(-0.7853826563747959),1.718897e+00
np.float32(102967.945),32775.714953,np.float32(0.9306847),np.float64(-0.7805227176534705),1.711207e+00
np.float32(102967.95),32775.717440,np.float32(0.92779833),np.float64(-0.7756151398484221),1.703413e+00
np.float32(102967.96),32775.719927,np.float32(0.92485535),np.float64(-0.7706602224929053),1.695516e+00
np.float32(102967.97),32775.722413,np.float32(0.9218559),np.float64(-0.765658268009537),1.687514e+00
np.float32(102967.98),32775.724900,np.float32(0.91880023),np.float64(-0.7606095816918377),1.679410e+00
np.float32(102967.984),32775.727387,np.float32(0.91568846),np.float64(-0.7555144716855984),1.671203e+00
np.float32(102967.99),32775.729874,np.float32(0.91252077),np.float64(-0.7503732489700727),1.662894e+00
np.float32(102968.0),32775.732361,np.float32(0.9092974),np.float64(-0.7451862273389964),1.654484e+00
np.float32(102968.01),32775.734847,np.float32(0.90601856),np.float64(-0.7399537233814348),1.645972e+00
np.float32(102968.016),32775.737334,np.float32(0.9026844),np.float64(-0.7346760564624605),1.637360e+00
np.float32(102968.02),32775.739821,np.float32(0.89929515),np.float64(-0.7293535487036596),1.628649e+00
np.float32(102968.03),32775.742308,np.float32(0.89585096),np.float64(-0.7239865249634729),1.619837e+00
np.float32(102968.04),32775.744795,np.float32(0.89235216),np.float64(-0.7185753128173666),1.610927e+00
np.float32(102968.05),32775.747281,np.float32(0.8887989),np.float64(-0.7131202425378399),1.601919e+00
np.float32(102968.055),32775.749768,np.float32(0.8851914),np.float64(-0.707621647074266),1.592813e+00
np.float32(102968.06),32775.752255,np.float32(0.88152975),np.float64(-0.7020798620325712),1.583610e+00
np.float32(102968.07),32775.754742,np.float32(0.8778144),np.float64(-0.6964952256547512),1.574310e+00
np.float32(102968.08),32775.757229,np.float32(0.87404543),np.float64(-0.6908680787982261),1.564914e+00
np.float32(102968.086),32775.759715,np.float32(0.87022316),np.float64(-0.6851987649150366),1.555422e+00
np.float32(102968.09),32775.762202,np.float32(0.86634773),np.float64(-0.6794876300308816),1.545835e+00
np.float32(102968.1),32775.764689,np.float32(0.8624195),np.float64(-0.6737350227239979),1.536155e+00
np.float32(102968.11),32775.767176,np.float32(0.85843855),np.float64(-0.6679412941038857),1.526380e+00
np.float32(102968.12),32775.769663,np.float32(0.8544052),np.float64(-0.6621067977898778),1.516512e+00
np.float32(102968.125),32775.772149,np.float32(0.85031974),np.float64(-0.6562318898895572),1.506552e+00
np.float32(102968.13),32775.774636,np.float32(0.8461824),np.float64(-0.6503169289770218),1.496499e+00
np.float32(102968.14),32775.777123,np.float32(0.8419934),np.float64(-0.6443622760709987),1.486356e+00
np.float32(102968.15),32775.779610,np.float32(0.837753),np.float64(-0.63836829461281),1.476121e+00
np.float32(102968.16),32775.782096,np.float32(0.83346146),np.float64(-0.6323353504441898),1.465797e+00
np.float32(102968.164),32775.784583,np.float32(0.8291191),np.float64(-0.6262638117849552),1.455383e+00
np.float32(102968.17),32775.787070,np.float32(0.82472605),np.float64(-0.620154049210532),1.444880e+00
np.float32(102968.18),32775.789557,np.float32(0.8202827),np.float64(-0.6140064356293369),1.434289e+00
np.float32(102968.19),32775.792044,np.float32(0.8157893),np.float64(-0.6078213462600169),1.423611e+00
np.float32(102968.195),32775.794530,np.float32(0.8112461),np.float64(-0.6015991586085482),1.412845e+00
np.float32(102968.2),32775.797017,np.float32(0.8066534),np.float64(-0.5953402524451944),1.401994e+00
np.float32(102968.21),32775.799504,np.float32(0.80201143),np.float64(-0.5890450097813283),1.391056e+00
np.float32(102968.22),32775.801991,np.float32(0.79732054),np.float64(-0.5827138148461153),1.380034e+00
np.float32(102968.23),32775.804478,np.float32(0.79258096),np.float64(-0.5763470540630617),1.368928e+00
np.float32(102968.234),32775.806964,np.float32(0.78779304),np.float64(-0.5699451160264307),1.357738e+00
np.float32(102968.24),32775.809451,np.float32(0.782957),np.float64(-0.5635083914775229),1.346465e+00
np.float32(102968.25),32775.811938,np.float32(0.7780732),np.float64(-0.5570372732808286),1.335110e+00
np.float32(102968.26),32775.814425,np.float32(0.77314186),np.float64(-0.5505321564000496),1.323674e+00
np.float32(102968.266),32775.816912,np.float32(0.7681634),np.float64(-0.5439934378739912),1.312157e+00
np.float32(102968.27),32775.819398,np.float32(0.763138),np.float64(-0.5374215167923306),1.300560e+00
np.float32(102968.28),32775.821885,np.float32(0.75806606),np.float64(-0.5308167942712578),1.288883e+00
np.float32(102968.29),32775.824372,np.float32(0.75294787),np.float64(-0.5241796734289935),1.277128e+00
np.float32(102968.3),32775.826859,np.float32(0.74778366),np.float64(-0.5175105593611847),1.265294e+00
np.float32(102968.305),32775.829346,np.float32(0.74257386),np.float64(-0.5108098591161805),1.253384e+00
np.float32(102968.31),32775.831832,np.float32(0.7373187),np.float64(-0.5040779816701869),1.241397e+00
np.float32(102968.32),32775.834319,np.float32(0.73201853),np.float64(-0.49731533790230603),1.229334e+00
np.float32(102968.33),32775.836806,np.float32(0.7266737),np.float64(-0.4905223405694574),1.217196e+00
np.float32(102968.336),32775.839293,np.float32(0.72128457),np.float64(-0.48369940428118596),1.204984e+00
np.float32(102968.34),32775.841780,np.float32(0.71585137),np.float64(-0.47684694547435585),1.192698e+00
np.float32(102968.35),32775.844266,np.float32(0.7103745),np.float64(-0.4699653823877339),1.180340e+00
np.float32(102968.36),32775.846753,np.float32(0.70485425),np.float64(-0.46305513503646195),1.167909e+00
np.float32(102968.37),32775.849240,np.float32(0.69929093),np.float64(-0.45611662518642165),1.155408e+00
np.float32(102968.375),32775.851727,np.float32(0.693685),np.float64(-0.4491502763284918),1.142835e+00
np.float32(102968.38),32775.854214,np.float32(0.68803674),np.float64(-0.44215651365270087),1.130193e+00
np.float32(102968.39),32775.856700,np.float32(0.68234646),np.float64(-0.43513576402227533),1.117482e+00
np.float32(102968.4),32775.859187,np.float32(0.6766145),np.float64(-0.4280884559475864),1.104703e+00
np.float32(102968.41),32775.861674,np.float32(0.6708413),np.float64(-0.4210150195599957),1.091856e+00
np.float32(102968.414),32775.864161,np.float32(0.66502714),np.float64(-0.4139158865856026),1.078943e+00
np.float32(102968.42),32775.866648,np.float32(0.65917236),np.float64(-0.4067914903188935),1.065964e+00
np.float32(102968.43),32775.869134,np.float32(0.65327734),np.float64(-0.3996422655962961),1.052920e+00
np.float32(102968.44),32775.871621,np.float32(0.6473425),np.float64(-0.39246864876963894),1.039811e+00
np.float32(102968.445),32775.874108,np.float32(0.64136815),np.float64(-0.38527107767951896),1.026639e+00
np.float32(102968.45),32775.876595,np.float32(0.6353546),np.float64(-0.3780499916285779),1.013405e+00
np.float32(102968.46),32775.879082,np.float32(0.6293023),np.float64(-0.3708058313546893),1.000108e+00
np.float32(102968.47),32775.881568,np.float32(0.62321156),np.float64(-0.36353903900405865),9.867506e-01
np.float32(102968.48),32775.884055,np.float32(0.61708283),np.float64(-0.35625005810423654),9.733329e-01
np.float32(102968.484),32775.886542,np.float32(0.61091644),np.float64(-0.34893933353704837),9.598558e-01
np.float32(102968.49),32775.889029,np.float32(0.6047127),np.float64(-0.34160731151144075),9.463200e-01
np.float32(102968.5),32775.891516,np.float32(0.5984721),np.float64(-0.33425443953624756),9.327266e-01
np.float32(102968.51),32775.894002,np.float32(0.592195),np.float64(-0.326881166392876),9.190761e-01
np.float32(102968.516),32775.896489,np.float32(0.5858817),np.float64(-0.3194879421079156),9.053697e-01
np.float32(102968.52),32775.898976,np.float32(0.5795327),np.float64(-0.3120752179256705),8.916079e-01
np.float32(102968.53),32775.901463,np.float32(0.57314825),np.float64(-0.3046434462806183),8.777917e-01
np.float32(102968.54),32775.903949,np.float32(0.5667289),np.float64(-0.2971930807697954),8.639220e-01
np.float32(102968.55),32775.906436,np.float32(0.5602749),np.float64(-0.28972457612511193),8.499995e-01
np.float32(102968.555),32775.908923,np.float32(0.5537867),np.float64(-0.28223838818559743),8.360251e-01
np.float32(102968.56),32775.911410,np.float32(0.5472647),np.float64(-0.2747349738695784),8.219997e-01
np.float32(102968.57),32775.913897,np.float32(0.5407093),np.float64(-0.26721479114679064),8.079241e-01
np.float32(102968.58),32775.916383,np.float32(0.534121),np.float64(-0.2596782990104272),7.937993e-01
np.float32(102968.586),32775.918870,np.float32(0.5275),np.float64(-0.25212595744912353),7.796259e-01
np.float32(102968.59),32775.921357,np.float32(0.5208468),np.float64(-0.24455822741888228),7.654050e-01
np.float32(102968.6),32775.923844,np.float32(0.5141618),np.float64(-0.236975570814939),7.511374e-01
np.float32(102968.61),32775.926331,np.float32(0.50744545),np.float64(-0.22937845044357036),7.368239e-01
np.float32(102968.62),32775.928817,np.float32(0.50069815),np.float64(-0.2217673299938468),7.224655e-01
np.float32(102968.625),32775.931304,np.float32(0.49392027),np.float64(-0.21414267400933143),7.080629e-01
np.float32(102968.63),32775.933791,np.float32(0.48711225),np.float64(-0.20650494785972662),6.936172e-01
np.float32(102968.64),32775.936278,np.float32(0.48027447),np.float64(-0.1988546177124702),6.791291e-01
np.float32(102968.65),32775.938765,np.float32(0.47340742),np.float64(-0.19119215050428318),6.645996e-01
np.float32(102968.66),32775.941251,np.float32(0.46651143),np.float64(-0.18351801391267006),6.500294e-01
np.float32(102968.664),32775.943738,np.float32(0.459587),np.float64(-0.17583267632737448),6.354197e-01
np.float32(102968.67),32775.946225,np.float32(0.4526345),np.float64(-0.16813660682179093),6.207711e-01
np.float32(102968.68),32775.948712,np.float32(0.4456544),np.float64(-0.16043027512433505),6.060847e-01
np.float32(102968.69),32775.951199,np.float32(0.43864706),np.float64(-0.15271415158977372),5.913612e-01
np.float32(102968.695),32775.953685,np.float32(0.43161297),np.float64(-0.14498870717051715),5.766017e-01
np.float32(102968.7),32775.956172,np.float32(0.42455253),np.float64(-0.13725441338787428),5.618069e-01
np.float32(102968.71),32775.958659,np.float32(0.4174662),np.float64(-0.12951174230327356),5.469779e-01
np.float32(102968.72),32775.961146,np.float32(0.41035438),np.float64(-0.12176116648945079),5.321155e-01
np.float32(102968.73),32775.963633,np.float32(0.4032175),np.float64(-0.11400315900160572),5.172207e-01
np.float32(102968.734),32775.966119,np.float32(0.396056),np.float64(-0.10623819334852917),5.022942e-01
np.float32(102968.74),32775.968606,np.float32(0.38887036),np.float64(-0.09846674346370249),4.873371e-01
np.float32(102968.75),32775.971093,np.float32(0.38166094),np.float64(-0.0906892836763711),4.723502e-01
np.float32(102968.76),32775.973580,np.float32(0.37442827),np.float64(-0.08290628868259392),4.573346e-01
np.float32(102968.766),32775.976067,np.float32(0.36717272),np.float64(-0.07511823351627035),4.422910e-01
np.float32(102968.77),32775.978553,np.float32(0.35989478),np.float64(-0.06732559352014661),4.272204e-01
np.float32(102968.78),32775.981040,np.float32(0.35259485),np.float64(-0.05952884431680331),4.121237e-01
np.float32(102968.79),32775.983527,np.float32(0.34527344),np.float64(-0.0517284617796259),3.970019e-01
np.float32(102968.8),32775.986014,np.float32(0.33793092),np.float64(-0.043924922003759796),3.818558e-01
np.float32(102968.805),32775.988501,np.float32(0.3305678),np.float64(-0.03611870127705199),3.666865e-01
np.float32(102968.81),32775.990987,np.float32(0.32318446),np.float64(-0.028310276050980885),3.514947e-01
np.float32(102968.82),32775.993474,np.float32(0.31578144),np.float64(-0.020500122911576175),3.362816e-01
np.float32(102968.83),32775.995961,np.float32(0.30835915),np.float64(-0.012688718550330479),3.210479e-01
np.float32(102968.836),32775.998448,np.float32(0.300918),np.float64(-0.00487653973510454),3.057946e-01
np.float32(102968.84),32776.000935,np.float32(0.2934585),np.float64(0.002935936718972217),2.905226e-01
np.float32(102968.85),32776.003421,np.float32(0.28598112),np.float64(0.010748233978604024),2.752329e-01
np.float32(102968.86),32776.005908,np.float32(0.27848622),np.float64(0.01855987522143222),2.599263e-01
np.float32(102968.87),32776.008395,np.float32(0.27097437),np.float64(0.02637038366513803),2.446040e-01
np.float32(102968.875),32776.010882,np.float32(0.26344594),np.float64(0.03417928259654289),2.292667e-01
np.float32(102968.88),32776.013369,np.float32(0.25590152),np.float64(0.04198609540070458),2.139154e-01
np.float32(102968.89),32776.015855,np.float32(0.2483414),np.float64(0.049790345590007334),1.985511e-01
np.float32(102968.9),32776.018342,np.float32(0.24076612),np.float64(0.05759155683324419),1.831746e-01
np.float32(102968.91),32776.020829,np.float32(0.23317616),np.float64(0.06538925298468978),1.677869e-01
np.float32(102968.914),32776.023316,np.float32(0.22557199),np.float64(0.07318295811316183),1.523890e-01
np.float32(102968.92),32776.025802,np.float32(0.21795404),np.float64(0.08097219653106956),1.369818e-01
np.float32(102968.93),32776.028289,np.float32(0.2103228),np.float64(0.08875649282344712),1.215663e-01
np.float32(102968.94),32776.030776,np.float32(0.20267871),np.float64(0.09653537187697059),1.061433e-01
np.float32(102968.945),32776.033263,np.float32(0.19502224),np.float64(0.10430835890895636),9.071388e-02
np.float32(102968.95),32776.035750,np.float32(0.18735386),np.float64(0.11207497949633945),7.527888e-02
np.float32(102968.96),32776.038236,np.float32(0.17967406),np.float64(0.11983475960462985),5.983930e-02
np.float32(102968.97),32776.040723,np.float32(0.1719833),np.float64(0.12758722561684513),4.439608e-02
np.float32(102968.98),32776.043210,np.float32(0.16428205),np.float64(0.13533190436241757),2.895015e-02
np.float32(102968.984),32776.045697,np.float32(0.15657075),np.float64(0.14306832314607412),1.350242e-02
np.float32(102968.99),32776.048184,np.float32(0.14884992),np.float64(0.1507960097766872),1.946090e-03
np.float32(102969.0),32776.050670,np.float32(0.14111997),np.float64(0.15851449259609482),1.739452e-02
np.float32(102969.01),32776.053157,np.float32(0.13338144),np.float64(0.16622330050788822),3.284186e-02
np.float32(102969.016),32776.055644,np.float32(0.12563476),np.float64(0.17392196300616514),4.828720e-02
np.float32(102969.02),32776.058131,np.float32(0.1178804),np.float64(0.18161001020424702),6.372961e-02
np.float32(102969.03),32776.060618,np.float32(0.11011884),np.float64(0.1892869728633586),7.916813e-02
np.float32(102969.04),32776.063104,np.float32(0.10235057),np.float64(0.19695238242126764),9.460181e-02
np.float32(102969.05),32776.065591,np.float32(0.094576046),np.float64(0.20460577102088376),1.100297e-01
np.float32(102969.055),32776.068078,np.float32(0.08679578),np.float64(0.21224667153881382),1.254509e-01
np.float32(102969.06),32776.070565,np.float32(0.07901018),np.float64(0.21987461761387286),1.408644e-01
np.float32(102969.07),32776.073052,np.float32(0.07121978),np.float64(0.22748914367554837),1.562694e-01
np.float32(102969.08),32776.075538,np.float32(0.06342501),np.float64(0.23508978497241623),1.716648e-01
np.float32(102969.086),32776.078025,np.float32(0.055626407),np.float64(0.24267607760050686),1.870497e-01
np.float32(102969.09),32776.080512,np.float32(0.047824375),np.float64(0.2502475585316194),2.024232e-01
np.float32(102969.1),32776.082999,np.float32(0.040019423),np.float64(0.25780376564158275),2.177843e-01
np.float32(102969.11),32776.085486,np.float32(0.03221205),np.float64(0.26534423773846094),2.331322e-01
np.float32(102969.12),32776.087972,np.float32(0.024402697),np.float64(0.2728685145907022),2.484658e-01
np.float32(102969.125),32776.090459,np.float32(0.016591867),np.float64(0.28037613695522917),2.637843e-01
np.float32(102969.13),32776.092946,np.float32(0.008780011),np.float64(0.2878666466054683),2.790866e-01
np.float32(102969.14),32776.095433,np.float32(0.0009676336),np.float64(0.29533958635931806),2.943720e-01
np.float32(102969.15),32776.097920,np.float32(0.0),np.float64(0.3027945001070529),3.027945e-01
np.float32(102969.16),32776.100406,np.float32(0.0),np.float64(0.31023093283916164),3.102309e-01
np.float32(102969.164),32776.102893,np.float32(0.0),np.float64(0.31764843067411913),3.176484e-01
np.float32(102969.17),32776.105380,np.float32(0.0),np.float64(0.3250465408860887),3.250465e-01
np.float32(102969.18),32776.107867,np.float32(0.0),np.float64(0.3324248119325543),3.324248e-01
np.float32(102969.19),32776.110354,np.float32(0.0),np.float64(0.33978279348188023),3.397828e-01
np.float32(102969.195),32776.112840,np.float32(0.0),np.float64(0.3471200364407972),3.471200e-01
np.float32(102969.2),32776.115327,np.float32(0.0),np.float64(0.3544360929818125),3.544361e-01
np.float32(102969.21),32776.117814,np.float32(0.0),np.float64(0.3617305165705432),3.617305e-01
np.float32(102969.22),32776.120301,np.float32(0.0),np.float64(0.36900286199297044),3.690029e-01
np.float32(102969.23),32776.122788,np.float32(0.0),np.float64(0.3762526853826125),3.762527e-01
np.float32(102969.234),32776.125274,np.float32(0.0),np.float64(0.3834795442476167),3.834795e-01
np.float32(102969.24),32776.127761,np.float32(0.0),np.float64(0.3906829974977666),3.906830e-01
np.float32(102969.25),32776.130248,np.float32(0.0),np.float64(0.3978626054714037),3.978626e-01
np.float32(102969.26),32776.132735,np.float32(0.0),np.float64(0.4050179299622624),4.050179e-01
np.float32(102969.266),32776.135222,np.float32(0.0),np.float64(0.4121485342462156),4.121485e-01
np.float32(102969.27),32776.137708,np.float32(0.0),np.float64(0.4192539831079304),4.192540e-01
np.float32(102969.28),32776.140195,np.float32(0.0),np.float64(0.4263338428674311),4.263338e-01
np.float32(102969.29),32776.142682,np.float32(0.0),np.float64(0.43338768140656886),4.333877e-01
np.float32(102969.3),32776.145169,np.float32(0.0),np.float64(0.4404150681953961),4.404151e-01
np.float32(102969.305),32776.147656,np.float32(0.0),np.float64(0.44741557431844375),4.474156e-01
np.float32(102969.31),32776.150142,np.float32(0.0),np.float64(0.4543887725009),4.543888e-01
np.float32(102969.32),32776.152629,np.float32(0.0),np.float64(0.46133423713468896),4.613342e-01
np.float32(102969.33),32776.155116,np.float32(0.0),np.float64(0.4682515443044476),4.682515e-01
np.float32(102969.336),32776.157603,np.float32(0.0),np.float64(0.47514027181339946),4.751403e-01
np.float32(102969.34),32776.160089,np.float32(0.0),np.float64(0.4819999992091232),4.820000e-01
np.float32(102969.35),32776.162576,np.float32(0.0),np.float64(0.4888303078092148),4.888303e-01
np.float32(102969.36),32776.165063,np.float32(0.0),np.float64(0.49563078072684225),4.956308e-01
np.float32(102969.37),32776.167550,np.float32(0.0),np.float64(0.5024010028961894),5.024010e-01
np.float32(102969.375),32776.170037,np.float32(0.0),np.float64(0.50914056109779),5.091406e-01
np.float32(102969.38),32776.172523,np.float32(0.0),np.float64(0.5158490439837486),5.158490e-01
np.float32(102969.39),32776.175010,np.float32(0.0),np.float64(0.5225260421028466),5.225260e-01
np.float32(102969.4),32776.177497,np.float32(0.0),np.float64(0.5291711479255332),5.291711e-01
np.float32(102969.41),32776.179984,np.float32(0.0),np.float64(0.5357839558687992),5.357840e-01
np.float32(102969.414),32776.182471,np.float32(0.0),np.float64(0.5423640623209314),5.423641e-01
np.float32(102969.42),32776.184957,np.float32(0.0),np.float64(0.5489110656661471),5.489111e-01
np.float32(102969.43),32776.187444,np.float32(0.0),np.float64(0.5554245663091065),5.554246e-01
np.float32(102969.44),32776.189931,np.float32(0.0),np.float64(0.5619041666993023),5.619042e-01
np.float32(102969.445),32776.192418,np.float32(0.0),np.float64(0.5683494713553238),5.683495e-01
np.float32(102969.45),32776.194905,np.float32(0.0),np.float64(0.5747600868889949),5.747601e-01
np.float32(102969.46),32776.197391,np.float32(0.0),np.float64(0.5811356220293853),5.811356e-01
np.float32(102969.47),32776.199878,np.float32(0.0),np.float64(0.5874756876466904),5.874757e-01
np.float32(102969.48),32776.202365,np.float32(0.0),np.float64(0.5937798967759832),5.937799e-01
np.float32(102969.484),32776.204852,np.float32(0.0),np.float64(0.6000478646408313),6.000479e-01
np.float32(102969.49),32776.207339,np.float32(0.0),np.float64(0.6062792086767824),6.062792e-01
np.float32(102969.5),32776.209825,np.float32(0.0),np.float64(0.6124735485547144),6.124735e-01
np.float32(102969.51),32776.212312,np.float32(0.0),np.float64(0.6186305062040477),6.186305e-01
np.float32(102969.516),32776.214799,np.float32(0.0),np.float64(0.6247497058358217),6.247497e-01
np.float32(102969.52),32776.217286,np.float32(0.0),np.float64(0.6308307739656301),6.308308e-01
np.float32(102969.53),32776.219773,np.float32(0.0),np.float64(0.6368733394364177),6.368733e-01
np.float32(102969.54),32776.222259,np.float32(0.0),np.float64(0.6428770334411323),6.428770e-01
np.float32(102969.55),32776.224746,np.float32(0.0),np.float64(0.6488414895452362),6.488415e-01
np.float32(102969.555),32776.227233,np.float32(0.99988955),np.float64(0.6547663437090708),3.451232e-01
np.float32(102969.56),32776.229720,np.float32(0.9999658),np.float64(0.6606512343100757),3.393146e-01
np.float32(102969.57),32776.232207,np.float32(1.0),np.float64(0.6664958021648603),3.335042e-01
np.float32(102969.58),32776.234693,np.float32(1.0),np.float64(0.6722996905511269),3.277003e-01
np.float32(102969.586),32776.237180,np.float32(0.9998741),np.float64(0.6780625452294429),3.218116e-01
np.float32(102969.59),32776.239667,np.float32(0.9997063),np.float64(0.6837840144648614),3.159223e-01
np.float32(102969.6),32776.242154,np.float32(0.99951714),np.float64(0.6894637490483898),3.100534e-01
np.float32(102969.61),32776.244641,np.float32(0.99925584),np.float64(0.6951014023183036),3.041544e-01
np.float32(102969.62),32776.247127,np.float32(0.99892414),np.float64(0.7006966301813048),2.982275e-01
np.float32(102969.625),32776.249614,np.float32(0.99853134),np.float64(0.7062490911335234),2.922823e-01
np.float32(102969.63),32776.252101,np.float32(0.99807763),np.float64(0.7117584462813614),2.863192e-01
np.float32(102969.64),32776.254588,np.float32(0.99756294),np.float64(0.7172243593621769),2.803386e-01
np.float32(102969.65),32776.257075,np.float32(0.9969874),np.float64(0.7226464967648076),2.743409e-01
np.float32(102969.66),32776.259561,np.float32(0.99635106),np.float64(0.7280245275499333),2.683265e-01
np.float32(102969.664),32776.262048,np.float32(0.9956538),np.float64(0.7333581234702743),2.622957e-01
np.float32(102969.67),32776.264535,np.float32(0.9948959),np.float64(0.7386469589906259),2.562489e-01
np.float32(102969.68),32776.267022,np.float32(0.9940772),np.float64(0.7438907113077278),2.501865e-01
np.float32(102969.69),32776.269509,np.float32(0.99319786),np.float64(0.7490890603699655),2.441088e-01
np.float32(102969.695),32776.271995,np.float32(0.9922579),np.float64(0.7542416888969058),2.380162e-01
np.float32(102969.7),32776.274482,np.float32(0.9912573),np.float64(0.759348282398661),2.319090e-01
np.float32(102969.71),32776.276969,np.float32(0.9901963),np.float64(0.7644085291950841),2.257878e-01
np.float32(102969.72),32776.279456,np.float32(0.98907477),np.float64(0.7694221204347921),2.196526e-01
np.float32(102969.73),32776.281942,np.float32(0.9878929),np.float64(0.7743887501140166),2.135042e-01
np.float32(102969.734),32776.284429,np.float32(0.9866508),np.float64(0.7793081150952812),2.073427e-01
np.float32(102969.74),32776.286916,np.float32(0.98534846),np.float64(0.7841799151259027),2.011685e-01
np.float32(102969.75),32776.289403,np.float32(0.98398596),np.float64(0.7890038528563172),1.949821e-01
np.float32(102969.76),32776.291890,np.float32(0.9825634),np.float64(0.7937796338582295),1.887837e-01
np.float32(102969.766),32776.294376,np.float32(0.98108083),np.float64(0.7985069666425821),1.825739e-01
np.float32(102969.77),32776.296863,np.float32(0.97953844),np.float64(0.8031855626773479),1.763529e-01
np.float32(102969.78),32776.299350,np.float32(0.9779362),np.float64(0.8078151364051388),1.701211e-01
np.float32(102969.79),32776.301837,np.float32(0.9762744),np.float64(0.8123954052606366),1.638790e-01
np.float32(102969.8),32776.304324,np.float32(0.97455287),np.float64(0.8169260896878376),1.576268e-01
np.float32(102969.805),32776.306810,np.float32(0.97277194),np.float64(0.8214069131571167),1.513650e-01
np.float32(102969.81),32776.309297,np.float32(0.9709316),np.float64(0.825837602182104),1.450940e-01
np.float32(102969.82),32776.311784,np.float32(0.969032),np.float64(0.8302178863363783),1.388141e-01
np.float32(102969.83),32776.314271,np.float32(0.96707326),np.float64(0.8345474982699714),1.325258e-01
np.float32(102969.836),32776.316758,np.float32(0.9650555),np.float64(0.8388261737256869),1.262294e-01
np.float32(102969.84),32776.319244,np.float32(0.96297884),np.float64(0.8430536515552277),1.199252e-01
np.float32(102969.85),32776.321731,np.float32(0.9608434),np.float64(0.8472296737351365),1.136137e-01
np.float32(102969.86),32776.324218,np.float32(0.95864934),np.float64(0.8513539853825434),1.072954e-01
np.float32(102969.87),32776.326705,np.float32(0.9563967),np.float64(0.8554263347707228),1.009704e-01
np.float32(102969.875),32776.329192,np.float32(0.95408577),np.float64(0.859446473344458),9.463929e-02
np.float32(102969.88),32776.331678,np.float32(0.9517166),np.float64(0.863414155735211),8.830245e-02
np.float32(102969.89),32776.334165,np.float32(0.94928926),np.float64(0.8673291397760985),8.196012e-02
np.float32(102969.9),32776.336652,np.float32(0.94680405),np.float64(0.8711911865166735),7.561286e-02
np.float32(102969.91),32776.339139,np.float32(0.944261),np.float64(0.8750000602375086),6.926095e-02
np.float32(102969.914),32776.341626,np.float32(0.9416604),np.float64(0.8787555284645836),6.290488e-02
np.float32(102969.92),32776.344112,np.float32(0.9390023),np.float64(0.8824573619834744),5.654491e-02
np.float32(102969.93),32776.346599,np.float32(0.93628687),np.float64(0.8861053348533426),5.018153e-02
np.float32(102969.94),32776.349086,np.float32(0.93351424),np.float64(0.889699224420727),4.381501e-02
np.float32(102969.945),32776.351573,np.float32(0.9306847),np.float64(0.8932388113331318),3.744587e-02
np.float32(102969.95),32776.354060,np.float32(0.92779833),np.float64(0.8967238795524154),3.107445e-02
np.float32(102969.96),32776.356546,np.float32(0.92485535),np.float64(0.9001542163679768),2.470114e-02
np.float32(102969.97),32776.359033,np.float32(0.9218559),np.float64(0.903529612409737),1.832631e-02
np.float32(102969.98),32776.361520,np.float32(0.91880023),np.float64(0.9068498616609192),1.195037e-02
np.float32(102969.984),32776.364007,np.float32(0.91568846),np.float64(0.9101147614706224),5.573694e-03
np.float32(102969.99),32776.366494,np.float32(0.91252077),np.float64(0.9133241125661901),8.033463e-04
np.float32(102970.0),32776.368980,np.float32(0.9092974),np.float64(0.9164777190653728),7.180312e-03
np.float32(102970.01),32776.371467,np.float32(0.90601856),np.float64(0.9195753884882844),1.355683e-02
np.float32(102970.016),32776.373954,np.float32(0.9026844),np.float64(0.922616931769149),1.993254e-02
np.float32(102970.02),32776.376441,np.float32(0.89929515),np.float64(0.9256021632678417),2.630701e-02
np.float32(102970.03),32776.378928,np.float32(0.89585096),np.float64(0.9285309007812181),3.267994e-02
np.float32(102970.04),32776.381414,np.float32(0.89235216),np.float64(0.9314029655542357),3.905080e-02
np.float32(102970.05),32776.383901,np.float32(0.8887989),np.float64(0.9342181822908641),4.541929e-02
np.float32(102970.055),32776.386388,np.float32(0.8851914),np.float64(0.9369763791647835),5.178500e-02
np.float32(102970.06),32776.388875,np.float32(0.88152975),np.float64(0.9396773878298733),5.814764e-02
np.float32(102970.07),32776.391362,np.float32(0.8778144),np.float64(0.9423210434304858),6.450663e-02
np.float32(102970.08),32776.393848,np.float32(0.87404543),np.float64(0.9449071846115094),7.086175e-02
np.float32(102970.086),32776.396335,np.float32(0.87022316),np.float64(0.9474356535282156),7.721249e-02
np.float32(102970.09),32776.398822,np.float32(0.86634773),np.float64(0.949906295855894),8.355857e-02
np.float32(102970.1),32776.401309,np.float32(0.8624195),np.float64(0.9523189607992713),8.989947e-02
np.float32(102970.11),32776.403795,np.float32(0.85843855),np.float64(0.9546735011017142),9.623495e-02
np.float32(102970.12),32776.406282,np.float32(0.8544052),np.float64(0.9569697730542188),1.025645e-01
np.float32(102970.125),32776.408769,np.float32(0.85031974),np.float64(0.9592076365041805),1.088879e-01
np.float32(102970.13),32776.411256,np.float32(0.8461824),np.float64(0.9613869548639485),1.152045e-01
np.float32(102970.14),32776.413743,np.float32(0.8419934),np.float64(0.963507595119163),1.215142e-01
np.float32(102970.15),32776.416229,np.float32(0.837753),np.float64(0.9655694278368727),1.278164e-01
np.float32(102970.16),32776.418716,np.float32(0.83346146),np.float64(0.9675723271734358),1.341109e-01
np.float32(102970.164),32776.421203,np.float32(0.8291191),np.float64(0.9695161708822001),1.403971e-01
np.float32(102970.17),32776.423690,np.float32(0.82472605),np.float64(0.9714008403209645),1.466748e-01
np.float32(102970.18),32776.426177,np.float32(0.8202827),np.float64(0.9732262204592204),1.529435e-01
np.float32(102970.19),32776.428663,np.float32(0.8157893),np.float64(0.9749921998851725),1.592029e-01
np.float32(102970.195),32776.431150,np.float32(0.8112461),np.float64(0.976698670812539),1.654526e-01
np.float32(102970.2),32776.433637,np.float32(0.8066534),np.float64(0.9783455290871298),1.716921e-01
np.float32(102970.21),32776.436124,np.float32(0.80201143),np.float64(0.9799326741932041),1.779212e-01
np.float32(102970.22),32776.438611,np.float32(0.79732054),np.float64(0.981460009259605),1.841395e-01
np.float32(102970.23),32776.441097,np.float32(0.79258096),np.float64(0.9829274410656723),1.903465e-01
np.float32(102970.234),32776.443584,np.float32(0.78779304),np.float64(0.9843348800469319),1.965418e-01
np.float32(102970.24),32776.446071,np.float32(0.782957),np.float64(0.9856822403005627),2.027252e-01
np.float32(102970.25),32776.448558,np.float32(0.7780732),np.float64(0.9869694395906394),2.088962e-01
np.float32(102970.26),32776.451045,np.float32(0.77314186),np.float64(0.9881963993531517),2.150545e-01
np.float32(102970.266),32776.453531,np.float32(0.7681634),np.float64(0.9893630447007997),2.211997e-01
np.float32(102970.27),32776.456018,np.float32(0.763138),np.float64(0.9904693044275644),2.273313e-01
np.float32(102970.28),32776.458505,np.float32(0.75806606),np.float64(0.9915151110130542),2.334491e-01
np.float32(102970.29),32776.460992,np.float32(0.75294787),np.float64(0.9925004006266251),2.395525e-01
np.float32(102970.3),32776.463479,np.float32(0.74778366),np.float64(0.9934251131312778),2.456415e-01
np.float32(102970.305),32776.465965,np.float32(0.74257386),np.float64(0.9942891920873268),2.517153e-01
np.float32(102970.31),32776.468452,np.float32(0.7373187),np.float64(0.9950925847558466),2.577739e-01
np.float32(102970.32),32776.470939,np.float32(0.73201853),np.float64(0.9958352421018892),2.638167e-01
np.float32(102970.33),32776.473426,np.float32(0.7266737),np.float64(0.9965171187974783),2.698434e-01
np.float32(102970.336),32776.475913,np.float32(0.72128457),np.float64(0.9971381732243747),2.758536e-01
np.float32(102970.34),32776.478399,np.float32(0.71585137),np.float64(0.9976983674766174),2.818470e-01
np.float32(102970.35),32776.480886,np.float32(0.7103745),np.float64(0.9981976673628364),2.878232e-01
np.float32(102970.36),32776.483373,np.float32(0.70485425),np.float64(0.9986360424083404),2.937818e-01
np.float32(102970.37),32776.485860,np.float32(0.69929093),np.float64(0.9990134658569758),2.997225e-01
np.float32(102970.375),32776.488347,np.float32(0.693685),np.float64(0.9993299146727608),3.056449e-01
np.float32(102970.38),32776.490833,np.float32(0.68803674),np.float64(0.9995853695412906),3.115486e-01
np.float32(102970.39),32776.493320,np.float32(0.68234646),np.float64(0.9997798148709167),3.174334e-01
np.float32(102970.4),32776.495807,np.float32(0.6766145),np.float64(0.9999132387936985),3.232987e-01
np.float32(102970.41),32776.498294,np.float32(0.6708413),np.float64(0.9999856331661273),3.291444e-01
np.float32(102970.414),32776.500781,np.float32(0.66502714),np.float64(0.9999969935696239),3.349699e-01
np.float32(102970.42),32776.503267,np.float32(0.65917236),np.float64(0.9999473193108077),3.407750e-01
np.float32(102970.43),32776.505754,np.float32(0.65327734),np.float64(0.9998366134215395),3.465593e-01
np.float32(102970.44),32776.508241,np.float32(0.6473425),np.float64(0.9996648826587362),3.523224e-01
np.float32(102970.445),32776.510728,np.float32(0.64136815),np.float64(0.9994321375039583),3.580640e-01
np.float32(102970.45),32776.513215,np.float32(0.6353546),np.float64(0.9991383921627706),3.637838e-01
np.float32(102970.46),32776.515701,np.float32(0.6293023),np.float64(0.9987836645638745),3.694813e-01
np.float32(102970.47),32776.518188,np.float32(0.62321156),np.float64(0.9983679763580144),3.751564e-01
np.float32(102970.48),32776.520675,np.float32(0.61708283),np.float64(0.997891352916656),3.808085e-01
np.float32(102970.484),32776.523162,np.float32(0.61091644),np.float64(0.9973538233304373),3.864374e-01
np.float32(102970.49),32776.525648,np.float32(0.6047127),np.float64(0.996755420407394),3.920427e-01
np.float32(102970.5),32776.528135,np.float32(0.5984721),np.float64(0.996096180670956),3.976241e-01
np.float32(102970.51),32776.530622,np.float32(0.592195),np.float64(0.9953761443577189),4.031812e-01
np.float32(102970.516),32776.533109,np.float32(0.5858817),np.float64(0.9945953554149884),4.087136e-01
np.float32(102970.52),32776.535596,np.float32(0.5795327),np.float64(0.993753861498097),4.142212e-01
np.float32(102970.53),32776.538082,np.float32(0.57314825),np.float64(0.9928517139674962),4.197035e-01
np.float32(102970.54),32776.540569,np.float32(0.5667289),np.float64(0.9918889678856213),4.251601e-01
np.float32(102970.55),32776.543056,np.float32(0.5602749),np.float64(0.9908656820135312),4.305908e-01
np.float32(102970.555),32776.545543,np.float32(0.5537867),np.float64(0.9897819188073211),4.359952e-01
np.float32(102970.56),32776.548030,np.float32(0.5472647),np.float64(0.9886377444143114),4.413730e-01
np.float32(102970.57),32776.550516,np.float32(0.5407093),np.float64(0.9874332286690096),4.467239e-01
np.float32(102970.58),32776.553003,np.float32(0.534121),np.float64(0.9861684450888486),4.520475e-01
np.float32(102970.586),32776.555490,np.float32(0.5275),np.float64(0.9848434708696991),4.573435e-01
np.float32(102970.59),32776.557977,np.float32(0.5208468),np.float64(0.9834583868811583),4.626116e-01
np.float32(102970.6),32776.560464,np.float32(0.5141618),np.float64(0.9820132776616138),4.678515e-01
np.float32(102970.61),32776.562950,np.float32(0.50744545),np.float64(0.9805082314130842),4.730628e-01
np.float32(102970.62),32776.565437,np.float32(0.50069815),np.float64(0.978943339995835),4.782452e-01
np.float32(102970.625),32776.567924,np.float32(0.49392027),np.float64(0.9773186989227728),4.833984e-01
np.float32(102970.63),32776.570411,np.float32(0.48711225),np.float64(0.9756344073536147),4.885222e-01
np.float32(102970.64),32776.572898,np.float32(0.48027447),np.float64(0.9738905680888371),4.936161e-01
np.float32(102970.65),32776.575384,np.float32(0.47340742),np.float64(0.9720872875634006),4.986799e-01
np.float32(102970.66),32776.577871,np.float32(0.46651143),np.float64(0.9702246758402541),5.037132e-01
np.float32(102970.664),32776.580358,np.float32(0.459587),np.float64(0.9683028466036168),5.087158e-01
np.float32(102970.67),32776.582845,np.float32(0.4526345),np.float64(0.9663219171520399),5.136874e-01
np.float32(102970.68),32776.585332,np.float32(0.4456544),np.float64(0.9642820083912469),5.186276e-01
np.float32(102970.69),32776.587818,np.float32(0.43864706),np.float64(0.9621832448267547),5.235362e-01
np.float32(102970.695),32776.590305,np.float32(0.43161297),np.float64(0.9600257545562737),5.284128e-01
np.float32(102970.7),32776.592792,np.float32(0.42455253),np.float64(0.95780966926189),5.332571e-01
np.float32(102970.71),32776.595279,np.float32(0.4174662),np.float64(0.9555351242020278),5.380689e-01
np.float32(102970.72),32776.597766,np.float32(0.41035438),np.float64(0.953202258203194),5.428479e-01
np.float32(102970.73),32776.600252,np.float32(0.4032175),np.float64(0.9508112136515054),5.475937e-01
np.float32(102970.734),32776.602739,np.float32(0.396056),np.float64(0.9483621364839973),5.523061e-01
np.float32(102970.74),32776.605226,np.float32(0.38887036),np.float64(0.945855176179717),5.569848e-01
np.float32(102970.75),32776.607713,np.float32(0.38166094),np.float64(0.9432904857506004),5.616295e-01
np.float32(102970.76),32776.610200,np.float32(0.37442827),np.float64(0.940668221732132),5.662399e-01
np.float32(102970.766),32776.612686,np.float32(0.36717272),np.float64(0.9379885441737921),5.708158e-01
np.float32(102970.77),32776.615173,np.float32(0.35989478),np.float64(0.9352516166292871),5.753568e-01
np.float32(102970.78),32776.617660,np.float32(0.35259485),np.float64(0.9324576061465679),5.798628e-01
np.float32(102970.79),32776.620147,np.float32(0.34527344),np.float64(0.9296066832576334),5.843332e-01
np.float32(102970.8),32776.622634,np.float32(0.33793092),np.float64(0.9266990219681226),5.887681e-01
np.float32(102970.805),32776.625120,np.float32(0.3305678),np.float64(0.9237347997466938),5.931670e-01
np.float32(102970.81),32776.627607,np.float32(0.32318446),np.float64(0.9207141975141934),5.975297e-01
np.float32(102970.82),32776.630094,np.float32(0.31578144),np.float64(0.9176373996326128),6.018560e-01
np.float32(102970.83),32776.632581,np.float32(0.30835915),np.float64(0.9145045938938363),6.061454e-01
np.float32(102970.836),32776.635068,np.float32(0.300918),np.float64(0.9113159715081792),6.103980e-01
np.float32(102970.84),32776.637554,np.float32(0.2934585),np.float64(0.9080717270927172),6.146132e-01
np.float32(102970.85),32776.640041,np.float32(0.28598112),np.float64(0.9047720586594078),6.187909e-01
np.float32(102970.86),32776.642528,np.float32(0.27848622),np.float64(0.9014171676030052),6.229309e-01
np.float32(102970.87),32776.645015,np.float32(0.27097437),np.float64(0.8980072586887675),6.270329e-01
np.float32(102970.875),32776.647501,np.float32(0.26344594),np.float64(0.8945425400399598),6.310966e-01
np.float32(102970.88),32776.649988,np.float32(0.25590152),np.float64(0.8910232231251505),6.351217e-01
np.float32(102970.89),32776.652475,np.float32(0.2483414),np.float64(0.8874495227453049),6.391081e-01
np.float32(102970.9),32776.654962,np.float32(0.24076612),np.float64(0.8838216570206744),6.430555e-01
np.float32(102970.91),32776.657449,np.float32(0.23317616),np.float64(0.8801398473774844),6.469637e-01
np.float32(102970.914),32776.659935,np.float32(0.22557199),np.float64(0.8764043185344186),6.508323e-01
np.float32(102970.92),32776.662422,np.float32(0.21795404),np.float64(0.8726152984889041),6.546613e-01
np.float32(102970.93),32776.664909,np.float32(0.2103228),np.float64(0.8687730185031951),6.584502e-01
np.float32(102970.94),32776.667396,np.float32(0.20267871),np.float64(0.8648777130902581),6.621990e-01
np.float32(102970.945),32776.669883,np.float32(0.19502224),np.float64(0.8609296199994582),6.659074e-01
np.float32(102970.95),32776.672369,np.float32(0.18735386),np.float64(0.8569289802020487),6.695751e-01
np.float32(102970.96),32776.674856,np.float32(0.17967406),np.float64(0.8528760378764625),6.732020e-01
np.float32(102970.97),32776.677343,np.float32(0.1719833),np.float64(0.8487710403934098),6.767877e-01
np.float32(102970.98),32776.679830,np.float32(0.16428205),np.float64(0.8446142383007788),6.803322e-01
np.float32(102970.984),32776.682317,np.float32(0.15657075),np.float64(0.8404058853083444),6.838351e-01
np.float32(102970.99),32776.684803,np.float32(0.14884992),np.float64(0.8361462382722825),6.872963e-01
np.float32(102971.0),32776.687290,np.float32(0.14111997),np.float64(0.8318355571794933),6.907156e-01
np.float32(102971.01),32776.689777,np.float32(0.13338144),np.float64(0.8274741051317326),6.940927e-01
np.float32(102971.016),32776.692264,np.float32(0.12563476),np.float64(0.8230621483295536),6.974274e-01
np.float32(102971.02),32776.694751,np.float32(0.1178804),np.float64(0.8185999560560594),7.007196e-01
np.float32(102971.03),32776.697237,np.float32(0.11011884),np.float64(0.8140878006604675),7.039690e-01
np.float32(102971.04),32776.699724,np.float32(0.10235057),np.float64(0.8095259575414866),7.071754e-01
np.float32(102971.05),32776.702211,np.float32(0.094576046),np.float64(0.8049147051305081),7.103387e-01
np.float32(102971.055),32776.704698,np.float32(0.08679578),np.float64(0.800254324874612),7.134585e-01
np.float32(102971.06),32776.707185,np.float32(0.07901018),np.float64(0.7955451012193886),7.165349e-01
np.float32(102971.07),32776.709671,np.float32(0.07121978),np.float64(0.7907873215915775),7.195675e-01
np.float32(102971.08),32776.712158,np.float32(0.06342501),np.float64(0.7859812763815248),7.225563e-01
np.float32(102971.086),32776.714645,np.float32(0.055626407),np.float64(0.7811272589254588),7.255009e-01
np.float32(102971.09),32776.717132,np.float32(0.047824375),np.float64(0.7762255654875864),7.284012e-01
np.float32(102971.1),32776.719619,np.float32(0.040019423),np.float64(0.7712764952420108),7.312571e-01
np.float32(102971.11),32776.722105,np.float32(0.03221205),np.float64(0.7662803502544715),7.340683e-01
np.float32(102971.12),32776.724592,np.float32(0.024402697),np.float64(0.7612374354639074),7.368347e-01
np.float32(102971.125),32776.727079,np.float32(0.016591867),np.float64(0.756148058663845),7.395562e-01
np.float32(102971.13),32776.729566,np.float32(0.008780011),np.float64(0.7510125304836128),7.422325e-01
np.float32(102971.14),32776.732053,np.float32(0.0009676336),np.float64(0.7458311643693813),7.448635e-01
np.float32(102971.15),32776.734539,np.float32(0.0),np.float64(0.7406042765650324),7.406043e-01
np.float32(102971.16),32776.737026,np.float32(0.0),np.float64(0.7353321860928573),7.353322e-01
np.float32(102971.164),32776.739513,np.float32(0.0),np.float64(0.730015214734085),7.300152e-01
np.float32(102971.17),32776.742000,np.float32(0.0),np.float64(0.7246536870092427),7.246537e-01
np.float32(102971.18),32776.744487,np.float32(0.0),np.float64(0.7192479301583483),7.192479e-01
np.float32(102971.19),32776.746973,np.float32(0.0),np.float64(0.7137982741209377),7.137983e-01
np.float32(102971.195),32776.749460,np.float32(0.0),np.float64(0.7083050515159267),7.083051e-01
np.float32(102971.2),32776.751947,np.float32(0.0),np.float64(0.7027685976213103),7.027686e-01
np.float32(102971.21),32776.754434,np.float32(0.0),np.float64(0.697189250353698),6.971893e-01
np.float32(102971.22),32776.756921,np.float32(0.0),np.float64(0.6915673502476902),6.915674e-01
np.float32(102971.23),32776.759407,np.float32(0.0),np.float64(0.685903240435093),6.859032e-01
np.float32(102971.234),32776.761894,np.float32(0.0),np.float64(0.6801972666239754),6.801973e-01
np.float32(102971.24),32776.764381,np.float32(0.0),np.float64(0.6744497770775691),6.744498e-01
np.float32(102971.25),32776.766868,np.float32(0.0),np.float64(0.6686611225930125),6.686611e-01
np.float32(102971.26),32776.769354,np.float32(0.0),np.float64(0.6628316564799395),6.628317e-01
np.float32(102971.266),32776.771841,np.float32(0.0),np.float64(0.6569617345389153),6.569617e-01
np.float32(102971.27),32776.774328,np.float32(0.0),np.float64(0.6510517150397206),6.510517e-01
np.float32(102971.28),32776.776815,np.float32(0.0),np.float64(0.6451019586994844),6.451020e-01
np.float32(102971.29),32776.779302,np.float32(0.0),np.float64(0.6391128286606672),6.391128e-01
np.float32(102971.3),32776.781788,np.float32(0.0),np.float64(0.6330846904688978),6.330847e-01
np.float32(102971.305),32776.784275,np.float32(0.0),np.float64(0.627017912050661),6.270179e-01
np.float32(102971.31),32776.786762,np.float32(0.0),np.float64(0.6209128636908423),6.209129e-01
np.float32(102971.32),32776.789249,np.float32(0.0),np.float64(0.6147699180101269),6.147699e-01
np.float32(102971.33),32776.791736,np.float32(0.0),np.float64(0.6085894499422573),6.085894e-01
np.float32(102971.336),32776.794222,np.float32(0.0),np.float64(0.6023718367111489),6.023718e-01
np.float32(102971.34),32776.796709,np.float32(0.0),np.float64(0.5961174578078668),5.961175e-01
np.float32(102971.35),32776.799196,np.float32(0.0),np.float64(0.5898266949674629),5.898267e-01
np.float32(102971.36),32776.801683,np.float32(0.0),np.float64(0.5834999321456771),5.834999e-01
np.float32(102971.37),32776.804170,np.float32(0.0),np.float64(0.5771375554955028),5.771376e-01
np.float32(102971.375),32776.806656,np.float32(0.0),np.float64(0.5707399533436178),5.707400e-01
np.float32(102971.38),32776.809143,np.float32(0.0),np.float64(0.564307516166683),5.643075e-01
np.float32(102971.39),32776.811630,np.float32(0.0),np.float64(0.5578406365675097),5.578406e-01
np.float32(102971.4),32776.814117,np.float32(0.0),np.float64(0.551339709251097),5.513397e-01
np.float32(102971.41),32776.816604,np.float32(0.0),np.float64(0.5448051310005414),5.448051e-01
np.float32(102971.414),32776.819090,np.float32(0.0),np.float64(0.5382373006528188),5.382373e-01
np.float32(102971.42),32776.821577,np.float32(0.0),np.float64(0.5316366190744418),5.316366e-01
np.float32(102971.43),32776.824064,np.float32(0.0),np.float64(0.5250034891369927),5.250035e-01
np.float32(102971.44),32776.826551,np.float32(0.0),np.float64(0.5183383156925346),5.183383e-01
np.float32(102971.445),32776.829038,np.float32(0.0),np.float64(0.5116415055489009),5.116415e-01
np.float32(102971.45),32776.831524,np.float32(0.0),np.float64(0.5049134674448661),5.049135e-01
np.float32(102971.46),32776.834011,np.float32(0.0),np.float64(0.4981546120251986),4.981546e-01
np.float32(102971.47),32776.836498,np.float32(0.0),np.float64(0.4913653518155967),4.913654e-01
np.float32(102971.48),32776.838985,np.float32(0.0),np.float64(0.4845461011975104),4.845461e-01
np.float32(102971.484),32776.841472,np.float32(0.0),np.float64(0.47769727638284987),4.776973e-01
np.float32(102971.49),32776.843958,np.float32(0.0),np.float64(0.47081929538858147),4.708193e-01
np.float32(102971.5),32776.846445,np.float32(0.0),np.float64(0.4639125780112148),4.639126e-01
np.float32(102971.51),32776.848932,np.float32(0.0),np.float64(0.45697754580118005),4.569775e-01
np.float32(102971.516),32776.851419,np.float32(0.0),np.float64(0.45001462203709874),4.500146e-01
np.float32(102971.52),32776.853906,np.float32(0.0),np.float64(0.4430242316999493),4.430242e-01
np.float32(102971.53),32776.856392,np.float32(0.0),np.float64(0.43600680144712806),4.360068e-01
np.float32(102971.54),32776.858879,np.float32(0.0),np.float64(0.42896275958640845),4.289628e-01
np.float32(102971.55),32776.861366,np.float32(0.0),np.float64(0.4218925360497993),4.218925e-01
np.float32(102971.555),32776.863853,np.float32(0.99988955),np.float64(0.4147965623673041),5.850930e-01
np.float32(102971.56),32776.866340,np.float32(0.9999658),np.float64(0.4076752716405824),5.922905e-01
np.float32(102971.57),32776.868826,np.float32(1.0),np.float64(0.4005290985165157),5.994709e-01
np.float32(102971.58),32776.871313,np.float32(1.0),np.float64(0.3933584791606787),6.066415e-01
np.float32(102971.586),32776.873800,np.float32(0.9998741),np.float64(0.3861638512307181),6.137103e-01
np.float32(102971.59),32776.876287,np.float32(0.9997063),np.float64(0.37894565384964035),6.207607e-01
np.float32(102971.6),32776.878774,np.float32(0.99951714),np.float64(0.3717043275790096),6.278128e-01
np.float32(102971.61),32776.881260,np.float32(0.99925584),np.float64(0.36444031439205826),6.348155e-01
np.float32(102971.62),32776.883747,np.float32(0.99892414),np.float64(0.35715405764671115),6.417701e-01
np.float32(102971.625),32776.886234,np.float32(0.99853134),np.float64(0.34984600205852523),6.486853e-01
np.float32(102971.63),32776.888721,np.float32(0.99807763),np.float64(0.3425165936735465),6.555610e-01
np.float32(102971.64),32776.891208,np.float32(0.99756294),np.float64(0.33516627984108555),6.623967e-01
np.float32(102971.65),32776.893694,np.float32(0.9969874),np.float64(0.3277955091864139),6.691919e-01
np.float32(102971.66),32776.896181,np.float32(0.99635106),np.float64(0.32040473158338195),6.759463e-01
np.float32(102971.664),32776.898668,np.float32(0.9956538),np.float64(0.3129943981269611),6.826594e-01
np.float32(102971.67),32776.901155,np.float32(0.9948959),np.float64(0.30556496110571124),6.893309e-01
np.float32(102971.68),32776.903641,np.float32(0.9940772),np.float64(0.2981168739741754),6.959603e-01
np.float32(102971.69),32776.906128,np.float32(0.99319786),np.float64(0.29065059132520327),7.025473e-01
np.float32(102971.695),32776.908615,np.float32(0.9922579),np.float64(0.28316656886220504),7.090913e-01
np.float32(102971.7),32776.911102,np.float32(0.9912573),np.float64(0.2756652633713379),7.155920e-01
np.float32(102971.71),32776.913589,np.float32(0.9901963),np.float64(0.2681471326936257),7.220492e-01
np.float32(102971.72),32776.916075,np.float32(0.98907477),np.float64(0.26061263569701526),7.284621e-01
np.float32(102971.73),32776.918562,np.float32(0.9878929),np.float64(0.253062232248369),7.348307e-01
np.float32(102971.734),32776.921049,np.float32(0.9866508),np.float64(0.24549638318539713),7.411544e-01
np.float32(102971.74),32776.923536,np.float32(0.98534846),np.float64(0.2379155502885307),7.474329e-01
np.float32(102971.75),32776.926023,np.float32(0.98398596),np.float64(0.23032019625273667),7.536658e-01
np.float32(102971.76),32776.928509,np.float32(0.9825634),np.float64(0.22271078465927746),7.598526e-01
np.float32(102971.766),32776.930996,np.float32(0.98108083),np.float64(0.21508777994741643),7.659931e-01
np.float32(102971.77),32776.933483,np.float32(0.97953844),np.float64(0.20745164738607072),7.720868e-01
np.float32(102971.78),32776.935970,np.float32(0.9779362),np.float64(0.19980285304541381),7.781334e-01
np.float32(102971.79),32776.938457,np.float32(0.9762744),np.float64(0.19214186376842893),7.841325e-01
np.float32(102971.8),32776.940943,np.float32(0.97455287),np.float64(0.18446914714241536),7.900837e-01
np.float32(102971.805),32776.943430,np.float32(0.97277194),np.float64(0.17678517147044925),7.959868e-01
np.float32(102971.81),32776.945917,np.float32(0.9709316),np.float64(0.16909040574280101),8.018412e-01
np.float32(102971.82),32776.948404,np.float32(0.969032),np.float64(0.16138531960831035),8.076467e-01
np.float32(102971.83),32776.950891,np.float32(0.96707326),np.float64(0.15367038334572145),8.134029e-01
np.float32(102971.836),32776.953377,np.float32(0.9650555),np.float64(0.1459460678349795),8.191095e-01
np.float32(102971.84),32776.955864,np.float32(0.96297884),np.float64(0.1382128445284907),8.247660e-01
np.float32(102971.85),32776.958351,np.float32(0.9608434),np.float64(0.13047118542234715),8.303722e-01
np.float32(102971.86),32776.960838,np.float32(0.95864934),np.float64(0.12272156302751876),8.359278e-01
np.float32(102971.87),32776.963325,np.float32(0.9563967),np.float64(0.11496445034101344),8.414322e-01
np.float32(102971.875),32776.965811,np.float32(0.95408577),np.float64(0.10720032081700795),8.468854e-01
np.float32(102971.88),32776.968298,np.float32(0.9517166),np.float64(0.09942964833795064),8.522870e-01
np.float32(102971.89),32776.970785,np.float32(0.94928926),np.float64(0.0916529071856381),8.576364e-01
np.float32(102971.9),32776.973272,np.float32(0.94680405),np.float64(0.08387057201226747),8.629335e-01
np.float32(102971.91),32776.975759,np.float32(0.944261),np.float64(0.07608311781146608),8.681779e-01
np.float32(102971.914),32776.978245,np.float32(0.9416604),np.float64(0.06829101988930036),8.733694e-01
np.float32(102971.92),32776.980732,np.float32(0.9390023),np.float64(0.060494753835265494),8.785075e-01
np.float32(102971.93),32776.983219,np.float32(0.93628687),np.float64(0.05269479549325799),8.835921e-01
np.float32(102971.94),32776.985706,np.float32(0.93351424),np.float64(0.044891620932532586),8.886226e-01
np.float32(102971.945),32776.988193,np.float32(0.9306847),np.float64(0.03708570641864541),8.935990e-01
np.float32(102971.95),32776.990679,np.float32(0.92779833),np.float64(0.029277528384385226),8.985208e-01
np.float32(102971.96),32776.993166,np.float32(0.92485535),np.float64(0.02146756340069441),9.033878e-01
np.float32(102971.97),32776.995653,np.float32(0.9218559),np.float64(0.01365628814758152),9.081996e-01
np.float32(102971.98),32776.998140,np.float32(0.91880023),np.float64(0.0058441793850272095),9.129561e-01
np.float32(102971.984),32777.000627,np.float32(0.91568846),np.float64(-0.0019682860761147517),9.176567e-01
np.float32(102971.99),32777.003113,np.float32(0.91252077),np.float64(-0.009780631403219548),9.223014e-01
np.float32(102972.0),32777.005600,np.float32(0.9092974),np.float64(-0.017592379770994725),9.268898e-01
np.float32(102972.01),32777.008087,np.float32(0.90601856),np.float64(-0.025403054390583154),9.314216e-01
np.float32(102972.016),32777.010574,np.float32(0.9026844),np.float64(-0.033212178538663754),9.358966e-01
np.float32(102972.02),32777.013061,np.float32(0.89929515),np.float64(-0.04101927558654824),9.403144e-01
np.float32(102972.03),32777.015547,np.float32(0.89585096),np.float64(-0.04882386902927208),9.446748e-01
np.float32(102972.04),32777.018034,np.float32(0.89235216),np.float64(-0.056625482514677875),9.489776e-01
np.float32(102972.05),32777.020521,np.float32(0.8887989),np.float64(-0.06442363987248949),9.532225e-01
np.float32(102972.055),32777.023008,np.float32(0.8851914),np.float64(-0.07221786514337497),9.574092e-01
np.float32(102972.06),32777.025494,np.float32(0.88152975),np.float64(-0.08000768260799672),9.615374e-01
np.float32(102972.07),32777.027981,np.float32(0.8778144),np.float64(-0.0877926168160469),9.656070e-01
np.float32(102972.08),32777.030468,np.float32(0.87404543),np.float64(-0.09557219261526646),9.696176e-01
np.float32(102972.086),32777.032955,np.float32(0.87022316),np.float64(-0.10334593518044606),9.735691e-01
np.float32(102972.09),32777.035442,np.float32(0.86634773),np.float64(-0.11111337004240684),9.774611e-01
np.float32(102972.1),32777.037928,np.float32(0.8624195),np.float64(-0.1188740231169597),9.812935e-01
np.float32(102972.11),32777.040415,np.float32(0.85843855),np.float64(-0.1266274207338408),9.850660e-01
np.float32(102972.12),32777.042902,np.float32(0.8544052),np.float64(-0.13437308966562214),9.887783e-01
np.float32(102972.125),32777.045389,np.float32(0.85031974),np.float64(-0.14211055715659476),9.924303e-01
np.float32(102972.13),32777.047876,np.float32(0.8461824),np.float64(-0.14983935095162337),9.960218e-01
np.float32(102972.14),32777.050362,np.float32(0.8419934),np.float64(-0.15755899932497042),9.995524e-01
np.float32(102972.15),32777.052849,np.float32(0.837753),np.float64(-0.16526903110908775),1.003022e+00
np.float32(102972.16),32777.055336,np.float32(0.83346146),np.float64(-0.17296897572337416),1.006430e+00
np.float32(102972.164),32777.057823,np.float32(0.8291191),np.float64(-0.18065836320289747),1.009777e+00
np.float32(102972.17),32777.060310,np.float32(0.82472605),np.float64(-0.1883367242270784),1.013063e+00
np.float32(102972.18),32777.062796,np.float32(0.8202827),np.float64(-0.19600359014833585),1.016286e+00
np.float32(102972.19),32777.065283,np.float32(0.8157893),np.float64(-0.2036584930206904),1.019448e+00
np.float32(102972.195),32777.067770,np.float32(0.8112461),np.float64(-0.2113009656283256),1.022547e+00
np.float32(102972.2),32777.070257,np.float32(0.8066534),np.float64(-0.2189305415141042),1.025584e+00
np.float32(102972.21),32777.072744,np.float32(0.80201143),np.float64(-0.22654675500803848),1.028558e+00
np.float32(102972.22),32777.075230,np.float32(0.79732054),np.float64(-0.2341491412557121),1.031470e+00
np.float32(102972.23),32777.077717,np.float32(0.79258096),np.float64(-0.2417372362466527),1.034318e+00
np.float32(102972.234),32777.080204,np.float32(0.78779304),np.float64(-0.2493105768426525),1.037104e+00
np.float32(102972.24),32777.082691,np.float32(0.782957),np.float64(-0.25686870080603597),1.039826e+00
np.float32(102972.25),32777.085178,np.float32(0.7780732),np.float64(-0.26441114682787237),1.042484e+00
np.float32(102972.26),32777.087664,np.float32(0.77314186),np.float64(-0.2719374545561318),1.045079e+00
np.float32(102972.266),32777.090151,np.float32(0.7681634),np.float64(-0.27944716462378244),1.047611e+00
np.float32(102972.27),32777.092638,np.float32(0.763138),np.float64(-0.2869398186768283),1.050078e+00
np.float32(102972.28),32777.095125,np.float32(0.75806606),np.float64(-0.2944149594022845),1.052481e+00
np.float32(102972.29),32777.097612,np.float32(0.75294787),np.float64(-0.3018721305560896),1.054820e+00
np.float32(102972.3),32777.100098,np.float32(0.74778366),np.float64(-0.30931087699095183),1.057095e+00
np.float32(102972.305),32777.102585,np.float32(0.74257386),np.float64(-0.31673074468412965),1.059305e+00
np.float32(102972.31),32777.105072,np.float32(0.7373187),np.float64(-0.32413128076514247),1.061450e+00
np.float32(102972.32),32777.107559,np.float32(0.73201853),np.float64(-0.3315120335434117),1.063531e+00
np.float32(102972.33),32777.110046,np.float32(0.7266737),np.float64(-0.3388725525358295),1.065546e+00
np.float32(102972.336),32777.112532,np.float32(0.72128457),np.float64(-0.3462123884942541),1.067497e+00
np.float32(102972.34),32777.115019,np.float32(0.71585137),np.float64(-0.35353109343292954),1.069382e+00
np.float32(102972.35),32777.117506,np.float32(0.7103745),np.float64(-0.3608282206558283),1.071203e+00
np.float32(102972.36),32777.119993,np.float32(0.70485425),np.float64(-0.3681033247839156),1.072958e+00
np.float32(102972.37),32777.122480,np.float32(0.69929093),np.float64(-0.3753559617823326),1.074647e+00
np.float32(102972.375),32777.124966,np.float32(0.693685),np.float64(-0.3825856889874984),1.076271e+00
np.float32(102972.38),32777.127453,np.float32(0.68803674),np.float64(-0.3897920651341279),1.077829e+00
np.float32(102972.39),32777.129940,np.float32(0.68234646),np.float64(-0.396974650382164),1.079321e+00
np.float32(102972.4),32777.132427,np.float32(0.6766145),np.float64(-0.40413300634362365),1.080748e+00
np.float32(102972.41),32777.134914,np.float32(0.6708413),np.float64(-0.41126669610935446),1.082108e+00
np.float32(102972.414),32777.137400,np.float32(0.66502714),np.float64(-0.4183752842757016),1.083402e+00
np.float32(102972.42),32777.139887,np.float32(0.65917236),np.float64(-0.4254583369710823),1.084631e+00
np.float32(102972.43),32777.142374,np.float32(0.65327734),np.float64(-0.4325154218824675),1.085793e+00
np.float32(102972.44),32777.144861,np.float32(0.6473425),np.float64(-0.43954610828176777),1.086889e+00
np.float32(102972.445),32777.147347,np.float32(0.64136815),np.float64(-0.44654996705212274),1.087918e+00
np.float32(102972.45),32777.149834,np.float32(0.6353546),np.float64(-0.45352657071409236),1.088881e+00
np.float32(102972.46),32777.152321,np.float32(0.6293023),np.float64(-0.4604754934517478),1.089778e+00
np.float32(102972.47),32777.154808,np.float32(0.62321156),np.float64(-0.4673963111386612),1.090608e+00
np.float32(102972.48),32777.157295,np.float32(0.61708283),np.float64(-0.47428860136379225),1.091371e+00
np.float32(102972.484),32777.159781,np.float32(0.61091644),np.float64(-0.4811519434572697),1.092068e+00
np.float32(102972.49),32777.162268,np.float32(0.6047127),np.float64(-0.48798591851606715),1.092699e+00
np.float32(102972.5),32777.164755,np.float32(0.5984721),np.float64(-0.4947901094295707),1.093262e+00
np.float32(102972.51),32777.167242,np.float32(0.592195),np.float64(-0.5015641009050369),1.093759e+00
np.float32(102972.516),32777.169729,np.float32(0.5858817),np.float64(-0.5083074794929408),1.094189e+00
np.float32(102972.52),32777.172215,np.float32(0.5795327),np.float64(-0.5150198336122097),1.094553e+00
np.float32(102972.53),32777.174702,np.float32(0.57314825),np.float64(-0.5217007535753453),1.094849e+00
np.float32(102972.54),32777.177189,np.float32(0.5667289),np.float64(-0.5283498316134274),1.095079e+00
np.float32(102972.55),32777.179676,np.float32(0.5602749),np.float64(-0.5349666619010035),1.095242e+00
np.float32(102972.555),32777.182163,np.float32(0.5537867),np.float64(-0.541550840580857),1.095338e+00
np.float32(102972.56),32777.184649,np.float32(0.5472647),np.float64(-0.5481019657886576),1.095367e+00
np.float32(102972.57),32777.187136,np.float32(0.5407093),np.float64(-0.5546196376774882),1.095329e+00
np.float32(102972.58),32777.189623,np.float32(0.534121),np.float64(-0.5611034584422501),1.095224e+00
np.float32(102972.586),32777.192110,np.float32(0.5275),np.float64(-0.5675530323439426),1.095053e+00
np.float32(102972.59),32777.194597,np.float32(0.5208468),np.float64(-0.5739679657338171),1.094815e+00
np.float32(102972.6),32777.197083,np.float32(0.5141618),np.float64(-0.5803478670774034),1.094510e+00
np.float32(102972.61),32777.199570,np.float32(0.50744545),np.float64(-0.5866923469784066),1.094138e+00
np.float32(102972.62),32777.202057,np.float32(0.50069815),np.float64(-0.5930010182024741),1.093699e+00
np.float32(102972.625),32777.204544,np.float32(0.49392027),np.float64(-0.5992734957008305),1.093194e+00
np.float32(102972.63),32777.207031,np.float32(0.48711225),np.float64(-0.6055093966337791),1.092622e+00
np.float32(102972.64),32777.209517,np.float32(0.48027447),np.float64(-0.6117083403940676),1.091983e+00
np.float32(102972.65),32777.212004,np.float32(0.47340742),np.float64(-0.6178699486301198),1.091277e+00
np.float32(102972.66),32777.214491,np.float32(0.46651143),np.float64(-0.6239938452691267),1.090505e+00
np.float32(102972.664),32777.216978,np.float32(0.459587),np.float64(-0.6300796565400015),1.089667e+00
np.float32(102972.67),32777.219465,np.float32(0.4526345),np.float64(-0.6361270109961914),1.088762e+00
np.float32(102972.68),32777.221951,np.float32(0.4456544),np.float64(-0.6421355395383498),1.087790e+00
np.float32(102972.69),32777.224438,np.float32(0.43864706),np.float64(-0.6481048754368635),1.086752e+00
np.float32(102972.695),32777.226925,np.float32(0.43161297),np.float64(-0.6540346543542361),1.085648e+00
np.float32(102972.7),32777.229412,np.float32(0.42455253),np.float64(-0.6599245143673262),1.084477e+00
np.float32(102972.71),32777.231899,np.float32(0.4174662),np.float64(-0.6657740959894358),1.083240e+00
np.float32(102972.72),32777.234385,np.float32(0.41035438),np.float64(-0.6715830421922524),1.081937e+00
np.float32(102972.73),32777.236872,np.float32(0.4032175),np.float64(-0.6773509984276405),1.080568e+00
np.float32(102972.734),32777.239359,np.float32(0.396056),np.float64(-0.6830776126492804),1.079134e+00
np.float32(102972.74),32777.241846,np.float32(0.38887036),np.float64(-0.6887625353341561),1.077633e+00
np.float32(102972.75),32777.244333,np.float32(0.38166094),np.float64(-0.6944054195038881),1.076066e+00
np.float32(102972.76),32777.246819,np.float32(0.37442827),np.float64(-0.7000059207459113),1.074434e+00
np.float32(102972.766),32777.249306,np.float32(0.36717272),np.float64(-0.7055636972344959),1.072736e+00
np.float32(102972.77),32777.251793,np.float32(0.35989478),np.float64(-0.7110784097516107),1.070973e+00
np.float32(102972.78),32777.254280,np.float32(0.35259485),np.float64(-0.7165497217076277),1.069145e+00
np.float32(102972.79),32777.256767,np.float32(0.34527344),np.float64(-0.7219772991618653),1.067251e+00
np.float32(102972.8),32777.259253,np.float32(0.33793092),np.float64(-0.7273608108429702),1.065292e+00
np.float32(102972.805),32777.261740,np.float32(0.3305678),np.float64(-0.7326999281691373),1.063268e+00
np.float32(102972.81),32777.264227,np.float32(0.32318446),np.float64(-0.7379943252681639),1.061179e+00
np.float32(102972.82),32777.266714,np.float32(0.31578144),np.float64(-0.7432436789973392),1.059025e+00
np.float32(102972.83),32777.269200,np.float32(0.30835915),np.float64(-0.7484476689631678),1.056807e+00
np.float32(102972.836),32777.271687,np.float32(0.300918),np.float64(-0.7536059775409245),1.054524e+00
np.float32(102972.84),32777.274174,np.float32(0.2934585),np.float64(-0.7587182898940408),1.052177e+00
np.float32(102972.85),32777.276661,np.float32(0.28598112),np.float64(-0.7637842939933203),1.049765e+00
np.float32(102972.86),32777.279148,np.float32(0.27848622),np.float64(-0.7688036806359839),1.047290e+00
np.float32(102972.87),32777.281634,np.float32(0.27097437),np.float64(-0.7737761434645419),1.044751e+00
np.float32(102972.875),32777.284121,np.float32(0.26344594),np.float64(-0.7787013789854924),1.042147e+00
np.float32(102972.88),32777.286608,np.float32(0.25590152),np.float64(-0.7835790865878446),1.039481e+00
np.float32(102972.89),32777.289095,np.float32(0.2483414),np.float64(-0.7884089685614671),1.036750e+00
np.float32(102972.9),32777.291582,np.float32(0.24076612),np.float64(-0.7931907301152584),1.033957e+00
np.float32(102972.91),32777.294068,np.float32(0.23317616),np.float64(-0.7979240793951394),1.031100e+00
np.float32(102972.914),32777.296555,np.float32(0.22557199),np.float64(-0.8026087275018667),1.028181e+00
np.float32(102972.92),32777.299042,np.float32(0.21795404),np.float64(-0.8072443885086652),1.025198e+00
np.float32(102972.93),32777.301529,np.float32(0.2103228),np.float64(-0.8118307794786804),1.022154e+00
np.float32(102972.94),32777.304016,np.float32(0.20267871),np.float64(-0.8163676204822464),1.019046e+00
np.float32(102972.945),32777.306502,np.float32(0.19502224),np.float64(-0.8208546346139722),1.015877e+00
np.float32(102972.95),32777.308989,np.float32(0.18735386),np.float64(-0.8252915480096421),1.012645e+00
np.float32(102972.96),32777.311476,np.float32(0.17967406),np.float64(-0.8296780898629311),1.009352e+00
np.float32(102972.97),32777.313963,np.float32(0.1719833),np.float64(-0.8340139924419336),1.005997e+00
np.float32(102972.98),32777.316450,np.float32(0.16428205),np.float64(-0.8382989911055043),1.002581e+00
np.float32(102972.984),32777.318936,np.float32(0.15657075),np.float64(-0.8425328243194102),9.991036e-01
np.float32(102972.99),32777.321423,np.float32(0.14884992),np.float64(-0.8467152336722943),9.955652e-01
np.float32(102973.0),32777.323910,np.float32(0.14111997),np.float64(-0.8508459638914463),9.919659e-01
np.float32(102973.01),32777.326397,np.float32(0.13338144),np.float64(-0.8549247628583843),9.883062e-01
np.float32(102973.016),32777.328884,np.float32(0.12563476),np.float64(-0.8589513816242423),9.845861e-01
np.float32(102973.02),32777.331370,np.float32(0.1178804),np.float64(-0.8629255744249648),9.808060e-01
np.float32(102973.03),32777.333857,np.float32(0.11011884),np.float64(-0.8668470986963069),9.769659e-01
np.float32(102973.04),32777.336344,np.float32(0.10235057),np.float64(-0.8707157150886395),9.730663e-01
np.float32(102973.05),32777.338831,np.float32(0.094576046),np.float64(-0.8745311874815574),9.691072e-01
np.float32(102973.055),32777.341318,np.float32(0.08679578),np.float64(-0.8782932829982917),9.650891e-01
np.float32(102973.06),32777.343804,np.float32(0.07901018),np.float64(-0.8820017720199224),9.610120e-01
np.float32(102973.07),32777.346291,np.float32(0.07121978),np.float64(-0.8856564281993938),9.568762e-01
np.float32(102973.08),32777.348778,np.float32(0.06342501),np.float64(-0.8892570284753297),9.526820e-01
np.float32(102973.086),32777.351265,np.float32(0.055626407),np.float64(-0.8928033530856474),9.484298e-01
np.float32(102973.09),32777.353752,np.float32(0.047824375),np.float64(-0.896295185580971),9.441196e-01
np.float32(102973.1),32777.356238,np.float32(0.040019423),np.float64(-0.8997323128378426),9.397517e-01
np.float32(102973.11),32777.358725,np.float32(0.03221205),np.float64(-0.9031145250717301),9.353266e-01
np.float32(102973.12),32777.361212,np.float32(0.024402697),np.float64(-0.9064416158498313),9.308443e-01
np.float32(102973.125),32777.363699,np.float32(0.016591867),np.float64(-0.9097133821036735),9.263052e-01
np.float32(102973.13),32777.366186,np.float32(0.008780011),np.float64(-0.9129296241415079),9.217096e-01
np.float32(102973.14),32777.368672,np.float32(0.0009676336),np.float64(-0.9160901456604977),9.170578e-01
np.float32(102973.15),32777.371159,np.float32(0.0),np.float64(-0.9191947537586993),9.191948e-01
np.float32(102973.16),32777.373646,np.float32(0.0),np.float64(-0.922243258946836),9.222433e-01
np.float32(102973.164),32777.376133,np.float32(0.0),np.float64(-0.9252354751598638),9.252355e-01
np.float32(102973.17),32777.378620,np.float32(0.0),np.float64(-0.9281712197683275),9.281712e-01
np.float32(102973.18),32777.381106,np.float32(0.0),np.float64(-0.9310503135895075),9.310503e-01
np.float32(102973.19),32777.383593,np.float32(0.0),np.float64(-0.9338725808983566),9.338726e-01
np.float32(102973.195),32777.386080,np.float32(0.0),np.float64(-0.9366378494382244),9.366378e-01
np.float32(102973.2),32777.388567,np.float32(0.0),np.float64(-0.9393459504313723),9.393460e-01
np.float32(102973.21),32777.391053,np.float32(0.0),np.float64(-0.9419967185892735),9.419967e-01
np.float32(102973.22),32777.393540,np.float32(0.0),np.float64(-0.9445899921227022),9.445900e-01
np.float32(102973.23),32777.396027,np.float32(0.0),np.float64(-0.9471256127516083),9.471256e-01
np.float32(102973.234),32777.398514,np.float32(0.0),np.float64(-0.9496034257147777),9.496034e-01
np.float32(102973.24),32777.401001,np.float32(0.0),np.float64(-0.9520232797792781),9.520233e-01
np.float32(102973.25),32777.403487,np.float32(0.0),np.float64(-0.9543850272496899),9.543850e-01
np.float32(102973.26),32777.405974,np.float32(0.0),np.float64(-0.9566885239771203),9.566885e-01
np.float32(102973.266),32777.408461,np.float32(0.0),np.float64(-0.9589336293680019),9.589336e-01
np.float32(102973.27),32777.410948,np.float32(0.0),np.float64(-0.9611202063926731),9.611202e-01
np.float32(102973.28),32777.413435,np.float32(0.0),np.float64(-0.9632481215937425),9.632481e-01
np.float32(102973.29),32777.415921,np.float32(0.0),np.float64(-0.9653172450942339),9.653172e-01
np.float32(102973.3),32777.418408,np.float32(0.0),np.float64(-0.9673274506055134),9.673275e-01
np.float32(102973.305),32777.420895,np.float32(0.0),np.float64(-0.9692786154349976),9.692786e-01
np.float32(102973.31),32777.423382,np.float32(0.0),np.float64(-0.9711706204936421),9.711706e-01
np.float32(102973.32),32777.425869,np.float32(0.0),np.float64(-0.9730033503032097),9.730034e-01
np.float32(102973.33),32777.428355,np.float32(0.0),np.float64(-0.9747766930033193),9.747767e-01
np.float32(102973.336),32777.430842,np.float32(0.0),np.float64(-0.9764905403582723),9.764905e-01
np.float32(102973.34),32777.433329,np.float32(0.0),np.float64(-0.97814478776366),9.781448e-01
np.float32(102973.35),32777.435816,np.float32(0.0),np.float64(-0.9797393342527468),9.797393e-01
np.float32(102973.36),32777.438303,np.float32(0.0),np.float64(-0.9812740825026338),9.812741e-01
np.float32(102973.37),32777.440789,np.float32(0.0),np.float64(-0.982748938840198),9.827489e-01
np.float32(102973.375),32777.443276,np.float32(0.0),np.float64(-0.9841638132478104),9.841638e-01
np.float32(102973.38),32777.445763,np.float32(0.0),np.float64(-0.9855186193688298),9.855186e-01
np.float32(102973.39),32777.448250,np.float32(0.0),np.float64(-0.9868132745128733),9.868133e-01
np.float32(102973.4),32777.450737,np.float32(0.0),np.float64(-0.9880476996608638),9.880477e-01
np.float32(102973.41),32777.453223,np.float32(0.0),np.float64(-0.9892218194698528),9.892218e-01
np.float32(102973.414),32777.455710,np.float32(0.0),np.float64(-0.9903355622776189),9.903356e-01
np.float32(102973.42),32777.458197,np.float32(0.0),np.float64(-0.9913888601070413),9.913889e-01
np.float32(102973.43),32777.460684,np.float32(0.0),np.float64(-0.9923816486702496),9.923816e-01
np.float32(102973.44),32777.463171,np.float32(0.0),np.float64(-0.9933138673725469),9.933139e-01
np.float32(102973.445),32777.465657,np.float32(0.0),np.float64(-0.9941854593161084),9.941855e-01
np.float32(102973.45),32777.468144,np.float32(0.0),np.float64(-0.9949963713034542),9.949964e-01
np.float32(102973.46),32777.470631,np.float32(0.0),np.float64(-0.9957465538406962),9.957466e-01
np.float32(102973.47),32777.473118,np.float32(0.0),np.float64(-0.996435961140559),9.964360e-01
np.float32(102973.48),32777.475605,np.float32(0.0),np.float64(-0.9970645511251742),9.970646e-01
np.float32(102973.484),32777.478091,np.float32(0.0),np.float64(-0.997632285428649),9.976323e-01
np.float32(102973.49),32777.480578,np.float32(0.0),np.float64(-0.998139129399408),9.981391e-01
np.float32(102973.5),32777.483065,np.float32(0.0),np.float64(-0.9985850521023073),9.985851e-01
np.float32(102973.51),32777.485552,np.float32(0.0),np.float64(-0.9989700263205236),9.989700e-01
np.float32(102973.516),32777.488039,np.float32(0.0),np.float64(-0.9992940285572148),9.992940e-01
np.float32(102973.52),32777.490525,np.float32(0.0),np.float64(-0.9995570390369545),9.995570e-01
np.float32(102973.53),32777.493012,np.float32(0.0),np.float64(-0.9997590417069384),9.997590e-01
np.float32(102973.54),32777.495499,np.float32(0.0),np.float64(-0.9999000242379648),9.999000e-01
np.float32(102973.55),32777.497986,np.float32(0.0),np.float64(-0.9999799780251867),9.999800e-01
np.float32(102973.555),32777.500473,np.float32(0.99988955),np.float64(-0.999998898188637),1.999888e+00
np.float32(102973.56),32777.502959,np.float32(0.9999658),np.float64(-0.9999567835735262),1.999923e+00
np.float32(102973.57),32777.505446,np.float32(1.0),np.float64(-0.9998536367503138),1.999854e+00
np.float32(102973.58),32777.507933,np.float32(1.0),np.float64(-0.9996894640145499),1.999689e+00
np.float32(102973.586),32777.510420,np.float32(0.9998741),np.float64(-0.9994642753864922),1.999338e+00
np.float32(102973.59),32777.512906,np.float32(0.9997063),np.float64(-0.999178084610494),1.998884e+00
np.float32(102973.6),32777.515393,np.float32(0.99951714),np.float64(-0.998830909154165),1.998348e+00
np.float32(102973.61),32777.517880,np.float32(0.99925584),np.float64(-0.9984227702073057),1.997679e+00
np.float32(102973.62),32777.520367,np.float32(0.99892414),np.float64(-0.997953692680614),1.996878e+00
np.float32(102973.625),32777.522854,np.float32(0.99853134),np.float64(-0.9974237052041641),1.995955e+00
np.float32(102973.63),32777.525340,np.float32(0.99807763),np.float64(-0.9968328401256601),1.994910e+00
np.float32(102973.64),32777.527827,np.float32(0.99756294),np.float64(-0.9961811335084609),1.993744e+00
np.float32(102973.65),32777.530314,np.float32(0.9969874),np.float64(-0.9954686251293794),1.992456e+00
np.float32(102973.66),32777.532801,np.float32(0.99635106),np.float64(-0.9946953584762547),1.991046e+00
np.float32(102973.664),32777.535288,np.float32(0.9956538),np.float64(-0.9938613807452977),1.989515e+00
np.float32(102973.67),32777.537774,np.float32(0.9948959),np.float64(-0.9929667428382106),1.987863e+00
np.float32(102973.68),32777.540261,np.float32(0.9940772),np.float64(-0.9920114993590802),1.986089e+00
np.float32(102973.69),32777.542748,np.float32(0.99319786),np.float64(-0.9909957086110448),1.984194e+00
np.float32(102973.695),32777.545235,np.float32(0.9922579),np.float64(-0.9899194325927362),1.982177e+00
np.float32(102973.7),32777.547722,np.float32(0.9912573),np.float64(-0.9887827369944951),1.980040e+00
np.float32(102973.71),32777.550208,np.float32(0.9901963),np.float64(-0.9875856911943623),1.977782e+00
np.float32(102973.72),32777.552695,np.float32(0.98907477),np.float64(-0.9863283682538436),1.975403e+00
np.float32(102973.73),32777.555182,np.float32(0.9878929),np.float64(-0.9850108449134506),1.972904e+00
np.float32(102973.734),32777.557669,np.float32(0.9866508),np.float64(-0.9836332015880174),1.970284e+00
np.float32(102973.74),32777.560156,np.float32(0.98534846),np.float64(-0.9821955223617919),1.967544e+00
np.float32(102973.75),32777.562642,np.float32(0.98398596),np.float64(-0.980697894983304),1.964684e+00
np.float32(102973.76),32777.565129,np.float32(0.9825634),np.float64(-0.9791404108600098),1.961704e+00
np.float32(102973.766),32777.567616,np.float32(0.98108083),np.float64(-0.9775231650527126),1.958604e+00
np.float32(102973.77),32777.570103,np.float32(0.97953844),np.float64(-0.975846256269761),1.955385e+00
np.float32(102973.78),32777.572590,np.float32(0.9779362),np.float64(-0.9741097868610239),1.952046e+00
np.float32(102973.79),32777.575076,np.float32(0.9762744),np.float64(-0.9723138628116439),1.948588e+00
np.float32(102973.8),32777.577563,np.float32(0.97455287),np.float64(-0.9704585937355685),1.945011e+00
np.float32(102973.805),32777.580050,np.float32(0.97277194),np.float64(-0.9685440928688598),1.941316e+00
np.float32(102973.81),32777.582537,np.float32(0.9709316),np.float64(-0.9665704770627828),1.937502e+00
np.float32(102973.82),32777.585024,np.float32(0.969032),np.float64(-0.964537866776674),1.933570e+00
np.float32(102973.83),32777.587510,np.float32(0.96707326),np.float64(-0.9624463860705887),1.929520e+00
np.float32(102973.836),32777.589997,np.float32(0.9650555),np.float64(-0.9602961625977295),1.925352e+00
np.float32(102973.84),32777.592484,np.float32(0.96297884),np.float64(-0.9580873275966545),1.921066e+00
np.float32(102973.85),32777.594971,np.float32(0.9608434),np.float64(-0.9558200158832673),1.916663e+00
np.float32(102973.86),32777.597458,np.float32(0.95864934),np.float64(-0.9534943658425887),1.912144e+00
np.float32(102973.87),32777.599944,np.float32(0.9563967),np.float64(-0.9511105194203104),1.907507e+00
np.float32(102973.875),32777.602431,np.float32(0.95408577),np.float64(-0.9486686221141313),1.902754e+00
np.float32(102973.88),32777.604918,np.float32(0.9517166),np.float64(-0.9461688229648769),1.897885e+00
np.float32(102973.89),32777.607405,np.float32(0.94928926),np.float64(-0.9436112745474028),1.892901e+00
np.float32(102973.9),32777.609892,np.float32(0.94680405),np.float64(-0.9409961329612824),1.887800e+00
np.float32(102973.91),32777.612378,np.float32(0.944261),np.float64(-0.938323557821279),1.882585e+00
np.float32(102973.914),32777.614865,np.float32(0.9416604),np.float64(-0.9355937122476043),1.877254e+00
np.float32(102973.92),32777.617352,np.float32(0.9390023),np.float64(-0.932806762855962),1.871809e+00
np.float32(102973.93),32777.619839,np.float32(0.93628687),np.float64(-0.9299628797473786),1.866250e+00
np.float32(102973.94),32777.622326,np.float32(0.93351424),np.float64(-0.9270622364978208),1.860576e+00
np.float32(102973.945),32777.624812,np.float32(0.9306847),np.float64(-0.9241050101476024),1.854790e+00
np.float32(102973.95),32777.627299,np.float32(0.92779833),np.float64(-0.9210913811905775),1.848890e+00
np.float32(102973.96),32777.629786,np.float32(0.92485535),np.float64(-0.9180215335631251),1.842877e+00
np.float32(102973.97),32777.632273,np.float32(0.9218559),np.float64(-0.9148956546329216),1.836752e+00
np.float32(102973.98),32777.634760,np.float32(0.91880023),np.float64(-0.9117139351875054),1.830514e+00
np.float32(102973.984),32777.637246,np.float32(0.91568846),np.float64(-0.9084765694226326),1.824165e+00
np.float32(102973.99),32777.639733,np.float32(0.91252077),np.float64(-0.9051837549304231),1.817705e+00
np.float32(102974.0),32777.642220,np.float32(0.9092974),np.float64(-0.901835692687302),1.811133e+00
np.float32(102974.01),32777.644707,np.float32(0.90601856),np.float64(-0.898432587041732),1.804451e+00
np.float32(102974.016),32777.647193,np.float32(0.9026844),np.float64(-0.8949746457017415),1.797659e+00
np.float32(102974.02),32777.649680,np.float32(0.89929515),np.float64(-0.8914620797222468),1.790757e+00
np.float32(102974.03),32777.652167,np.float32(0.89585096),np.float64(-0.887895103492171),1.783746e+00
np.float32(102974.04),32777.654654,np.float32(0.89235216),np.float64(-0.8842739347213583),1.776626e+00
np.float32(102974.05),32777.657141,np.float32(0.8887989),np.float64(-0.8805987944272864),1.769398e+00
np.float32(102974.055),32777.659627,np.float32(0.8851914),np.float64(-0.8768699069215763),1.762061e+00
np.float32(102974.06),32777.662114,np.float32(0.88152975),np.float64(-0.873087499796302),1.754617e+00
np.float32(102974.07),32777.664601,np.float32(0.8778144),np.float64(-0.8692518039100992),1.747066e+00
np.float32(102974.08),32777.667088,np.float32(0.87404543),np.float64(-0.8653630533740748),1.739408e+00
np.float32(102974.086),32777.669575,np.float32(0.87022316),np.float64(-0.8614214855375183),1.731645e+00
np.float32(102974.09),32777.672061,np.float32(0.86634773),np.float64(-0.8574273409734148),1.723775e+00
np.float32(102974.1),32777.674548,np.float32(0.8624195),np.float64(-0.8533808634637619),1.715800e+00
np.float32(102974.11),32777.677035,np.float32(0.85843855),np.float64(-0.8492822999846905),1.707721e+00
np.float32(102974.12),32777.679522,np.float32(0.8544052),np.float64(-0.8451319006913905),1.699537e+00
np.float32(102974.125),32777.682009,np.float32(0.85031974),np.float64(-0.840929918902843),1.691250e+00
np.float32(102974.13),32777.684495,np.float32(0.8461824),np.float64(-0.8366766110863583),1.682859e+00
np.float32(102974.14),32777.686982,np.float32(0.8419934),np.float64(-0.8323722368419234),1.674366e+00
np.float32(102974.15),32777.689469,np.float32(0.837753),np.float64(-0.8280170588863565),1.665770e+00
np.float32(102974.16),32777.691956,np.float32(0.83346146),np.float64(-0.8236113430372726),1.657073e+00
np.float32(102974.164),32777.694443,np.float32(0.8291191),np.float64(-0.8191553581968591),1.648274e+00
np.float32(102974.17),32777.696929,np.float32(0.82472605),np.float64(-0.814649376335464),1.639375e+00
np.float32(102974.18),32777.699416,np.float32(0.8202827),np.float64(-0.8100936724749952),1.630376e+00
np.float32(102974.19),32777.701903,np.float32(0.8157893),np.float64(-0.8054885246721354),1.621278e+00
np.float32(102974.195),32777.704390,np.float32(0.8112461),np.float64(-0.8008342140013707),1.612080e+00
np.float32(102974.2),32777.706877,np.float32(0.8066534),np.float64(-0.7961310245378351),1.602784e+00
np.float32(102974.21),32777.709363,np.float32(0.80201143),np.float64(-0.7913792433399727),1.593391e+00
np.float32(102974.22),32777.711850,np.float32(0.79732054),np.float64(-0.7865791604320158),1.583900e+00
np.float32(102974.23),32777.714337,np.float32(0.79258096),np.float64(-0.7817310687862848),1.574312e+00
np.float32(102974.234),32777.716824,np.float32(0.78779304),np.float64(-0.7768352643053057),1.564628e+00
np.float32(102974.24),32777.719311,np.float32(0.782957),np.float64(-0.7718920458037503),1.554849e+00
np.float32(102974.25),32777.721797,np.float32(0.7780732),np.float64(-0.7669017149901972),1.544975e+00
np.float32(102974.26),32777.724284,np.float32(0.77314186),np.float64(-0.7618645764487186),1.535006e+00
np.float32(102974.266),32777.726771,np.float32(0.7681634),np.float64(-0.7567809376202885),1.524944e+00
np.float32(102974.27),32777.729258,np.float32(0.763138),np.float64(-0.751651108784019),1.514789e+00
np.float32(102974.28),32777.731745,np.float32(0.75806606),np.float64(-0.746475403038222),1.504541e+00
np.float32(102974.29),32777.734231,np.float32(0.75294787),np.float64(-0.7412541362812999),1.494202e+00
np.float32(102974.3),32777.736718,np.float32(0.74778366),np.float64(-0.735987627192464),1.483771e+00
np.float32(102974.305),32777.739205,np.float32(0.74257386),np.float64(-0.7306761972122845),1.473250e+00
np.float32(102974.31),32777.741692,np.float32(0.7373187),np.float64(-0.7253201705230712),1.462639e+00
np.float32(102974.32),32777.744179,np.float32(0.73201853),np.float64(-0.7199198740290874),1.451938e+00
np.float32(102974.33),32777.746665,np.float32(0.7266737),np.float64(-0.7144756373365968),1.441149e+00
np.float32(102974.336),32777.749152,np.float32(0.72128457),np.float64(-0.7089877927337465),1.430272e+00
np.float32(102974.34),32777.751639,np.float32(0.71585137),np.float64(-0.7034566751702857),1.419308e+00
np.float32(102974.35),32777.754126,np.float32(0.7103745),np.float64(-0.697882622237122),1.408257e+00
np.float32(102974.36),32777.756613,np.float32(0.70485425),np.float64(-0.6922659741457168),1.397120e+00
np.float32(102974.37),32777.759099,np.float32(0.69929093),np.float64(-0.6866070737073202),1.385898e+00
np.float32(102974.375),32777.761586,np.float32(0.693685),np.float64(-0.680906266312048),1.374591e+00
np.float32(102974.38),32777.764073,np.float32(0.68803674),np.float64(-0.6751638999078006),1.363201e+00
np.float32(102974.39),32777.766560,np.float32(0.68234646),np.float64(-0.6693803249790259),1.351727e+00
np.float32(102974.4),32777.769046,np.float32(0.6766145),np.float64(-0.663555894525328),1.340170e+00
np.float32(102974.41),32777.771533,np.float32(0.6708413),np.float64(-0.6576909640399218),1.328532e+00
np.float32(102974.414),32777.774020,np.float32(0.66502714),np.float64(-0.6517858914879346),1.316813e+00
np.float32(102974.42),32777.776507,np.float32(0.65917236),np.float64(-0.6458410372845598),1.305013e+00
np.float32(102974.43),32777.778994,np.float32(0.65327734),np.float64(-0.6398567642730565),1.293134e+00
np.float32(102974.44),32777.781480,np.float32(0.6473425),np.float64(-0.6338334377026055),1.281176e+00
np.float32(102974.445),32777.783967,np.float32(0.64136815),np.float64(-0.6277714252060151),1.269140e+00
np.float32(102974.45),32777.786454,np.float32(0.6353546),np.float64(-0.6216710967772837),1.257026e+00
np.float32(102974.46),32777.788941,np.float32(0.6293023),np.float64(-0.615532824749016),1.244835e+00
np.float32(102974.47),32777.791428,np.float32(0.62321156),np.float64(-0.6093569837696989),1.232569e+00
np.float32(102974.48),32777.793914,np.float32(0.61708283),np.float64(-0.6031439507808343),1.220227e+00
np.float32(102974.484),32777.796401,np.float32(0.61091644),np.float64(-0.5968941049939327),1.207811e+00
np.float32(102974.49),32777.798888,np.float32(0.6047127),np.float64(-0.5906078278673681),1.195321e+00
np.float32(102974.5),32777.801375,np.float32(0.5984721),np.float64(-0.5842855030830955),1.182758e+00
np.float32(102974.51),32777.803862,np.float32(0.592195),np.float64(-0.5779275165232333),1.170122e+00
np.float32(102974.516),32777.806348,np.float32(0.5858817),np.float64(-0.5715342562465109),1.157416e+00
np.float32(102974.52),32777.808835,np.float32(0.5795327),np.float64(-0.5651061124645835),1.144639e+00
np.float32(102974.53),32777.811322,np.float32(0.57314825),np.float64(-0.5586434775182156),1.131792e+00
np.float32(102974.54),32777.813809,np.float32(0.5667289),np.float64(-0.5521467458533349),1.118876e+00
np.float32(102974.55),32777.816296,np.float32(0.5602749),np.float64(-0.5456163139969565),1.105891e+00
np.float32(102974.555),32777.818782,np.float32(0.5537867),np.float64(-0.5390525805329822),1.092839e+00
np.float32(102974.56),32777.821269,np.float32(0.5472647),np.float64(-0.5324559460778716),1.079721e+00
np.float32(102974.57),32777.823756,np.float32(0.5407093),np.float64(-0.5258268132561916),1.066536e+00
np.float32(102974.58),32777.826243,np.float32(0.534121),np.float64(-0.519165586676042),1.053287e+00
np.float32(102974.586),32777.828730,np.float32(0.5275),np.float64(-0.5124726729043597),1.039973e+00
np.float32(102974.59),32777.831216,np.float32(0.5208468),np.float64(-0.5057484804421051),1.026595e+00
np.float32(102974.6),32777.833703,np.float32(0.5141618),np.float64(-0.4989934196993281),1.013155e+00
np.float32(102974.61),32777.836190,np.float32(0.50744545),np.float64(-0.4922079029701197),9.996534e-01
np.float32(102974.62),32777.838677,np.float32(0.50069815),np.float64(-0.48539234440744716),9.860905e-01
np.float32(102974.625),32777.841164,np.float32(0.49392027),np.float64(-0.47854715999787645),9.724674e-01
np.float32(102974.63),32777.843650,np.float32(0.48711225),np.float64(-0.4716727675361826),9.587850e-01
np.float32(102974.64),32777.846137,np.float32(0.48027447),np.float64(-0.46476958659984946),9.450441e-01
np.float32(102974.65),32777.848624,np.float32(0.47340742),np.float64(-0.45783803852346117),9.312455e-01
np.float32(102974.66),32777.851111,np.float32(0.46651143),np.float64(-0.45087854637298574),9.173900e-01
np.float32(102974.664),32777.853598,np.float32(0.459587),np.float64(-0.44389153491995353),9.034785e-01
np.float32(102974.67),32777.856084,np.float32(0.4526345),np.float64(-0.4368774306155312),8.895119e-01
np.float32(102974.68),32777.858571,np.float32(0.4456544),np.float64(-0.42983666156449346),8.754911e-01
np.float32(102974.69),32777.861058,np.float32(0.43864706),np.float64(-0.42276965749909373),8.614167e-01
np.float32(102974.695),32777.863545,np.float32(0.43161297),np.float64(-0.41567684975283553),8.472898e-01
np.float32(102974.7),32777.866032,np.float32(0.42455253),np.float64(-0.40855867123414596),8.331112e-01
np.float32(102974.71),32777.868518,np.float32(0.4174662),np.float64(-0.40141555639995335),8.188817e-01
np.float32(102974.72),32777.871005,np.float32(0.41035438),np.float64(-0.3942479412291703),8.046023e-01
np.float32(102974.73),32777.873492,np.float32(0.4032175),np.float64(-0.3870562631960834),7.902738e-01
np.float32(102974.734),32777.875979,np.float32(0.396056),np.float64(-0.3798409612436527),7.758970e-01
np.float32(102974.74),32777.878466,np.float32(0.38887036),np.float64(-0.3726024757567202),7.614728e-01
np.float32(102974.75),32777.880952,np.float32(0.38166094),np.float64(-0.36534124853513156),7.470022e-01
np.float32(102974.76),32777.883439,np.float32(0.37442827),np.float64(-0.35805772276677067),7.324860e-01
np.float32(102974.766),32777.885926,np.float32(0.36717272),np.float64(-0.35075234300050967),7.179251e-01
np.float32(102974.77),32777.888413,np.float32(0.35989478),np.float64(-0.34342555511907624),7.033203e-01
np.float32(102974.78),32777.890899,np.float32(0.35259485),np.float64(-0.336077806311839),6.886727e-01
np.float32(102974.79),32777.893386,np.float32(0.34527344),np.float64(-0.3287095450475134),6.739830e-01
np.float32(102974.8),32777.895873,np.float32(0.33793092),np.float64(-0.3213212210467896),6.592521e-01
np.float32(102974.805),32777.898360,np.float32(0.3305678),np.float64(-0.3139132852548838),6.444811e-01
np.float32(102974.81),32777.900847,np.float32(0.32318446),np.float64(-0.3064861898140149),6.296707e-01
np.float32(102974.82),32777.903333,np.float32(0.31578144),np.float64(-0.2990403880358078),6.148218e-01
np.float32(102974.83),32777.905820,np.float32(0.30835915),np.float64(-0.29157633437362607),5.999355e-01
np.float32(102974.836),32777.908307,np.float32(0.300918),np.float64(-0.2840944843948341),5.850125e-01
np.float32(102974.84),32777.910794,np.float32(0.2934585),np.float64(-0.27659529475299166),5.700538e-01
np.float32(102974.85),32777.913281,np.float32(0.28598112),np.float64(-0.26907922315998223),5.550603e-01
np.float32(102974.86),32777.915767,np.float32(0.27848622),np.float64(-0.26154672835807663),5.400330e-01
np.float32(102974.87),32777.918254,np.float32(0.27097437),np.float64(-0.2539982700919337),5.249726e-01
np.float32(102974.875),32777.920741,np.float32(0.26344594),np.float64(-0.2464343090805397),5.098803e-01
np.float32(102974.88),32777.923228,np.float32(0.25590152),np.float64(-0.23885530698908874),4.947568e-01
np.float32(102974.89),32777.925715,np.float32(0.2483414),np.float64(-0.23126172640080486),4.796031e-01
np.float32(102974.9),32777.928201,np.float32(0.24076612),np.float64(-0.2236540307887084),4.644202e-01
np.float32(102974.91),32777.930688,np.float32(0.23317616),np.float64(-0.21603268448732804),4.492088e-01
np.float32(102974.914),32777.933175,np.float32(0.22557199),np.float64(-0.20839815266436013),4.339701e-01
np.float32(102974.92),32777.935662,np.float32(0.21795404),np.float64(-0.20075090129227727),4.187049e-01
np.float32(102974.93),32777.938149,np.float32(0.2103228),np.float64(-0.19309139711988788),4.034142e-01
np.float32(102974.94),32777.940635,np.float32(0.20267871),np.float64(-0.1854201076438481),3.880988e-01
np.float32(102974.945),32777.943122,np.float32(0.19502224),np.float64(-0.17773750108012823),3.727597e-01
np.float32(102974.95),32777.945609,np.float32(0.18735386),np.float64(-0.17004404633543532),3.573979e-01
np.float32(102974.96),32777.948096,np.float32(0.17967406),np.float64(-0.16234021297859347),3.420143e-01
np.float32(102974.97),32777.950583,np.float32(0.1719833),np.float64(-0.15462647121188372),3.266098e-01
np.float32(102974.98),32777.953069,np.float32(0.16428205),np.float64(-0.14690329184234546),3.111853e-01
np.float32(102974.984),32777.955556,np.float32(0.15657075),np.float64(-0.13917114625304064),2.957419e-01
np.float32(102974.99),32777.958043,np.float32(0.14884992),np.float64(-0.1314305063742831),2.802804e-01
np.float32(102975.0),32777.960530,np.float32(0.14111997),np.float64(-0.12368184465483432),2.648018e-01
np.float32(102975.01),32777.963017,np.float32(0.13338144),np.float64(-0.11592563403306756),2.493071e-01
np.float32(102975.016),32777.965503,np.float32(0.12563476),np.float64(-0.1081623479081022),2.337971e-01
np.float32(102975.02),32777.967990,np.float32(0.1178804),np.float64(-0.10039246011090983),2.182729e-01
np.float32(102975.03),32777.970477,np.float32(0.11011884),np.float64(-0.09261644487539414),2.027353e-01
np.float32(102975.04),32777.972964,np.float32(0.10235057),np.float64(-0.08483477680944601),1.871853e-01
np.float32(102975.05),32777.975451,np.float32(0.094576046),np.float64(-0.07704793086597603),1.716240e-01
np.float32(102975.055),32777.977937,np.float32(0.08679578),np.float64(-0.06925638231392567),1.560522e-01
np.float32(102975.06),32777.980424,np.float32(0.07901018),np.float64(-0.061460606709259444),1.404708e-01
np.float32(102975.07),32777.982911,np.float32(0.07121978),np.float64(-0.05366107986593934),1.248809e-01
np.float32(102975.08),32777.985398,np.float32(0.06342501),np.float64(-0.045858277826883634),1.092833e-01
np.float32(102975.086),32777.987885,np.float32(0.055626407),np.float64(-0.03805267683491166),9.367908e-02
np.float32(102975.09),32777.990371,np.float32(0.047824375),np.float64(-0.030244753303676417),7.806913e-02
np.float32(102975.1),32777.992858,np.float32(0.040019423),np.float64(-0.022434983788586733),6.245441e-02
np.float32(102975.11),32777.995345,np.float32(0.03221205),np.float64(-0.014623844957720766),4.683589e-02
np.float32(102975.12),32777.997832,np.float32(0.024402697),np.float64(-0.00681181356273266),3.121451e-02
np.float32(102975.125),32778.000319,np.float32(0.016591867),np.float64(0.0010006335902459336),1.559123e-02
np.float32(102975.13),32778.002805,np.float32(0.008780011),np.float64(0.008813019669707635),3.300869e-05
np.float32(102975.14),32778.005292,np.float32(0.0009676336),np.float64(0.016624867847872676),1.565723e-02
np.float32(102975.15),32778.007779,np.float32(0.0),np.float64(0.024435701329792014),2.443570e-02
np.float32(102975.16),32778.010266,np.float32(0.0),np.float64(0.032245043382448435),3.224504e-02
np.float32(102975.164),32778.012752,np.float32(0.0),np.float64(0.04005241736385388),4.005242e-02
np.float32(102975.17),32778.015239,np.float32(0.0),np.float64(0.04785734675214121),4.785735e-02
np.float32(102975.18),32778.017726,np.float32(0.0),np.float64(0.055659355174648664),5.565936e-02
np.float32(102975.19),32778.020213,np.float32(0.0),np.float64(0.06345796643699515),6.345797e-02
np.float32(102975.195),32778.022700,np.float32(0.0),np.float64(0.07125270455214476),7.125270e-02
np.float32(102975.2),32778.025186,np.float32(0.0),np.float64(0.0790430937694585),7.904309e-02
np.float32(102975.21),32778.027673,np.float32(0.0),np.float64(0.0868286586037317),8.682866e-02
np.float32(102975.22),32778.030160,np.float32(0.0),np.float64(0.09460892386421516),9.460892e-02
np.float32(102975.23),32778.032647,np.float32(0.0),np.float64(0.10238341468361832),1.023834e-01
np.float32(102975.234),32778.035134,np.float32(0.0),np.float64(0.11015165654709279),1.101517e-01
np.float32(102975.24),32778.037620,np.float32(0.0),np.float64(0.11791317532119422),1.179132e-01
np.float32(102975.25),32778.040107,np.float32(0.0),np.float64(0.12566749728282098),1.256675e-01
np.float32(102975.26),32778.042594,np.float32(0.0),np.float64(0.13341414914812777),1.334141e-01
np.float32(102975.266),32778.045081,np.float32(0.0),np.float64(0.14115265810141248),1.411527e-01
np.float32(102975.27),32778.047568,np.float32(0.0),np.float64(0.14888255182397434),1.488826e-01
np.float32(102975.28),32778.050054,np.float32(0.0),np.float64(0.15660335852294183),1.566034e-01
np.float32(102975.29),32778.052541,np.float32(0.0),np.float64(0.1643146069600686),1.643146e-01
np.float32(102975.3),32778.055028,np.float32(0.0),np.float64(0.17201582648049527),1.720158e-01
np.float32(102975.305),32778.057515,np.float32(0.0),np.float64(0.17970654704147584),1.797065e-01
np.float32(102975.31),32778.060002,np.float32(0.0),np.float64(0.18738629924106676),1.873863e-01
np.float32(102975.32),32778.062488,np.float32(0.0),np.float64(0.1950546143467766),1.950546e-01
np.float32(102975.33),32778.064975,np.float32(0.0),np.float64(0.20271102432417532),2.027110e-01
np.float32(102975.336),32778.067462,np.float32(0.0),np.float64(0.21035506186546046),2.103551e-01
np.float32(102975.34),32778.069949,np.float32(0.0),np.float64(0.21798626041797936),2.179863e-01
np.float32(102975.35),32778.072436,np.float32(0.0),np.float64(0.225604154212705),2.256042e-01
np.float32(102975.36),32778.074922,np.float32(0.0),np.float64(0.2332082782926642),2.332083e-01
np.float32(102975.37),32778.077409,np.float32(0.0),np.float64(0.24079816854131625),2.407982e-01
np.float32(102975.375),32778.079896,np.float32(0.0),np.float64(0.24837336171088012),2.483734e-01
np.float32(102975.38),32778.082383,np.float32(0.0),np.float64(0.25593339545060867),2.559334e-01
np.float32(102975.39),32778.084870,np.float32(0.0),np.float64(0.2634778083350084),2.634778e-01
np.float32(102975.4),32778.087356,np.float32(0.0),np.float64(0.271006139892002),2.710061e-01
np.float32(102975.41),32778.089843,np.float32(0.0),np.float64(0.27851793063103386),2.785179e-01
np.float32(102975.414),32778.092330,np.float32(0.0),np.float64(0.2860127220711144),2.860127e-01
np.float32(102975.42),32778.094817,np.float32(0.0),np.float64(0.2934900567688037),2.934901e-01
np.float32(102975.43),32778.097304,np.float32(0.0),np.float64(0.3009494783461314),3.009495e-01
np.float32(102975.44),32778.099790,np.float32(0.0),np.float64(0.3083905315184517),3.083905e-01
np.float32(102975.445),32778.102277,np.float32(0.0),np.float64(0.3158127621222316),3.158128e-01
np.float32(102975.45),32778.104764,np.float32(0.0),np.float64(0.32321571714277053),3.232157e-01
np.float32(102975.46),32778.107251,np.float32(0.0),np.float64(0.3305989447418505),3.305989e-01
np.float32(102975.47),32778.109738,np.float32(0.0),np.float64(0.33796199428531315),3.379620e-01
np.float32(102975.48),32778.112224,np.float32(0.0),np.float64(0.3453044163705651),3.453044e-01
np.float32(102975.484),32778.114711,np.float32(0.0),np.float64(0.3526257628540064),3.526258e-01
np.float32(102975.49),32778.117198,np.float32(0.0),np.float64(0.3599255868783834),3.599256e-01
np.float32(102975.5),32778.119685,np.float32(0.0),np.float64(0.36720344290006224),3.672034e-01
np.float32(102975.51),32778.122172,np.float32(0.0),np.float64(0.37445888671622285),3.744589e-01
np.float32(102975.516),32778.124658,np.float32(0.0),np.float64(0.3816914754919707),3.816915e-01
np.float32(102975.52),32778.127145,np.float32(0.0),np.float64(0.38890076778736493),3.889008e-01
np.float32(102975.53),32778.129632,np.float32(0.0),np.float64(0.39608632358436197),3.960863e-01
np.float32(102975.54),32778.132119,np.float32(0.0),np.float64(0.4032477043136717),4.032477e-01
np.float32(102975.55),32778.134605,np.float32(0.0),np.float64(0.41038447288152546),4.103845e-01
np.float32(102975.555),32778.137092,np.float32(0.99988955),np.float64(0.4174961936963542),5.823934e-01
np.float32(102975.56),32778.139579,np.float32(0.9999658),np.float64(0.42458243269537455),5.753834e-01
np.float32(102975.57),32778.142066,np.float32(1.0),np.float64(0.4316427573710817),5.683572e-01
np.float32(102975.58),32778.144553,np.float32(1.0),np.float64(0.4386767367976479),5.613233e-01
np.float32(102975.586),32778.147039,np.float32(0.9998741),np.float64(0.4456839416572233),5.541902e-01
np.float32(102975.59),32778.149526,np.float32(0.9997063),np.float64(0.4526639442661397),5.470424e-01
np.float32(102975.6),32778.152013,np.float32(0.99951714),np.float64(0.45961631860101426),5.399008e-01
np.float32(102975.61),32778.154500,np.float32(0.99925584),np.float64(0.4665406403247513),5.327152e-01
np.float32(102975.62),32778.156987,np.float32(0.99892414),np.float64(0.4734364868124421),5.254876e-01
np.float32(102975.625),32778.159473,np.float32(0.99853134),np.float64(0.4803034371771596),5.182279e-01
np.float32(102975.63),32778.161960,np.float32(0.99807763),np.float64(0.4871410722956471),5.109366e-01
np.float32(102975.64),32778.164447,np.float32(0.99756294),np.float64(0.49394897483389943),5.036140e-01
np.float32(102975.65),32778.166934,np.float32(0.9969874),np.float64(0.500726729272635),4.962607e-01
np.float32(102975.66),32778.169421,np.float32(0.99635106),np.float64(0.5074739219326564),4.888771e-01
np.float32(102975.664),32778.171907,np.float32(0.9956538),np.float64(0.5141901410001002),4.814637e-01
np.float32(102975.67),32778.174394,np.float32(0.9948959),np.float64(0.5208749765515711),4.740209e-01
np.float32(102975.68),32778.176881,np.float32(0.9940772),np.float64(0.5275280205791621),4.665492e-01
np.float32(102975.69),32778.179368,np.float32(0.99319786),np.float64(0.5341488670153567),4.590490e-01
np.float32(102975.695),32778.181855,np.float32(0.9922579),np.float64(0.5407371117578136),4.515208e-01
np.float32(102975.7),32778.184341,np.float32(0.9912573),np.float64(0.5472923526940306),4.439650e-01
np.float32(102975.71),32778.186828,np.float32(0.9901963),np.float64(0.5538141897258883),4.363821e-01
np.float32(102975.72),32778.189315,np.float32(0.98907477),np.float64(0.5603022247940685),4.287725e-01
np.float32(102975.73),32778.191802,np.float32(0.9878929),np.float64(0.5667560619023517),4.211369e-01
np.float32(102975.734),32778.194289,np.float32(0.9866508),np.float64(0.5731753071417849),4.134755e-01
np.float32(102975.74),32778.196775,np.float32(0.98534846),np.float64(0.5795595687147248),4.057889e-01
np.float32(102975.75),32778.199262,np.float32(0.98398596),np.float64(0.5859084569587505),3.980775e-01
np.float32(102975.76),32778.201749,np.float32(0.9825634),np.float64(0.5922215843704471),3.903418e-01
np.float32(102975.766),32778.204236,np.float32(0.98108083),np.float64(0.5984985656290566),3.825823e-01
np.float32(102975.77),32778.206723,np.float32(0.97953844),np.float64(0.6047390176199954),3.747994e-01
np.float32(102975.78),32778.209209,np.float32(0.9779362),np.float64(0.6109425594582386),3.669936e-01
np.float32(102975.79),32778.211696,np.float32(0.9762744),np.float64(0.6171088125115667),3.591656e-01
np.float32(102975.8),32778.214183,np.float32(0.97455287),np.float64(0.6232374004236753),3.513155e-01
np.float32(102975.805),32778.216670,np.float32(0.97277194),np.float64(0.6293279491371462),3.434440e-01
np.float32(102975.81),32778.219157,np.float32(0.9709316),np.float64(0.6353800869162776),3.355515e-01
np.float32(102975.82),32778.221643,np.float32(0.969032),np.float64(0.6413934443697735),3.276385e-01
np.float32(102975.83),32778.224130,np.float32(0.96707326),np.float64(0.6473676544732889),3.197056e-01
np.float32(102975.836),32778.226617,np.float32(0.9650555),np.float64(0.6533023525918313),3.117532e-01
np.float32(102975.84),32778.229104,np.float32(0.96297884),np.float64(0.6591971765020161),3.037817e-01
np.float32(102975.85),32778.231591,np.float32(0.9608434),np.float64(0.665051766414175),2.957916e-01
np.float32(102975.86),32778.234077,np.float32(0.95864934),np.float64(0.6708657649943152),2.877836e-01
np.float32(102975.87),32778.236564,np.float32(0.9563967),np.float64(0.6766388173859298),2.797579e-01
np.float32(102975.875),32778.239051,np.float32(0.95408577),np.float64(0.6823705712316565),2.717152e-01
np.float32(102975.88),32778.241538,np.float32(0.9517166),np.float64(0.6880606766947828),2.636559e-01
np.float32(102975.89),32778.244025,np.float32(0.94928926),np.float64(0.6937087864805993),2.555805e-01
np.float32(102975.9),32778.246511,np.float32(0.94680405),np.float64(0.6993145558575962),2.474895e-01
np.float32(102975.91),32778.248998,np.float32(0.944261),np.float64(0.7048776426785037),2.393834e-01
np.float32(102975.914),32778.251485,np.float32(0.9416604),np.float64(0.7103977074011756),2.312627e-01
np.float32(102975.92),32778.253972,np.float32(0.9390023),np.float64(0.7158744131093127),2.231279e-01
np.float32(102975.93),32778.256458,np.float32(0.93628687),np.float64(0.7213074255330263),2.149794e-01
np.float32(102975.94),32778.258945,np.float32(0.93351424),np.float64(0.7266964130692413),2.068178e-01
np.float32(102975.945),32778.261432,np.float32(0.9306847),np.float64(0.7320410468019339),1.986436e-01
np.float32(102975.95),32778.263919,np.float32(0.92779833),np.float64(0.7373410005222086),1.904573e-01
np.float32(102975.96),32778.266406,np.float32(0.92485535),np.float64(0.7425959507482072),1.822594e-01
np.float32(102975.97),32778.268892,np.float32(0.9218559),np.float64(0.7478055767448529),1.740503e-01
np.float32(102975.98),32778.271379,np.float32(0.91880023),np.float64(0.7529695605434263),1.658307e-01
np.float32(102975.984),32778.273866,np.float32(0.91568846),np.float64(0.7580875869609726),1.576009e-01
np.float32(102975.99),32778.276353,np.float32(0.91252077),np.float64(0.7631593436195383),1.493614e-01
np.float32(102976.0),32778.278840,np.float32(0.9092974),np.float64(0.7681845209652379),1.411129e-01
np.float32(102976.01),32778.281326,np.float32(0.90601856),np.float64(0.773162812287147),1.328557e-01
np.float32(102976.016),32778.283813,np.float32(0.9026844),np.float64(0.7780939137360222),1.245905e-01
np.float32(102976.02),32778.286300,np.float32(0.89929515),np.float64(0.7829775243428472),1.163176e-01
np.float32(102976.03),32778.288787,np.float32(0.89585096),np.float64(0.7878133460372012),1.080376e-01
np.float32(102976.04),32778.291274,np.float32(0.89235216),np.float64(0.792601083665453),9.975108e-02
np.float32(102976.05),32778.293760,np.float32(0.8887989),np.float64(0.7973404450087747),9.145845e-02
np.float32(102976.055),32778.296247,np.float32(0.8851914),np.float64(0.8020311408009773),8.316024e-02
np.float32(102976.06),32778.298734,np.float32(0.88152975),np.float64(0.8066728847461665),7.485686e-02
np.float32(102976.07),32778.301221,np.float32(0.8778144),np.float64(0.8112653935362163),6.654902e-02
np.float32(102976.08),32778.303708,np.float32(0.87404543),np.float64(0.8158083868680608),5.823704e-02
np.float32(102976.086),32778.306194,np.float32(0.87022316),np.float64(0.8203015874608025),4.992158e-02
np.float32(102976.09),32778.308681,np.float32(0.86634773),np.float64(0.824744721072636),4.160301e-02
np.float32(102976.1),32778.311168,np.float32(0.8624195),np.float64(0.8291375165175864),3.328197e-02
np.float32(102976.11),32778.313655,np.float32(0.85843855),np.float64(0.8334797056820611),2.495885e-02
np.float32(102976.12),32778.316142,np.float32(0.8544052),np.float64(0.8377710235412139),1.663420e-02
np.float32(102976.125),32778.318628,np.float32(0.85031974),np.float64(0.842011208175121),8.308535e-03
np.float32(102976.13),32778.321115,np.float32(0.8461824),np.float64(0.8462000007847669),1.759484e-05
np.float32(102976.14),32778.323602,np.float32(0.8419934),np.float64(0.8503371457078408),8.343754e-03
np.float32(102976.15),32778.326089,np.float32(0.837753),np.float64(0.8544223904343401),1.666939e-02
np.float32(102976.16),32778.328576,np.float32(0.83346146),np.float64(0.8584554856219827),2.499402e-02
np.float32(102976.164),32778.331062,np.float32(0.8291191),np.float64(0.862436185111426),3.331710e-02
np.float32(102976.17),32778.333549,np.float32(0.82472605),np.float64(0.86636424594129),4.163820e-02
np.float32(102976.18),32778.336036,np.float32(0.8202827),np.float64(0.8702394283629881),4.995673e-02
np.float32(102976.19),32778.338523,np.float32(0.8157893),np.float64(0.8740614958553584),5.827221e-02
np.float32(102976.195),32778.341010,np.float32(0.8112461),np.float64(0.8778302151391009),6.658412e-02
np.float32(102976.2),32778.343496,np.float32(0.8066534),np.float64(0.8815453561910153),7.489198e-02
np.float32(102976.21),32778.345983,np.float32(0.80201143),np.float64(0.8852066922580402),8.319526e-02
np.float32(102976.22),32778.348470,np.float32(0.79732054),np.float64(0.8888139998710932),9.149346e-02
np.float32(102976.23),32778.350957,np.float32(0.79258096),np.float64(0.8923670588587107),9.978610e-02
np.float32(102976.234),32778.353444,np.float32(0.78779304),np.float64(0.895865652360485),1.080726e-01
np.float32(102976.24),32778.355930,np.float32(0.782957),np.float64(0.8993095668403012),1.163525e-01
np.float32(102976.25),32778.358417,np.float32(0.7780732),np.float64(0.90269859209937),1.246254e-01
np.float32(102976.26),32778.360904,np.float32(0.77314186),np.float64(0.9060325212890573),1.328907e-01
np.float32(102976.266),32778.363391,np.float32(0.7681634),np.float64(0.9093111509235091),1.411478e-01
np.float32(102976.27),32778.365878,np.float32(0.763138),np.float64(0.9125342808920712),1.493963e-01
np.float32(102976.28),32778.368364,np.float32(0.75806606),np.float64(0.915701714471503),1.576357e-01
np.float32(102976.29),32778.370851,np.float32(0.75294787),np.float64(0.9188132583379842),1.658654e-01
np.float32(102976.3),32778.373338,np.float32(0.74778366),np.float64(0.9218687225789148),1.740851e-01
np.float32(102976.305),32778.375825,np.float32(0.74257386),np.float64(0.9248679207045059),1.822941e-01
np.float32(102976.31),32778.378312,np.float32(0.7373187),np.float64(0.9278106696591624),1.904920e-01
np.float32(102976.32),32778.380798,np.float32(0.73201853),np.float64(0.9306967898326556),1.986783e-01
np.float32(102976.33),32778.383285,np.float32(0.7266737),np.float64(0.9335261050710858),2.068524e-01
np.float32(102976.336),32778.385772,np.float32(0.72128457),np.float64(0.9362984426876334),2.150139e-01
np.float32(102976.34),32778.388259,np.float32(0.71585137),np.float64(0.9390136334730997),2.231623e-01
np.float32(102976.35),32778.390745,np.float32(0.7103745),np.float64(0.9416715117062339),2.312970e-01
np.float32(102976.36),32778.393232,np.float32(0.70485425),np.float64(0.9442719151638475),2.394177e-01
np.float32(102976.37),32778.395719,np.float32(0.69929093),np.float64(0.9468146851307164),2.475238e-01
np.float32(102976.375),32778.398206,np.float32(0.693685),np.float64(0.9492996664092681),2.556147e-01
np.float32(102976.38),32778.400693,np.float32(0.68803674),np.float64(0.9517267073290533),2.636900e-01
np.float32(102976.39),32778.403179,np.float32(0.68234646),np.float64(0.9540956597560035),2.717492e-01
np.float32(102976.4),32778.405666,np.float32(0.6766145),np.float64(0.9564063791014727),2.797919e-01
np.float32(102976.41),32778.408153,np.float32(0.6708413),np.float64(0.9586587243310621),2.878174e-01
np.float32(102976.414),32778.410640,np.float32(0.66502714),np.float64(0.9608525579732277),2.958254e-01
np.float32(102976.42),32778.413127,np.float32(0.65917236),np.float64(0.9629877461276715),3.038154e-01
np.float32(102976.43),32778.415613,np.float32(0.65327734),np.float64(0.9650641584735136),3.117868e-01
np.float32(102976.44),32778.418100,np.float32(0.6473425),np.float64(0.9670816682772467),3.197392e-01
np.float32(102976.445),32778.420587,np.float32(0.64136815),np.float64(0.9690401524004713),3.276720e-01
np.float32(102976.45),32778.423074,np.float32(0.6353546),np.float64(0.9709394913074104),3.355849e-01
np.float32(102976.46),32778.425561,np.float32(0.6293023),np.float64(0.972779569072207),3.434772e-01
np.float32(102976.47),32778.428047,np.float32(0.62321156),np.float64(0.9745602733859984),3.513487e-01
np.float32(102976.48),32778.430534,np.float32(0.61708283),np.float64(0.9762814955637713),3.591987e-01
np.float32(102976.484),32778.433021,np.float32(0.61091644),np.float64(0.9779431305509957),3.670267e-01
np.float32(102976.49),32778.435508,np.float32(0.6047127),np.float64(0.979545076930036),3.748324e-01
np.float32(102976.5),32778.437995,np.float32(0.5984721),np.float64(0.9810872369263423),3.826151e-01
np.float32(102976.51),32778.440481,np.float32(0.592195),np.float64(0.9825695164144167),3.903745e-01
np.float32(102976.516),32778.442968,np.float32(0.5858817),np.float64(0.9839918249235595),3.981101e-01
np.float32(102976.52),32778.445455,np.float32(0.5795327),np.float64(0.98535407564339),4.058214e-01
np.float32(102976.53),32778.447942,np.float32(0.57314825),np.float64(0.9866561854291455),4.135079e-01
np.float32(102976.54),32778.450429,np.float32(0.5667289),np.float64(0.9878980748067561),4.211692e-01
np.float32(102976.55),32778.452915,np.float32(0.5602749),np.float64(0.9890796679776951),4.288048e-01
np.float32(102976.555),32778.455402,np.float32(0.5537867),np.float64(0.9902008928236056),4.364142e-01
np.float32(102976.56),32778.457889,np.float32(0.5472647),np.float64(0.9912616809107018),4.439970e-01
np.float32(102976.57),32778.460376,np.float32(0.5407093),np.float64(0.9922619674939465),4.515527e-01
np.float32(102976.58),32778.462863,np.float32(0.534121),np.float64(0.9932016915210022),4.590807e-01
np.float32(102976.586),32778.465349,np.float32(0.5275),np.float64(0.9940807956359581),4.665808e-01
np.float32(102976.59),32778.467836,np.float32(0.5208468),np.float64(0.9948992261828298),4.740524e-01
np.float32(102976.6),32778.470323,np.float32(0.5141618),np.float64(0.9956569332088352),4.814951e-01
np.float32(102976.61),32778.472810,np.float32(0.50744545),np.float64(0.9963538704674427),4.889084e-01
np.float32(102976.62),32778.475297,np.float32(0.50069815),np.float64(0.9969899954211944),4.962918e-01
np.float32(102976.625),32778.477783,np.float32(0.49392027),np.float64(0.9975652692443016),5.036450e-01
np.float32(102976.63),32778.480270,np.float32(0.48711225),np.float64(0.9980796568250152),5.109674e-01
np.float32(102976.64),32778.482757,np.float32(0.48027447),np.float64(0.9985331267677687),5.182587e-01
np.float32(102976.65),32778.485244,np.float32(0.47340742),np.float64(0.9989256513950939),5.255182e-01
np.float32(102976.66),32778.487731,np.float32(0.46651143),np.float64(0.9992572067493108),5.327458e-01
np.float32(102976.664),32778.490217,np.float32(0.459587),np.float64(0.9995277725939896),5.399408e-01
np.float32(102976.67),32778.492704,np.float32(0.4526345),np.float64(0.9997373324151854),5.471028e-01
np.float32(102976.68),32778.495191,np.float32(0.4456544),np.float64(0.999885873422447),5.542315e-01
np.float32(102976.69),32778.497678,np.float32(0.43864706),np.float64(0.9999733865495969),5.613263e-01
np.float32(102976.695),32778.500165,np.float32(0.43161297),np.float64(0.9999998664552848),5.683869e-01
np.float32(102976.7),32778.502651,np.float32(0.42455253),np.float64(0.9999653115233139),5.754128e-01
np.float32(102976.71),32778.505138,np.float32(0.4174662),np.float64(0.999869723862739),5.824035e-01
np.float32(102976.72),32778.507625,np.float32(0.41035438),np.float64(0.9997131093077383),5.893587e-01
np.float32(102976.73),32778.510112,np.float32(0.4032175),np.float64(0.999495477417257),5.962780e-01
np.float32(102976.734),32778.512598,np.float32(0.396056),np.float64(0.9992168414744239),6.031608e-01
np.float32(102976.74),32778.515085,np.float32(0.38887036),np.float64(0.998877218485741),6.100069e-01
np.float32(102976.75),32778.517572,np.float32(0.38166094),np.float64(0.9984766291800448),6.168157e-01
np.float32(102976.76),32778.520059,np.float32(0.37442827),np.float64(0.998015098007242),6.235868e-01
np.float32(102976.766),32778.522546,np.float32(0.36717272),np.float64(0.9974926531368165),6.303199e-01
np.float32(102976.77),32778.525032,np.float32(0.35989478),np.float64(0.9969093264561104),6.370145e-01
np.float32(102976.78),32778.527519,np.float32(0.35259485),np.float64(0.9962651535683777),6.436703e-01
np.float32(102976.79),32778.530006,np.float32(0.34527344),np.float64(0.9955601737906113),6.502867e-01
np.float32(102976.8),32778.532493,np.float32(0.33793092),np.float64(0.9947944301511433),6.568635e-01
np.float32(102976.805),32778.534980,np.float32(0.3305678),np.float64(0.9939679693870186),6.634002e-01
np.float32(102976.81),32778.537466,np.float32(0.32318446),np.float64(0.9930808419411425),6.698964e-01
np.float32(102976.82),32778.539953,np.float32(0.31578144),np.float64(0.9921331019592019),6.763517e-01
np.float32(102976.83),32778.542440,np.float32(0.30835915),np.float64(0.9911248072863604),6.827657e-01
np.float32(102976.836),32778.544927,np.float32(0.300918),np.float64(0.990056019463728),6.891380e-01
np.float32(102976.84),32778.547414,np.float32(0.2934585),np.float64(0.9889268037246045),6.954683e-01
np.float32(102976.85),32778.549900,np.float32(0.28598112),np.float64(0.9877372289904985),7.017561e-01
np.float32(102976.86),32778.552387,np.float32(0.27848622),np.float64(0.9864873678669206),7.080011e-01
np.float32(102976.87),32778.554874,np.float32(0.27097437),np.float64(0.9851772966389517),7.142029e-01
np.float32(102976.875),32778.557361,np.float32(0.26344594),np.float64(0.983807095266587),7.203612e-01
np.float32(102976.88),32778.559848,np.float32(0.25590152),np.float64(0.9823768473798562),7.264753e-01
np.float32(102976.89),32778.562334,np.float32(0.2483414),np.float64(0.9808866402737185),7.325452e-01
np.float32(102976.9),32778.564821,np.float32(0.24076612),np.float64(0.9793365649027348),7.385704e-01
np.float32(102976.91),32778.567308,np.float32(0.23317616),np.float64(0.9777267158755164),7.445506e-01
np.float32(102976.914),32778.569795,np.float32(0.22557199),np.float64(0.9760571914489504),7.504852e-01
np.float32(102976.92),32778.572282,np.float32(0.21795404),np.float64(0.974328093522203),7.563741e-01
np.float32(102976.93),32778.574768,np.float32(0.2103228),np.float64(0.9725395276304991),7.622167e-01
np.float32(102976.94),32778.577255,np.float32(0.20267871),np.float64(0.9706916029386824),7.680129e-01
np.float32(102976.945),32778.579742,np.float32(0.19502224),np.float64(0.9687844322345516),7.737622e-01
np.float32(102976.95),32778.582229,np.float32(0.18735386),np.float64(0.9668181319219764),7.794643e-01
np.float32(102976.96),32778.584716,np.float32(0.17967406),np.float64(0.9647928220137932),7.851188e-01
np.float32(102976.97),32778.587202,np.float32(0.1719833),np.float64(0.96270862612448),7.907253e-01
np.float32(102976.98),32778.589689,np.float32(0.16428205),np.float64(0.9605656714626116),7.962836e-01
np.float32(102976.984),32778.592176,np.float32(0.15657075),np.float64(0.9583640888230954),8.017933e-01
np.float32(102976.99),32778.594663,np.float32(0.14884992),np.float64(0.9561040125791882),8.072541e-01
np.float32(102977.0),32778.597150,np.float32(0.14111997),np.float64(0.9537855806742951),8.126656e-01
np.float32(102977.01),32778.599636,np.float32(0.13338144),np.float64(0.9514089346135499),8.180275e-01
np.float32(102977.016),32778.602123,np.float32(0.12563476),np.float64(0.9489742194551787),8.233395e-01
np.float32(102977.02),32778.604610,np.float32(0.1178804),np.float64(0.9464815838016454),8.286012e-01
np.float32(102977.03),32778.607097,np.float32(0.11011884),np.float64(0.943931179790583),8.338123e-01
np.float32(102977.04),32778.609584,np.float32(0.10235057),np.float64(0.9413231630855072),8.389726e-01
np.float32(102977.05),32778.612070,np.float32(0.094576046),np.float64(0.9386576928663152),8.440816e-01
np.float32(102977.055),32778.614557,np.float32(0.08679578),np.float64(0.935934931819571),8.491392e-01
np.float32(102977.06),32778.617044,np.float32(0.07901018),np.float64(0.9331550461285751),8.541449e-01
np.float32(102977.07),32778.619531,np.float32(0.07121978),np.float64(0.9303182054632223),8.590984e-01
np.float32(102977.08),32778.622018,np.float32(0.06342501),np.float64(0.9274245829696449),8.639996e-01
np.float32(102977.086),32778.624504,np.float32(0.055626407),np.float64(0.9244743552596458),8.688479e-01
np.float32(102977.09),32778.626991,np.float32(0.047824375),np.float64(0.9214677023999184),8.736433e-01
np.float32(102977.1),32778.629478,np.float32(0.040019423),np.float64(0.9184048079010562),8.783854e-01
np.float32(102977.11),32778.631965,np.float32(0.03221205),np.float64(0.9152858587063528),8.830738e-01
np.float32(102977.12),32778.634451,np.float32(0.024402697),np.float64(0.9121110451803915),8.877083e-01
np.float32(102977.125),32778.636938,np.float32(0.016591867),np.float64(0.9088805610974262),8.922887e-01
np.float32(102977.13),32778.639425,np.float32(0.008780011),np.float64(0.9055946036295548),8.968146e-01
np.float32(102977.14),32778.641912,np.float32(0.0009676336),np.float64(0.9022533733346847),9.012857e-01
np.float32(102977.15),32778.644399,np.float32(0.0),np.float64(0.8988570741442917),8.988571e-01
np.float32(102977.16),32778.646885,np.float32(0.0),np.float64(0.8954059133509734),8.954059e-01
np.float32(102977.164),32778.649372,np.float32(0.0),np.float64(0.8919001015957966),8.919001e-01
np.float32(102977.17),32778.651859,np.float32(0.0),np.float64(0.888339852855441),8.883399e-01
np.float32(102977.18),32778.654346,np.float32(0.0),np.float64(0.8847253844291398),8.847254e-01
np.float32(102977.19),32778.656833,np.float32(0.0),np.float64(0.881056916925416),8.810569e-01
np.float32(102977.195),32778.659319,np.float32(0.0),np.float64(0.877334674248618),8.773347e-01
np.float32(102977.2),32778.661806,np.float32(0.0),np.float64(0.8735588835852537),8.735589e-01
np.float32(102977.21),32778.664293,np.float32(0.0),np.float64(0.8697297753901239),8.697298e-01
np.float32(102977.22),32778.666780,np.float32(0.0),np.float64(0.8658475833722571),8.658476e-01
np.float32(102977.23),32778.669267,np.float32(0.0),np.float64(0.8619125444806444),8.619125e-01
np.float32(102977.234),32778.671753,np.float32(0.0),np.float64(0.8579248988897777),8.579249e-01
np.float32(102977.24),32778.674240,np.float32(0.0),np.float64(0.853884889984991),8.538849e-01
np.float32(102977.25),32778.676727,np.float32(0.0),np.float64(0.8497927643476048),8.497928e-01
np.float32(102977.26),32778.679214,np.float32(0.0),np.float64(0.8456487717398764),8.456488e-01
np.float32(102977.266),32778.681701,np.float32(0.0),np.float64(0.8414531650897555),8.414532e-01
np.float32(102977.27),32778.684187,np.float32(0.0),np.float64(0.8372062004754474),8.372062e-01
np.float32(102977.28),32778.686674,np.float32(0.0),np.float64(0.8329081371097821),8.329081e-01
np.float32(102977.29),32778.689161,np.float32(0.0),np.float64(0.8285592373243946),8.285592e-01
np.float32(102977.3),32778.691648,np.float32(0.0),np.float64(0.8241597665537128),8.241598e-01
np.float32(102977.305),32778.694135,np.float32(0.0),np.float64(0.8197099933187568),8.197100e-01
np.float32(102977.31),32778.696621,np.float32(0.0),np.float64(0.8152101892107498),8.152102e-01
np.float32(102977.32),32778.699108,np.float32(0.0),np.float64(0.8106606288745419),8.106606e-01
np.float32(102977.33),32778.701595,np.float32(0.0),np.float64(0.8060615899918465),8.060616e-01
np.float32(102977.336),32778.704082,np.float32(0.0),np.float64(0.8014133532642927),8.014134e-01
np.float32(102977.34),32778.706569,np.float32(0.0),np.float64(0.7967162023962926),7.967162e-01
np.float32(102977.35),32778.709055,np.float32(0.0),np.float64(0.7919704240777251),7.919704e-01
np.float32(102977.36),32778.711542,np.float32(0.0),np.float64(0.7871763079664381),7.871763e-01
np.float32(102977.37),32778.714029,np.float32(0.0),np.float64(0.7823341466705692),7.823341e-01
np.float32(102977.375),32778.716516,np.float32(0.0),np.float64(0.7774442357306867),7.774442e-01
np.float32(102977.38),32778.719003,np.float32(0.0),np.float64(0.7725068736017505),7.725069e-01
np.float32(102977.39),32778.721489,np.float32(0.0),np.float64(0.7675223616348972),7.675224e-01
np.float32(102977.4),32778.723976,np.float32(0.0),np.float64(0.7624910040590458),7.624910e-01
np.float32(102977.41),32778.726463,np.float32(0.0),np.float64(0.7574131079623304),7.574131e-01
np.float32(102977.414),32778.728950,np.float32(0.0),np.float64(0.7522889832733562),7.522890e-01
np.float32(102977.42),32778.731437,np.float32(0.0),np.float64(0.7471189427422835),7.471189e-01
np.float32(102977.43),32778.733923,np.float32(0.0),np.float64(0.741903301921739),7.419033e-01
np.float32(102977.44),32778.736410,np.float32(0.0),np.float64(0.7366423791475559),7.366424e-01
np.float32(102977.445),32778.738897,np.float32(0.0),np.float64(0.7313364955193447),7.313365e-01
np.float32(102977.45),32778.741384,np.float32(0.0),np.float64(0.7259859748808943),7.259860e-01
np.float32(102977.46),32778.743871,np.float32(0.0),np.float64(0.720591143800407),7.205911e-01
np.float32(102977.47),32778.746357,np.float32(0.0),np.float64(0.715152331550566),7.151523e-01
np.float32(102977.48),32778.748844,np.float32(0.0),np.float64(0.7096698700884383),7.096699e-01
np.float32(102977.484),32778.751331,np.float32(0.0),np.float64(0.7041440940352138),7.041441e-01
np.float32(102977.49),32778.753818,np.float32(0.0),np.float64(0.6985753406557822),6.985753e-01
np.float32(102977.5),32778.756304,np.float32(0.0),np.float64(0.692963949838147),6.929639e-01
np.float32(102977.51),32778.758791,np.float32(0.0),np.float64(0.6873102640726818),6.873103e-01
np.float32(102977.516),32778.761278,np.float32(0.0),np.float64(0.6816146284312253),6.816146e-01
np.float32(102977.52),32778.763765,np.float32(0.0),np.float64(0.675877390546021),6.758774e-01
np.float32(102977.53),32778.766252,np.float32(0.0),np.float64(0.6700989005884983),6.700989e-01
np.float32(102977.54),32778.768738,np.float32(0.0),np.float64(0.664279511247901),6.642795e-01
np.float32(102977.55),32778.771225,np.float32(0.0),np.float64(0.6584195777097599),6.584196e-01
np.float32(102977.555),32778.773712,np.float32(0.99988955),np.float64(0.6525194576342153),3.473701e-01
np.float32(102977.56),32778.776199,np.float32(0.9999658),np.float64(0.6465795111341861),3.533863e-01
np.float32(102977.57),32778.778686,np.float32(1.0),np.float64(0.640600100753391),3.593999e-01
np.float32(102977.58),32778.781172,np.float32(1.0),np.float64(0.6345815914442208),3.654184e-01
np.float32(102977.586),32778.783659,np.float32(0.9998741),np.float64(0.628524350545463),3.713498e-01
np.float32(102977.59),32778.786146,np.float32(0.9997063),np.float64(0.6224287477598819),3.772776e-01
np.float32(102977.6),32778.788633,np.float32(0.99951714),np.float64(0.6162951551316538),3.832220e-01
np.float32(102977.61),32778.791120,np.float32(0.99925584),np.float64(0.6101239470236589),3.891319e-01
np.float32(102977.62),32778.793606,np.float32(0.99892414),np.float64(0.6039155000946326),3.950086e-01
np.float32(102977.625),32778.796093,np.float32(0.99853134),np.float64(0.5976701932761759),4.008611e-01
np.float32(102977.63),32778.798580,np.float32(0.99807763),np.float64(0.5913884077496274),4.066892e-01
np.float32(102977.64),32778.801067,np.float32(0.99756294),np.float64(0.5850705269227983),4.124924e-01
np.float32(102977.65),32778.803554,np.float32(0.9969874),np.float64(0.5787169364065706),4.182705e-01
np.float32(102977.66),32778.806040,np.float32(0.99635106),np.float64(0.5723280239913618),4.240230e-01
np.float32(102977.664),32778.808527,np.float32(0.9956538),np.float64(0.5659041796234561),4.297496e-01
np.float32(102977.67),32778.811014,np.float32(0.9948959),np.float64(0.559445795381204),4.354501e-01
np.float32(102977.68),32778.813501,np.float32(0.9940772),np.float64(0.5529532654510918),4.411239e-01
np.float32(102977.69),32778.815988,np.float32(0.99319786),np.float64(0.5464269861036829),4.467709e-01
np.float32(102977.695),32778.818474,np.float32(0.9922579),np.float64(0.5398673556694308),4.523905e-01
np.float32(102977.7),32778.820961,np.float32(0.9912573),np.float64(0.5332747745143677),4.579825e-01
np.float32(102977.71),32778.823448,np.float32(0.9901963),np.float64(0.5266496450156678),4.635466e-01
np.float32(102977.72),32778.825935,np.float32(0.98907477),np.float64(0.5199923715370887),4.690824e-01
np.float32(102977.73),32778.828422,np.float32(0.9878929),np.float64(0.5133033604042905),4.745896e-01
np.float32(102977.734),32778.830908,np.float32(0.9866508),np.float64(0.5065830198800364),4.800678e-01
np.float32(102977.74),32778.833395,np.float32(0.98534846),np.float64(0.49983176013927405),4.855167e-01
np.float32(102977.75),32778.835882,np.float32(0.98398596),np.float64(0.4930499932441008),4.909360e-01
np.float32(102977.76),32778.838369,np.float32(0.9825634),np.float64(0.4862381331186134),4.963252e-01
np.float32(102977.766),32778.840856,np.float32(0.98108083),np.float64(0.4793965955236443),5.016842e-01
np.float32(102977.77),32778.843342,np.float32(0.97953844),np.float64(0.4725257980313856),5.070126e-01
np.float32(102977.78),32778.845829,np.float32(0.9779362),np.float64(0.465626159999903),5.123100e-01
np.float32(102977.79),32778.848316,np.float32(0.9762744),np.float64(0.4586981025475398),5.175763e-01
np.float32(102977.8),32778.850803,np.float32(0.97455287),np.float64(0.45174204852721433),5.228108e-01
np.float32(102977.805),32778.853290,np.float32(0.97277194),np.float64(0.4447584225006112),5.280135e-01
np.float32(102977.81),32778.855776,np.float32(0.9709316),np.float64(0.4377476507122682),5.331839e-01
np.float32(102977.82),32778.858263,np.float32(0.969032),np.float64(0.43071016106356036),5.383218e-01
np.float32(102977.83),32778.860750,np.float32(0.96707326),np.float64(0.4236463830865833),5.434269e-01
np.float32(102977.836),32778.863237,np.float32(0.9650555),np.float64(0.4165567479179367),5.484988e-01
np.float32(102977.84),32778.865724,np.float32(0.96297884),np.float64(0.4094416882724099),5.535372e-01
np.float32(102977.85),32778.868210,np.float32(0.9608434),np.float64(0.4023016384165713),5.585417e-01
np.float32(102977.86),32778.870697,np.float32(0.95864934),np.float64(0.3951370341422629),5.635123e-01
np.float32(102977.87),32778.873184,np.float32(0.9563967),np.float64(0.3879483127400019),5.684484e-01
np.float32(102977.875),32778.875671,np.float32(0.95408577),np.float64(0.3807359129722907),5.733499e-01
np.float32(102977.88),32778.878157,np.float32(0.9517166),np.float64(0.37350027504683697),5.782163e-01
np.float32(102977.89),32778.880644,np.float32(0.94928926),np.float64(0.36624184058968584),5.830474e-01
np.float32(102977.9),32778.883131,np.float32(0.94680405),np.float64(0.3589610526182652),5.878430e-01
np.float32(102977.91),32778.885618,np.float32(0.944261),np.float64(0.3516583555143463),5.926027e-01
np.float32(102977.914),32778.888105,np.float32(0.9416604),np.float64(0.3443341949969209),5.973262e-01
np.float32(102977.92),32778.890591,np.float32(0.9390023),np.float64(0.3369890180949969),6.020133e-01
np.float32(102977.93),32778.893078,np.float32(0.93628687),np.float64(0.32962327312031375),6.066636e-01
np.float32(102977.94),32778.895565,np.float32(0.93351424),np.float64(0.32223740963998043),6.112768e-01
np.float32(102977.945),32778.898052,np.float32(0.9306847),np.float64(0.3148318784490356),6.158528e-01
np.float32(102977.95),32778.900539,np.float32(0.92779833),np.float64(0.30740713154293364),6.203912e-01
np.float32(102977.96),32778.903025,np.float32(0.92485535),np.float64(0.29996362208995714),6.248917e-01
np.float32(102977.97),32778.905512,np.float32(0.9218559),np.float64(0.29250180440355783),6.293541e-01
np.float32(102977.98),32778.907999,np.float32(0.91880023),np.float64(0.28502213391462766),6.337781e-01
np.float32(102977.984),32778.910486,np.float32(0.91568846),np.float64(0.2775250671437016),6.381634e-01
np.float32(102977.99),32778.912973,np.float32(0.91252077),np.float64(0.27001106167309413),6.425097e-01
np.float32(102978.0),32778.915459,np.float32(0.9092974),np.float64(0.2624805761189705),6.468168e-01
np.float32(102978.01),32778.917946,np.float32(0.90601856),np.float64(0.2549340701033554),6.510845e-01
np.float32(102978.016),32778.920433,np.float32(0.9026844),np.float64(0.24737200422607988),6.553124e-01
np.float32(102978.02),32778.922920,np.float32(0.89929515),np.float64(0.23979484003666876),6.595003e-01
np.float32(102978.03),32778.925407,np.float32(0.89585096),np.float64(0.23220304000617),6.636479e-01
np.float32(102978.04),32778.927893,np.float32(0.89235216),np.float64(0.22459706749892794),6.677551e-01
np.float32(102978.05),32778.930380,np.float32(0.8887989),np.float64(0.21697738674430173),6.718215e-01
np.float32(102978.055),32778.932867,np.float32(0.8851914),np.float64(0.20934446280833138),6.758469e-01
np.float32(102978.06),32778.935354,np.float32(0.88152975),np.float64(0.2016987615653524),6.798310e-01
np.float32(102978.07),32778.937841,np.float32(0.8778144),np.float64(0.19404074966956125),6.837737e-01
np.float32(102978.08),32778.940327,np.float32(0.87404543),np.float64(0.18637089452653322),6.876745e-01
np.float32(102978.086),32778.942814,np.float32(0.87022316),np.float64(0.17868966426469432),6.915335e-01
np.float32(102978.09),32778.945301,np.float32(0.86634773),np.float64(0.17099752770674922),6.953502e-01
np.float32(102978.1),32778.947788,np.float32(0.8624195),np.float64(0.1632949543410667),6.991245e-01
np.float32(102978.11),32778.950275,np.float32(0.85843855),np.float64(0.15558241429302444),7.028561e-01
np.float32(102978.12),32778.952761,np.float32(0.8544052),np.float64(0.1478603782963151),7.065448e-01
np.float32(102978.125),32778.955248,np.float32(0.85031974),np.float64(0.14012931766421508),7.101904e-01
np.float32(102978.13),32778.957735,np.float32(0.8461824),np.float64(0.132389704260818),7.137927e-01
np.float32(102978.14),32778.960222,np.float32(0.8419934),np.float64(0.12464201047223454),7.173514e-01
np.float32(102978.15),32778.962709,np.float32(0.837753),np.float64(0.11688670917776049),7.208663e-01
np.float32(102978.16),32778.965195,np.float32(0.83346146),np.float64(0.10912427372101458),7.243372e-01
np.float32(102978.164),32778.967682,np.float32(0.8291191),np.float64(0.10135517788104799),7.277639e-01
np.float32(102978.17),32778.970169,np.float32(0.82472605),np.float64(0.09357989584342741),7.311461e-01
np.float32(102978.18),32778.972656,np.float32(0.8202827),np.float64(0.08579890217129313),7.344838e-01
np.float32(102978.19),32778.975143,np.float32(0.8157893),np.float64(0.07801267177639419),7.377766e-01
np.float32(102978.195),32778.977629,np.float32(0.8112461),np.float64(0.07022167989010215),7.410244e-01
np.float32(102978.2),32778.980116,np.float32(0.8066534),np.float64(0.062426402034405526),7.442270e-01
np.float32(102978.21),32778.982603,np.float32(0.80201143),np.float64(0.05462731399288628),7.473841e-01
np.float32(102978.22),32778.985090,np.float32(0.79732054),np.float64(0.046824891781680464),7.504957e-01
np.float32(102978.23),32778.987577,np.float32(0.79258096),np.float64(0.03901961162042469),7.535614e-01
np.float32(102978.234),32778.990063,np.float32(0.78779304),np.float64(0.03121194990319012),7.565811e-01
np.float32(102978.24),32778.992550,np.float32(0.782957),np.float64(0.02340238316940578),7.595546e-01
np.float32(102978.25),32778.995037,np.float32(0.7780732),np.float64(0.015591388074773112),7.624818e-01
np.float32(102978.26),32778.997524,np.float32(0.77314186),np.float64(0.007779441362173342),7.653624e-01
np.float32(102978.266),32779.000010,np.float32(0.7681634),np.float64(-3.2980167430454307e-05),7.681964e-01
np.float32(102978.27),32779.002497,np.float32(0.763138),np.float64(-0.007845399684094817),7.709834e-01
np.float32(102978.28),32779.004984,np.float32(0.75806606),np.float64(-0.015657340357999146),7.737234e-01
np.float32(102978.29),32779.007471,np.float32(0.75294787),np.float64(-0.02346832538854893),7.764162e-01
np.float32(102978.3),32779.009958,np.float32(0.74778366),np.float64(-0.031277878033477216),7.790615e-01
np.float32(102978.305),32779.012444,np.float32(0.74257386),np.float64(-0.03908552163794247),7.816594e-01
np.float32(102978.31),32779.014931,np.float32(0.7373187),np.float64(-0.04689077966362115),7.842095e-01
np.float32(102978.32),32779.017418,np.float32(0.73201853),np.float64(-0.05469317571779317),7.867117e-01
np.float32(102978.33),32779.019905,np.float32(0.7266737),np.float64(-0.062492233582418406),7.891660e-01
np.float32(102978.336),32779.022392,np.float32(0.72128457),np.float64(-0.07028747724320263),7.915720e-01
np.float32(102978.34),32779.024878,np.float32(0.71585137),np.float64(-0.07807843091865095),7.939298e-01
np.float32(102978.35),32779.027365,np.float32(0.7103745),np.float64(-0.08586461908910709),7.962391e-01
np.float32(102978.36),32779.029852,np.float32(0.70485425),np.float64(-0.0936455665257766),7.984998e-01
np.float32(102978.37),32779.032339,np.float32(0.69929093),np.float64(-0.10142079831973246),8.007117e-01
np.float32(102978.375),32779.034826,np.float32(0.693685),np.float64(-0.10918983991090096),8.028748e-01
np.float32(102978.38),32779.037312,np.float32(0.68803674),np.float64(-0.1169522171170265),8.049890e-01
np.float32(102978.39),32779.039799,np.float32(0.68234646),np.float64(-0.1247074561626132),8.070539e-01
np.float32(102978.4),32779.042286,np.float32(0.6766145),np.float64(-0.13245508370784168),8.090696e-01
np.float32(102978.41),32779.044773,np.float32(0.6708413),np.float64(-0.14019462687745934),8.110359e-01
np.float32(102978.414),32779.047260,np.float32(0.66502714),np.float64(-0.14792561328964215),8.129528e-01
np.float32(102978.42),32779.049746,np.float32(0.65917236),np.float64(-0.15564757108482655),8.148199e-01
np.float32(102978.43),32779.052233,np.float32(0.65327734),np.float64(-0.1633600289545091),8.166374e-01
np.float32(102978.44),32779.054720,np.float32(0.6473425),np.float64(-0.17106251617001292),8.184050e-01
np.float32(102978.445),32779.057207,np.float32(0.64136815),np.float64(-0.1787545626112185),8.201227e-01
np.float32(102978.45),32779.059694,np.float32(0.6353546),np.float64(-0.1864356987952573),8.217903e-01
np.float32(102978.46),32779.062180,np.float32(0.6293023),np.float64(-0.19410545590516667),8.234078e-01
np.float32(102978.47),32779.064667,np.float32(0.62321156),np.float64(-0.20176336581850404),8.249749e-01
np.float32(102978.48),32779.067154,np.float32(0.61708283),np.float64(-0.20940896113591864),8.264918e-01
np.float32(102978.484),32779.069641,np.float32(0.61091644),np.float64(-0.2170417752096791),8.279582e-01
np.float32(102978.49),32779.072128,np.float32(0.6047127),np.float64(-0.2246613421721554),8.293741e-01
np.float32(102978.5),32779.074614,np.float32(0.5984721),np.float64(-0.23226719696425274),8.307393e-01
np.float32(102978.51),32779.077101,np.float32(0.592195),np.float64(-0.23985887536379674),8.320538e-01
np.float32(102978.516),32779.079588,np.float32(0.5858817),np.float64(-0.2474359140138668),8.333176e-01
np.float32(102978.52),32779.082075,np.float32(0.5795327),np.float64(-0.25499785045107726),8.345305e-01
np.float32(102978.53),32779.084562,np.float32(0.57314825),np.float64(-0.26254422313380354),8.356925e-01
np.float32(102978.54),32779.087048,np.float32(0.5667289),np.float64(-0.27007457147035263),8.368035e-01
np.float32(102978.55),32779.089535,np.float32(0.5602749),np.float64(-0.27758843584707493),8.378633e-01
np.float32(102978.555),32779.092022,np.float32(0.5537867),np.float64(-0.2850853576564167),8.388721e-01
np.float32(102978.56),32779.094509,np.float32(0.5472647),np.float64(-0.29256487932491126),8.398296e-01
np.float32(102978.57),32779.096996,np.float32(0.5407093),np.float64(-0.30002654434110687),8.407359e-01
np.float32(102978.58),32779.099482,np.float32(0.534121),np.float64(-0.3074698972834298),8.415909e-01
np.float32(102978.586),32779.101969,np.float32(0.5275),np.float64(-0.3148944838479809),8.423945e-01
np.float32(102978.59),32779.104456,np.float32(0.5208468),np.float64(-0.322299850876264),8.431466e-01
np.float32(102978.6),32779.106943,np.float32(0.5141618),np.float64(-0.3296855463828443),8.438474e-01
np.float32(102978.61),32779.109430,np.float32(0.50744545),np.float64(-0.33705111958293543),8.444966e-01
np.float32(102978.62),32779.111916,np.float32(0.50069815),np.float64(-0.34439612091991284),8.450943e-01
np.float32(102978.625),32779.114403,np.float32(0.49392027),np.float64(-0.3517201020927524),8.456404e-01
np.float32(102978.63),32779.116890,np.float32(0.48711225),np.float64(-0.35902261608339253),8.461349e-01
np.float32(102978.64),32779.119377,np.float32(0.48027447),np.float64(-0.3663032171840178),8.465777e-01
np.float32(102978.65),32779.121864,np.float32(0.47340742),np.float64(-0.3735614610242626),8.469689e-01
np.float32(102978.66),32779.124350,np.float32(0.46651143),np.float64(-0.3807969045983333),8.473083e-01
np.float32(102978.664),32779.126837,np.float32(0.459587),np.float64(-0.38800910629204705),8.475961e-01
np.float32(102978.67),32779.129324,np.float32(0.4526345),np.float64(-0.39519762590978547),8.478321e-01
np.float32(102978.68),32779.131811,np.float32(0.4456544),np.float64(-0.40236202470136206),8.480164e-01
np.float32(102978.69),32779.134297,np.float32(0.43864706),np.float64(-0.4095018653888013),8.481489e-01
np.float32(102978.695),32779.136784,np.float32(0.43161297),np.float64(-0.4166167121930277),8.482297e-01
np.float32(102978.7),32779.139271,np.float32(0.42455253),np.float64(-0.42370613086046366),8.482587e-01
np.float32(102978.71),32779.141758,np.float32(0.4174662),np.float64(-0.4307696886895339),8.482359e-01
np.float32(102978.72),32779.144245,np.float32(0.41035438),np.float64(-0.43780695455707547),8.481613e-01
np.float32(102978.73),32779.146731,np.float32(0.4032175),np.float64(-0.44481749894465117),8.480350e-01
np.float32(102978.734),32779.149218,np.float32(0.396056),np.float64(-0.45180089396476525),8.478569e-01
np.float32(102978.74),32779.151705,np.float32(0.38887036),np.float64(-0.45875671338697954),8.476271e-01
np.float32(102978.75),32779.154192,np.float32(0.38166094),np.float64(-0.465684532663928),8.473455e-01
np.float32(102978.76),32779.156679,np.float32(0.37442827),np.float64(-0.4725839289572294),8.470122e-01
np.float32(102978.766),32779.159165,np.float32(0.36717272),np.float64(-0.47945448116329464),8.466272e-01
np.float32(102978.77),32779.161652,np.float32(0.35989478),np.float64(-0.48629576993902934),8.461906e-01
np.float32(102978.78),32779.164139,np.float32(0.35259485),np.float64(-0.4931073777274278),8.457022e-01
np.float32(102978.79),32779.166626,np.float32(0.34527344),np.float64(-0.49988888878305904),8.451623e-01
np.float32(102978.8),32779.169113,np.float32(0.33793092),np.float64(-0.5066398891974414),8.445708e-01
np.float32(102978.805),32779.171599,np.float32(0.3305678),np.float64(-0.5133599669243055),8.439278e-01
np.float32(102978.81),32779.174086,np.float32(0.32318446),np.float64(-0.5200487118047434),8.432332e-01
np.float32(102978.82),32779.176573,np.float32(0.31578144),np.float64(-0.5267057155922429),8.424872e-01
np.float32(102978.83),32779.179060,np.float32(0.30835915),np.float64(-0.5333305719776039),8.416897e-01
np.float32(102978.836),32779.181547,np.float32(0.300918),np.float64(-0.5399228766137387),8.408409e-01
np.float32(102978.84),32779.184033,np.float32(0.2934585),np.float64(-0.5464822271403502),8.399407e-01
np.float32(102978.85),32779.186520,np.float32(0.28598112),np.float64(-0.5530082232084905),8.389893e-01
np.float32(102978.86),32779.189007,np.float32(0.27848622),np.float64(-0.5595004665049956),8.379867e-01
np.float32(102978.87),32779.191494,np.float32(0.27097437),np.float64(-0.5659585607767972),8.369329e-01
np.float32(102978.875),32779.193981,np.float32(0.26344594),np.float64(-0.5723821118551069),8.358281e-01
np.float32(102978.88),32779.196467,np.float32(0.25590152),np.float64(-0.5787707276794753),8.346722e-01
np.float32(102978.89),32779.198954,np.float32(0.2483414),np.float64(-0.5851240183217207),8.334654e-01
np.float32(102978.9),32779.201441,np.float32(0.24076612),np.float64(-0.5914415960097281),8.322077e-01
np.float32(102978.91),32779.203928,np.float32(0.23317616),np.float64(-0.5977230751511177),8.308992e-01
np.float32(102978.914),32779.206415,np.float32(0.22557199),np.float64(-0.6039680723567784),8.295401e-01
np.float32(102978.92),32779.208901,np.float32(0.21795404),np.float64(-0.6101762064642688),8.281302e-01
np.float32(102978.93),32779.211388,np.float32(0.2103228),np.float64(-0.6163470985610808),8.266699e-01
np.float32(102978.94),32779.213875,np.float32(0.20267871),np.float64(-0.622480372007767),8.251591e-01
np.float32(102978.945),32779.216362,np.float32(0.19502224),np.float64(-0.628575652460928),8.235979e-01
np.float32(102978.95),32779.218849,np.float32(0.18735386),np.float64(-0.6346325678960612),8.219864e-01
np.float32(102978.96),32779.221335,np.float32(0.17967406),np.float64(-0.640650748630267),8.203248e-01
np.float32(102978.97),32779.223822,np.float32(0.1719833),np.float64(-0.6466298273448123),8.186131e-01
np.float32(102978.98),32779.226309,np.float32(0.16428205),np.float64(-0.6525694391075496),8.168515e-01
np.float32(102978.984),32779.228796,np.float32(0.15657075),np.float64(-0.6584692213951908),8.150400e-01
np.float32(102978.99),32779.231283,np.float32(0.14884992),np.float64(-0.6643288141154337),8.131787e-01
np.float32(102979.0),32779.233769,np.float32(0.14111997),np.float64(-0.67014785962894),8.112678e-01
np.float32(102979.01),32779.236256,np.float32(0.13338144),np.float64(-0.6759260027711641),8.093074e-01
np.float32(102979.016),32779.238743,np.float32(0.12563476),np.float64(-0.6816628908740303),8.072977e-01
np.float32(102979.02),32779.241230,np.float32(0.1178804),np.float64(-0.6873581737874577),8.052386e-01
np.float32(102979.03),32779.243717,np.float32(0.11011884),np.float64(-0.693011503900732),8.031303e-01
np.float32(102979.04),32779.246203,np.float32(0.10235057),np.float64(-0.6986225361637212),8.009731e-01
np.float32(102979.05),32779.248690,np.float32(0.094576046),np.float64(-0.7041909281079365),7.987670e-01
np.float32(102979.055),32779.251177,np.float32(0.08679578),np.float64(-0.7097163398674341),7.965121e-01
np.float32(102979.06),32779.253664,np.float32(0.07901018),np.float64(-0.7151984341995591),7.942086e-01
