x_center,weight,native_sin,native_cos,std_sin,std_cos
-3.140058673,3.067970276e-03,1.222600111e+03,2.631326595e+01,3.593309253e-01,3.998006416e-01
-3.136990711,3.067970276e-03,3.436266468e+01,1.842357305e+02,3.743992827e-01,4.196254267e-01
-3.133922750,3.067970276e-03,4.120430375e+01,4.441357643e+02,2.950535646e-01,4.173639734e-01
-3.130854788,3.067970276e-03,2.771126458e+01,2.203758257e+02,2.671575448e-01,4.197128880e-01
-3.127786826,3.067970276e-03,2.159478962e+01,9.058181691e+01,2.669942477e-01,4.167094844e-01
-3.124718865,3.067970276e-03,1.732950052e+01,3.002679416e+02,2.555025040e-01,4.216709506e-01
-3.121650903,3.067970276e-03,9.355609827e+00,4.421266796e+02,2.541363828e-01,4.206916333e-01
-3.118582942,3.067970276e-03,1.592015405e+01,5.010450842e+02,2.543634863e-01,4.200382959e-01
-3.115514980,3.067970276e-03,1.725498963e+01,3.819088311e+02,2.542420194e-01,4.226699702e-01
-3.112447019,3.067970276e-03,8.664391788e+00,2.284188059e+02,2.541111792e-01,4.201213562e-01
-3.109379057,3.067731857e-03,1.152571540e+01,1.143648251e+02,4.299158741e-01,4.227215074e-01
-3.106311095,3.067970276e-03,5.959021603e+00,3.975342813e+01,4.685861104e-01,4.228568027e-01
-3.103243134,3.067970276e-03,9.145073752e+00,4.715961351e+00,4.686624949e-01,4.248362461e-01
-3.100175172,3.067970276e-03,1.045556417e+01,6.293579733e-01,4.688987584e-01,4.267405317e-01
-3.097107211,3.067970276e-03,4.391652149e+00,3.858844319e-01,4.700316310e-01,4.297994719e-01
-3.094039249,3.067970276e-03,8.656761116e+00,2.804910549e-01,4.698870149e-01,4.317484822e-01
-3.090971288,3.067970276e-03,2.066030877e+00,2.519068613e-01,4.696615261e-01,4.365839797e-01
-3.087903326,3.067970276e-03,3.186738711e+00,2.605809046e-01,4.708818022e-01,4.304899067e-01
-3.084835364,3.067970276e-03,5.663644639e+00,3.470453027e-01,4.712514110e-01,4.334628197e-01
-3.081767403,3.067970276e-03,2.911742405e+00,2.934012436e-01,4.702508474e-01,4.342139008e-01
-3.078699441,3.067970276e-03,6.612134771e+00,2.631282732e-01,3.785000425e-01,4.369162869e-01
-3.075631480,3.067970276e-03,2.640039847e+00,2.549032531e-01,3.191177819e-01,4.343133368e-01
-3.072563518,3.067970276e-03,2.670855385e+00,2.595144854e-01,3.192501394e-01,4.334888026e-01
-3.069495557,3.067970276e-03,3.466451460e+00,2.886330549e-01,3.185307511e-01,4.584085740e-01
-3.066427595,3.067970276e-03,1.655544836e+00,2.815802143e-01,3.184323778e-01,4.346913856e-01
-3.063359633,3.067970276e-03,4.668630982e+00,3.645279198e-01,3.179672159e-01,4.339079068e-01
-3.060291672,3.067970276e-03,2.083614910e+00,3.930250157e-01,3.180088558e-01,4.314028679e-01
-3.057223710,3.067970276e-03,2.301969746e+00,3.579119037e-01,3.167795932e-01,4.345598571e-01
-3.054155749,3.067970276e-03,3.705897737e+00,3.479657083e-01,3.169062813e-01,4.310893268e-01
-3.051087787,3.067970276e-03,2.436818621e+00,4.444998097e-01,3.167521259e-01,4.303342313e-01
-3.048019826,3.067970276e-03,4.480848522e+00,4.598463817e-01,3.158555867e-01,4.297514643e-01
-3.044951864,3.067970276e-03,4.146904220e+00,4.071146230e-01,3.160017073e-01,4.279154564e-01
-3.041883902,3.067970276e-03,3.967323031e+00,3.412369211e-01,3.157097816e-01,4.278581901e-01
-3.038815941,3.067970276e-03,4.796139573e+00,3.049234996e-01,3.154754117e-01,4.281947254e-01
-3.035747979,3.067970276e-03,2.787037050e+00,3.124500151e-01,3.147245856e-01,4.179531192e-01
-3.032680018,3.067970276e-03,4.168419811e+00,2.925509712e-01,3.140607922e-01,4.270005250e-01
-3.029612056,3.067970276e-03,3.169968237e+00,2.673982732e-01,3.137224638e-01,4.279323795e-01
-3.026544094,3.067731857e-03,3.136581281e+00,2.565203196e-01,3.126731312e-01,4.207031451e-01
-3.023476133,3.067970276e-03,3.971390143e+00,4.473362493e-01,3.124913526e-01,4.172875347e-01
-3.020408171,3.067970276e-03,2.011287802e+00,3.412903011e-01,3.123773203e-01,4.193368401e-01
-3.017340210,3.067970276e-03,4.828849067e+00,2.631994576e-01,3.033709108e-01,4.140094388e-01
-3.014272248,3.067970276e-03,9.054911807e-01,2.506587686e-01,2.651318455e-01,4.165358263e-01
-3.011204287,3.067970276e-03,5.266196951e-01,2.518940476e-01,2.650928324e-01,4.133149526e-01
-3.008136325,3.067970276e-03,1.133138928e+00,2.611850578e-01,2.645803754e-01,4.125534209e-01
-3.005068363,3.067970276e-03,8.461868298e-01,2.699361955e-01,2.648312618e-01,4.094181089e-01
-3.002000402,3.067970276e-03,2.149023638e+00,2.650812871e-01,2.646793051e-01,4.087249924e-01
-2.998932440,3.067970276e-03,1.882887807e+00,2.596600246e-01,2.643562943e-01,4.128829312e-01
-2.995864479,3.067970276e-03,1.101727216e+00,2.694554370e-01,2.638904516e-01,4.050038022e-01
-2.992796517,3.067970276e-03,1.589533523e+00,2.918352980e-01,2.637663811e-01,4.072521930e-01
-2.989728556,3.067970276e-03,1.422925776e+00,3.646843416e-01,2.633691166e-01,4.058008275e-01
-2.986660594,3.067970276e-03,1.449307602e+00,4.501306268e-01,2.635552069e-01,4.016611567e-01
-2.983592632,3.067970276e-03,1.823598737e+00,4.172450929e-01,2.627162192e-01,3.736300308e-01
-2.980524671,3.067970276e-03,9.698742434e-01,3.387491244e-01,2.628373614e-01,3.718230597e-01
-2.977456709,3.067970276e-03,1.521533173e+00,3.034706234e-01,2.627781778e-01,3.713365419e-01
-2.974388748,3.067970276e-03,1.563434290e+00,2.571816691e-01,2.624510359e-01,3.662691077e-01
-2.971320786,3.067970276e-03,1.170991677e+00,2.742274664e-01,2.623682474e-01,3.660610829e-01
-2.968252825,3.067970276e-03,2.465824579e+00,2.879567155e-01,2.621060735e-01,3.634625199e-01
-2.965184863,3.067970276e-03,1.869985431e+00,2.800114213e-01,2.621645781e-01,3.605258600e-01
-2.962116901,3.067970276e-03,2.522771272e+00,2.712711617e-01,2.614448853e-01,3.596305476e-01
-2.959048940,3.067970276e-03,2.533607584e+00,2.826174213e-01,2.612823622e-01,3.622068567e-01
-2.955980978,3.067970276e-03,1.129395476e+00,3.537794849e-01,2.614282092e-01,3.593693353e-01
-2.952913017,3.067970276e-03,2.538703018e+00,3.651430857e-01,2.606814104e-01,3.582964552e-01
-2.949845055,3.067970276e-03,1.648679708e+00,3.438592222e-01,2.604249735e-01,3.568859319e-01
-2.946777094,3.067970276e-03,1.966090486e+00,3.279687376e-01,2.603773909e-01,3.533981663e-01
-2.943709132,3.067731857e-03,1.678517651e+00,2.891505790e-01,2.602437596e-01,3.537115248e-01
-2.940641170,3.067970276e-03,1.385477925e+00,3.203815358e-01,2.599133054e-01,3.544271263e-01
-2.937573209,3.067970276e-03,2.033059319e+00,3.025436803e-01,2.615861866e-01,3.513713360e-01
-2.934505247,3.067970276e-03,2.946775443e-01,2.879819583e-01,2.590617811e-01,3.526454076e-01
-2.931437286,3.067970276e-03,6.560112864e-01,3.129345437e-01,2.586645596e-01,3.470167432e-01
-2.928369324,3.067970276e-03,1.186435888e+00,2.563376328e-01,2.586800908e-01,3.506014769e-01
-2.925301362,3.067970276e-03,7.246858718e-01,2.758230208e-01,2.583678091e-01,3.481590659e-01
-2.922233401,3.067970276e-03,2.516122955e+00,2.865797622e-01,2.579614912e-01,3.476251809e-01
-2.919165439,3.067970276e-03,1.345946549e+00,2.869613546e-01,2.575936444e-01,3.486182815e-01
-2.916097478,3.067970276e-03,1.608695282e+00,3.237521066e-01,2.575873168e-01,3.474805160e-01
-2.913029516,3.067970276e-03,1.902523983e+00,2.774087861e-01,2.572584793e-01,3.464881494e-01
-2.909961555,3.067970276e-03,8.693627250e-01,2.927187849e-01,2.569599558e-01,3.467825038e-01
-2.906893593,3.067970276e-03,2.927946181e+00,2.732761644e-01,2.565430922e-01,3.461784651e-01
-2.903825631,3.067970276e-03,1.810959999e+00,2.622610408e-01,2.561830518e-01,3.448642406e-01
-2.900757670,3.067970276e-03,1.839907149e+00,2.902288082e-01,2.560648570e-01,3.437451753e-01
-2.897689708,3.067970276e-03,2.027791284e+00,6.297320848e-01,2.558711634e-01,3.435885042e-01
-2.894621747,3.067970276e-03,8.984702334e-01,3.187944083e-01,2.554303167e-01,3.466358121e-01
-2.891553785,3.067970276e-03,2.238524543e+00,2.530528226e-01,2.562037493e-01,3.428228484e-01
-2.888485824,3.067970276e-03,4.191744648e-01,2.753482931e-01,2.527034733e-01,3.586258318e-01
-2.885417862,3.067970276e-03,2.685131794e-01,3.144541881e-01,2.511458277e-01,3.382137527e-01
-2.882349900,3.067970276e-03,3.403030814e-01,3.157212363e-01,2.511182982e-01,3.414828667e-01
-2.879281939,3.067970276e-03,3.973193116e-01,2.540669573e-01,2.510878237e-01,3.358177670e-01
-2.876213977,3.067970276e-03,1.628788620e+00,2.674012137e-01,2.510157183e-01,3.377036376e-01
-2.873146016,3.067970276e-03,7.874027314e-01,2.764675097e-01,2.510639993e-01,3.409467702e-01
-2.870078054,3.067970276e-03,6.537022177e-01,3.184941768e-01,2.508883398e-01,3.367938465e-01
-2.867010093,3.067970276e-03,9.404523433e-01,3.213523977e-01,2.508700887e-01,3.392765714e-01
-2.863942131,3.067970276e-03,7.236141627e-01,2.589149390e-01,2.508099624e-01,3.491175061e-01
-2.860874169,3.067970276e-03,8.281021922e-01,2.759844714e-01,2.507260257e-01,3.404322583e-01
-2.857806208,3.067731857e-03,5.148446454e-01,2.681778041e-01,2.507163299e-01,3.408379644e-01
-2.854738246,3.067970276e-03,2.808993197e-01,2.715782043e-01,2.506406244e-01,3.406860601e-01
-2.851670285,3.067970276e-03,3.550215575e-01,2.796058152e-01,2.513368711e-01,3.399291307e-01
-2.848602323,3.067970276e-03,3.105070348e-01,3.053436025e-01,2.505296290e-01,3.400211935e-01
-2.845534362,3.067970276e-03,1.352975043e+00,3.783607631e-01,2.505615934e-01,3.224801897e-01
-2.842466400,3.067970276e-03,6.717252752e-01,3.690970973e-01,2.504460408e-01,3.165208388e-01
-2.839398438,3.067970276e-03,4.151163464e-01,3.573552985e-01,2.504081167e-01,3.174594062e-01
-2.836330477,3.067970276e-03,6.737061887e-01,4.314302356e-01,2.504115325e-01,3.184465337e-01
-2.833262515,3.067970276e-03,5.704722497e-01,2.837203440e-01,2.503165597e-01,3.158162527e-01
-2.830194554,3.067970276e-03,8.042767984e-01,2.505129855e-01,2.503610267e-01,3.176409625e-01
-2.827126592,3.067970276e-03,6.188832428e-01,2.531173946e-01,2.503316383e-01,3.206985349e-01
-2.824058630,3.067970276e-03,5.654200505e-01,2.711498970e-01,2.499256480e-01,3.212738608e-01
-2.820990669,3.067970276e-03,9.792673731e-01,3.985190937e-01,2.502293048e-01,3.269056001e-01
-2.817922707,3.067970276e-03,9.487610473e-01,2.680383546e-01,2.502141076e-01,3.224930750e-01
-2.814854746,3.067970276e-03,6.935049775e-01,2.967782437e-01,2.502005675e-01,3.230420206e-01
-2.811786784,3.067970276e-03,9.665379047e-01,3.269427207e-01,2.500200029e-01,3.235420935e-01
-2.808718823,3.067970276e-03,3.728248191e-01,3.364118972e-01,2.501523139e-01,3.339035073e-01
-2.805650861,3.067970276e-03,4.743798673e-01,4.969829294e-01,2.500946000e-01,3.234785178e-01
-2.802582899,3.067970276e-03,4.407672419e-01,3.540145902e-01,2.500841467e-01,3.283474359e-01
-2.799514938,3.067970276e-03,7.826954372e-01,2.544333084e-01,2.501813586e-01,3.261397757e-01
-2.796446976,3.067970276e-03,1.021843185e+00,2.705554240e-01,2.500830299e-01,3.275164822e-01
-2.793379015,3.067970276e-03,7.082696882e-01,2.883337795e-01,2.500989694e-01,3.305117379e-01
-2.790311053,3.067970276e-03,9.830668433e-01,5.158169811e-01,2.501133784e-01,3.294090895e-01
-2.787243092,3.067970276e-03,9.290209947e-01,5.747513606e-01,2.501445455e-01,3.325947733e-01
-2.784175130,3.067970276e-03,6.487395835e-01,2.831047053e-01,2.501499273e-01,3.334060559e-01
-2.781107168,3.067970276e-03,1.353180041e+00,2.509039955e-01,2.501613689e-01,3.348219243e-01
-2.778039207,3.067970276e-03,8.240375571e-01,2.628722369e-01,2.501695670e-01,3.378440283e-01
-2.774971245,3.067731857e-03,1.026657268e+00,3.300150432e-01,2.502206827e-01,3.370034628e-01
-2.771903284,3.067970276e-03,1.053498941e+00,4.453484497e-01,2.502352757e-01,3.379684262e-01
-2.768835322,3.067970276e-03,5.168326750e-01,5.856278865e-01,2.501959199e-01,3.419493233e-01
-2.765767361,3.067970276e-03,1.556490848e+00,5.193854982e-01,2.502416324e-01,3.418320236e-01
-2.762699399,3.067970276e-03,9.846154405e-01,4.164403921e-01,2.501468745e-01,3.444304103e-01
-2.759631437,3.067970276e-03,1.040063208e+00,4.239261311e-01,2.502595655e-01,3.469577933e-01
-2.756563476,3.067970276e-03,1.035758232e+00,2.933538102e-01,2.502560126e-01,3.476196385e-01
-2.753495514,3.067970276e-03,4.877410326e-01,4.843123563e-01,2.503445233e-01,3.485554301e-01
-2.750427553,3.067970276e-03,1.509163392e+00,5.168525887e-01,2.498907477e-01,3.524248603e-01
-2.747359591,3.067970276e-03,9.639755433e-01,4.225755450e-01,2.503631304e-01,3.544877449e-01
-2.744291630,3.067970276e-03,1.082654498e+00,3.772986975e-01,2.503690559e-01,3.567493202e-01
-2.741223668,3.067970276e-03,1.285482340e+00,4.666623806e-01,2.503394353e-01,3.599984415e-01
-2.738155706,3.067970276e-03,7.199028268e-01,2.902545703e-01,2.504105792e-01,3.598817193e-01
-2.735087745,3.067970276e-03,1.100446033e+00,3.958294727e-01,2.504327847e-01,3.620221512e-01
-2.732019783,3.067970276e-03,9.834728722e-01,4.056436676e-01,2.508802670e-01,3.643943643e-01
-2.728951822,3.067970276e-03,1.146131245e+00,4.100275575e-01,2.511920738e-01,3.663457902e-01
-2.725883860,3.067970276e-03,1.342095347e+00,3.419834891e-01,2.504761430e-01,3.700574032e-01
-2.722815898,3.067970276e-03,7.240634000e-01,3.208141647e-01,2.505150577e-01,3.725823291e-01
-2.719747937,3.067970276e-03,9.561865937e-01,3.899084316e-01,2.506379327e-01,3.722095989e-01
-2.716679975,3.067970276e-03,5.839530099e-01,3.436359789e-01,2.507717707e-01,3.752876105e-01
-2.713612014,3.067970276e-03,6.672919147e-01,3.103447886e-01,2.506901242e-01,3.762094275e-01
-2.710544052,3.067970276e-03,8.263873771e-01,4.096668271e-01,2.507115515e-01,3.821179653e-01
-2.707476091,3.067970276e-03,4.284425526e-01,2.633824780e-01,2.508157649e-01,3.839722132e-01
-2.704408129,3.067970276e-03,1.398201391e+00,3.061276954e-01,2.509057139e-01,3.864017660e-01
-2.701340167,3.067970276e-03,7.849885290e-01,2.998360359e-01,2.509644438e-01,3.882952314e-01
-2.698272206,3.067970276e-03,7.816056408e-01,3.056592729e-01,2.510641194e-01,3.925178813e-01
-2.695204244,3.067970276e-03,1.016565327e+00,3.103498201e-01,2.510409823e-01,3.932972678e-01
-2.692136283,3.067970276e-03,6.398832478e-01,3.431821072e-01,2.510993388e-01,3.973588638e-01
-2.689068321,3.067731857e-03,1.039619034e+00,4.517135962e-01,2.513116158e-01,3.981795638e-01
-2.686000360,3.067970276e-03,8.157254608e-01,4.201864120e-01,2.510446061e-01,3.982701009e-01
-2.682932398,3.067970276e-03,6.598202875e-01,4.209375850e-01,2.511817321e-01,4.045673389e-01
-2.679864436,3.067970276e-03,8.550354751e-01,3.933948328e-01,2.512723299e-01,4.096259158e-01
-2.676796475,3.067970276e-03,5.614713068e-01,4.134770358e-01,2.512971218e-01,4.090892161e-01
-2.673728513,3.067970276e-03,1.007431025e+00,3.930128086e-01,2.513709193e-01,4.116402088e-01
-2.670660552,3.067970276e-03,7.871362821e-01,3.090099195e-01,2.512613584e-01,4.113407935e-01
-2.667592590,3.067970276e-03,5.986383747e-01,2.977088815e-01,2.513569922e-01,4.185552178e-01
-2.664524629,3.067970276e-03,8.273744941e-01,7.191377042e-01,2.513461132e-01,4.221026380e-01
-2.661456667,3.067970276e-03,6.178775854e-01,4.932948568e-01,2.512996832e-01,4.245109716e-01
-2.658388705,3.067970276e-03,8.952292931e-01,2.668130920e-01,2.514322341e-01,4.247615781e-01
-2.655320744,3.067970276e-03,7.118702380e-01,2.509990297e-01,2.514186015e-01,4.255889188e-01
-2.652252782,3.067970276e-03,3.181193234e-01,2.736729115e-01,2.514952530e-01,4.312632363e-01
-2.649184821,3.067970276e-03,4.869781999e-01,4.736920417e-01,2.514171121e-01,4.345134006e-01
-2.646116859,3.067970276e-03,5.275955092e-01,2.908548056e-01,2.514228231e-01,4.383730556e-01
-2.643048898,3.067970276e-03,6.042257757e-01,2.684402696e-01,2.678139091e-01,4.406936110e-01
-2.639980936,3.067970276e-03,8.609321219e-01,2.910047774e-01,9.045766641e-01,4.417420422e-01
-2.636912974,3.067970276e-03,4.636219664e-01,3.416560162e-01,9.089447722e-01,4.538155453e-01
-2.633845013,3.067970276e-03,7.703195886e-01,4.687137613e-01,9.011134235e-01,4.496981816e-01
-2.630777051,3.067970276e-03,9.747014361e-01,2.925159008e-01,8.997934349e-01,4.504989693e-01
-2.627709090,3.067970276e-03,4.750819762e-01,3.826501266e-01,8.957504127e-01,4.573187066e-01
-2.624641128,3.067970276e-03,1.006295513e+00,3.543460085e-01,8.946938992e-01,4.598449275e-01
-2.621573166,3.067970276e-03,4.540808630e-01,3.337027994e-01,8.936449286e-01,4.601523347e-01
-2.618505205,3.067970276e-03,3.848263580e-01,4.277977240e-01,7.457819401e-01,4.800120456e-01
-2.615437243,3.067970276e-03,2.648553116e-01,3.799349682e-01,4.478331799e-01,4.631797561e-01
-2.612369282,3.067970276e-03,6.244914129e-01,6.008800030e-01,4.470990618e-01,4.683043940e-01
-2.609301320,3.067970276e-03,6.527185335e-01,5.750818997e-01,4.456732176e-01,4.697455811e-01
-2.606233359,3.067731857e-03,3.261101851e-01,4.996194976e-01,4.460419267e-01,4.718535913e-01
-2.603165397,3.067970276e-03,3.256067790e-01,5.571607054e-01,4.459895396e-01,4.762702058e-01
-2.600097435,3.067970276e-03,2.795005618e-01,2.808586757e-01,4.444166780e-01,4.786892358e-01
-2.597029474,3.067970276e-03,5.699658935e-01,3.780481614e-01,4.429450345e-01,4.794055791e-01
-2.593961512,3.067970276e-03,6.629879619e-01,3.518080764e-01,4.413682722e-01,4.863074374e-01
-2.590893551,3.067970276e-03,2.625615332e-01,3.071003597e-01,4.403474745e-01,4.842760784e-01
-2.587825589,3.067970276e-03,2.672310958e-01,3.946768879e-01,4.376828421e-01,4.905077349e-01
-2.584757628,3.067970276e-03,2.718931673e-01,2.873875860e-01,4.387306239e-01,4.929268105e-01
-2.581689666,3.067970276e-03,3.578513327e-01,3.258584640e-01,4.366234440e-01,4.915781068e-01
-2.578621704,3.067970276e-03,7.448318164e-01,3.393549211e-01,4.357225127e-01,4.952024057e-01
-2.575553743,3.067970276e-03,4.637320275e-01,3.122507099e-01,4.362094854e-01,4.969825382e-01
-2.572485781,3.067970276e-03,5.910270502e-01,4.096887553e-01,4.348527898e-01,4.992856039e-01
-2.569417820,3.067970276e-03,7.443952412e-01,3.801849853e-01,4.330320457e-01,2.749242903e-01
-2.566349858,3.067970276e-03,5.360073205e-01,2.723045784e-01,4.329015826e-01,2.640257411e-01
-2.563281897,3.067970276e-03,4.980575773e-01,3.069943422e-01,4.315468859e-01,2.644697272e-01
-2.560213935,3.067970276e-03,3.344811879e-01,3.226699191e-01,4.311429570e-01,2.639587099e-01
-2.557145973,3.067970276e-03,2.814489832e-01,4.994990487e-01,4.330307313e-01,2.646893038e-01
-2.554078012,3.067970276e-03,2.926830891e-01,5.451402967e-01,4.274659561e-01,2.643243971e-01
-2.551010050,3.067970276e-03,2.774981568e-01,2.879748028e-01,4.268349315e-01,2.640084996e-01
-2.547942089,3.067970276e-03,6.349346433e-01,3.740008121e-01,4.243766545e-01,2.642504520e-01
-2.544874127,3.067970276e-03,3.531106126e-01,3.468553957e-01,4.222438539e-01,2.643418672e-01
-2.541806166,3.067970276e-03,3.511068197e-01,3.411771919e-01,4.218617651e-01,2.641531268e-01
-2.538738204,3.067970276e-03,4.364869439e-01,7.168018235e-01,4.203002447e-01,2.634607103e-01
-2.535670242,3.067970276e-03,3.349549999e-01,2.835327903e-01,4.196091685e-01,2.643873543e-01
-2.532602281,3.067970276e-03,5.895782608e-01,4.021651686e-01,4.178039253e-01,2.632525896e-01
-2.529534319,3.067970276e-03,5.864135709e-01,4.880863257e-01,4.176472831e-01,2.632837648e-01
-2.526466358,3.067970276e-03,4.623306373e-01,5.725350133e-01,4.145489624e-01,2.634889185e-01
-2.523398396,3.067731857e-03,4.345046534e-01,8.162715400e-01,4.146194416e-01,2.636369088e-01
-2.520330434,3.067970276e-03,2.889675256e-01,3.341065375e-01,4.106186659e-01,2.628011701e-01
-2.517262473,3.067970276e-03,7.026426821e-01,2.550781005e-01,4.109175610e-01,2.627346637e-01
-2.514194511,3.067970276e-03,3.399972744e-01,2.762312482e-01,4.106631126e-01,2.633609862e-01
-2.511126550,3.067970276e-03,2.639953149e-01,3.753168911e-01,4.086108874e-01,2.629723611e-01
-2.508058588,3.067970276e-03,2.764758705e-01,4.307828229e-01,4.058309475e-01,2.627876757e-01
-2.504990627,3.067970276e-03,2.614641286e-01,4.041120424e-01,4.053483310e-01,2.630473913e-01
-2.501922665,3.067970276e-03,6.043349366e-01,4.683777713e-01,4.043310164e-01,2.632146926e-01
-2.498854703,3.067970276e-03,4.635290218e-01,3.716482164e-01,4.051142029e-01,2.628965794e-01
-2.495786742,3.067970276e-03,4.606590502e-01,3.526129873e-01,4.003231152e-01,2.625599946e-01
-2.492718780,3.067970276e-03,6.031305916e-01,5.612621511e-01,3.999629646e-01,2.636656698e-01
-2.489650819,3.067970276e-03,5.164513958e-01,2.773181854e-01,3.983592341e-01,2.633451985e-01
-2.486582857,3.067970276e-03,3.908146261e-01,3.035521921e-01,3.964030721e-01,2.629202290e-01
-2.483514896,3.067970276e-03,4.248143942e-01,3.070287735e-01,3.939279367e-01,2.626334137e-01
-2.480446934,3.067970276e-03,2.729148077e-01,3.210554047e-01,3.917663112e-01,2.631995983e-01
-2.477378972,3.067970276e-03,2.962535788e-01,4.640757222e-01,3.922543094e-01,2.634373894e-01
-2.474311011,3.067970276e-03,2.924300443e-01,2.899541917e-01,3.905331142e-01,2.634967455e-01
-2.471243049,3.067970276e-03,3.740406345e-01,4.204073627e-01,3.877766370e-01,2.634029714e-01
-2.468175088,3.067970276e-03,5.458430749e-01,3.912670804e-01,3.864608911e-01,2.634405945e-01
-2.465107126,3.067970276e-03,4.033618316e-01,3.454182560e-01,3.856923009e-01,2.629576895e-01
-2.462039165,3.067970276e-03,4.261677126e-01,6.049728678e-01,3.859585346e-01,2.642687559e-01
-2.458971203,3.067970276e-03,3.254415730e-01,3.874593943e-01,3.829160240e-01,2.642596186e-01
-2.455903241,3.067970276e-03,5.439735811e-01,3.189350094e-01,3.815026144e-01,2.644553267e-01
-2.452835280,3.067970276e-03,5.412833509e-01,3.752034762e-01,3.799258214e-01,2.614126287e-01
-2.449767318,3.067970276e-03,3.095106000e-01,3.615541566e-01,3.776619558e-01,2.614949834e-01
-2.446699357,3.067970276e-03,3.232929243e-01,5.769846088e-01,3.770915506e-01,2.618523578e-01
-2.443631395,3.067970276e-03,2.924504384e-01,4.469462486e-01,3.743581378e-01,2.619574552e-01
-2.440563434,3.067970276e-03,4.341368265e-01,2.967868822e-01,3.726621073e-01,2.624032200e-01
-2.437495472,3.067731857e-03,6.956896771e-01,3.717061878e-01,3.710260616e-01,2.620341350e-01
-2.434427510,3.067970276e-03,3.842154555e-01,4.017472716e-01,3.707626862e-01,2.623713216e-01
-2.431359549,3.067970276e-03,3.488403160e-01,6.039450912e-01,3.685197688e-01,2.635270925e-01
-2.428291587,3.067970276e-03,2.852919877e-01,3.159328943e-01,3.678890446e-01,2.629674671e-01
-2.425223626,3.067970276e-03,5.034607051e-01,3.599490867e-01,3.653954080e-01,2.622620872e-01
-2.422155664,3.067970276e-03,7.433685644e-01,4.046367300e-01,3.642967476e-01,2.637059192e-01
-2.419087702,3.067970276e-03,3.397079224e-01,4.001978096e-01,3.643318163e-01,2.637960561e-01
-2.416019741,3.067970276e-03,3.279007617e-01,6.220681718e-01,3.611766626e-01,2.640628689e-01
-2.412951779,3.067970276e-03,3.953418384e-01,3.230846339e-01,3.589861845e-01,2.655380516e-01
-2.409883818,3.067970276e-03,3.073903052e-01,4.779616038e-01,3.575692466e-01,2.643935513e-01
-2.406815856,3.067970276e-03,5.363187798e-01,5.425651925e-01,3.555891220e-01,2.649831387e-01
-2.403747895,3.067970276e-03,4.519508236e-01,4.565607496e-01,3.535834827e-01,2.654305315e-01
-2.400679933,3.067970276e-03,4.816759825e-01,5.301538985e-01,3.524321861e-01,2.660331380e-01
-2.397611971,3.067970276e-03,5.265353248e-01,4.084711758e-01,3.503740875e-01,2.660055734e-01
-2.394544010,3.067970276e-03,3.301185870e-01,3.657001542e-01,3.505337009e-01,2.664308919e-01
-2.391476048,3.067970276e-03,4.257934965e-01,4.560557626e-01,3.459034307e-01,2.666019046e-01
-2.388408087,3.067970276e-03,2.775999968e-01,4.105184276e-01,3.465901691e-01,2.678655573e-01
-2.385340125,3.067970276e-03,2.906554625e-01,5.009733527e-01,3.457350131e-01,2.681771585e-01
-2.382272164,3.067970276e-03,3.810278357e-01,7.391256518e-01,3.424018710e-01,2.678655281e-01
-2.379204202,3.067970276e-03,3.479630431e-01,2.722812038e-01,3.434608271e-01,2.688362341e-01
-2.376136240,3.067970276e-03,3.948755209e-01,2.699969576e-01,3.414898652e-01,2.696372395e-01
-2.373068279,3.067970276e-03,3.601802012e-01,2.725651355e-01,3.410996684e-01,2.698206854e-01
-2.370000317,3.067970276e-03,3.682912846e-01,3.383834650e-01,3.384096419e-01,2.697598010e-01
-2.366932356,3.067970276e-03,4.358469758e-01,7.630092137e-01,3.367140795e-01,2.710009680e-01
-2.363864394,3.067970276e-03,3.269293362e-01,2.844034084e-01,3.348326193e-01,2.710304658e-01
-2.360796433,3.067970276e-03,4.259850639e-01,3.838957757e-01,3.334492794e-01,2.713469328e-01
-2.357728471,3.067970276e-03,3.388254551e-01,4.062345163e-01,3.325807413e-01,2.718827871e-01
-2.354660509,3.067731857e-03,3.145619628e-01,4.423418154e-01,3.304836570e-01,2.729054646e-01
-2.351592548,3.067970276e-03,3.013400550e-01,4.295059716e-01,3.290703887e-01,2.729659770e-01
-2.348524586,3.067970276e-03,3.038384908e-01,4.172252156e-01,3.281061984e-01,2.736076986e-01
-2.345456625,3.067970276e-03,8.322971898e-01,5.739870244e-01,3.274071482e-01,2.744672811e-01
-2.342388663,3.067970276e-03,2.786956660e-01,4.868004134e-01,3.245530115e-01,2.750661498e-01
-2.339320702,3.067970276e-03,2.502363332e-01,4.750018922e-01,3.247392460e-01,2.764007514e-01
-2.336252740,3.067970276e-03,2.503351888e-01,4.544377094e-01,3.239864072e-01,2.765241510e-01
-2.333184778,3.067970276e-03,3.131790711e-01,4.557867208e-01,3.222009127e-01,2.774036515e-01
-2.330116817,3.067970276e-03,8.295144567e-01,5.060078315e-01,3.206582599e-01,2.766565412e-01
-2.327048855,3.067970276e-03,3.869980151e-01,3.689811689e-01,3.199132446e-01,2.783600767e-01
-2.323980894,3.067970276e-03,3.196397759e-01,3.455859380e-01,3.190976395e-01,2.785962801e-01
-2.320912932,3.067970276e-03,3.508903440e-01,4.572604799e-01,3.160127824e-01,2.780818681e-01
-2.317844970,3.067970276e-03,2.952416547e-01,4.170915844e-01,3.151612437e-01,2.802386448e-01
-2.314777009,3.067970276e-03,4.702930138e-01,6.736820257e-01,3.142105964e-01,2.801306348e-01
-2.311709047,3.067970276e-03,4.113380129e-01,6.280983806e-01,3.138721829e-01,2.810319512e-01
-2.308641086,3.067970276e-03,3.524598991e-01,5.965357831e-01,3.122867718e-01,2.815372141e-01
-2.305573124,3.067970276e-03,4.172434586e-01,6.120341876e-01,3.113744132e-01,2.824446301e-01
-2.302505163,3.067970276e-03,3.703791875e-01,3.898622970e-01,3.092843954e-01,2.833256992e-01
-2.299437201,3.067970276e-03,3.602079704e-01,5.303571188e-01,3.103748086e-01,2.840234266e-01
-2.296369239,3.067970276e-03,5.026533033e-01,4.333802188e-01,3.079645880e-01,2.851449162e-01
-2.293301278,3.067970276e-03,3.152427128e-01,4.324097099e-01,3.072145084e-01,2.767861967e-01
-2.290233316,3.067970276e-03,3.183733312e-01,8.084752536e-01,3.063053357e-01,2.864641917e-01
-2.287165355,3.067970276e-03,2.915210688e-01,4.106945829e-01,3.030080305e-01,2.867248566e-01
-2.284097393,3.067970276e-03,3.654626364e-01,3.575124934e-01,3.044824812e-01,2.879973372e-01
-2.281029432,3.067970276e-03,5.100077482e-01,4.671665153e-01,3.051736425e-01,2.880682623e-01
-2.277961470,3.067970276e-03,3.175717301e-01,5.169382120e-01,3.019794791e-01,2.890682899e-01
-2.274893508,3.067970276e-03,2.981536126e-01,7.921084437e-01,3.009563500e-01,2.889167699e-01
-2.271825547,3.067970276e-03,2.626055191e-01,3.593786540e-01,3.017927697e-01,2.895943609e-01
-2.268757585,3.067731857e-03,5.389268445e-01,3.749015270e-01,3.005559437e-01,2.904012052e-01
-2.265689624,3.067970276e-03,5.248888109e-01,4.300342843e-01,2.999030754e-01,2.917533672e-01
-2.262621662,3.067970276e-03,2.926270492e-01,4.083598251e-01,2.981809604e-01,2.919816895e-01
-2.259553701,3.067970276e-03,3.013862657e-01,6.573875524e-01,2.973401475e-01,2.930035004e-01
-2.256485739,3.067970276e-03,2.714921482e-01,4.491592755e-01,3.003406592e-01,2.937426166e-01
-2.253417777,3.067970276e-03,4.632663801e-01,4.268170308e-01,2.993508296e-01,2.944065228e-01
-2.250349816,3.067970276e-03,5.765575970e-01,5.753627041e-01,2.991827236e-01,2.959732903e-01
-2.247281854,3.067970276e-03,2.811711248e-01,5.475787184e-01,2.959477039e-01,2.956619830e-01
-2.244213893,3.067970276e-03,3.136198941e-01,7.006996349e-01,2.970408666e-01,2.959256636e-01
-2.241145931,3.067970276e-03,3.334376175e-01,3.196649556e-01,2.963088688e-01,2.964525696e-01
-2.238077970,3.067970276e-03,2.765130407e-01,3.798611279e-01,2.960153967e-01,2.979624711e-01
-2.235010008,3.067970276e-03,4.448773922e-01,3.882681720e-01,2.957527820e-01,2.987813677e-01
-2.231942046,3.067970276e-03,2.713292615e-01,3.454996085e-01,2.945527089e-01,2.983400288e-01
-2.228874085,3.067970276e-03,2.635919483e-01,5.573644939e-01,2.930970405e-01,2.993440621e-01
-2.225806123,3.067970276e-03,2.624376331e-01,3.896080289e-01,2.932439057e-01,3.006555528e-01
-2.222738162,3.067970276e-03,3.067752049e-01,6.704076100e-01,2.930151984e-01,3.016410151e-01
-2.219670200,3.067970276e-03,5.643806351e-01,7.625363164e-01,2.936067325e-01,3.024180417e-01
-2.216602238,3.067970276e-03,2.903938403e-01,6.169653552e-01,2.911335423e-01,3.024021427e-01
-2.213534277,3.067970276e-03,3.025264237e-01,6.185953199e-01,2.912976515e-01,3.051661343e-01
-2.210466315,3.067970276e-03,3.711746778e-01,5.325558491e-01,2.915383150e-01,3.044557922e-01
-2.207398354,3.067970276e-03,3.268226622e-01,2.945273983e-01,2.906824571e-01,3.048427069e-01
-2.204330392,3.067970276e-03,3.877715730e-01,3.547369292e-01,2.898984491e-01,3.048582494e-01
-2.201262431,3.067970276e-03,3.085092946e-01,3.282720164e-01,2.910322570e-01,3.064616293e-01
-2.198194469,3.067970276e-03,2.525221133e-01,4.528395304e-01,2.907167940e-01,3.074799561e-01
-2.195126507,3.067970276e-03,2.538774423e-01,6.454344315e-01,2.885731966e-01,3.074446370e-01
-2.192058546,3.067970276e-03,4.036532255e-01,3.458785145e-01,2.886793471e-01,3.073386895e-01
-2.188990584,3.067970276e-03,8.558914057e-01,5.910919659e-01,2.894870845e-01,3.091843774e-01
-2.185922623,3.067731857e-03,4.610621582e-01,6.241680368e-01,2.887040923e-01,3.089041102e-01
-2.182854661,3.067970276e-03,3.891412299e-01,7.501147407e-01,2.884330245e-01,3.106563084e-01
-2.179786700,3.067970276e-03,3.270120147e-01,6.010608904e-01,2.880826179e-01,3.105174410e-01
-2.176718738,3.067970276e-03,2.984837669e-01,4.462121754e-01,2.899451279e-01,3.114242004e-01
-2.173650776,3.067970276e-03,7.835894721e-01,5.963266020e-01,2.872546094e-01,3.116690127e-01
-2.170582815,3.067970276e-03,2.860405040e-01,4.823033577e-01,2.878685834e-01,3.124384290e-01
-2.167514853,3.067970276e-03,2.898230782e-01,4.839354626e-01,2.895684224e-01,3.124818752e-01
-2.164446892,3.067970276e-03,3.077820340e-01,6.311329610e-01,2.882763952e-01,3.135785735e-01
-2.161378930,3.067970276e-03,2.658674300e-01,2.867076441e-01,2.871284588e-01,3.148800469e-01
-2.158310969,3.067970276e-03,6.066818238e-01,3.891335884e-01,2.869355016e-01,3.152083107e-01
-2.155243007,3.067970276e-03,4.090488194e-01,3.679331579e-01,2.876973115e-01,3.183731796e-01
-2.152175045,3.067970276e-03,2.759375104e-01,4.539809319e-01,2.867687288e-01,3.169716287e-01
-2.149107084,3.067970276e-03,2.667357647e-01,5.948851440e-01,2.868633395e-01,3.170165650e-01
-2.146039122,3.067970276e-03,2.548986677e-01,6.932203131e-01,2.859201936e-01,3.176509115e-01
-2.142971161,3.067970276e-03,4.404812908e-01,9.125959872e-01,2.915904298e-01,3.176249364e-01
-2.139903199,3.067970276e-03,3.378091075e-01,7.595550038e-01,4.119034420e-01,3.184977025e-01
-2.136835238,3.067970276e-03,2.701213792e-01,6.309374206e-01,4.104851065e-01,3.191797878e-01
-2.133767276,3.067970276e-03,2.870113096e-01,7.966929268e-01,4.090147765e-01,3.187061643e-01
-2.130699314,3.067970276e-03,2.793226288e-01,3.026992890e-01,4.067547886e-01,3.190429208e-01
-2.127631353,3.067970276e-03,3.158184921e-01,3.495553877e-01,4.080890253e-01,3.201727434e-01
-2.124563391,3.067970276e-03,3.359073460e-01,3.399849731e-01,4.067838450e-01,3.192494408e-01
-2.121495430,3.067970276e-03,2.680976516e-01,3.277011547e-01,4.020997888e-01,3.207898129e-01
-2.118427468,3.067970276e-03,2.964486891e-01,7.289099243e-01,4.038742329e-01,3.212411670e-01
-2.115359506,3.067970276e-03,3.147416104e-01,4.554711308e-01,3.984673725e-01,3.220182971e-01
-2.112291545,3.067970276e-03,2.692760947e-01,3.575534081e-01,3.987776662e-01,3.227352945e-01
-2.109223583,3.067970276e-03,4.783695883e-01,4.495264029e-01,3.970767666e-01,3.235616493e-01
-2.106155622,3.067970276e-03,4.080878976e-01,4.503089192e-01,3.938142544e-01,3.234585882e-01
-2.103087660,3.067731857e-03,4.750630574e-01,7.649869984e-01,3.924815564e-01,3.230379496e-01
-2.100019699,3.067970276e-03,5.002713566e-01,4.961235784e-01,3.917021117e-01,3.237425137e-01
-2.096951737,3.067970276e-03,3.235058316e-01,3.207471217e-01,3.882459216e-01,3.240334276e-01
-2.093883775,3.067970276e-03,3.719082658e-01,6.463405131e-01,4.060722336e-01,4.731137542e-01
-2.090815814,3.067970276e-03,2.860172261e-01,7.962266686e-01,3.861898646e-01,5.464556307e-01
-2.087747852,3.067970276e-03,3.003789008e-01,1.307515917e+00,3.864605604e-01,5.468984042e-01
-2.084679891,3.067970276e-03,3.207701545e-01,6.523526576e-01,3.846544894e-01,5.473350363e-01
-2.081611929,3.067970276e-03,2.678592482e-01,1.323755377e+00,3.796642372e-01,5.507590529e-01
-2.078543968,3.067970276e-03,4.210656166e-01,1.119972043e+00,3.794780712e-01,5.514947310e-01
-2.075476006,3.067970276e-03,2.933428477e-01,8.099693639e-01,3.834357318e-01,5.587230332e-01
-2.072408044,3.067970276e-03,2.613676789e-01,1.211727657e+00,3.744074291e-01,5.537543081e-01
-2.069340083,3.067970276e-03,2.527044316e-01,5.144010209e-01,3.739677160e-01,3.609691636e-01
-2.066272121,3.067970276e-03,3.286868792e-01,8.746071799e-01,3.719668678e-01,3.558034020e-01
-2.063204160,3.067970276e-03,4.763564205e-01,8.343304957e-01,3.692890746e-01,3.568560148e-01
-2.060136198,3.067970276e-03,2.555680419e-01,6.123594793e-01,3.673280423e-01,3.572008861e-01
-2.057068237,3.067970276e-03,2.561800103e-01,1.060048070e+00,3.630079400e-01,3.577134886e-01
-2.054000275,3.067970276e-03,2.965052481e-01,7.610006073e-01,3.630715539e-01,3.579450422e-01
-2.050932313,3.067970276e-03,5.751598175e-01,9.607274272e-01,3.630247197e-01,3.595954314e-01
-2.047864352,3.067970276e-03,7.348448760e-01,1.182830161e+00,3.616319514e-01,3.590199155e-01
-2.044796390,3.067970276e-03,2.665654441e-01,9.546560507e-01,3.590876606e-01,3.587703081e-01
-2.041728429,3.067970276e-03,2.736259458e-01,1.143712616e+00,3.538278836e-01,3.613104124e-01
-2.038660467,3.067970276e-03,3.330500970e-01,8.858589332e-01,3.541831326e-01,3.599217659e-01
-2.035592506,3.067970276e-03,3.491863729e-01,8.873747525e-01,3.526902837e-01,3.609379124e-01
-2.032524544,3.067970276e-03,3.415305595e-01,1.213267624e+00,3.531044939e-01,3.609941337e-01
-2.029456582,3.067970276e-03,3.557056249e-01,1.018597638e+00,3.501301707e-01,3.630456273e-01
-2.026388621,3.067970276e-03,3.553877428e-01,1.175044636e+00,3.458095577e-01,3.641200209e-01
-2.023320659,3.067970276e-03,3.807344035e-01,9.750819202e-01,3.459131554e-01,3.624118743e-01
-2.020252698,3.067970276e-03,3.000135215e-01,9.726874355e-01,3.455256932e-01,3.643481282e-01
-2.017184736,3.067731857e-03,3.150846649e-01,1.377505459e+00,3.429796210e-01,3.651009771e-01
-2.014116774,3.067970276e-03,2.727095311e-01,1.143058202e+00,3.418648169e-01,3.640249684e-01
-2.011048813,3.067970276e-03,2.690593979e-01,1.146965954e+00,3.396016640e-01,3.658728779e-01
-2.007980851,3.067970276e-03,2.732371576e-01,1.325522258e+00,3.385121176e-01,3.660870917e-01
-2.004912890,3.067970276e-03,2.593993591e-01,6.195450169e-01,3.369512835e-01,3.668746707e-01
-2.001844928,3.067970276e-03,4.529959978e-01,1.189918933e+00,3.354569204e-01,3.675961259e-01
-1.998776967,3.068089485e-03,2.769329102e-01,1.035793411e+00,3.320611770e-01,3.687880934e-01
-1.995709005,3.067970276e-03,3.023151031e-01,9.523961388e-01,3.311959466e-01,3.698115054e-01
-1.992641043,3.067970276e-03,3.401483884e-01,9.872981089e-01,3.299471040e-01,3.710154418e-01
-1.989573082,3.067970276e-03,2.901558373e-01,1.059382031e+00,3.298427955e-01,3.718216660e-01
-1.986505120,3.067970276e-03,3.612098270e-01,1.715604017e+00,3.277210368e-01,3.729374692e-01
-1.983437159,3.067970276e-03,3.532435045e-01,1.517897764e+00,3.266859645e-01,3.715533732e-01
-1.980369197,3.067970276e-03,3.516709927e-01,1.353277900e+00,3.239704848e-01,3.740409163e-01
-1.977301236,3.067970276e-03,3.465268849e-01,1.212368297e+00,3.229022998e-01,3.752668076e-01
-1.974233274,3.067851067e-03,2.720796910e-01,1.063561793e+00,3.216798265e-01,3.759673968e-01
-1.971165312,3.067970276e-03,5.125449965e-01,1.660943252e+00,3.219106197e-01,3.764988057e-01
-1.968097351,3.067970276e-03,3.287439309e-01,1.454952309e+00,3.194197949e-01,3.779782070e-01
-1.965029389,3.067970276e-03,3.680165687e-01,1.336081339e+00,3.189889771e-01,3.794352585e-01
-1.961961428,3.067970276e-03,4.513340299e-01,1.636756312e+00,3.175178142e-01,3.796082582e-01
-1.958893466,3.067970276e-03,4.256611118e-01,6.186847583e-01,3.153696294e-01,3.809346116e-01
-1.955825505,3.067970276e-03,2.815922567e-01,1.413962541e+00,3.150485529e-01,3.810555860e-01
-1.952757543,3.067970276e-03,3.729001071e-01,1.416087963e+00,3.143652373e-01,3.828608676e-01
-1.949689581,3.067970276e-03,3.643423412e-01,1.359527649e+00,3.133423293e-01,3.852106290e-01
-1.946621620,3.067970276e-03,4.555746079e-01,1.755979418e+00,3.114135748e-01,3.849303091e-01
-1.943553658,3.067970276e-03,5.217577275e-01,6.137056298e-01,3.120242604e-01,3.865751401e-01
-1.940485697,3.067970276e-03,3.979658095e-01,1.433884373e+00,3.106606807e-01,3.872481821e-01
-1.937417735,3.067970276e-03,2.972976681e-01,1.404828222e+00,3.083233336e-01,3.883887345e-01
-1.934349774,3.067851067e-03,2.528782649e-01,1.201054454e+00,3.091425845e-01,3.885005086e-01
-1.931281812,3.067970276e-03,2.542909958e-01,1.623327422e+00,3.077641945e-01,3.900787672e-01
-1.928213850,3.067970276e-03,3.060586493e-01,5.958496892e-01,3.081418586e-01,3.912324480e-01
-1.925145889,3.067970276e-03,6.289643662e-01,1.300480516e+00,3.074803943e-01,3.921309545e-01
-1.922077927,3.067970276e-03,5.006618025e-01,1.364098592e+00,3.058230611e-01,3.934330177e-01
-1.919009966,3.067970276e-03,2.675729805e-01,1.087502972e+00,3.068150029e-01,3.946521483e-01
-1.915942004,3.067970276e-03,2.569980944e-01,1.364851512e+00,3.049587442e-01,3.944896046e-01
-1.912874042,3.067970276e-03,2.534293757e-01,5.780090370e-01,3.044574877e-01,3.961018822e-01
-1.909806081,3.067970276e-03,3.873607431e-01,8.025778620e-01,3.050490776e-01,3.969942755e-01
-1.906738119,3.067970276e-03,4.855450379e-01,8.534861721e-01,3.039417402e-01,3.991320198e-01
-1.903670158,3.067970276e-03,3.043173401e-01,7.290161106e-01,3.057811128e-01,3.997637324e-01
-1.900602196,3.067970276e-03,2.980105955e-01,1.344444412e+00,3.032145929e-01,4.005812340e-01
-1.897534235,3.067970276e-03,2.765651095e-01,6.666825763e-01,3.030126229e-01,4.020288485e-01
-1.894466273,3.067970276e-03,2.762968313e-01,1.334944353e+00,3.031426239e-01,4.029980347e-01
-1.891398311,3.067851067e-03,3.972049811e-01,1.363698563e+00,3.040490116e-01,4.046880637e-01
-1.888330350,3.067970276e-03,2.579491136e-01,9.476649223e-01,3.031327458e-01,4.038128961e-01
-1.885262388,3.067970276e-03,2.501782553e-01,1.000426930e+00,3.025603712e-01,4.066850295e-01
-1.882194427,3.067970276e-03,2.531727210e-01,6.892659283e-01,3.010961334e-01,4.074190912e-01
-1.879126465,3.067970276e-03,3.023508360e-01,9.460323423e-01,3.006785357e-01,4.087337312e-01
-1.876058504,3.067970276e-03,4.343193415e-01,1.060209877e+00,3.032065479e-01,4.105721871e-01
-1.872990542,3.067970276e-03,3.235639013e-01,7.873664817e-01,3.028841933e-01,4.112939597e-01
-1.869922580,3.067970276e-03,3.357902354e-01,1.052337340e+00,3.015346317e-01,4.121189414e-01
-1.866854619,3.067970276e-03,3.461400737e-01,1.153510798e+00,3.069258404e-01,4.138916893e-01
-1.863786657,3.067970276e-03,2.871298820e-01,4.697200922e-01,3.264539789e-01,4.139252495e-01
-1.860718696,3.067970276e-03,2.762937664e-01,7.134647003e-01,3.267649518e-01,4.140190894e-01
-1.857650734,3.067970276e-03,2.585856558e-01,5.596197508e-01,3.279597809e-01,4.166233366e-01
-1.854582773,3.067970276e-03,2.573531715e-01,8.730980984e-01,3.275961214e-01,4.177276960e-01
-1.851514811,3.067970276e-03,2.629839667e-01,8.602458095e-01,3.274255205e-01,4.190024047e-01
-1.848446849,3.067851067e-03,2.538850938e-01,1.109721177e+00,3.352872833e-01,4.203969147e-01
-1.845378888,3.067970276e-03,3.205913646e-01,1.330500386e+00,3.280233328e-01,4.210863200e-01
-1.842310926,3.067970276e-03,2.946274087e-01,1.041455234e+00,3.276818221e-01,4.218764162e-01
-1.839242965,3.067970276e-03,2.632970891e-01,1.174623751e+00,3.300900804e-01,4.226207936e-01
-1.836175003,3.067970276e-03,2.579895129e-01,1.562628527e+00,3.286068927e-01,4.249275274e-01
-1.833107042,3.067970276e-03,2.522356487e-01,3.955283910e-01,3.276655741e-01,4.253344523e-01
-1.830039080,3.067970276e-03,3.214248391e-01,6.908660008e-01,3.319642822e-01,4.259255333e-01
-1.826971118,3.067970276e-03,2.926233234e-01,5.101156617e-01,3.284924777e-01,4.271487170e-01
-1.823903157,3.067970276e-03,2.544767423e-01,8.374508434e-01,3.322378751e-01,5.793990024e-01
-1.820835195,3.067970276e-03,2.558157318e-01,2.258856654e+00,3.318839657e-01,5.667554924e-01
-1.817767234,3.067970276e-03,3.389604143e-01,1.361799205e+00,3.318497993e-01,2.643759016e-01
-1.814699272,3.067970276e-03,6.582380462e-01,2.813691700e+00,3.339458371e-01,2.640758738e-01
-1.811631310,3.067970276e-03,2.743838963e-01,2.622674411e+00,3.339878643e-01,2.635526500e-01
-1.808563349,3.067851067e-03,2.546448694e-01,2.591972820e+00,3.353089645e-01,2.634673445e-01
-1.805495387,3.067970276e-03,2.632030554e-01,3.087391590e+00,3.360809040e-01,2.628682540e-01
-1.802427426,3.067970276e-03,2.792967240e-01,1.256516781e+00,3.365207422e-01,2.625087113e-01
-1.799359464,3.067970276e-03,2.682543789e-01,2.690046407e+00,3.376923447e-01,2.623215521e-01
-1.796291503,3.067970276e-03,3.018533816e-01,2.394248104e+00,3.374118612e-01,2.619242186e-01
-1.793223541,3.067970276e-03,2.731184065e-01,2.130146284e+00,3.388334644e-01,2.614378304e-01
-1.790155579,3.067970276e-03,2.742408387e-01,2.823179439e+00,3.393857987e-01,2.611326973e-01
-1.787087618,3.067970276e-03,2.664551615e-01,9.540042020e-01,3.399839265e-01,2.609400710e-01
-1.784019656,3.067970276e-03,2.577376820e-01,1.977074959e+00,3.416402416e-01,2.606203187e-01
-1.780951695,3.067970276e-03,2.958846457e-01,1.435920997e+00,3.433095441e-01,2.601746778e-01
-1.777883733,3.067970276e-03,2.752692103e-01,9.771607984e-01,3.437253266e-01,2.599806884e-01
-1.774815772,3.067970276e-03,2.884010527e-01,2.482168164e+00,3.429498581e-01,2.593353339e-01
-1.771747810,3.067970276e-03,3.053139422e-01,1.182697124e+00,3.448079315e-01,2.595859435e-01
-1.768679848,3.067970276e-03,2.799919706e-01,2.471574983e+00,3.463896998e-01,2.592038543e-01
-1.765611887,3.067851067e-03,3.100981445e-01,2.756694449e+00,3.476773735e-01,2.589970715e-01
-1.762543925,3.067970276e-03,3.237286481e-01,2.437414612e+00,3.472644432e-01,2.588468758e-01
-1.759475964,3.067970276e-03,3.446651724e-01,3.142356355e+00,3.507124545e-01,2.582001745e-01
-1.756408002,3.067970276e-03,3.375039520e-01,1.320780239e+00,3.510922030e-01,2.584420105e-01
-1.753340041,3.067970276e-03,2.755023268e-01,3.328014865e+00,3.530660199e-01,2.581666383e-01
-1.750272079,3.067970276e-03,2.645457486e-01,3.316149591e+00,3.528622870e-01,2.579592517e-01
-1.747204117,3.067970276e-03,2.703857931e-01,2.657934828e+00,3.540854649e-01,2.576172133e-01
-1.744136156,3.067970276e-03,2.777798026e-01,3.219039361e+00,3.557376031e-01,2.576361645e-01
-1.741068194,3.067970276e-03,2.673421682e-01,1.070970624e+00,3.572320165e-01,2.574404788e-01
-1.738000233,3.067970276e-03,2.587044764e-01,2.361036464e+00,3.573244743e-01,2.572775945e-01
-1.734932271,3.067970276e-03,3.001711723e-01,2.315262795e+00,3.605996651e-01,2.570819444e-01
-1.731864310,3.067970276e-03,3.227861188e-01,1.762714088e+00,3.633078585e-01,2.570166663e-01
-1.728796348,3.067970276e-03,3.983431881e-01,2.618026464e+00,3.648853620e-01,2.568907885e-01
-1.725728386,3.067970276e-03,4.321955772e-01,1.278333322e+00,3.932704870e-01,2.566877035e-01
-1.722660425,3.067851067e-03,3.540798825e-01,2.220885985e+00,3.979590077e-01,2.564027465e-01
-1.719592463,3.067970276e-03,2.830565848e-01,2.385364107e+00,3.990673526e-01,2.564665215e-01
-1.716524502,3.067970276e-03,2.629094048e-01,1.898358746e+00,3.978383416e-01,2.562834230e-01
-1.713456540,3.067970276e-03,2.558248220e-01,2.676428829e+00,4.044977685e-01,2.561493114e-01
-1.710388578,3.067970276e-03,2.611372945e-01,1.762663458e+00,4.010973738e-01,2.559043215e-01
-1.707320617,3.067970276e-03,2.659974238e-01,1.615111088e+00,4.034416759e-01,2.559240209e-01
-1.704252655,3.067970276e-03,2.579047589e-01,1.930895058e+00,4.046951580e-01,2.559465694e-01
-1.701184694,3.067970276e-03,2.505939236e-01,1.317710052e+00,4.071960304e-01,2.556127121e-01
-1.698116732,3.067970276e-03,2.517481032e-01,1.698837870e+00,4.090329732e-01,2.555747551e-01
-1.695048771,3.067970276e-03,2.666667967e-01,3.954867049e+00,4.090354281e-01,2.693690172e-01
-1.691980809,3.067970276e-03,3.485618738e-01,3.420517776e+00,4.116858189e-01,2.718136913e-01
-1.688912847,3.067970276e-03,4.522513493e-01,5.569058503e+00,4.110143409e-01,2.714882137e-01
-1.685844886,3.067970276e-03,2.536796711e-01,4.732367031e+00,4.127094873e-01,2.713668732e-01
-1.682776924,3.067851067e-03,2.633841406e-01,4.760996454e+00,4.163537439e-01,2.711055957e-01
-1.679708963,3.067970276e-03,2.873246691e-01,3.926117678e+00,4.209822171e-01,2.706780432e-01
-1.676641001,3.067970276e-03,3.087403301e-01,4.378881605e+00,4.173262564e-01,2.706344130e-01
-1.673573040,3.067970276e-03,3.005631499e-01,6.394422089e+00,4.211208557e-01,2.699090645e-01
-1.670505078,3.067970276e-03,3.309045424e-01,5.564359471e+00,4.212889059e-01,2.699382637e-01
-1.667437116,3.067970276e-03,3.966354589e-01,5.741977397e+00,4.216102855e-01,2.698651217e-01
-1.664369155,3.067970276e-03,4.519008412e-01,4.590774903e+00,4.258737787e-01,2.697004911e-01
-1.661301193,3.067970276e-03,4.395311626e-01,4.031577965e+00,4.250508851e-01,2.695695992e-01
-1.658233232,3.067970276e-03,3.452357310e-01,5.306126338e+00,4.279136380e-01,2.691847951e-01
-1.655165270,3.067970276e-03,3.462268172e-01,3.902029244e+00,4.256576051e-01,2.692134839e-01
-1.652097309,3.067970276e-03,3.847906963e-01,3.681272817e+00,4.265936708e-01,2.687959860e-01
-1.649029347,3.067970276e-03,3.597826929e-01,4.777227030e+00,4.281277032e-01,2.688549655e-01
-1.645961385,3.067970276e-03,2.804193597e-01,2.791746988e+00,4.293127060e-01,2.685320940e-01
-1.642893424,3.067970276e-03,2.885939615e-01,5.068455416e+00,4.373838038e-01,2.686380235e-01
-1.639825462,3.067851067e-03,2.572099896e-01,4.272293549e+00,4.283933758e-01,2.684273351e-01
-1.636757501,3.067970276e-03,2.537758127e-01,4.239621803e+00,4.296963995e-01,2.684898286e-01
-1.633689539,3.067970276e-03,2.630322243e-01,6.444383374e+00,4.317154336e-01,2.894044476e-01
-1.630621578,3.067970276e-03,2.929968861e-01,5.028323170e+00,4.292321171e-01,3.224309072e-01
-1.627553616,3.067970276e-03,3.484550817e-01,8.866923311e+00,4.298482804e-01,3.224375988e-01
-1.624485654,3.067970276e-03,2.590749658e-01,6.388606109e+00,4.270948838e-01,3.222758252e-01
-1.621417693,3.067970276e-03,2.521161938e-01,5.265101995e+00,4.308415089e-01,3.221151491e-01
-1.618349731,3.067970276e-03,2.810135627e-01,1.006816934e+01,4.292890598e-01,3.218782802e-01
-1.615281770,3.067970276e-03,3.844336055e-01,6.006502420e+00,4.269195433e-01,3.216768530e-01
-1.612213808,3.067970276e-03,6.256685708e-01,1.365926811e+01,4.258365596e-01,3.212888495e-01
-1.609145846,3.067970276e-03,4.710057794e+00,1.234805691e+01,4.232368012e-01,3.216726163e-01
-1.606077885,3.067970276e-03,3.975088540e+01,9.160326251e+00,4.214851528e-01,3.210725121e-01
-1.603009923,3.067970276e-03,1.143703195e+02,1.294487319e+01,4.232313269e-01,3.488969520e-01
-1.599941962,3.067970276e-03,2.284348112e+02,9.573523890e+00,4.209138744e-01,4.672326910e-01
-1.596874000,3.067851067e-03,3.819267371e+02,2.366293966e+01,4.225010382e-01,4.678433005e-01
-1.593806039,3.067970276e-03,5.010449156e+02,2.232556456e+01,4.202430892e-01,4.681642395e-01
-1.590738077,3.067970276e-03,4.421227363e+02,1.575929505e+01,4.196031699e-01,4.679557356e-01
-1.587670115,3.067970276e-03,3.002652359e+02,2.194652477e+01,4.204843815e-01,4.487273101e-01
-1.584602154,3.067970276e-03,9.057984902e+01,1.904747278e+01,4.172076457e-01,2.541299854e-01
-1.581534192,3.067970276e-03,2.203781548e+02,4.051913955e+01,4.151705759e-01,2.542674074e-01
-1.578466231,3.067970276e-03,4.441345249e+02,6.101089115e+01,4.186802743e-01,2.614802264e-01
-1.575398269,3.067970276e-03,1.842320493e+02,6.697216878e+01,4.183472648e-01,2.813837415e-01
-1.572330308,3.067970276e-03,2.631204278e+01,2.088889084e+03,3.986819963e-01,3.779957200e-01
-1.569262346,3.067970276e-03,2.631285824e+01,2.111239086e+03,3.987046454e-01,3.640543093e-01
-1.566194384,3.067970276e-03,1.842345035e+02,1.720606438e+02,4.183648070e-01,2.818299368e-01
-1.563126423,3.067970276e-03,4.441386151e+02,8.415446838e+01,4.185958896e-01,2.614377942e-01
-1.560058461,3.067970276e-03,2.203838811e+02,5.334557578e+01,4.148815976e-01,2.544071205e-01
-1.556990500,3.067970276e-03,9.057511855e+01,9.763352600e+01,4.166276748e-01,2.541834623e-01
-1.553922538,3.067851067e-03,3.002529591e+02,3.939179582e+01,4.196415755e-01,4.481433957e-01
-1.550854577,3.067970276e-03,4.421081535e+02,3.116610214e+01,4.184031837e-01,4.686789948e-01
-1.547786615,3.067970276e-03,5.010331996e+02,2.459674048e+01,4.186111797e-01,4.687743473e-01
-1.544718653,3.067970276e-03,3.819163323e+02,2.325601637e+01,4.203292382e-01,4.690849833e-01
-1.541650692,3.067970276e-03,2.284192704e+02,4.264631434e+01,4.182567904e-01,4.684343930e-01
-1.538582730,3.067970276e-03,1.143531433e+02,2.291064763e+01,4.201577338e-01,3.486563319e-01
-1.535514769,3.067970276e-03,3.973207404e+01,1.429238899e+01,4.178469382e-01,3.205240439e-01
-1.532446807,3.067970276e-03,4.696992970e+00,1.110193054e+01,4.189743503e-01,3.203016414e-01
-1.529378846,3.067970276e-03,6.477295724e-01,9.788032937e+00,4.210055785e-01,3.201177560e-01
-1.526310884,3.067970276e-03,4.020286649e-01,1.809518333e+01,4.214309914e-01,3.201576352e-01
-1.523242922,3.067970276e-03,2.902105677e-01,1.767871971e+01,4.231401685e-01,3.194800943e-01
-1.520174961,3.067970276e-03,2.544052709e-01,1.817225106e+01,4.242049835e-01,3.195029105e-01
-1.517106999,3.067970276e-03,2.551105875e-01,1.704482721e+01,4.199479496e-01,3.193124469e-01
-1.514039038,3.067851067e-03,3.304753960e-01,1.456263153e+01,4.218729815e-01,3.189717890e-01
-1.510971076,3.067970276e-03,2.810148636e-01,1.846828155e+01,4.208987663e-01,3.184571441e-01
-1.507903114,3.067970276e-03,2.567884144e-01,1.328865243e+01,4.228977053e-01,2.871757268e-01
-1.504835153,3.067970276e-03,2.507281505e-01,7.468543849e+00,4.201300813e-01,2.669965916e-01
-1.501767191,3.067970276e-03,2.524962021e-01,7.433440176e+00,4.182662905e-01,2.669560509e-01
-1.498699230,3.067970276e-03,3.008267273e-01,6.634740474e+00,4.255151760e-01,2.667007877e-01
-1.495631268,3.067970276e-03,2.692717566e-01,8.935580326e+00,4.181562235e-01,2.666962558e-01
-1.492563307,3.067970276e-03,3.339665861e-01,9.525717777e+00,4.166027994e-01,2.665817314e-01
-1.489495345,3.067970276e-03,3.548841111e-01,8.013702426e+00,4.147435477e-01,2.662525266e-01
-1.486427383,3.067970276e-03,3.204323891e-01,7.789871379e+00,4.132099906e-01,2.663057271e-01
-1.483359422,3.067970276e-03,3.190305610e-01,6.382700822e+00,4.151293217e-01,2.659772610e-01
-1.480291460,3.067970276e-03,3.999141751e-01,7.654254591e+00,4.121090917e-01,2.659882069e-01
-1.477223499,3.067970276e-03,4.096412498e-01,8.532235174e+00,4.120393862e-01,2.656287781e-01
-1.474155537,3.067970276e-03,3.599946793e-01,5.937053371e+00,4.077503790e-01,2.654102297e-01
-1.471087576,3.067851067e-03,3.035751080e-01,6.111024307e+00,4.072322959e-01,2.651806993e-01
-1.468019614,3.067970276e-03,2.790167385e-01,5.277343004e+00,4.068049705e-01,2.650407842e-01
-1.464951652,3.067970276e-03,2.846731019e-01,7.289135258e+00,4.027674185e-01,2.651226694e-01
-1.461883691,3.067970276e-03,2.684646572e-01,1.049588113e+01,4.063943506e-01,2.647565356e-01
-1.458815729,3.067970276e-03,2.534571164e-01,6.899227389e+00,4.013197536e-01,2.645504351e-01
-1.455747768,3.067970276e-03,2.500617379e-01,6.923681264e+00,3.982158747e-01,2.640881504e-01
-1.452679806,3.067970276e-03,4.913571053e-01,6.082878145e+00,3.956068087e-01,2.636388484e-01
-1.449611845,3.067970276e-03,3.920518040e-01,8.227369424e+00,3.965789182e-01,2.634752821e-01
-1.446543883,3.067970276e-03,2.868954272e-01,1.235572001e+01,3.934665552e-01,2.617953738e-01
-1.443475921,3.067970276e-03,2.614268699e-01,4.120538598e+00,3.934205190e-01,2.531614275e-01
-1.440407960,3.067970276e-03,2.530717617e-01,4.499321168e+00,3.917460889e-01,2.531982122e-01
-1.437339998,3.067970276e-03,2.507323987e-01,3.883771966e+00,3.891987086e-01,2.530620005e-01
-1.434272037,3.067970276e-03,2.529965441e-01,4.197211639e+00,3.882323259e-01,2.530199019e-01
-1.431204075,3.067970276e-03,2.511323659e-01,6.009201129e+00,3.863480222e-01,2.529053541e-01
-1.428136114,3.067851067e-03,2.500054251e-01,3.130879149e+00,3.899400048e-01,2.528706846e-01
-1.425068152,3.067970276e-03,2.517521954e-01,3.906296404e+00,3.831269918e-01,2.528775456e-01
-1.422000190,3.067970276e-03,2.628072436e-01,3.416649999e+00,3.844045363e-01,2.527088444e-01
-1.418932229,3.067970276e-03,3.094477381e-01,3.578454658e+00,3.829525830e-01,2.526659435e-01
-1.415864267,3.067970276e-03,3.687303175e-01,5.804457066e+00,3.791507123e-01,2.525340090e-01
-1.412796306,3.067970276e-03,3.409482279e-01,3.175839259e+00,3.497828877e-01,2.523860933e-01
-1.409728344,3.067970276e-03,2.844589316e-01,4.028189099e+00,3.482127690e-01,2.523305502e-01
-1.406660382,3.067970276e-03,3.085080958e-01,3.472697674e+00,3.457084348e-01,2.522043785e-01
-1.403592421,3.067970276e-03,2.767334864e-01,3.424001096e+00,3.436510220e-01,2.520263893e-01
-1.400524459,3.067970276e-03,2.522707078e-01,5.794248604e+00,3.433032018e-01,2.520372191e-01
-1.397456498,3.067970276e-03,2.556200126e-01,2.674969876e+00,3.420621057e-01,2.519589662e-01
-1.394388536,3.067970276e-03,2.524837563e-01,3.117831054e+00,3.407918439e-01,2.518117175e-01
-1.391320575,3.067970276e-03,2.581586374e-01,2.456422807e+00,3.403504357e-01,2.517575716e-01
-1.388252613,3.067851067e-03,2.574461072e-01,2.441363790e+00,3.403660868e-01,2.516999792e-01
-1.385184651,3.067970276e-03,2.891103826e-01,4.978550919e+00,3.388370855e-01,2.515948683e-01
-1.382116690,3.067970276e-03,2.931335740e-01,3.132729520e+00,3.387303656e-01,2.514506579e-01
-1.379048728,3.067970276e-03,2.788987912e-01,3.321903094e+00,3.358114201e-01,2.513766600e-01
-1.375980767,3.067970276e-03,2.732181700e-01,2.999149412e+00,3.359857634e-01,2.512901310e-01
-1.372912805,3.067970276e-03,2.558603374e-01,3.280852116e+00,3.353006881e-01,2.512229341e-01
-1.369844844,3.067970276e-03,2.664070735e-01,6.069234881e+00,3.341967850e-01,2.511327745e-01
-1.366776882,3.067970276e-03,2.579006042e-01,4.846911447e+00,3.331015746e-01,2.509923433e-01
-1.363708920,3.067970276e-03,2.524613815e-01,4.764332771e+00,3.337664224e-01,2.509402761e-01
-1.360640959,3.067970276e-03,2.694463856e-01,4.301799001e+00,3.340116180e-01,2.508638766e-01
-1.357572997,3.067970276e-03,2.792310835e-01,3.756891105e+00,3.325003422e-01,2.508347287e-01
-1.354505036,3.067970276e-03,2.506116139e-01,5.026664712e+00,3.322230398e-01,2.506896121e-01
-1.351437074,3.067970276e-03,2.516208552e-01,3.994522245e+00,3.311131182e-01,2.505764523e-01
-1.348369113,3.067970276e-03,2.512077967e-01,3.592170536e+00,3.310963957e-01,2.505452043e-01
-1.345301151,3.067851067e-03,2.626185056e-01,3.324050676e+00,3.299036662e-01,2.502664902e-01
-1.342233189,3.067970276e-03,2.518171199e-01,3.024215596e+00,3.301899871e-01,2.504023693e-01
-1.339165228,3.067970276e-03,2.525078655e-01,4.587709925e+00,3.293810308e-01,2.503499220e-01
-1.336097266,3.067970276e-03,2.506290226e-01,4.112911518e+00,3.292122785e-01,2.503082904e-01
-1.333029305,3.067970276e-03,2.533515095e-01,3.109820037e+00,3.286357883e-01,2.502557801e-01
-1.329961343,3.067970276e-03,2.530950428e-01,3.074812866e+00,3.278050741e-01,2.501901673e-01
-1.326893382,3.067970276e-03,7.690672682e-01,2.879537854e+00,3.277976086e-01,2.501619574e-01
-1.323825420,3.067970276e-03,4.294614259e-01,4.402112568e+00,3.260272046e-01,2.501396712e-01
-1.320757458,3.067970276e-03,2.896055825e-01,5.297039750e+00,3.262059514e-01,6.172271192e-01
-1.317689497,3.067970276e-03,2.571211384e-01,3.029495459e+00,3.256898532e-01,6.550312490e-01
-1.314621535,3.067970276e-03,2.570521084e-01,2.329160309e+00,3.269749815e-01,4.816178204e-01
-1.311553574,3.067970276e-03,3.738804108e-01,2.144531611e+00,3.255949481e-01,4.831073803e-01
-1.308485612,3.067970276e-03,2.709551297e-01,2.655103811e+00,3.219772744e-01,4.829378657e-01
-1.305417650,3.067970276e-03,2.528485679e-01,2.739464526e+00,3.223637908e-01,4.838364596e-01
-1.302349689,3.067851067e-03,2.508777711e-01,1.653734700e+00,3.242902774e-01,4.840561491e-01
-1.299281727,3.067970276e-03,2.562125059e-01,1.784501830e+00,3.222674383e-01,4.850180924e-01
-1.296213766,3.067970276e-03,3.553255970e-01,1.493029759e+00,3.226322851e-01,4.849318894e-01
-1.293145804,3.067970276e-03,2.647850345e-01,1.711363504e+00,3.249900758e-01,4.858841724e-01
-1.290077843,3.067970276e-03,2.511918033e-01,2.318675968e+00,3.220590512e-01,4.856567665e-01
-1.287009881,3.067970276e-03,2.542994961e-01,1.943014394e+00,3.216587103e-01,4.865620747e-01
-1.283941919,3.067970276e-03,2.540467438e-01,2.253955568e+00,3.225391493e-01,4.871366330e-01
-1.280873958,3.067970276e-03,3.023655435e-01,2.097505362e+00,3.206606598e-01,4.849548639e-01
-1.277805996,3.067970276e-03,2.559118935e-01,2.396773847e+00,3.199835961e-01,4.882532535e-01
-1.274738035,3.067970276e-03,2.739496765e-01,3.104756418e+00,2.994733812e-01,4.892045705e-01
-1.271670073,3.067970276e-03,2.685435803e-01,1.750835781e+00,2.939951200e-01,4.893658743e-01
-1.268602112,3.067970276e-03,2.626961693e-01,2.013123241e+00,2.953428595e-01,4.889405340e-01
-1.265534150,3.067970276e-03,4.804518252e-01,1.737567176e+00,2.946607335e-01,4.901874251e-01
-1.262466188,3.067851067e-03,3.979712001e-01,1.849079311e+00,2.918743079e-01,4.912828685e-01
-1.259398227,3.067970276e-03,2.964995378e-01,2.830587884e+00,2.914259973e-01,4.915099500e-01
-1.256330265,3.067970276e-03,2.780363738e-01,1.789143591e+00,2.913531887e-01,4.922883267e-01
-1.253262304,3.067970276e-03,2.595884529e-01,1.839108806e+00,2.921374517e-01,4.883088389e-01
-1.250194342,3.067970276e-03,4.362665163e-01,1.420227234e+00,2.909284114e-01,4.937713839e-01
-1.247126381,3.067970276e-03,3.412299467e-01,1.446213401e+00,2.899740804e-01,4.930352294e-01
-1.244058419,3.067970276e-03,2.517364967e-01,2.670612812e+00,2.901255714e-01,4.940431097e-01
-1.240990457,3.067970276e-03,2.522080222e-01,1.430926033e+00,2.898946634e-01,4.942769974e-01
-1.237922496,3.067970276e-03,2.535541992e-01,2.043377792e+00,2.901238372e-01,4.951640589e-01
-1.234854534,3.067970276e-03,4.938935305e-01,1.915979532e+00,2.883412095e-01,4.956362472e-01
-1.231786573,3.067970276e-03,5.292917408e-01,1.963892248e+00,2.891671529e-01,4.961892171e-01
-1.228718611,3.067970276e-03,2.926937539e-01,3.101374669e+00,2.885089260e-01,4.966513948e-01
-1.225650650,3.067970276e-03,2.598479138e-01,1.536964261e+00,2.872089956e-01,4.975983926e-01
-1.222582688,3.067970276e-03,2.530889708e-01,1.669839485e+00,2.879825537e-01,4.970078827e-01
-1.219514726,3.067851067e-03,5.029810111e-01,1.390183451e+00,2.859269188e-01,4.983896783e-01
-1.216446765,3.067970276e-03,8.123174800e-01,1.450693620e+00,2.866461079e-01,5.004136686e-01
-1.213378803,3.067970276e-03,4.243740143e-01,2.768585174e+00,2.861961688e-01,4.986290824e-01
-1.210310842,3.067970276e-03,3.114973896e-01,1.554125582e+00,2.850684409e-01,4.988587885e-01
-1.207242880,3.067970276e-03,2.734564169e-01,1.540631219e+00,2.849275532e-01,5.004862600e-01
-1.204174918,3.067970276e-03,2.554495522e-01,1.333621371e+00,2.833153259e-01,5.008557191e-01
-1.201106957,3.067970276e-03,2.911298203e-01,1.301390998e+00,2.841997201e-01,5.004148819e-01
-1.198038995,3.067970276e-03,3.574370003e-01,2.346645047e+00,2.838123867e-01,5.017105440e-01
-1.194971034,3.067970276e-03,3.170068799e-01,1.481350490e+00,2.822668599e-01,5.008544357e-01
-1.191903072,3.067970276e-03,2.702051411e-01,1.365853759e+00,2.827894783e-01,4.999511896e-01
-1.188835111,3.067970276e-03,2.893467473e-01,1.305923462e+00,2.812435453e-01,5.024554205e-01
-1.185767149,3.067970276e-03,2.969793224e-01,1.304688217e+00,2.827340982e-01,5.018929379e-01
-1.182699187,3.067970276e-03,2.983411753e-01,2.258192947e+00,2.803947693e-01,5.030878218e-01
-1.179631226,3.067970276e-03,3.104579167e-01,1.759298975e+00,2.814670324e-01,5.025955110e-01
-1.176563264,3.067851067e-03,2.699741618e-01,1.372339708e+00,2.812757960e-01,5.028535773e-01
-1.173495303,3.067970276e-03,2.556038543e-01,1.249980240e+00,2.806250992e-01,5.041793719e-01
-1.170427341,3.067970276e-03,6.868481940e-01,1.040494330e+00,2.802294634e-01,5.031909053e-01
-1.167359380,3.067970276e-03,2.734665939e-01,1.636261548e+00,2.801866122e-01,5.031722109e-01
-1.164291418,3.067970276e-03,2.603337384e-01,1.761168689e+00,2.796066331e-01,5.033200596e-01
-1.161223456,3.067970276e-03,2.614159276e-01,1.337500327e+00,2.781364478e-01,5.041952683e-01
-1.158155495,3.067970276e-03,2.617434669e-01,1.169292258e+00,2.793430108e-01,5.029531418e-01
-1.155087533,3.067970276e-03,4.767214339e-01,9.680069979e-01,2.792594194e-01,5.046896720e-01
-1.152019572,3.067970276e-03,2.575854295e-01,1.623935117e+00,2.783244477e-01,5.040396620e-01
-1.148951610,3.067970276e-03,2.568601902e-01,2.226314342e+00,2.784023995e-01,5.044517417e-01
-1.145883649,3.067970276e-03,2.510229761e-01,1.720183202e+00,2.779156216e-01,5.044352843e-01
-1.142815687,3.067970276e-03,2.533582867e-01,1.632437354e+00,2.772593008e-01,5.048865964e-01
-1.139747725,3.067970276e-03,5.982733032e-01,1.467259571e+00,2.775371130e-01,5.043177654e-01
-1.136679764,3.067970276e-03,3.126845372e-01,2.102715412e+00,2.775893392e-01,5.039613967e-01
-1.133611802,3.067851067e-03,2.546212171e-01,2.622995614e+00,2.774458098e-01,5.052221499e-01
-1.130543841,3.067970276e-03,2.572743873e-01,1.504436194e+00,2.774219860e-01,5.050470262e-01
-1.127475879,3.067970276e-03,2.566839369e-01,1.501289811e+00,2.754502047e-01,5.056510046e-01
-1.124407918,3.067970276e-03,3.894548685e-01,1.261083415e+00,2.773155478e-01,5.051936003e-01
-1.121339956,3.067970276e-03,2.583541557e-01,1.660718575e+00,2.769545901e-01,5.040525217e-01
-1.118271994,3.067970276e-03,2.673909721e-01,2.410908315e+00,2.772956471e-01,5.039949712e-01
-1.115204033,3.067970276e-03,2.594301470e-01,1.458212721e+00,2.764529513e-01,5.024429245e-01
-1.112136071,3.067970276e-03,2.588552986e-01,1.606300555e+00,2.764980092e-01,5.032812164e-01
-1.109068110,3.067970276e-03,2.769453903e-01,1.405240090e+00,2.762727074e-01,5.031246794e-01
-1.106000148,3.067970276e-03,2.582172566e-01,1.725978027e+00,2.766934434e-01,5.025897588e-01
-1.102932186,3.067970276e-03,2.541391858e-01,2.646871582e+00,2.764588504e-01,5.003337793e-01
-1.099864225,3.067970276e-03,2.589674854e-01,1.467746222e+00,2.756374101e-01,5.022095855e-01
-1.096796263,3.067970276e-03,2.642806184e-01,1.650088018e+00,2.763007319e-01,5.010749585e-01
-1.093728302,3.067851067e-03,8.104464255e-01,1.415898652e+00,2.764839538e-01,5.004152556e-01
-1.090660340,3.067970276e-03,8.066419702e-01,1.630326213e+00,2.764322890e-01,4.996580884e-01
-1.087592379,3.067970276e-03,4.525486516e-01,2.723085860e+00,2.766861010e-01,5.004470266e-01
-1.084524417,3.067970276e-03,3.517678200e-01,1.532346685e+00,2.761025746e-01,4.994442164e-01
-1.081456455,3.067970276e-03,2.916708435e-01,1.972476116e+00,2.762841984e-01,4.975282217e-01
-1.078388494,3.067970276e-03,5.296624056e-01,1.742705048e+00,2.767423954e-01,4.974968677e-01
-1.075320532,3.067970276e-03,4.974520800e-01,1.695242268e+00,2.768097442e-01,4.954697796e-01
-1.072252571,3.067970276e-03,2.961458400e-01,2.607686362e+00,2.764835570e-01,4.922787408e-01
-1.069184609,3.067970276e-03,2.709716681e-01,1.359152287e+00,2.763689411e-01,3.968489957e-01
-1.066116648,3.067970276e-03,2.555176189e-01,1.767767235e+00,2.774712211e-01,3.931000841e-01
-1.063048686,3.067970276e-03,3.669661795e-01,1.435743455e+00,2.767179752e-01,3.960132797e-01
-1.059980724,3.067970276e-03,2.915875649e-01,1.225046357e+00,2.760147868e-01,3.960445650e-01
-1.056912763,3.067970276e-03,2.504188850e-01,1.977622780e+00,2.766931550e-01,3.969138455e-01
-1.053844801,3.067970276e-03,2.516985109e-01,1.298770398e+00,2.764953355e-01,3.965569582e-01
-1.050776840,3.067851067e-03,2.552364476e-01,1.745086588e+00,2.764935108e-01,3.956612467e-01
-1.047708878,3.067970276e-03,3.052971583e-01,1.470314400e+00,2.884772911e-01,3.582720887e-01
-1.044640917,3.067970276e-03,2.713559815e-01,1.014922289e+00,2.779676020e-01,2.865147516e-01
-1.041572955,3.067970276e-03,3.078699941e-01,1.689895398e+00,2.768781733e-01,2.862176134e-01
-1.038504993,3.067970276e-03,2.949209830e-01,8.807128356e-01,2.768480097e-01,2.864812957e-01
-1.035437032,3.067970276e-03,2.665500143e-01,8.116305398e-01,2.764379057e-01,2.858440582e-01
-1.032369070,3.067970276e-03,3.431595338e-01,8.095981936e-01,2.774405634e-01,2.858629944e-01
-1.029301109,3.067970276e-03,3.358822916e-01,9.373542065e-01,2.774672560e-01,2.859124747e-01
-1.026233147,3.067970276e-03,2.506236537e-01,1.611225000e+00,2.769815978e-01,2.863027253e-01
-1.023165186,3.067970276e-03,2.543359869e-01,1.133318439e+00,2.774742414e-01,2.857774664e-01
-1.020097224,3.067970276e-03,2.700582972e-01,9.719078105e-01,2.771135648e-01,2.860468594e-01
-1.017029262,3.067970276e-03,2.819206732e-01,9.485539367e-01,2.770066276e-01,2.860689561e-01
-1.013961301,3.067970276e-03,4.776093133e-01,9.264804024e-01,2.778360116e-01,2.857768708e-01
-1.010893339,3.067970276e-03,2.633806328e-01,1.319814992e+00,2.776226150e-01,2.860839310e-01
-1.007825378,3.067851067e-03,2.578785541e-01,9.707200017e-01,2.766745929e-01,2.861867291e-01
-1.004757416,3.067970276e-03,2.692668482e-01,6.033605394e-01,2.771518345e-01,2.858541825e-01
-1.001689454,3.067970276e-03,2.584322742e-01,4.764068530e-01,2.769759674e-01,2.861509566e-01
-0.998621493,3.068029881e-03,4.793986317e-01,7.313388027e-01,2.708710960e-01,2.863138724e-01
-0.995553531,3.067970276e-03,3.285248740e-01,9.550782251e-01,2.713343106e-01,2.859796439e-01
-0.992485570,3.067970276e-03,3.387304230e-01,1.134844910e+00,2.713804915e-01,2.864108139e-01
-0.989417608,3.067970276e-03,3.471710404e-01,1.196091251e+00,2.716315545e-01,2.861103623e-01
-0.986349647,3.067910671e-03,4.564829191e-01,1.293353953e+00,2.714632252e-01,2.861758649e-01
-0.983281685,3.067970276e-03,6.372069436e-01,1.258987121e+00,2.715556729e-01,2.861586095e-01
-0.980213723,3.067970276e-03,3.423390713e-01,1.515919914e+00,2.716136812e-01,2.868049076e-01
-0.977145762,3.067970276e-03,3.801050651e-01,1.541977805e+00,2.712394543e-01,2.868785114e-01
-0.974077800,3.067970276e-03,3.625251730e-01,1.144201969e+00,2.714901945e-01,2.870380554e-01
-0.971009839,3.067970276e-03,3.595866611e-01,1.138427107e+00,2.719184309e-01,2.870238155e-01
-0.967941877,3.067910671e-03,8.093524819e-01,1.017664363e+00,2.719263316e-01,2.873821670e-01
-0.964873916,3.067970276e-03,3.777371152e-01,1.183721788e+00,2.712357266e-01,2.877433098e-01
-0.961805954,3.067970276e-03,4.002586976e-01,1.342523171e+00,2.711369108e-01,2.876357187e-01
-0.958737992,3.067970276e-03,4.503988922e-01,8.627711274e-01,2.709129871e-01,2.875775645e-01
-0.955670031,3.067970276e-03,5.013846738e-01,9.779332089e-01,2.709917466e-01,2.880162449e-01
-0.952602069,3.067970276e-03,8.611474182e-01,1.006551668e+00,2.709281156e-01,2.882783260e-01
-0.949534108,3.067970276e-03,4.734970593e-01,1.340632162e+00,2.702802803e-01,2.888134650e-01
-0.946466146,3.067910671e-03,3.422198835e-01,1.769675713e+00,2.704882032e-01,2.890664821e-01
-0.943398185,3.067970276e-03,3.376536942e-01,1.151193477e+00,2.703762421e-01,2.892590671e-01
-0.940330223,3.067970276e-03,3.855810136e-01,1.305537673e+00,2.691330066e-01,2.890851335e-01
-0.937262261,3.067970276e-03,4.477769497e-01,1.255203639e+00,2.697689327e-01,2.896369858e-01
-0.934194300,3.067970276e-03,4.065973376e-01,1.391517420e+00,2.698566849e-01,2.898439136e-01
-0.931126338,3.067970276e-03,4.427628503e-01,1.756880193e+00,2.696262708e-01,2.901415975e-01
-0.928058377,3.067970276e-03,3.855098547e-01,9.545454081e-01,2.693600240e-01,2.904592389e-01
-0.924990415,3.067910671e-03,3.741183121e-01,9.507487202e-01,2.691134130e-01,2.907914434e-01
-0.921922454,3.067970276e-03,6.037054952e-01,8.052928796e-01,2.685703928e-01,2.908088646e-01
-0.918854492,3.067970276e-03,3.963971074e-01,8.892021730e-01,2.692758316e-01,2.908554956e-01
-0.915786530,3.067970276e-03,3.526060362e-01,1.452935592e+00,2.690364678e-01,2.912119186e-01
-0.912718569,3.067970276e-03,3.537684422e-01,1.002021289e+00,2.686423239e-01,2.915200442e-01
-0.909650607,3.067970276e-03,3.605889859e-01,1.240325309e+00,2.683772921e-01,2.927340135e-01
-0.906582646,3.067970276e-03,5.049792259e-01,1.173206286e+00,2.681989366e-01,2.921260128e-01
-0.903514684,3.067910671e-03,3.716639547e-01,1.181313957e+00,2.676657325e-01,2.928719345e-01
-0.900446722,3.067970276e-03,4.188326270e-01,1.638755481e+00,2.680211622e-01,2.927325544e-01
-0.897378761,3.067970276e-03,4.017110056e-01,8.437542390e-01,2.673666787e-01,2.932056440e-01
-0.894310799,3.067970276e-03,3.741346130e-01,9.835176184e-01,2.673149933e-01,2.935684805e-01
-0.891242838,3.067970276e-03,6.342145895e-01,9.501042660e-01,2.671897520e-01,2.941811720e-01
-0.888174876,3.067970276e-03,5.315936226e-01,1.113213731e+00,2.669487452e-01,2.942827180e-01
-0.885106915,3.067970276e-03,3.685074809e-01,1.849618725e+00,2.664199853e-01,2.944782134e-01
-0.882038953,3.067910671e-03,3.950221517e-01,1.055377567e+00,2.638691762e-01,2.950490541e-01
-0.878970991,3.067970276e-03,3.867423115e-01,1.114105311e+00,2.628894415e-01,2.951727894e-01
-0.875903030,3.067970276e-03,5.897519834e-01,1.082073392e+00,2.630272577e-01,2.958442382e-01
-0.872835068,3.067970276e-03,5.993311769e-01,1.154347453e+00,2.623810190e-01,2.957931548e-01
-0.869767107,3.067970276e-03,3.650216037e-01,1.701208831e+00,2.623571411e-01,2.965295743e-01
-0.866699145,3.067970276e-03,3.958457406e-01,1.036691567e+00,2.623190051e-01,2.968952478e-01
-0.863631184,3.067970276e-03,4.111280476e-01,9.756578854e-01,2.617365419e-01,2.978510808e-01
-0.860563222,3.067910671e-03,5.540069616e-01,1.020460347e+00,2.612265397e-01,2.986118370e-01
-0.857495260,3.067970276e-03,4.554492027e-01,1.166704691e+00,2.611425760e-01,2.988073678e-01
-0.854427299,3.067970276e-03,3.931924746e-01,1.780883676e+00,2.612552575e-01,2.994754855e-01
-0.851359337,3.067970276e-03,4.156710051e-01,1.271030861e+00,2.609525421e-01,2.998916700e-01
-0.848291376,3.067970276e-03,4.129581743e-01,1.072340447e+00,2.605511413e-01,2.996569266e-01
-0.845223414,3.067970276e-03,5.469721338e-01,1.039328767e+00,2.603619984e-01,3.008160757e-01
-0.842155453,3.067910671e-03,4.538404245e-01,9.301672845e-01,2.601647032e-01,3.013299369e-01
-0.839087491,3.067970276e-03,4.572163455e-01,1.103870731e+00,2.596531993e-01,3.017117999e-01
-0.836019529,3.067970276e-03,4.905987275e-01,9.939900020e-01,2.594219685e-01,3.019779890e-01
-0.832951568,3.067970276e-03,4.444837682e-01,8.572878067e-01,2.593935886e-01,3.025791961e-01
-0.829883606,3.067970276e-03,4.845170152e-01,8.210463540e-01,2.590442462e-01,3.032813260e-01
-0.826815645,3.067970276e-03,5.437917129e-01,7.725041610e-01,2.589103110e-01,3.032280806e-01
-0.823747683,3.067970276e-03,4.031275354e-01,1.060096607e+00,2.586132784e-01,3.040149000e-01
-0.820679722,3.067910671e-03,4.465757664e-01,1.237221669e+00,2.584835150e-01,3.053522283e-01
-0.817611760,3.067970276e-03,4.234048098e-01,1.126307739e+00,2.577982707e-01,3.050659514e-01
-0.814543798,3.067970276e-03,4.695708226e-01,1.084753640e+00,2.578383637e-01,3.052207480e-01
-0.811475837,3.067970276e-03,8.543369850e-01,9.139253372e-01,2.578639286e-01,3.063699354e-01
-0.808407875,3.067970276e-03,4.290055228e-01,9.682135161e-01,2.573753484e-01,3.068225107e-01
-0.805339914,3.067970276e-03,3.705795585e-01,1.086808537e+00,2.571453072e-01,3.071613964e-01
-0.802271952,3.067970276e-03,3.709073493e-01,9.382497863e-01,2.569230814e-01,3.071894158e-01
-0.799203990,3.067910671e-03,3.928714979e-01,9.196280112e-01,2.567567153e-01,3.080323230e-01
-0.796136029,3.067970276e-03,8.649366536e-01,8.258008746e-01,2.564163934e-01,3.085794955e-01
-0.793068067,3.067970276e-03,4.210777576e-01,1.003800773e+00,2.563972639e-01,3.090052889e-01
-0.790000106,3.067970276e-03,4.153574602e-01,1.294620862e+00,2.560583520e-01,3.095754052e-01
-0.786932144,3.067970276e-03,4.258199777e-01,9.541688658e-01,2.557941895e-01,3.101169430e-01
-0.783864183,3.067970276e-03,4.430226676e-01,9.892655050e-01,2.557818454e-01,3.105789060e-01
-0.780796221,3.067970276e-03,5.098746828e-01,1.014361395e+00,2.554527455e-01,3.108989851e-01
-0.777728259,3.067910671e-03,4.359931576e-01,1.370376173e+00,2.553455822e-01,3.119674903e-01
-0.774660298,3.067970276e-03,5.120806477e-01,1.841125965e+00,2.552377194e-01,3.114963496e-01
-0.771592336,3.067970276e-03,4.668391078e-01,1.086385007e+00,2.549462455e-01,3.125152300e-01
-0.768524375,3.067970276e-03,4.608864387e-01,1.213857140e+00,2.547970663e-01,3.128366732e-01
-0.765456413,3.067970276e-03,4.834741005e-01,1.215831820e+00,2.547129392e-01,3.132925636e-01
-0.762388452,3.067970276e-03,4.550475484e-01,1.430037254e+00,2.545303013e-01,3.140084379e-01
-0.759320490,3.067970276e-03,4.788133204e-01,1.848112630e+00,2.543188562e-01,3.149765411e-01
-0.756252528,3.067910671e-03,4.137466297e-01,8.517688902e-01,2.541292619e-01,3.147057796e-01
-0.753184567,3.067970276e-03,4.033320838e-01,9.402845604e-01,2.540927318e-01,3.145914611e-01
-0.750116605,3.067970276e-03,5.142086019e-01,8.811202577e-01,2.540080761e-01,3.161698564e-01
-0.747048644,3.067970276e-03,4.442240368e-01,1.000608733e+00,2.536347660e-01,3.161361618e-01
-0.743980682,3.067970276e-03,5.731050126e-01,1.519362986e+00,2.535366041e-01,3.168729818e-01
-0.740912721,3.067970276e-03,5.438735497e-01,7.992137454e-01,2.536776195e-01,3.168097981e-01
-0.737844759,3.067970276e-03,5.247842338e-01,8.651281393e-01,2.533669145e-01,3.180211054e-01
-0.734776797,3.067910671e-03,5.893024582e-01,7.722625753e-01,2.532084808e-01,3.178864860e-01
-0.731708836,3.067970276e-03,4.316313613e-01,8.346623194e-01,2.532111666e-01,3.179731105e-01
-0.728640874,3.067970276e-03,4.932178372e-01,1.386269333e+00,2.530724028e-01,3.186237983e-01
-0.725572913,3.067970276e-03,4.483522407e-01,7.255738351e-01,2.530072680e-01,3.192071814e-01
-0.722504951,3.067970276e-03,4.398990944e-01,9.102460491e-01,2.529339401e-01,3.194847626e-01
-0.719436990,3.067970276e-03,7.766209966e-01,8.976918481e-01,2.527462823e-01,3.201234102e-01
-0.716369028,3.067970276e-03,5.941655647e-01,9.574610454e-01,2.526706835e-01,3.206590329e-01
-0.713301066,3.067910671e-03,4.195739109e-01,1.410341263e+00,2.526197350e-01,3.202798840e-01
-0.710233105,3.067970276e-03,4.651456893e-01,8.345481972e-01,2.525541136e-01,3.198710147e-01
-0.707165143,3.067970276e-03,4.873637703e-01,8.865659513e-01,2.521210684e-01,3.211108973e-01
-0.704097182,3.067970276e-03,7.168821772e-01,9.187202068e-01,2.516670097e-01,3.219169327e-01
-0.701029220,3.067970276e-03,5.398302322e-01,1.063310497e+00,2.515968084e-01,3.217075043e-01
-0.697961258,3.067970276e-03,4.284839347e-01,1.636444073e+00,2.515507210e-01,3.216877940e-01
-0.694893297,3.067910671e-03,4.508745888e-01,1.110123044e+00,2.514972859e-01,3.225968890e-01
-0.691825335,3.067970276e-03,4.414952793e-01,9.187539951e-01,2.514647972e-01,3.222950848e-01
-0.688757374,3.067970276e-03,6.084841130e-01,8.909553471e-01,2.514194483e-01,3.236331614e-01
-0.685689412,3.067970276e-03,6.332718620e-01,9.869562785e-01,2.513278617e-01,3.255720545e-01
-0.682621451,3.067970276e-03,4.538303004e-01,1.517602437e+00,2.513846063e-01,3.265295662e-01
-0.679553489,3.067970276e-03,5.186300480e-01,1.216234680e+00,2.513707782e-01,3.261797204e-01
-0.676485527,3.067970276e-03,5.042530294e-01,9.235354664e-01,2.513001451e-01,3.266170536e-01
-0.673417566,3.067910671e-03,5.926749125e-01,8.465353968e-01,2.513272765e-01,3.264920252e-01
-0.670349604,3.067970276e-03,4.986280104e-01,8.019352951e-01,2.512515767e-01,3.272722237e-01
-0.667281643,3.067970276e-03,4.354991779e-01,1.091214021e+00,2.513525130e-01,3.262052082e-01
-0.664213681,3.067970276e-03,4.384896341e-01,1.082446334e+00,2.513329357e-01,3.269331861e-01
-0.661145720,3.067970276e-03,4.219043727e-01,9.419575692e-01,2.512820864e-01,3.272113032e-01
-0.658077758,3.067970276e-03,5.202479495e-01,9.595182920e-01,2.513474169e-01,3.274168223e-01
-0.655009796,3.067970276e-03,5.096824880e-01,9.610715606e-01,2.513623264e-01,3.276538281e-01
-0.651941835,3.067910671e-03,5.784025804e-01,1.245401696e+00,2.513093361e-01,3.276709214e-01
-0.648873873,3.067970276e-03,6.318919182e-01,1.216520644e+00,2.513354122e-01,3.259661089e-01
-0.645805912,3.067970276e-03,5.429250848e-01,8.626118436e-01,2.513175105e-01,3.267051348e-01
-0.642737950,3.067970276e-03,5.443674705e-01,8.271639039e-01,2.517176099e-01,3.268895424e-01
-0.639669989,3.067970276e-03,6.715360934e-01,7.047667176e-01,2.514131732e-01,3.267689976e-01
-0.636602027,3.067970276e-03,4.220700920e-01,7.759441744e-01,2.514143812e-01,3.268908649e-01
-0.633534065,3.067970276e-03,4.315608053e-01,8.926454339e-01,2.513663320e-01,3.265073184e-01
-0.630466104,3.067910671e-03,4.221088507e-01,8.161847841e-01,2.514670230e-01,3.245704335e-01
-0.627398142,3.067970276e-03,4.714853735e-01,9.899094450e-01,2.514927031e-01,3.267727565e-01
-0.624330181,3.067970276e-03,7.511277249e-01,1.084509558e+00,2.514559665e-01,3.264347127e-01
-0.621262219,3.067970276e-03,4.455987661e-01,1.386042404e+00,2.515553377e-01,3.256966734e-01
-0.618194258,3.067970276e-03,5.323343081e-01,1.485852049e+00,2.513211190e-01,3.265722728e-01
-0.615126296,3.067970276e-03,5.484722321e-01,5.880165440e-01,2.512288747e-01,3.260612224e-01
-0.612058334,3.067970276e-03,6.250928564e-01,6.488195532e-01,2.512813426e-01,3.255618758e-01
-0.608990373,3.067910671e-03,6.610960525e-01,7.344494382e-01,2.512654794e-01,3.255394602e-01
-0.605922411,3.067970276e-03,4.742742163e-01,1.119383565e+00,2.512111339e-01,3.250218299e-01
-0.602854450,3.067970276e-03,5.361869833e-01,1.626155493e+00,2.513199185e-01,3.260189728e-01
-0.599786488,3.067970276e-03,4.855347820e-01,8.077711619e-01,2.514438961e-01,3.256658601e-01
-0.596718526,3.067970276e-03,4.858012595e-01,7.921908231e-01,2.514315040e-01,3.236618017e-01
-0.593650565,3.067970276e-03,6.835804567e-01,7.428798127e-01,2.514413767e-01,3.230327683e-01
-0.590582603,3.067970276e-03,4.459757009e-01,9.314059176e-01,2.515123060e-01,3.233873981e-01
-0.587514642,3.067910671e-03,4.521611646e-01,1.387094463e+00,2.515872357e-01,3.229245809e-01
-0.584446680,3.067970276e-03,4.443074052e-01,6.146909323e-01,2.515616715e-01,3.220914461e-01
-0.581378719,3.067970276e-03,4.773604712e-01,8.060704029e-01,2.516454228e-01,3.219241575e-01
-0.578310757,3.067970276e-03,5.844155771e-01,8.293839601e-01,2.515981927e-01,3.208468295e-01
-0.575242795,3.067970276e-03,6.020407675e-01,9.265282258e-01,2.517154171e-01,3.203446456e-01
-0.572174834,3.067970276e-03,7.422876189e-01,1.300633544e+00,2.516986763e-01,3.275145844e-01
-0.569106872,3.067970276e-03,6.314305343e-01,6.787127832e-01,2.517688721e-01,4.708009007e-01
-0.566038911,3.067910671e-03,5.550771314e-01,8.000465471e-01,2.517812576e-01,4.689734614e-01
-0.562970949,3.067970276e-03,7.673132435e-01,7.453640431e-01,2.518147493e-01,4.672750764e-01
-0.559902988,3.067970276e-03,5.084710251e-01,7.630171998e-01,2.517760010e-01,4.673067093e-01
-0.556835026,3.067970276e-03,4.443933395e-01,1.108626977e+00,2.518846264e-01,4.643126224e-01
-0.553767064,3.067970276e-03,4.410523597e-01,7.085758159e-01,2.518935111e-01,4.637045476e-01
-0.550699103,3.067970276e-03,4.385531776e-01,7.864755923e-01,2.518678929e-01,4.628936061e-01
-0.547631141,3.067910671e-03,7.508164858e-01,7.022727595e-01,2.519220309e-01,4.605960561e-01
-0.544563180,3.067970276e-03,6.728463272e-01,6.584126243e-01,2.519587336e-01,4.601727017e-01
-0.541495218,3.067970276e-03,4.527590754e-01,8.941227960e-01,2.520003397e-01,4.590577734e-01
-0.538427257,3.067970276e-03,4.804925066e-01,5.754643901e-01,2.520058044e-01,4.579340567e-01
-0.535359295,3.067970276e-03,4.812085227e-01,5.330560199e-01,2.520674366e-01,4.577696565e-01
-0.532291333,3.067970276e-03,7.185801265e-01,4.738192015e-01,2.519973622e-01,4.560332448e-01
-0.529223372,3.067970276e-03,7.180041838e-01,4.519236883e-01,2.519876187e-01,4.550290607e-01
-0.526155410,3.067910671e-03,4.474170247e-01,6.594319258e-01,2.520742749e-01,4.547094898e-01
-0.523087449,3.067970276e-03,7.326586673e-01,6.462674938e-01,2.562334006e-01,4.447625905e-01
-0.520019487,3.067970276e-03,8.695892562e-01,6.869988680e-01,2.584335586e-01,4.516374662e-01
-0.516951526,3.067970276e-03,1.086017517e+00,6.494864544e-01,2.584328593e-01,4.502068575e-01
-0.513883564,3.067970276e-03,8.876533021e-01,6.057339750e-01,2.583303836e-01,4.488862059e-01
-0.510815602,3.067970276e-03,1.027356730e+00,7.768083818e-01,2.584806685e-01,4.489209992e-01
-0.507747641,3.067970276e-03,9.411728061e-01,6.697026491e-01,2.584612107e-01,4.472927457e-01
-0.504679679,3.067910671e-03,8.764215695e-01,6.550318855e-01,2.583617756e-01,4.454414757e-01
-0.501611718,3.067970276e-03,1.014664412e+00,7.373112479e-01,2.585794489e-01,4.463166446e-01
-0.498543756,3.068000078e-03,9.689802882e-01,9.175306855e-01,2.580468429e-01,4.248849560e-01
-0.495475794,3.067970276e-03,1.123767682e+00,1.193559176e+00,2.580145196e-01,4.240524068e-01
-0.492407833,3.067940474e-03,1.101723895e+00,1.068327164e+00,2.580501120e-01,4.228465148e-01
-0.489339871,3.067970276e-03,1.007031884e+00,8.942666051e-01,2.580906514e-01,4.228976677e-01
-0.486271910,3.067970276e-03,1.251726083e+00,1.011310060e+00,2.581127567e-01,4.245844939e-01
-0.483203948,3.067940474e-03,1.126443205e+00,1.135601956e+00,2.581423954e-01,4.229706324e-01
-0.480135987,3.067970276e-03,1.186890664e+00,1.491813970e+00,2.580166794e-01,4.211264741e-01
-0.477068025,3.067970276e-03,1.314094821e+00,1.346720789e+00,2.580343341e-01,4.200883253e-01
-0.474000063,3.067940474e-03,1.168821422e+00,7.935364703e-01,2.579590203e-01,4.198424594e-01
-0.470932102,3.067970276e-03,1.295063319e+00,7.620183323e-01,2.578475494e-01,4.211834647e-01
-0.467864140,3.067970276e-03,1.204834033e+00,6.289881271e-01,2.578871205e-01,4.199891554e-01
-0.464796179,3.067970276e-03,1.156432349e+00,5.969275864e-01,2.578202622e-01,4.190940655e-01
-0.461728217,3.067940474e-03,1.338773790e+00,6.576112929e-01,2.577766532e-01,4.160225376e-01
-0.458660256,3.067970276e-03,1.211035530e+00,5.844510084e-01,2.576944669e-01,4.179840386e-01
-0.455592294,3.067970276e-03,1.316646239e+00,5.768182934e-01,2.575259780e-01,4.183744991e-01
-0.452524332,3.067940474e-03,1.277348591e+00,5.434143105e-01,2.575197855e-01,4.181509400e-01
-0.449456371,3.067970276e-03,1.213443828e+00,6.704326687e-01,2.575369842e-01,4.159810542e-01
-0.446388409,3.067970276e-03,1.463192147e+00,9.348024589e-01,2.575661709e-01,4.166351979e-01
-0.443320448,3.067970276e-03,1.294634768e+00,7.171769536e-01,2.575054175e-01,4.137060279e-01
-0.440252486,3.067940474e-03,1.297835431e+00,7.190798991e-01,2.572255427e-01,4.155560359e-01
-0.437184525,3.067970276e-03,1.458791663e+00,6.983909538e-01,2.571085451e-01,4.152438860e-01
-0.434116563,3.067970276e-03,1.047355646e+00,8.560079714e-01,2.569209710e-01,4.144213265e-01
-0.431048601,3.067940474e-03,1.329150135e+00,1.169165398e+00,2.567774790e-01,4.130593355e-01
-0.427980640,3.067970276e-03,1.227607077e+00,6.778151673e-01,2.567963184e-01,4.143580878e-01
-0.424912678,3.067970276e-03,1.179611796e+00,6.155149760e-01,2.566297154e-01,4.137878647e-01
-0.421844717,3.067940474e-03,1.255278381e+00,5.470520195e-01,2.563971443e-01,4.136767840e-01
-0.418776755,3.067970276e-03,1.284893593e+00,6.455722807e-01,2.563054203e-01,4.113115443e-01
-0.415708794,3.067970276e-03,1.750396361e+00,1.011621026e+00,2.562213908e-01,4.125805907e-01
-0.412640832,3.067970276e-03,1.577786705e+00,5.155079945e-01,2.560981165e-01,4.117330236e-01
-0.409572870,3.067940474e-03,1.445103797e+00,5.124323340e-01,2.560876536e-01,4.104788640e-01
-0.406504909,3.067970276e-03,1.465152587e+00,5.148235770e-01,2.558847696e-01,4.116822072e-01
-0.403436947,3.067970276e-03,1.286403422e+00,6.959925423e-01,2.557599921e-01,4.121506126e-01
-0.400368986,3.067940474e-03,1.700850284e+00,1.252660068e+00,2.557123739e-01,4.095693657e-01
-0.397301024,3.067970276e-03,1.527397322e+00,5.233581180e-01,2.555428627e-01,4.107812928e-01
-0.394233062,3.067970276e-03,1.435166995e+00,4.716969288e-01,2.554313544e-01,4.104494089e-01
-0.391165101,3.067970276e-03,1.718952983e+00,3.959049230e-01,2.552891672e-01,4.100171331e-01
-0.388097139,3.067940474e-03,1.060733991e+00,4.124629673e-01,2.552048700e-01,4.082165830e-01
-0.385029178,3.067970276e-03,1.496788237e+00,7.035977078e-01,2.551011517e-01,4.105773454e-01
-0.381961216,3.067970276e-03,1.497260075e+00,4.854220272e-01,2.549083241e-01,4.064080135e-01
-0.378893255,3.067940474e-03,1.454880817e+00,4.514819453e-01,2.547932885e-01,4.085151172e-01
-0.375825293,3.067970276e-03,1.819504282e+00,3.752846919e-01,2.546987994e-01,4.070285364e-01
-0.372757331,3.067970276e-03,1.061204486e+00,3.368306402e-01,2.545728096e-01,4.072637051e-01
-0.369689370,3.067970276e-03,1.514813128e+00,4.188922967e-01,2.544445036e-01,4.073126733e-01
-0.366621408,3.067940474e-03,1.491551279e+00,5.374769923e-01,2.543126514e-01,4.061897700e-01
-0.363553447,3.067970276e-03,1.344493066e+00,6.789046884e-01,2.542347628e-01,4.061170646e-01
-0.360485485,3.067970276e-03,1.677465845e+00,7.694460390e-01,2.540831979e-01,4.059046211e-01
-0.357417524,3.067940474e-03,1.051946543e+00,9.300874959e-01,2.539656168e-01,4.055330922e-01
-0.354349562,3.067970276e-03,1.420348317e+00,1.327024504e+00,2.538127917e-01,4.050417738e-01
-0.351281600,3.067970276e-03,1.462786035e+00,7.935260527e-01,2.536651318e-01,4.034765662e-01
-0.348213639,3.067940474e-03,1.275927989e+00,5.676768369e-01,2.535219086e-01,4.038995049e-01
-0.345145677,3.067970276e-03,1.473752920e+00,6.059326947e-01,2.535126806e-01,4.026829235e-01
-0.342077716,3.067970276e-03,1.057270326e+00,6.983359776e-01,2.533837806e-01,4.033402261e-01
-0.339009754,3.067970276e-03,1.133388269e+00,1.016526786e+00,2.532474089e-01,4.009637835e-01
-0.335941793,3.067940474e-03,1.153490604e+00,7.503483941e-01,2.531493260e-01,3.995795620e-01
-0.332873831,3.067970276e-03,1.100628915e+00,4.577391437e-01,2.530133761e-01,3.961688690e-01
-0.329805869,3.067970276e-03,1.484093458e+00,4.633683239e-01,2.529203078e-01,3.995268810e-01
-0.326737908,3.067940474e-03,1.113189303e+00,5.078523578e-01,2.527805973e-01,3.979997819e-01
-0.323669946,3.067970276e-03,1.450502022e+00,7.496806784e-01,2.526929106e-01,3.954610949e-01
-0.320601985,3.067970276e-03,1.467915925e+00,7.322487058e-01,2.525900058e-01,3.931796056e-01
-0.317534023,3.067970276e-03,1.206240770e+00,5.606360140e-01,2.524564575e-01,3.958145582e-01
-0.314466062,3.067940474e-03,1.240536987e+00,6.286555276e-01,2.523811822e-01,3.927777973e-01
-0.311398100,3.067970276e-03,1.127567965e+00,6.698585718e-01,2.522738215e-01,3.925966326e-01
-0.308330138,3.067970276e-03,1.213810291e+00,8.268928070e-01,2.522262061e-01,3.926885472e-01
-0.305262177,3.067940474e-03,1.269179952e+00,7.535050093e-01,2.520411525e-01,3.930819247e-01
-0.302194215,3.067970276e-03,1.132584827e+00,3.853511948e-01,2.519794088e-01,3.923792035e-01
-0.299126254,3.067970276e-03,1.280257182e+00,3.682318222e-01,2.519107561e-01,3.898254708e-01
-0.296058292,3.067970276e-03,1.387979200e+00,3.544366409e-01,2.518278625e-01,3.922558305e-01
-0.292990330,3.067940474e-03,1.026385410e+00,4.393345414e-01,2.517640719e-01,4.075381188e-01
-0.289922369,3.067970276e-03,1.105258501e+00,5.987269887e-01,2.516714387e-01,4.067695696e-01
-0.286854407,3.067970276e-03,1.053021363e+00,4.958406362e-01,2.515628723e-01,4.073053419e-01
-0.283786446,3.067940474e-03,1.191096186e+00,4.951293716e-01,2.515175663e-01,4.043754103e-01
-0.280718484,3.067970276e-03,1.261868084e+00,4.661895923e-01,2.514130501e-01,4.035331955e-01
-0.277650523,3.067970276e-03,1.315881801e+00,5.277494289e-01,2.513696004e-01,3.978815863e-01
-0.274582561,3.067940474e-03,1.447984778e+00,6.274018815e-01,2.512896450e-01,4.002609318e-01
-0.271514599,3.067970276e-03,1.264771628e+00,3.861944291e-01,2.512513748e-01,3.980236538e-01
-0.268446638,3.067970276e-03,1.352654624e+00,4.452164670e-01,2.511724607e-01,3.971634239e-01
-0.265378676,3.067970276e-03,1.663380410e+00,4.610505391e-01,2.511098773e-01,3.944945517e-01
-0.262310715,3.067940474e-03,1.008708488e+00,5.305884615e-01,2.510246345e-01,3.928982097e-01
-0.259242753,3.067970276e-03,1.103573004e+00,6.640211969e-01,2.509856351e-01,3.932056908e-01
-0.256174792,3.067970276e-03,1.046098404e+00,3.698679568e-01,2.509441864e-01,3.984847420e-01
-0.253106830,3.067940474e-03,1.465663771e+00,4.718219333e-01,2.518140304e-01,3.946285925e-01
-0.250038868,3.067985177e-03,2.565515696e+00,5.804459859e-01,2.533007039e-01,3.887277691e-01
-0.246970907,3.067955375e-03,2.472447914e+00,8.078958146e-01,2.531042276e-01,3.868130403e-01
-0.243902945,3.067970276e-03,3.400607284e+00,1.124956867e+00,2.528884662e-01,3.854925201e-01
-0.240834984,3.067955375e-03,3.240983484e+00,4.024010591e-01,2.526922705e-01,3.838403252e-01
-0.237767022,3.067955375e-03,3.219654182e+00,4.552510930e-01,2.525685775e-01,3.823407801e-01
-0.234699061,3.067970276e-03,3.557832440e+00,4.154422387e-01,2.523671477e-01,3.813401884e-01
-0.231631099,3.067955375e-03,2.412097305e+00,3.704620244e-01,2.522185624e-01,3.794196559e-01
-0.228563137,3.067970276e-03,3.298991467e+00,3.950739908e-01,2.521041080e-01,3.782178073e-01
-0.225495176,3.067955375e-03,3.067456351e+00,3.328593484e-01,2.519230549e-01,3.764570472e-01
-0.222427214,3.067970276e-03,2.875578771e+00,3.686886441e-01,2.518164485e-01,3.759870872e-01
-0.219359253,3.067955375e-03,3.337991714e+00,3.620667920e-01,2.516837650e-01,3.735310191e-01
-0.216291291,3.067955375e-03,2.240833680e+00,3.766941564e-01,2.515574870e-01,3.738943595e-01
-0.213223330,3.067970276e-03,2.775168117e+00,5.035105135e-01,2.514463038e-01,3.708617107e-01
-0.210155368,3.067955375e-03,2.470241711e+00,3.502422888e-01,2.513356481e-01,3.701883028e-01
-0.207087406,3.067970276e-03,2.258586490e+00,3.431550431e-01,2.512278024e-01,3.677857214e-01
-0.204019445,3.067955375e-03,3.014604543e+00,3.208034159e-01,2.511456787e-01,3.663845489e-01
-0.200951483,3.067955375e-03,2.200304758e+00,3.004499342e-01,2.510392158e-01,3.653610754e-01
-0.197883522,3.067970276e-03,3.145754657e+00,3.288790342e-01,2.509721395e-01,3.638648751e-01
-0.194815560,3.067955375e-03,3.362285001e+00,3.032128472e-01,2.509027410e-01,3.625414989e-01
-0.191747598,3.067970276e-03,3.104889414e+00,2.807846688e-01,2.508209267e-01,3.615079832e-01
-0.188679637,3.067955375e-03,3.666358048e+00,2.705286975e-01,2.507541289e-01,3.621521082e-01
-0.185611675,3.067970276e-03,2.406365122e+00,2.716461454e-01,2.506940746e-01,3.604873349e-01
-0.182543714,3.067955375e-03,3.893502021e+00,3.273196997e-01,2.506354846e-01,3.600507632e-01
-0.179475752,3.067955375e-03,3.878227306e+00,3.585672997e-01,2.505629461e-01,3.592473699e-01
-0.176407791,3.067970276e-03,3.284101750e+00,3.146899631e-01,2.505148154e-01,3.572303520e-01
-0.173339829,3.067955375e-03,3.786007700e+00,3.010005919e-01,2.504950366e-01,3.569785117e-01
-0.170271867,3.067970276e-03,2.197834639e+00,3.151684970e-01,2.504031999e-01,3.564299984e-01
-0.167203906,3.067955375e-03,3.061095919e+00,4.311838664e-01,2.504079689e-01,3.549785485e-01
-0.164135944,3.067955375e-03,3.024558337e+00,4.224689951e-01,2.503477565e-01,3.553445963e-01
-0.161067983,3.067970276e-03,2.658013789e+00,2.658851657e-01,2.503174362e-01,3.559374463e-01
-0.158000021,3.067955375e-03,3.302141664e+00,2.612427737e-01,2.502759054e-01,3.565650026e-01
-0.154932060,3.067970276e-03,2.345034231e+00,2.672152763e-01,2.502629202e-01,3.844425870e-01
-0.151864098,3.067955375e-03,2.968940417e+00,2.612998154e-01,2.502006283e-01,3.858837033e-01
-0.148796136,3.067970276e-03,3.077645669e+00,2.847115731e-01,2.502118917e-01,3.867317598e-01
-0.145728175,3.067955375e-03,2.743741222e+00,2.976498159e-01,2.501892333e-01,3.841598238e-01
-0.142660213,3.067955375e-03,3.345783709e+00,3.089150096e-01,2.501495455e-01,3.904814408e-01
-0.139592252,3.067970276e-03,2.622145709e+00,2.939897946e-01,2.501236176e-01,3.857001459e-01
-0.136524290,3.067955375e-03,2.600939925e+00,2.836389418e-01,2.501238130e-01,3.859812472e-01
-0.133456329,3.067970276e-03,2.768760338e+00,2.958941479e-01,2.501229904e-01,3.861142431e-01
-0.130388367,3.067955375e-03,2.430986449e+00,3.243290025e-01,2.501137661e-01,3.875121955e-01
-0.127320405,3.067955375e-03,2.652748856e+00,3.514960182e-01,2.500499224e-01,3.884223808e-01
-0.124252444,3.067970276e-03,4.862326162e+00,4.114565662e-01,2.502884586e-01,3.878208606e-01
-0.121184482,3.067962825e-03,5.699292768e+00,5.731536620e-01,2.502524641e-01,3.901916156e-01
-0.118116521,3.067962825e-03,7.227440318e+00,6.340841298e-01,2.502285055e-01,3.882708523e-01
-0.115048559,3.067962825e-03,6.520895280e+00,2.916354717e-01,2.501689853e-01,3.914278641e-01
-0.111980598,3.067962825e-03,6.554921986e+00,2.723852872e-01,2.501506457e-01,3.929278730e-01
-0.108912636,3.067955375e-03,5.772236163e+00,2.568142317e-01,2.501336985e-01,3.977732608e-01
-0.105844674,3.067962825e-03,6.360290364e+00,2.539879246e-01,2.501378195e-01,3.936273359e-01
-0.102776713,3.067962825e-03,8.019168407e+00,2.537943817e-01,2.500935942e-01,3.973441535e-01
-0.099708751,3.067962825e-03,7.232464567e+00,2.581720620e-01,2.500528913e-01,3.978148539e-01
-0.096640790,3.067962825e-03,7.408423745e+00,2.825970676e-01,2.500997180e-01,3.976351338e-01
-0.093572828,3.067962825e-03,6.764112629e+00,3.122566133e-01,2.500253649e-01,4.013168402e-01
-0.090504866,3.067955375e-03,6.073332206e+00,3.086688952e-01,2.500786439e-01,4.021485417e-01
-0.087436905,3.067962825e-03,7.004206043e+00,2.675869659e-01,2.500144881e-01,4.047209063e-01
-0.084368943,3.067962825e-03,5.915766199e+00,2.683194830e-01,2.500532356e-01,4.033206310e-01
-0.081300982,3.067962825e-03,5.769732903e+00,2.876417590e-01,2.499858877e-01,4.047390429e-01
-0.078233020,3.067962825e-03,6.316824602e+00,2.776816658e-01,2.500647489e-01,4.065347640e-01
-0.075165059,3.067962825e-03,5.337588567e+00,2.569981811e-01,2.500094205e-01,4.082249429e-01
-0.072097097,3.067955375e-03,6.801225821e+00,3.601135963e-01,2.499945844e-01,4.148965271e-01
-0.069029135,3.067962825e-03,6.179120759e+00,2.568090613e-01,2.499777310e-01,4.089363319e-01
-0.065961174,3.067962825e-03,6.163844099e+00,2.586274250e-01,2.500448206e-01,4.111690740e-01
-0.062893212,3.067962825e-03,8.775379736e+00,2.527966346e-01,2.500040468e-01,4.143878995e-01
-0.059825251,3.067962825e-03,1.061119100e+01,2.574504055e-01,2.499926039e-01,4.127452744e-01
-0.056757289,3.067962825e-03,1.298091072e+01,2.866079466e-01,2.500501992e-01,4.140162250e-01
-0.053689328,3.067959100e-03,1.123934092e+01,2.543861525e-01,2.500099217e-01,4.128765770e-01
-0.050621366,3.067962825e-03,1.055330944e+01,2.723860328e-01,2.500056520e-01,4.175411869e-01
-0.047553404,3.067962825e-03,1.319189199e+01,3.289130286e-01,2.499492231e-01,4.168276646e-01
-0.044485443,3.067959100e-03,1.123451769e+01,4.656289346e-01,2.499966870e-01,4.157751646e-01
-0.041417481,3.067962825e-03,1.742253171e+01,7.182353551e-01,2.500810357e-01,4.160130446e-01
-0.038349520,3.067962825e-03,1.612701448e+01,4.656906703e+00,2.500163465e-01,4.144662782e-01
-0.035281558,3.067959100e-03,1.322703898e+01,3.967378017e+01,2.499671698e-01,4.140018119e-01
-0.032213597,3.067962825e-03,1.564332239e+01,1.143009870e+02,2.499347000e-01,4.168472710e-01
-0.029145635,3.067962825e-03,1.995154099e+01,2.283727834e+02,2.500202162e-01,4.153717725e-01
-0.026077673,3.067960963e-03,3.174094516e+01,3.818756838e+02,2.499793435e-01,4.179960971e-01
-0.023009712,3.067960963e-03,3.045595845e+01,5.009940435e+02,2.501243417e-01,4.168375262e-01
-0.019941750,3.067962825e-03,2.486805685e+01,4.420720663e+02,2.499913739e-01,4.171169010e-01
-0.016873789,3.067960963e-03,2.876982244e+01,3.002173994e+02,2.500976994e-01,4.187444777e-01
-0.013805827,3.067961894e-03,3.712836182e+01,9.055220498e+01,2.499004006e-01,4.160167030e-01
-0.010737866,3.067961894e-03,5.765381025e+01,2.204189235e+02,2.500786682e-01,4.146367157e-01
-0.007669904,3.067961428e-03,8.777876584e+01,4.441484092e+02,2.502272724e-01,4.185121163e-01
-0.004601942,3.067961661e-03,1.187364087e+02,1.842322257e+02,2.506118002e-01,4.184090956e-01
-0.001533981,3.067961661e-03,2.747053502e+03,2.631230039e+01,2.461643047e-01,3.987464039e-01
0.001533981,3.067961661e-03,2.747053503e+03,2.631230039e+01,2.461643047e-01,3.987464039e-01
0.004601942,3.067961661e-03,1.187364087e+02,1.842322257e+02,2.506118002e-01,4.184090956e-01
0.007669904,3.067961428e-03,8.777876584e+01,4.441484092e+02,2.502272724e-01,4.185121163e-01
0.010737866,3.067961894e-03,5.765381025e+01,2.204189235e+02,2.500786682e-01,4.146367157e-01
0.013805827,3.067961894e-03,3.712836182e+01,9.055220498e+01,2.499004006e-01,4.160167030e-01
0.016873789,3.067960963e-03,2.876982244e+01,3.002173994e+02,2.500976994e-01,4.187444777e-01
0.019941750,3.067962825e-03,2.486805685e+01,4.420720663e+02,2.499913739e-01,4.171169010e-01
0.023009712,3.067960963e-03,3.045595845e+01,5.009940435e+02,2.501243417e-01,4.168375262e-01
0.026077673,3.067960963e-03,3.174094516e+01,3.818756838e+02,2.499793435e-01,4.179960971e-01
0.029145635,3.067962825e-03,1.995154099e+01,2.283727834e+02,2.500202162e-01,4.153717725e-01
0.032213597,3.067962825e-03,1.564332239e+01,1.143009870e+02,2.499347000e-01,4.168472710e-01
0.035281558,3.067959100e-03,1.322703898e+01,3.967378017e+01,2.499671698e-01,4.140018119e-01
0.038349520,3.067962825e-03,1.612701448e+01,4.656906703e+00,2.500163465e-01,4.144662782e-01
0.041417481,3.067962825e-03,1.742253171e+01,7.182353551e-01,2.500810357e-01,4.160130446e-01
0.044485443,3.067959100e-03,1.123451769e+01,4.656289346e-01,2.499966870e-01,4.157751646e-01
0.047553404,3.067962825e-03,1.319189199e+01,3.289130286e-01,2.499492231e-01,4.168276646e-01
0.050621366,3.067962825e-03,1.055330944e+01,2.723860328e-01,2.500056520e-01,4.175411869e-01
0.053689328,3.067959100e-03,1.123934092e+01,2.543861525e-01,2.500099217e-01,4.128765770e-01
0.056757289,3.067962825e-03,1.298091072e+01,2.866079466e-01,2.500501992e-01,4.140162250e-01
0.059825251,3.067962825e-03,1.061119100e+01,2.574504055e-01,2.499926039e-01,4.127452744e-01
0.062893212,3.067962825e-03,8.775379736e+00,2.527966346e-01,2.500040468e-01,4.143878995e-01
0.065961174,3.067962825e-03,6.163844099e+00,2.586274250e-01,2.500448206e-01,4.111690740e-01
0.069029135,3.067962825e-03,6.179120759e+00,2.568090613e-01,2.499777310e-01,4.089363319e-01
0.072097097,3.067955375e-03,6.801225821e+00,3.601135963e-01,2.499945844e-01,4.148965271e-01
0.075165059,3.067962825e-03,5.337588567e+00,2.569981811e-01,2.500094205e-01,4.082249429e-01
0.078233020,3.067962825e-03,6.316824602e+00,2.776816658e-01,2.500647489e-01,4.065347640e-01
0.081300982,3.067962825e-03,5.769732903e+00,2.876417590e-01,2.499858877e-01,4.047390429e-01
0.084368943,3.067962825e-03,5.915766199e+00,2.683194830e-01,2.500532356e-01,4.033206310e-01
0.087436905,3.067962825e-03,7.004206043e+00,2.675869659e-01,2.500144881e-01,4.047209063e-01
0.090504866,3.067955375e-03,6.073332206e+00,3.086688952e-01,2.500786439e-01,4.021485417e-01
0.093572828,3.067962825e-03,6.764112629e+00,3.122566133e-01,2.500253649e-01,4.013168402e-01
0.096640790,3.067962825e-03,7.408423745e+00,2.825970676e-01,2.500997180e-01,3.976351338e-01
0.099708751,3.067962825e-03,7.232464567e+00,2.581720620e-01,2.500528913e-01,3.978148539e-01
0.102776713,3.067962825e-03,8.019168407e+00,2.537943817e-01,2.500935942e-01,3.973441535e-01
0.105844674,3.067962825e-03,6.360290364e+00,2.539879246e-01,2.501378195e-01,3.936273359e-01
0.108912636,3.067955375e-03,5.772236163e+00,2.568142317e-01,2.501336985e-01,3.977732608e-01
0.111980598,3.067962825e-03,6.554921986e+00,2.723852872e-01,2.501506457e-01,3.929278730e-01
0.115048559,3.067962825e-03,6.520895280e+00,2.916354717e-01,2.501689853e-01,3.914278641e-01
0.118116521,3.067962825e-03,7.227440318e+00,6.340841298e-01,2.502285055e-01,3.882708523e-01
0.121184482,3.067962825e-03,5.699292768e+00,5.731536620e-01,2.502524641e-01,3.901916156e-01
0.124252444,3.067970276e-03,4.862326162e+00,4.114565662e-01,2.502884586e-01,3.878208606e-01
0.127320405,3.067955375e-03,2.652748856e+00,3.514960182e-01,2.500499224e-01,3.884223808e-01
0.130388367,3.067955375e-03,2.430986449e+00,3.243290025e-01,2.501137661e-01,3.875121955e-01
0.133456329,3.067970276e-03,2.768760338e+00,2.958941479e-01,2.501229904e-01,3.861142431e-01
0.136524290,3.067955375e-03,2.600939925e+00,2.836389418e-01,2.501238130e-01,3.859812472e-01
0.139592252,3.067970276e-03,2.622145709e+00,2.939897946e-01,2.501236176e-01,3.857001459e-01
0.142660213,3.067955375e-03,3.345783709e+00,3.089150096e-01,2.501495455e-01,3.904814408e-01
0.145728175,3.067955375e-03,2.743741222e+00,2.976498159e-01,2.501892333e-01,3.841598238e-01
0.148796136,3.067970276e-03,3.077645669e+00,2.847115731e-01,2.502118917e-01,3.867317598e-01
0.151864098,3.067955375e-03,2.968940417e+00,2.612998154e-01,2.502006283e-01,3.858837033e-01
0.154932060,3.067970276e-03,2.345034231e+00,2.672152763e-01,2.502629202e-01,3.844425870e-01
0.158000021,3.067955375e-03,3.302141664e+00,2.612427737e-01,2.502759054e-01,3.565650026e-01
0.161067983,3.067970276e-03,2.658013789e+00,2.658851657e-01,2.503174362e-01,3.559374463e-01
0.164135944,3.067955375e-03,3.024558337e+00,4.224689951e-01,2.503477565e-01,3.553445963e-01
0.167203906,3.067955375e-03,3.061095919e+00,4.311838664e-01,2.504079689e-01,3.549785485e-01
0.170271867,3.067970276e-03,2.197834639e+00,3.151684970e-01,2.504031999e-01,3.564299984e-01
0.173339829,3.067955375e-03,3.786007700e+00,3.010005919e-01,2.504950366e-01,3.569785117e-01
0.176407791,3.067970276e-03,3.284101750e+00,3.146899631e-01,2.505148154e-01,3.572303520e-01
0.179475752,3.067955375e-03,3.878227306e+00,3.585672997e-01,2.505629461e-01,3.592473699e-01
0.182543714,3.067955375e-03,3.893502021e+00,3.273196997e-01,2.506354846e-01,3.600507632e-01
0.185611675,3.067970276e-03,2.406365122e+00,2.716461454e-01,2.506940746e-01,3.604873349e-01
0.188679637,3.067955375e-03,3.666358048e+00,2.705286975e-01,2.507541289e-01,3.621521082e-01
0.191747598,3.067970276e-03,3.104889414e+00,2.807846688e-01,2.508209267e-01,3.615079832e-01
0.194815560,3.067955375e-03,3.362285001e+00,3.032128472e-01,2.509027410e-01,3.625414989e-01
0.197883522,3.067970276e-03,3.145754657e+00,3.288790342e-01,2.509721395e-01,3.638648751e-01
0.200951483,3.067955375e-03,2.200304758e+00,3.004499342e-01,2.510392158e-01,3.653610754e-01
0.204019445,3.067955375e-03,3.014604543e+00,3.208034159e-01,2.511456787e-01,3.663845489e-01
0.207087406,3.067970276e-03,2.258586490e+00,3.431550431e-01,2.512278024e-01,3.677857214e-01
0.210155368,3.067955375e-03,2.470241711e+00,3.502422888e-01,2.513356481e-01,3.701883028e-01
0.213223330,3.067970276e-03,2.775168117e+00,5.035105135e-01,2.514463038e-01,3.708617107e-01
0.216291291,3.067955375e-03,2.240833680e+00,3.766941564e-01,2.515574870e-01,3.738943595e-01
0.219359253,3.067955375e-03,3.337991714e+00,3.620667920e-01,2.516837650e-01,3.735310191e-01
0.222427214,3.067970276e-03,2.875578771e+00,3.686886441e-01,2.518164485e-01,3.759870872e-01
0.225495176,3.067955375e-03,3.067456351e+00,3.328593484e-01,2.519230549e-01,3.764570472e-01
0.228563137,3.067970276e-03,3.298991467e+00,3.950739908e-01,2.521041080e-01,3.782178073e-01
0.231631099,3.067955375e-03,2.412097305e+00,3.704620244e-01,2.522185624e-01,3.794196559e-01
0.234699061,3.067970276e-03,3.557832440e+00,4.154422387e-01,2.523671477e-01,3.813401884e-01
0.237767022,3.067955375e-03,3.219654182e+00,4.552510930e-01,2.525685775e-01,3.823407801e-01
0.240834984,3.067955375e-03,3.240983484e+00,4.024010591e-01,2.526922705e-01,3.838403252e-01
0.243902945,3.067970276e-03,3.400607284e+00,1.124956867e+00,2.528884662e-01,3.854925201e-01
0.246970907,3.067955375e-03,2.472447914e+00,8.078958146e-01,2.531042276e-01,3.868130403e-01
0.250038868,3.067985177e-03,2.565515696e+00,5.804459859e-01,2.533007039e-01,3.887277691e-01
0.253106830,3.067940474e-03,1.465663771e+00,4.718219333e-01,2.518140304e-01,3.946285925e-01
0.256174792,3.067970276e-03,1.046098404e+00,3.698679568e-01,2.509441864e-01,3.984847420e-01
0.259242753,3.067970276e-03,1.103573004e+00,6.640211969e-01,2.509856351e-01,3.932056908e-01
0.262310715,3.067940474e-03,1.008708488e+00,5.305884615e-01,2.510246345e-01,3.928982097e-01
0.265378676,3.067970276e-03,1.663380410e+00,4.610505391e-01,2.511098773e-01,3.944945517e-01
0.268446638,3.067970276e-03,1.352654624e+00,4.452164670e-01,2.511724607e-01,3.971634239e-01
0.271514599,3.067970276e-03,1.264771628e+00,3.861944291e-01,2.512513748e-01,3.980236538e-01
0.274582561,3.067940474e-03,1.447984778e+00,6.274018815e-01,2.512896450e-01,4.002609318e-01
0.277650523,3.067970276e-03,1.315881801e+00,5.277494289e-01,2.513696004e-01,3.978815863e-01
0.280718484,3.067970276e-03,1.261868084e+00,4.661895923e-01,2.514130501e-01,4.035331955e-01
0.283786446,3.067940474e-03,1.191096186e+00,4.951293716e-01,2.515175663e-01,4.043754103e-01
0.286854407,3.067970276e-03,1.053021363e+00,4.958406362e-01,2.515628723e-01,4.073053419e-01
0.289922369,3.067970276e-03,1.105258501e+00,5.987269887e-01,2.516714387e-01,4.067695696e-01
0.292990330,3.067940474e-03,1.026385410e+00,4.393345414e-01,2.517640719e-01,4.075381188e-01
0.296058292,3.067970276e-03,1.387979200e+00,3.544366409e-01,2.518278625e-01,3.922558305e-01
0.299126254,3.067970276e-03,1.280257182e+00,3.682318222e-01,2.519107561e-01,3.898254708e-01
0.302194215,3.067970276e-03,1.132584827e+00,3.853511948e-01,2.519794088e-01,3.923792035e-01
0.305262177,3.067940474e-03,1.269179952e+00,7.535050093e-01,2.520411525e-01,3.930819247e-01
0.308330138,3.067970276e-03,1.213810291e+00,8.268928070e-01,2.522262061e-01,3.926885472e-01
0.311398100,3.067970276e-03,1.127567965e+00,6.698585718e-01,2.522738215e-01,3.925966326e-01
0.314466062,3.067940474e-03,1.240536987e+00,6.286555276e-01,2.523811822e-01,3.927777973e-01
0.317534023,3.067970276e-03,1.206240770e+00,5.606360140e-01,2.524564575e-01,3.958145582e-01
0.320601985,3.067970276e-03,1.467915925e+00,7.322487058e-01,2.525900058e-01,3.931796056e-01
0.323669946,3.067970276e-03,1.450502022e+00,7.496806784e-01,2.526929106e-01,3.954610949e-01
0.326737908,3.067940474e-03,1.113189303e+00,5.078523578e-01,2.527805973e-01,3.979997819e-01
0.329805869,3.067970276e-03,1.484093458e+00,4.633683239e-01,2.529203078e-01,3.995268810e-01
0.332873831,3.067970276e-03,1.100628915e+00,4.577391437e-01,2.530133761e-01,3.961688690e-01
0.335941793,3.067940474e-03,1.153490604e+00,7.503483941e-01,2.531493260e-01,3.995795620e-01
0.339009754,3.067970276e-03,1.133388269e+00,1.016526786e+00,2.532474089e-01,4.009637835e-01
0.342077716,3.067970276e-03,1.057270326e+00,6.983359776e-01,2.533837806e-01,4.033402261e-01
0.345145677,3.067970276e-03,1.473752920e+00,6.059326947e-01,2.535126806e-01,4.026829235e-01
0.348213639,3.067940474e-03,1.275927989e+00,5.676768369e-01,2.535219086e-01,4.038995049e-01
0.351281600,3.067970276e-03,1.462786035e+00,7.935260527e-01,2.536651318e-01,4.034765662e-01
0.354349562,3.067970276e-03,1.420348317e+00,1.327024504e+00,2.538127917e-01,4.050417738e-01
0.357417524,3.067940474e-03,1.051946543e+00,9.300874959e-01,2.539656168e-01,4.055330922e-01
0.360485485,3.067970276e-03,1.677465845e+00,7.694460390e-01,2.540831979e-01,4.059046211e-01
0.363553447,3.067970276e-03,1.344493066e+00,6.789046884e-01,2.542347628e-01,4.061170646e-01
0.366621408,3.067940474e-03,1.491551279e+00,5.374769923e-01,2.543126514e-01,4.061897700e-01
0.369689370,3.067970276e-03,1.514813128e+00,4.188922967e-01,2.544445036e-01,4.073126733e-01
0.372757331,3.067970276e-03,1.061204486e+00,3.368306402e-01,2.545728096e-01,4.072637051e-01
0.375825293,3.067970276e-03,1.819504282e+00,3.752846919e-01,2.546987994e-01,4.070285364e-01
0.378893255,3.067940474e-03,1.454880817e+00,4.514819453e-01,2.547932885e-01,4.085151172e-01
0.381961216,3.067970276e-03,1.497260075e+00,4.854220272e-01,2.549083241e-01,4.064080135e-01
0.385029178,3.067970276e-03,1.496788237e+00,7.035977078e-01,2.551011517e-01,4.105773454e-01
0.388097139,3.067940474e-03,1.060733991e+00,4.124629673e-01,2.552048700e-01,4.082165830e-01
0.391165101,3.067970276e-03,1.718952983e+00,3.959049230e-01,2.552891672e-01,4.100171331e-01
0.394233062,3.067970276e-03,1.435166995e+00,4.716969288e-01,2.554313544e-01,4.104494089e-01
0.397301024,3.067970276e-03,1.527397322e+00,5.233581180e-01,2.555428627e-01,4.107812928e-01
0.400368986,3.067940474e-03,1.700850284e+00,1.252660068e+00,2.557123739e-01,4.095693657e-01
0.403436947,3.067970276e-03,1.286403422e+00,6.959925423e-01,2.557599921e-01,4.121506126e-01
0.406504909,3.067970276e-03,1.465152587e+00,5.148235770e-01,2.558847696e-01,4.116822072e-01
0.409572870,3.067940474e-03,1.445103797e+00,5.124323340e-01,2.560876536e-01,4.104788640e-01
0.412640832,3.067970276e-03,1.577786705e+00,5.155079945e-01,2.560981165e-01,4.117330236e-01
0.415708794,3.067970276e-03,1.750396361e+00,1.011621026e+00,2.562213908e-01,4.125805907e-01
0.418776755,3.067970276e-03,1.284893593e+00,6.455722807e-01,2.563054203e-01,4.113115443e-01
0.421844717,3.067940474e-03,1.255278381e+00,5.470520195e-01,2.563971443e-01,4.136767840e-01
0.424912678,3.067970276e-03,1.179611796e+00,6.155149760e-01,2.566297154e-01,4.137878647e-01
0.427980640,3.067970276e-03,1.227607077e+00,6.778151673e-01,2.567963184e-01,4.143580878e-01
0.431048601,3.067940474e-03,1.329150135e+00,1.169165398e+00,2.567774790e-01,4.130593355e-01
0.434116563,3.067970276e-03,1.047355646e+00,8.560079714e-01,2.569209710e-01,4.144213265e-01
0.437184525,3.067970276e-03,1.458791663e+00,6.983909538e-01,2.571085451e-01,4.152438860e-01
0.440252486,3.067940474e-03,1.297835431e+00,7.190798991e-01,2.572255427e-01,4.155560359e-01
0.443320448,3.067970276e-03,1.294634768e+00,7.171769536e-01,2.575054175e-01,4.137060279e-01
0.446388409,3.067970276e-03,1.463192147e+00,9.348024589e-01,2.575661709e-01,4.166351979e-01
0.449456371,3.067970276e-03,1.213443828e+00,6.704326687e-01,2.575369842e-01,4.159810542e-01
0.452524332,3.067940474e-03,1.277348591e+00,5.434143105e-01,2.575197855e-01,4.181509400e-01
0.455592294,3.067970276e-03,1.316646239e+00,5.768182934e-01,2.575259780e-01,4.183744991e-01
0.458660256,3.067970276e-03,1.211035530e+00,5.844510084e-01,2.576944669e-01,4.179840386e-01
0.461728217,3.067940474e-03,1.338773790e+00,6.576112929e-01,2.577766532e-01,4.160225376e-01
0.464796179,3.067970276e-03,1.156432349e+00,5.969275864e-01,2.578202622e-01,4.190940655e-01
0.467864140,3.067970276e-03,1.204834033e+00,6.289881271e-01,2.578871205e-01,4.199891554e-01
0.470932102,3.067970276e-03,1.295063319e+00,7.620183323e-01,2.578475494e-01,4.211834647e-01
0.474000063,3.067940474e-03,1.168821422e+00,7.935364703e-01,2.579590203e-01,4.198424594e-01
0.477068025,3.067970276e-03,1.314094821e+00,1.346720789e+00,2.580343341e-01,4.200883253e-01
0.480135987,3.067970276e-03,1.186890664e+00,1.491813970e+00,2.580166794e-01,4.211264741e-01
0.483203948,3.067940474e-03,1.126443205e+00,1.135601956e+00,2.581423954e-01,4.229706324e-01
0.486271910,3.067970276e-03,1.251726083e+00,1.011310060e+00,2.581127567e-01,4.245844939e-01
0.489339871,3.067970276e-03,1.007031884e+00,8.942666051e-01,2.580906514e-01,4.228976677e-01
0.492407833,3.067940474e-03,1.101723895e+00,1.068327164e+00,2.580501120e-01,4.228465148e-01
0.495475794,3.067970276e-03,1.123767682e+00,1.193559176e+00,2.580145196e-01,4.240524068e-01
0.498543756,3.068000078e-03,9.689802882e-01,9.175306855e-01,2.580468429e-01,4.248849560e-01
0.501611718,3.067970276e-03,1.014664412e+00,7.373112479e-01,2.585794489e-01,4.463166446e-01
0.504679679,3.067910671e-03,8.764215695e-01,6.550318855e-01,2.583617756e-01,4.454414757e-01
0.507747641,3.067970276e-03,9.411728061e-01,6.697026491e-01,2.584612107e-01,4.472927457e-01
0.510815602,3.067970276e-03,1.027356730e+00,7.768083818e-01,2.584806685e-01,4.489209992e-01
0.513883564,3.067970276e-03,8.876533021e-01,6.057339750e-01,2.583303836e-01,4.488862059e-01
0.516951526,3.067970276e-03,1.086017517e+00,6.494864544e-01,2.584328593e-01,4.502068575e-01
0.520019487,3.067970276e-03,8.695892562e-01,6.869988680e-01,2.584335586e-01,4.516374662e-01
0.523087449,3.067970276e-03,7.326586673e-01,6.462674938e-01,2.562334006e-01,4.447625905e-01
0.526155410,3.067910671e-03,4.474170247e-01,6.594319258e-01,2.520742749e-01,4.547094898e-01
0.529223372,3.067970276e-03,7.180041838e-01,4.519236883e-01,2.519876187e-01,4.550290607e-01
0.532291333,3.067970276e-03,7.185801265e-01,4.738192015e-01,2.519973622e-01,4.560332448e-01
0.535359295,3.067970276e-03,4.812085227e-01,5.330560199e-01,2.520674366e-01,4.577696565e-01
0.538427257,3.067970276e-03,4.804925066e-01,5.754643901e-01,2.520058044e-01,4.579340567e-01
0.541495218,3.067970276e-03,4.527590754e-01,8.941227960e-01,2.520003397e-01,4.590577734e-01
0.544563180,3.067970276e-03,6.728463272e-01,6.584126243e-01,2.519587336e-01,4.601727017e-01
0.547631141,3.067910671e-03,7.508164858e-01,7.022727595e-01,2.519220309e-01,4.605960561e-01
0.550699103,3.067970276e-03,4.385531776e-01,7.864755923e-01,2.518678929e-01,4.628936061e-01
0.553767064,3.067970276e-03,4.410523597e-01,7.085758159e-01,2.518935111e-01,4.637045476e-01
0.556835026,3.067970276e-03,4.443933395e-01,1.108626977e+00,2.518846264e-01,4.643126224e-01
0.559902988,3.067970276e-03,5.084710251e-01,7.630171998e-01,2.517760010e-01,4.673067093e-01
0.562970949,3.067970276e-03,7.673132435e-01,7.453640431e-01,2.518147493e-01,4.672750764e-01
0.566038911,3.067910671e-03,5.550771314e-01,8.000465471e-01,2.517812576e-01,4.689734614e-01
0.569106872,3.067970276e-03,6.314305343e-01,6.787127832e-01,2.517688721e-01,4.708009007e-01
0.572174834,3.067970276e-03,7.422876189e-01,1.300633544e+00,2.516986763e-01,3.275145844e-01
0.575242795,3.067970276e-03,6.020407675e-01,9.265282258e-01,2.517154171e-01,3.203446456e-01
0.578310757,3.067970276e-03,5.844155771e-01,8.293839601e-01,2.515981927e-01,3.208468295e-01
0.581378719,3.067970276e-03,4.773604712e-01,8.060704029e-01,2.516454228e-01,3.219241575e-01
0.584446680,3.067970276e-03,4.443074052e-01,6.146909323e-01,2.515616715e-01,3.220914461e-01
0.587514642,3.067910671e-03,4.521611646e-01,1.387094463e+00,2.515872357e-01,3.229245809e-01
0.590582603,3.067970276e-03,4.459757009e-01,9.314059176e-01,2.515123060e-01,3.233873981e-01
0.593650565,3.067970276e-03,6.835804567e-01,7.428798127e-01,2.514413767e-01,3.230327683e-01
0.596718526,3.067970276e-03,4.858012595e-01,7.921908231e-01,2.514315040e-01,3.236618017e-01
0.599786488,3.067970276e-03,4.855347820e-01,8.077711619e-01,2.514438961e-01,3.256658601e-01
0.602854450,3.067970276e-03,5.361869833e-01,1.626155493e+00,2.513199185e-01,3.260189728e-01
0.605922411,3.067970276e-03,4.742742163e-01,1.119383565e+00,2.512111339e-01,3.250218299e-01
0.608990373,3.067910671e-03,6.610960525e-01,7.344494382e-01,2.512654794e-01,3.255394602e-01
0.612058334,3.067970276e-03,6.250928564e-01,6.488195532e-01,2.512813426e-01,3.255618758e-01
0.615126296,3.067970276e-03,5.484722321e-01,5.880165440e-01,2.512288747e-01,3.260612224e-01
0.618194258,3.067970276e-03,5.323343081e-01,1.485852049e+00,2.513211190e-01,3.265722728e-01
0.621262219,3.067970276e-03,4.455987661e-01,1.386042404e+00,2.515553377e-01,3.256966734e-01
0.624330181,3.067970276e-03,7.511277249e-01,1.084509558e+00,2.514559665e-01,3.264347127e-01
0.627398142,3.067970276e-03,4.714853735e-01,9.899094450e-01,2.514927031e-01,3.267727565e-01
0.630466104,3.067910671e-03,4.221088507e-01,8.161847841e-01,2.514670230e-01,3.245704335e-01
0.633534065,3.067970276e-03,4.315608053e-01,8.926454339e-01,2.513663320e-01,3.265073184e-01
0.636602027,3.067970276e-03,4.220700920e-01,7.759441744e-01,2.514143812e-01,3.268908649e-01
0.639669989,3.067970276e-03,6.715360934e-01,7.047667176e-01,2.514131732e-01,3.267689976e-01
0.642737950,3.067970276e-03,5.443674705e-01,8.271639039e-01,2.517176099e-01,3.268895424e-01
0.645805912,3.067970276e-03,5.429250848e-01,8.626118436e-01,2.513175105e-01,3.267051348e-01
0.648873873,3.067970276e-03,6.318919182e-01,1.216520644e+00,2.513354122e-01,3.259661089e-01
0.651941835,3.067910671e-03,5.784025804e-01,1.245401696e+00,2.513093361e-01,3.276709214e-01
0.655009796,3.067970276e-03,5.096824880e-01,9.610715606e-01,2.513623264e-01,3.276538281e-01
0.658077758,3.067970276e-03,5.202479495e-01,9.595182920e-01,2.513474169e-01,3.274168223e-01
0.661145720,3.067970276e-03,4.219043727e-01,9.419575692e-01,2.512820864e-01,3.272113032e-01
0.664213681,3.067970276e-03,4.384896341e-01,1.082446334e+00,2.513329357e-01,3.269331861e-01
0.667281643,3.067970276e-03,4.354991779e-01,1.091214021e+00,2.513525130e-01,3.262052082e-01
0.670349604,3.067970276e-03,4.986280104e-01,8.019352951e-01,2.512515767e-01,3.272722237e-01
0.673417566,3.067910671e-03,5.926749125e-01,8.465353968e-01,2.513272765e-01,3.264920252e-01
0.676485527,3.067970276e-03,5.042530294e-01,9.235354664e-01,2.513001451e-01,3.266170536e-01
0.679553489,3.067970276e-03,5.186300480e-01,1.216234680e+00,2.513707782e-01,3.261797204e-01
0.682621451,3.067970276e-03,4.538303004e-01,1.517602437e+00,2.513846063e-01,3.265295662e-01
0.685689412,3.067970276e-03,6.332718620e-01,9.869562785e-01,2.513278617e-01,3.255720545e-01
0.688757374,3.067970276e-03,6.084841130e-01,8.909553471e-01,2.514194483e-01,3.236331614e-01
0.691825335,3.067970276e-03,4.414952793e-01,9.187539951e-01,2.514647972e-01,3.222950848e-01
0.694893297,3.067910671e-03,4.508745888e-01,1.110123044e+00,2.514972859e-01,3.225968890e-01
0.697961258,3.067970276e-03,4.284839347e-01,1.636444073e+00,2.515507210e-01,3.216877940e-01
0.701029220,3.067970276e-03,5.398302322e-01,1.063310497e+00,2.515968084e-01,3.217075043e-01
0.704097182,3.067970276e-03,7.168821772e-01,9.187202068e-01,2.516670097e-01,3.219169327e-01
0.707165143,3.067970276e-03,4.873637703e-01,8.865659513e-01,2.521210684e-01,3.211108973e-01
0.710233105,3.067970276e-03,4.651456893e-01,8.345481972e-01,2.525541136e-01,3.198710147e-01
0.713301066,3.067910671e-03,4.195739109e-01,1.410341263e+00,2.526197350e-01,3.202798840e-01
0.716369028,3.067970276e-03,5.941655647e-01,9.574610454e-01,2.526706835e-01,3.206590329e-01
0.719436990,3.067970276e-03,7.766209966e-01,8.976918481e-01,2.527462823e-01,3.201234102e-01
0.722504951,3.067970276e-03,4.398990944e-01,9.102460491e-01,2.529339401e-01,3.194847626e-01
0.725572913,3.067970276e-03,4.483522407e-01,7.255738351e-01,2.530072680e-01,3.192071814e-01
0.728640874,3.067970276e-03,4.932178372e-01,1.386269333e+00,2.530724028e-01,3.186237983e-01
0.731708836,3.067970276e-03,4.316313613e-01,8.346623194e-01,2.532111666e-01,3.179731105e-01
0.734776797,3.067910671e-03,5.893024582e-01,7.722625753e-01,2.532084808e-01,3.178864860e-01
0.737844759,3.067970276e-03,5.247842338e-01,8.651281393e-01,2.533669145e-01,3.180211054e-01
0.740912721,3.067970276e-03,5.438735497e-01,7.992137454e-01,2.536776195e-01,3.168097981e-01
0.743980682,3.067970276e-03,5.731050126e-01,1.519362986e+00,2.535366041e-01,3.168729818e-01
0.747048644,3.067970276e-03,4.442240368e-01,1.000608733e+00,2.536347660e-01,3.161361618e-01
0.750116605,3.067970276e-03,5.142086019e-01,8.811202577e-01,2.540080761e-01,3.161698564e-01
0.753184567,3.067970276e-03,4.033320838e-01,9.402845604e-01,2.540927318e-01,3.145914611e-01
0.756252528,3.067910671e-03,4.137466297e-01,8.517688902e-01,2.541292619e-01,3.147057796e-01
0.759320490,3.067970276e-03,4.788133204e-01,1.848112630e+00,2.543188562e-01,3.149765411e-01
0.762388452,3.067970276e-03,4.550475484e-01,1.430037254e+00,2.545303013e-01,3.140084379e-01
0.765456413,3.067970276e-03,4.834741005e-01,1.215831820e+00,2.547129392e-01,3.132925636e-01
0.768524375,3.067970276e-03,4.608864387e-01,1.213857140e+00,2.547970663e-01,3.128366732e-01
0.771592336,3.067970276e-03,4.668391078e-01,1.086385007e+00,2.549462455e-01,3.125152300e-01
0.774660298,3.067970276e-03,5.120806477e-01,1.841125965e+00,2.552377194e-01,3.114963496e-01
0.777728259,3.067910671e-03,4.359931576e-01,1.370376173e+00,2.553455822e-01,3.119674903e-01
0.780796221,3.067970276e-03,5.098746828e-01,1.014361395e+00,2.554527455e-01,3.108989851e-01
0.783864183,3.067970276e-03,4.430226676e-01,9.892655050e-01,2.557818454e-01,3.105789060e-01
0.786932144,3.067970276e-03,4.258199777e-01,9.541688658e-01,2.557941895e-01,3.101169430e-01
0.790000106,3.067970276e-03,4.153574602e-01,1.294620862e+00,2.560583520e-01,3.095754052e-01
0.793068067,3.067970276e-03,4.210777576e-01,1.003800773e+00,2.563972639e-01,3.090052889e-01
0.796136029,3.067970276e-03,8.649366536e-01,8.258008746e-01,2.564163934e-01,3.085794955e-01
0.799203990,3.067910671e-03,3.928714979e-01,9.196280112e-01,2.567567153e-01,3.080323230e-01
0.802271952,3.067970276e-03,3.709073493e-01,9.382497863e-01,2.569230814e-01,3.071894158e-01
0.805339914,3.067970276e-03,3.705795585e-01,1.086808537e+00,2.571453072e-01,3.071613964e-01
0.808407875,3.067970276e-03,4.290055228e-01,9.682135161e-01,2.573753484e-01,3.068225107e-01
0.811475837,3.067970276e-03,8.543369850e-01,9.139253372e-01,2.578639286e-01,3.063699354e-01
0.814543798,3.067970276e-03,4.695708226e-01,1.084753640e+00,2.578383637e-01,3.052207480e-01
0.817611760,3.067970276e-03,4.234048098e-01,1.126307739e+00,2.577982707e-01,3.050659514e-01
0.820679722,3.067910671e-03,4.465757664e-01,1.237221669e+00,2.584835150e-01,3.053522283e-01
0.823747683,3.067970276e-03,4.031275354e-01,1.060096607e+00,2.586132784e-01,3.040149000e-01
0.826815645,3.067970276e-03,5.437917129e-01,7.725041610e-01,2.589103110e-01,3.032280806e-01
0.829883606,3.067970276e-03,4.845170152e-01,8.210463540e-01,2.590442462e-01,3.032813260e-01
0.832951568,3.067970276e-03,4.444837682e-01,8.572878067e-01,2.593935886e-01,3.025791961e-01
0.836019529,3.067970276e-03,4.905987275e-01,9.939900020e-01,2.594219685e-01,3.019779890e-01
0.839087491,3.067970276e-03,4.572163455e-01,1.103870731e+00,2.596531993e-01,3.017117999e-01
0.842155453,3.067910671e-03,4.538404245e-01,9.301672845e-01,2.601647032e-01,3.013299369e-01
0.845223414,3.067970276e-03,5.469721338e-01,1.039328767e+00,2.603619984e-01,3.008160757e-01
0.848291376,3.067970276e-03,4.129581743e-01,1.072340447e+00,2.605511413e-01,2.996569266e-01
0.851359337,3.067970276e-03,4.156710051e-01,1.271030861e+00,2.609525421e-01,2.998916700e-01
0.854427299,3.067970276e-03,3.931924746e-01,1.780883676e+00,2.612552575e-01,2.994754855e-01
0.857495260,3.067970276e-03,4.554492027e-01,1.166704691e+00,2.611425760e-01,2.988073678e-01
0.860563222,3.067910671e-03,5.540069616e-01,1.020460347e+00,2.612265397e-01,2.986118370e-01
0.863631184,3.067970276e-03,4.111280476e-01,9.756578854e-01,2.617365419e-01,2.978510808e-01
0.866699145,3.067970276e-03,3.958457406e-01,1.036691567e+00,2.623190051e-01,2.968952478e-01
0.869767107,3.067970276e-03,3.650216037e-01,1.701208831e+00,2.623571411e-01,2.965295743e-01
0.872835068,3.067970276e-03,5.993311769e-01,1.154347453e+00,2.623810190e-01,2.957931548e-01
0.875903030,3.067970276e-03,5.897519834e-01,1.082073392e+00,2.630272577e-01,2.958442382e-01
0.878970991,3.067970276e-03,3.867423115e-01,1.114105311e+00,2.628894415e-01,2.951727894e-01
0.882038953,3.067910671e-03,3.950221517e-01,1.055377567e+00,2.638691762e-01,2.950490541e-01
0.885106915,3.067970276e-03,3.685074809e-01,1.849618725e+00,2.664199853e-01,2.944782134e-01
0.888174876,3.067970276e-03,5.315936226e-01,1.113213731e+00,2.669487452e-01,2.942827180e-01
0.891242838,3.067970276e-03,6.342145895e-01,9.501042660e-01,2.671897520e-01,2.941811720e-01
0.894310799,3.067970276e-03,3.741346130e-01,9.835176184e-01,2.673149933e-01,2.935684805e-01
0.897378761,3.067970276e-03,4.017110056e-01,8.437542390e-01,2.673666787e-01,2.932056440e-01
0.900446722,3.067970276e-03,4.188326270e-01,1.638755481e+00,2.680211622e-01,2.927325544e-01
0.903514684,3.067910671e-03,3.716639547e-01,1.181313957e+00,2.676657325e-01,2.928719345e-01
0.906582646,3.067970276e-03,5.049792259e-01,1.173206286e+00,2.681989366e-01,2.921260128e-01
0.909650607,3.067970276e-03,3.605889859e-01,1.240325309e+00,2.683772921e-01,2.927340135e-01
0.912718569,3.067970276e-03,3.537684422e-01,1.002021289e+00,2.686423239e-01,2.915200442e-01
0.915786530,3.067970276e-03,3.526060362e-01,1.452935592e+00,2.690364678e-01,2.912119186e-01
0.918854492,3.067970276e-03,3.963971074e-01,8.892021730e-01,2.692758316e-01,2.908554956e-01
0.921922454,3.067970276e-03,6.037054952e-01,8.052928796e-01,2.685703928e-01,2.908088646e-01
0.924990415,3.067910671e-03,3.741183121e-01,9.507487202e-01,2.691134130e-01,2.907914434e-01
0.928058377,3.067970276e-03,3.855098547e-01,9.545454081e-01,2.693600240e-01,2.904592389e-01
0.931126338,3.067970276e-03,4.427628503e-01,1.756880193e+00,2.696262708e-01,2.901415975e-01
0.934194300,3.067970276e-03,4.065973376e-01,1.391517420e+00,2.698566849e-01,2.898439136e-01
0.937262261,3.067970276e-03,4.477769497e-01,1.255203639e+00,2.697689327e-01,2.896369858e-01
0.940330223,3.067970276e-03,3.855810136e-01,1.305537673e+00,2.691330066e-01,2.890851335e-01
0.943398185,3.067970276e-03,3.376536942e-01,1.151193477e+00,2.703762421e-01,2.892590671e-01
0.946466146,3.067910671e-03,3.422198835e-01,1.769675713e+00,2.704882032e-01,2.890664821e-01
0.949534108,3.067970276e-03,4.734970593e-01,1.340632162e+00,2.702802803e-01,2.888134650e-01
0.952602069,3.067970276e-03,8.611474182e-01,1.006551668e+00,2.709281156e-01,2.882783260e-01
0.955670031,3.067970276e-03,5.013846738e-01,9.779332089e-01,2.709917466e-01,2.880162449e-01
0.958737992,3.067970276e-03,4.503988922e-01,8.627711274e-01,2.709129871e-01,2.875775645e-01
0.961805954,3.067970276e-03,4.002586976e-01,1.342523171e+00,2.711369108e-01,2.876357187e-01
0.964873916,3.067970276e-03,3.777371152e-01,1.183721788e+00,2.712357266e-01,2.877433098e-01
0.967941877,3.067910671e-03,8.093524819e-01,1.017664363e+00,2.719263316e-01,2.873821670e-01
0.971009839,3.067970276e-03,3.595866611e-01,1.138427107e+00,2.719184309e-01,2.870238155e-01
0.974077800,3.067970276e-03,3.625251730e-01,1.144201969e+00,2.714901945e-01,2.870380554e-01
0.977145762,3.067970276e-03,3.801050651e-01,1.541977805e+00,2.712394543e-01,2.868785114e-01
0.980213723,3.067970276e-03,3.423390713e-01,1.515919914e+00,2.716136812e-01,2.868049076e-01
0.983281685,3.067970276e-03,6.372069436e-01,1.258987121e+00,2.715556729e-01,2.861586095e-01
0.986349647,3.067910671e-03,4.564829191e-01,1.293353953e+00,2.714632252e-01,2.861758649e-01
0.989417608,3.067970276e-03,3.471710404e-01,1.196091251e+00,2.716315545e-01,2.861103623e-01
0.992485570,3.067970276e-03,3.387304230e-01,1.134844910e+00,2.713804915e-01,2.864108139e-01
0.995553531,3.067970276e-03,3.285248740e-01,9.550782251e-01,2.713343106e-01,2.859796439e-01
0.998621493,3.068029881e-03,4.793986317e-01,7.313388027e-01,2.708710960e-01,2.863138724e-01
1.001689454,3.067970276e-03,2.584322742e-01,4.764068530e-01,2.769759674e-01,2.861509566e-01
1.004757416,3.067970276e-03,2.692668482e-01,6.033605394e-01,2.771518345e-01,2.858541825e-01
1.007825378,3.067851067e-03,2.578785541e-01,9.707200017e-01,2.766745929e-01,2.861867291e-01
1.010893339,3.067970276e-03,2.633806328e-01,1.319814992e+00,2.776226150e-01,2.860839310e-01
1.013961301,3.067970276e-03,4.776093133e-01,9.264804024e-01,2.778360116e-01,2.857768708e-01
1.017029262,3.067970276e-03,2.819206732e-01,9.485539367e-01,2.770066276e-01,2.860689561e-01
1.020097224,3.067970276e-03,2.700582972e-01,9.719078105e-01,2.771135648e-01,2.860468594e-01
1.023165186,3.067970276e-03,2.543359869e-01,1.133318439e+00,2.774742414e-01,2.857774664e-01
1.026233147,3.067970276e-03,2.506236537e-01,1.611225000e+00,2.769815978e-01,2.863027253e-01
1.029301109,3.067970276e-03,3.358822916e-01,9.373542065e-01,2.774672560e-01,2.859124747e-01
1.032369070,3.067970276e-03,3.431595338e-01,8.095981936e-01,2.774405634e-01,2.858629944e-01
1.035437032,3.067970276e-03,2.665500143e-01,8.116305398e-01,2.764379057e-01,2.858440582e-01
1.038504993,3.067970276e-03,2.949209830e-01,8.807128356e-01,2.768480097e-01,2.864812957e-01
1.041572955,3.067970276e-03,3.078699941e-01,1.689895398e+00,2.768781733e-01,2.862176134e-01
1.044640917,3.067970276e-03,2.713559815e-01,1.014922289e+00,2.779676020e-01,2.865147516e-01
1.047708878,3.067970276e-03,3.052971583e-01,1.470314400e+00,2.884772911e-01,3.582720887e-01
1.050776840,3.067851067e-03,2.552364476e-01,1.745086588e+00,2.764935108e-01,3.956612467e-01
1.053844801,3.067970276e-03,2.516985109e-01,1.298770398e+00,2.764953355e-01,3.965569582e-01
1.056912763,3.067970276e-03,2.504188850e-01,1.977622780e+00,2.766931550e-01,3.969138455e-01
1.059980724,3.067970276e-03,2.915875649e-01,1.225046357e+00,2.760147868e-01,3.960445650e-01
1.063048686,3.067970276e-03,3.669661795e-01,1.435743455e+00,2.767179752e-01,3.960132797e-01
1.066116648,3.067970276e-03,2.555176189e-01,1.767767235e+00,2.774712211e-01,3.931000841e-01
1.069184609,3.067970276e-03,2.709716681e-01,1.359152287e+00,2.763689411e-01,3.968489957e-01
1.072252571,3.067970276e-03,2.961458400e-01,2.607686362e+00,2.764835570e-01,4.922787408e-01
1.075320532,3.067970276e-03,4.974520800e-01,1.695242268e+00,2.768097442e-01,4.954697796e-01
1.078388494,3.067970276e-03,5.296624056e-01,1.742705048e+00,2.767423954e-01,4.974968677e-01
1.081456455,3.067970276e-03,2.916708435e-01,1.972476116e+00,2.762841984e-01,4.975282217e-01
1.084524417,3.067970276e-03,3.517678200e-01,1.532346685e+00,2.761025746e-01,4.994442164e-01
1.087592379,3.067970276e-03,4.525486516e-01,2.723085860e+00,2.766861010e-01,5.004470266e-01
1.090660340,3.067970276e-03,8.066419702e-01,1.630326213e+00,2.764322890e-01,4.996580884e-01
1.093728302,3.067851067e-03,8.104464255e-01,1.415898652e+00,2.764839538e-01,5.004152556e-01
1.096796263,3.067970276e-03,2.642806184e-01,1.650088018e+00,2.763007319e-01,5.010749585e-01
1.099864225,3.067970276e-03,2.589674854e-01,1.467746222e+00,2.756374101e-01,5.022095855e-01
1.102932186,3.067970276e-03,2.541391858e-01,2.646871582e+00,2.764588504e-01,5.003337793e-01
1.106000148,3.067970276e-03,2.582172566e-01,1.725978027e+00,2.766934434e-01,5.025897588e-01
1.109068110,3.067970276e-03,2.769453903e-01,1.405240090e+00,2.762727074e-01,5.031246794e-01
1.112136071,3.067970276e-03,2.588552986e-01,1.606300555e+00,2.764980092e-01,5.032812164e-01
1.115204033,3.067970276e-03,2.594301470e-01,1.458212721e+00,2.764529513e-01,5.024429245e-01
1.118271994,3.067970276e-03,2.673909721e-01,2.410908315e+00,2.772956471e-01,5.039949712e-01
1.121339956,3.067970276e-03,2.583541557e-01,1.660718575e+00,2.769545901e-01,5.040525217e-01
1.124407918,3.067970276e-03,3.894548685e-01,1.261083415e+00,2.773155478e-01,5.051936003e-01
1.127475879,3.067970276e-03,2.566839369e-01,1.501289811e+00,2.754502047e-01,5.056510046e-01
1.130543841,3.067970276e-03,2.572743873e-01,1.504436194e+00,2.774219860e-01,5.050470262e-01
1.133611802,3.067851067e-03,2.546212171e-01,2.622995614e+00,2.774458098e-01,5.052221499e-01
1.136679764,3.067970276e-03,3.126845372e-01,2.102715412e+00,2.775893392e-01,5.039613967e-01
1.139747725,3.067970276e-03,5.982733032e-01,1.467259571e+00,2.775371130e-01,5.043177654e-01
1.142815687,3.067970276e-03,2.533582867e-01,1.632437354e+00,2.772593008e-01,5.048865964e-01
1.145883649,3.067970276e-03,2.510229761e-01,1.720183202e+00,2.779156216e-01,5.044352843e-01
1.148951610,3.067970276e-03,2.568601902e-01,2.226314342e+00,2.784023995e-01,5.044517417e-01
1.152019572,3.067970276e-03,2.575854295e-01,1.623935117e+00,2.783244477e-01,5.040396620e-01
1.155087533,3.067970276e-03,4.767214339e-01,9.680069979e-01,2.792594194e-01,5.046896720e-01
1.158155495,3.067970276e-03,2.617434669e-01,1.169292258e+00,2.793430108e-01,5.029531418e-01
1.161223456,3.067970276e-03,2.614159276e-01,1.337500327e+00,2.781364478e-01,5.041952683e-01
1.164291418,3.067970276e-03,2.603337384e-01,1.761168689e+00,2.796066331e-01,5.033200596e-01
1.167359380,3.067970276e-03,2.734665939e-01,1.636261548e+00,2.801866122e-01,5.031722109e-01
1.170427341,3.067970276e-03,6.868481940e-01,1.040494330e+00,2.802294634e-01,5.031909053e-01
1.173495303,3.067970276e-03,2.556038543e-01,1.249980240e+00,2.806250992e-01,5.041793719e-01
1.176563264,3.067851067e-03,2.699741618e-01,1.372339708e+00,2.812757960e-01,5.028535773e-01
1.179631226,3.067970276e-03,3.104579167e-01,1.759298975e+00,2.814670324e-01,5.025955110e-01
1.182699187,3.067970276e-03,2.983411753e-01,2.258192947e+00,2.803947693e-01,5.030878218e-01
1.185767149,3.067970276e-03,2.969793224e-01,1.304688217e+00,2.827340982e-01,5.018929379e-01
1.188835111,3.067970276e-03,2.893467473e-01,1.305923462e+00,2.812435453e-01,5.024554205e-01
1.191903072,3.067970276e-03,2.702051411e-01,1.365853759e+00,2.827894783e-01,4.999511896e-01
1.194971034,3.067970276e-03,3.170068799e-01,1.481350490e+00,2.822668599e-01,5.008544357e-01
1.198038995,3.067970276e-03,3.574370003e-01,2.346645047e+00,2.838123867e-01,5.017105440e-01
1.201106957,3.067970276e-03,2.911298203e-01,1.301390998e+00,2.841997201e-01,5.004148819e-01
1.204174918,3.067970276e-03,2.554495522e-01,1.333621371e+00,2.833153259e-01,5.008557191e-01
1.207242880,3.067970276e-03,2.734564169e-01,1.540631219e+00,2.849275532e-01,5.004862600e-01
1.210310842,3.067970276e-03,3.114973896e-01,1.554125582e+00,2.850684409e-01,4.988587885e-01
1.213378803,3.067970276e-03,4.243740143e-01,2.768585174e+00,2.861961688e-01,4.986290824e-01
1.216446765,3.067970276e-03,8.123174800e-01,1.450693620e+00,2.866461079e-01,5.004136686e-01
1.219514726,3.067851067e-03,5.029810111e-01,1.390183451e+00,2.859269188e-01,4.983896783e-01
1.222582688,3.067970276e-03,2.530889708e-01,1.669839485e+00,2.879825537e-01,4.970078827e-01
1.225650650,3.067970276e-03,2.598479138e-01,1.536964261e+00,2.872089956e-01,4.975983926e-01
1.228718611,3.067970276e-03,2.926937539e-01,3.101374669e+00,2.885089260e-01,4.966513948e-01
1.231786573,3.067970276e-03,5.292917408e-01,1.963892248e+00,2.891671529e-01,4.961892171e-01
1.234854534,3.067970276e-03,4.938935305e-01,1.915979532e+00,2.883412095e-01,4.956362472e-01
1.237922496,3.067970276e-03,2.535541992e-01,2.043377792e+00,2.901238372e-01,4.951640589e-01
1.240990457,3.067970276e-03,2.522080222e-01,1.430926033e+00,2.898946634e-01,4.942769974e-01
1.244058419,3.067970276e-03,2.517364967e-01,2.670612812e+00,2.901255714e-01,4.940431097e-01
1.247126381,3.067970276e-03,3.412299467e-01,1.446213401e+00,2.899740804e-01,4.930352294e-01
1.250194342,3.067970276e-03,4.362665163e-01,1.420227234e+00,2.909284114e-01,4.937713839e-01
1.253262304,3.067970276e-03,2.595884529e-01,1.839108806e+00,2.921374517e-01,4.883088389e-01
1.256330265,3.067970276e-03,2.780363738e-01,1.789143591e+00,2.913531887e-01,4.922883267e-01
1.259398227,3.067970276e-03,2.964995378e-01,2.830587884e+00,2.914259973e-01,4.915099500e-01
1.262466188,3.067851067e-03,3.979712001e-01,1.849079311e+00,2.918743079e-01,4.912828685e-01
1.265534150,3.067970276e-03,4.804518252e-01,1.737567176e+00,2.946607335e-01,4.901874251e-01
1.268602112,3.067970276e-03,2.626961693e-01,2.013123241e+00,2.953428595e-01,4.889405340e-01
1.271670073,3.067970276e-03,2.685435803e-01,1.750835781e+00,2.939951200e-01,4.893658743e-01
1.274738035,3.067970276e-03,2.739496765e-01,3.104756418e+00,2.994733812e-01,4.892045705e-01
1.277805996,3.067970276e-03,2.559118935e-01,2.396773847e+00,3.199835961e-01,4.882532535e-01
1.280873958,3.067970276e-03,3.023655435e-01,2.097505362e+00,3.206606598e-01,4.849548639e-01
1.283941919,3.067970276e-03,2.540467438e-01,2.253955568e+00,3.225391493e-01,4.871366330e-01
1.287009881,3.067970276e-03,2.542994961e-01,1.943014394e+00,3.216587103e-01,4.865620747e-01
1.290077843,3.067970276e-03,2.511918033e-01,2.318675968e+00,3.220590512e-01,4.856567665e-01
1.293145804,3.067970276e-03,2.647850345e-01,1.711363504e+00,3.249900758e-01,4.858841724e-01
1.296213766,3.067970276e-03,3.553255970e-01,1.493029759e+00,3.226322851e-01,4.849318894e-01
1.299281727,3.067970276e-03,2.562125059e-01,1.784501830e+00,3.222674383e-01,4.850180924e-01
1.302349689,3.067851067e-03,2.508777711e-01,1.653734700e+00,3.242902774e-01,4.840561491e-01
1.305417650,3.067970276e-03,2.528485679e-01,2.739464526e+00,3.223637908e-01,4.838364596e-01
1.308485612,3.067970276e-03,2.709551297e-01,2.655103811e+00,3.219772744e-01,4.829378657e-01
1.311553574,3.067970276e-03,3.738804108e-01,2.144531611e+00,3.255949481e-01,4.831073803e-01
1.314621535,3.067970276e-03,2.570521084e-01,2.329160309e+00,3.269749815e-01,4.816178204e-01
1.317689497,3.067970276e-03,2.571211384e-01,3.029495459e+00,3.256898532e-01,6.550312490e-01
1.320757458,3.067970276e-03,2.896055825e-01,5.297039750e+00,3.262059514e-01,6.172271192e-01
1.323825420,3.067970276e-03,4.294614259e-01,4.402112568e+00,3.260272046e-01,2.501396712e-01
1.326893382,3.067970276e-03,7.690672682e-01,2.879537854e+00,3.277976086e-01,2.501619574e-01
1.329961343,3.067970276e-03,2.530950428e-01,3.074812866e+00,3.278050741e-01,2.501901673e-01
1.333029305,3.067970276e-03,2.533515095e-01,3.109820037e+00,3.286357883e-01,2.502557801e-01
1.336097266,3.067970276e-03,2.506290226e-01,4.112911518e+00,3.292122785e-01,2.503082904e-01
1.339165228,3.067970276e-03,2.525078655e-01,4.587709925e+00,3.293810308e-01,2.503499220e-01
1.342233189,3.067970276e-03,2.518171199e-01,3.024215596e+00,3.301899871e-01,2.504023693e-01
1.345301151,3.067851067e-03,2.626185056e-01,3.324050676e+00,3.299036662e-01,2.502664902e-01
1.348369113,3.067970276e-03,2.512077967e-01,3.592170536e+00,3.310963957e-01,2.505452043e-01
1.351437074,3.067970276e-03,2.516208552e-01,3.994522245e+00,3.311131182e-01,2.505764523e-01
1.354505036,3.067970276e-03,2.506116139e-01,5.026664712e+00,3.322230398e-01,2.506896121e-01
1.357572997,3.067970276e-03,2.792310835e-01,3.756891105e+00,3.325003422e-01,2.508347287e-01
1.360640959,3.067970276e-03,2.694463856e-01,4.301799001e+00,3.340116180e-01,2.508638766e-01
1.363708920,3.067970276e-03,2.524613815e-01,4.764332771e+00,3.337664224e-01,2.509402761e-01
1.366776882,3.067970276e-03,2.579006042e-01,4.846911447e+00,3.331015746e-01,2.509923433e-01
1.369844844,3.067970276e-03,2.664070735e-01,6.069234881e+00,3.341967850e-01,2.511327745e-01
1.372912805,3.067970276e-03,2.558603374e-01,3.280852116e+00,3.353006881e-01,2.512229341e-01
1.375980767,3.067970276e-03,2.732181700e-01,2.999149412e+00,3.359857634e-01,2.512901310e-01
1.379048728,3.067970276e-03,2.788987912e-01,3.321903094e+00,3.358114201e-01,2.513766600e-01
1.382116690,3.067970276e-03,2.931335740e-01,3.132729520e+00,3.387303656e-01,2.514506579e-01
1.385184651,3.067970276e-03,2.891103826e-01,4.978550919e+00,3.388370855e-01,2.515948683e-01
1.388252613,3.067851067e-03,2.574461072e-01,2.441363790e+00,3.403660868e-01,2.516999792e-01
1.391320575,3.067970276e-03,2.581586374e-01,2.456422807e+00,3.403504357e-01,2.517575716e-01
1.394388536,3.067970276e-03,2.524837563e-01,3.117831054e+00,3.407918439e-01,2.518117175e-01
1.397456498,3.067970276e-03,2.556200126e-01,2.674969876e+00,3.420621057e-01,2.519589662e-01
1.400524459,3.067970276e-03,2.522707078e-01,5.794248604e+00,3.433032018e-01,2.520372191e-01
1.403592421,3.067970276e-03,2.767334864e-01,3.424001096e+00,3.436510220e-01,2.520263893e-01
1.406660382,3.067970276e-03,3.085080958e-01,3.472697674e+00,3.457084348e-01,2.522043785e-01
1.409728344,3.067970276e-03,2.844589316e-01,4.028189099e+00,3.482127690e-01,2.523305502e-01
1.412796306,3.067970276e-03,3.409482279e-01,3.175839259e+00,3.497828877e-01,2.523860933e-01
1.415864267,3.067970276e-03,3.687303175e-01,5.804457066e+00,3.791507123e-01,2.525340090e-01
1.418932229,3.067970276e-03,3.094477381e-01,3.578454658e+00,3.829525830e-01,2.526659435e-01
1.422000190,3.067970276e-03,2.628072436e-01,3.416649999e+00,3.844045363e-01,2.527088444e-01
1.425068152,3.067970276e-03,2.517521954e-01,3.906296404e+00,3.831269918e-01,2.528775456e-01
1.428136114,3.067851067e-03,2.500054251e-01,3.130879149e+00,3.899400048e-01,2.528706846e-01
1.431204075,3.067970276e-03,2.511323659e-01,6.009201129e+00,3.863480222e-01,2.529053541e-01
1.434272037,3.067970276e-03,2.529965441e-01,4.197211639e+00,3.882323259e-01,2.530199019e-01
1.437339998,3.067970276e-03,2.507323987e-01,3.883771966e+00,3.891987086e-01,2.530620005e-01
1.440407960,3.067970276e-03,2.530717617e-01,4.499321168e+00,3.917460889e-01,2.531982122e-01
1.443475921,3.067970276e-03,2.614268699e-01,4.120538598e+00,3.934205190e-01,2.531614275e-01
1.446543883,3.067970276e-03,2.868954272e-01,1.235572001e+01,3.934665552e-01,2.617953738e-01
1.449611845,3.067970276e-03,3.920518040e-01,8.227369424e+00,3.965789182e-01,2.634752821e-01
1.452679806,3.067970276e-03,4.913571053e-01,6.082878145e+00,3.956068087e-01,2.636388484e-01
1.455747768,3.067970276e-03,2.500617379e-01,6.923681264e+00,3.982158747e-01,2.640881504e-01
1.458815729,3.067970276e-03,2.534571164e-01,6.899227389e+00,4.013197536e-01,2.645504351e-01
1.461883691,3.067970276e-03,2.684646572e-01,1.049588113e+01,4.063943506e-01,2.647565356e-01
1.464951652,3.067970276e-03,2.846731019e-01,7.289135258e+00,4.027674185e-01,2.651226694e-01
1.468019614,3.067970276e-03,2.790167385e-01,5.277343004e+00,4.068049705e-01,2.650407842e-01
1.471087576,3.067851067e-03,3.035751080e-01,6.111024307e+00,4.072322959e-01,2.651806993e-01
1.474155537,3.067970276e-03,3.599946793e-01,5.937053371e+00,4.077503790e-01,2.654102297e-01
1.477223499,3.067970276e-03,4.096412498e-01,8.532235174e+00,4.120393862e-01,2.656287781e-01
1.480291460,3.067970276e-03,3.999141751e-01,7.654254591e+00,4.121090917e-01,2.659882069e-01
1.483359422,3.067970276e-03,3.190305610e-01,6.382700822e+00,4.151293217e-01,2.659772610e-01
1.486427383,3.067970276e-03,3.204323891e-01,7.789871379e+00,4.132099906e-01,2.663057271e-01
1.489495345,3.067970276e-03,3.548841111e-01,8.013702426e+00,4.147435477e-01,2.662525266e-01
1.492563307,3.067970276e-03,3.339665861e-01,9.525717777e+00,4.166027994e-01,2.665817314e-01
1.495631268,3.067970276e-03,2.692717566e-01,8.935580326e+00,4.181562235e-01,2.666962558e-01
1.498699230,3.067970276e-03,3.008267273e-01,6.634740474e+00,4.255151760e-01,2.667007877e-01
1.501767191,3.067970276e-03,2.524962021e-01,7.433440176e+00,4.182662905e-01,2.669560509e-01
1.504835153,3.067970276e-03,2.507281505e-01,7.468543849e+00,4.201300813e-01,2.669965916e-01
1.507903114,3.067970276e-03,2.567884144e-01,1.328865243e+01,4.228977053e-01,2.871757268e-01
1.510971076,3.067970276e-03,2.810148636e-01,1.846828155e+01,4.208987663e-01,3.184571441e-01
1.514039038,3.067851067e-03,3.304753960e-01,1.456263153e+01,4.218729815e-01,3.189717890e-01
1.517106999,3.067970276e-03,2.551105875e-01,1.704482721e+01,4.199479496e-01,3.193124469e-01
1.520174961,3.067970276e-03,2.544052709e-01,1.817225106e+01,4.242049835e-01,3.195029105e-01
1.523242922,3.067970276e-03,2.902105677e-01,1.767871971e+01,4.231401685e-01,3.194800943e-01
1.526310884,3.067970276e-03,4.020286649e-01,1.809518333e+01,4.214309914e-01,3.201576352e-01
1.529378846,3.067970276e-03,6.477295724e-01,9.788032937e+00,4.210055785e-01,3.201177560e-01
1.532446807,3.067970276e-03,4.696992970e+00,1.110193054e+01,4.189743503e-01,3.203016414e-01
1.535514769,3.067970276e-03,3.973207404e+01,1.429238899e+01,4.178469382e-01,3.205240439e-01
1.538582730,3.067970276e-03,1.143531433e+02,2.291064763e+01,4.201577338e-01,3.486563319e-01
1.541650692,3.067970276e-03,2.284192704e+02,4.264631434e+01,4.182567904e-01,4.684343930e-01
1.544718653,3.067970276e-03,3.819163323e+02,2.325601637e+01,4.203292382e-01,4.690849833e-01
1.547786615,3.067970276e-03,5.010331996e+02,2.459674048e+01,4.186111797e-01,4.687743473e-01
1.550854577,3.067970276e-03,4.421081535e+02,3.116610214e+01,4.184031837e-01,4.686789948e-01
1.553922538,3.067851067e-03,3.002529591e+02,3.939179582e+01,4.196415755e-01,4.481433957e-01
1.556990500,3.067970276e-03,9.057511855e+01,9.763352600e+01,4.166276748e-01,2.541834623e-01
1.560058461,3.067970276e-03,2.203838811e+02,5.334557578e+01,4.148815976e-01,2.544071205e-01
1.563126423,3.067970276e-03,4.441386151e+02,8.415446838e+01,4.185958896e-01,2.614377942e-01
1.566194384,3.067970276e-03,1.842345035e+02,1.720606438e+02,4.183648070e-01,2.818299368e-01
1.569262346,3.067970276e-03,2.631285824e+01,2.111239086e+03,3.987046454e-01,3.640543093e-01
1.572330308,3.067970276e-03,2.631204278e+01,2.088889084e+03,3.986819963e-01,3.779957200e-01
1.575398269,3.067970276e-03,1.842320493e+02,6.697216878e+01,4.183472648e-01,2.813837415e-01
1.578466231,3.067970276e-03,4.441345249e+02,6.101089115e+01,4.186802743e-01,2.614802264e-01
1.581534192,3.067970276e-03,2.203781548e+02,4.051913955e+01,4.151705759e-01,2.542674074e-01
1.584602154,3.067970276e-03,9.057984902e+01,1.904747278e+01,4.172076457e-01,2.541299854e-01
1.587670115,3.067970276e-03,3.002652359e+02,2.194652477e+01,4.204843815e-01,4.487273101e-01
1.590738077,3.067970276e-03,4.421227363e+02,1.575929505e+01,4.196031699e-01,4.679557356e-01
1.593806039,3.067970276e-03,5.010449156e+02,2.232556456e+01,4.202430892e-01,4.681642395e-01
1.596874000,3.067851067e-03,3.819267371e+02,2.366293966e+01,4.225010382e-01,4.678433005e-01
1.599941962,3.067970276e-03,2.284348112e+02,9.573523890e+00,4.209138744e-01,4.672326910e-01
1.603009923,3.067970276e-03,1.143703195e+02,1.294487319e+01,4.232313269e-01,3.488969520e-01
1.606077885,3.067970276e-03,3.975088540e+01,9.160326251e+00,4.214851528e-01,3.210725121e-01
1.609145846,3.067970276e-03,4.710057794e+00,1.234805691e+01,4.232368012e-01,3.216726163e-01
1.612213808,3.067970276e-03,6.256685708e-01,1.365926811e+01,4.258365596e-01,3.212888495e-01
1.615281770,3.067970276e-03,3.844336055e-01,6.006502420e+00,4.269195433e-01,3.216768530e-01
1.618349731,3.067970276e-03,2.810135627e-01,1.006816934e+01,4.292890598e-01,3.218782802e-01
1.621417693,3.067970276e-03,2.521161938e-01,5.265101995e+00,4.308415089e-01,3.221151491e-01
1.624485654,3.067970276e-03,2.590749658e-01,6.388606109e+00,4.270948838e-01,3.222758252e-01
1.627553616,3.067970276e-03,3.484550817e-01,8.866923311e+00,4.298482804e-01,3.224375988e-01
1.630621578,3.067970276e-03,2.929968861e-01,5.028323170e+00,4.292321171e-01,3.224309072e-01
1.633689539,3.067970276e-03,2.630322243e-01,6.444383374e+00,4.317154336e-01,2.894044476e-01
1.636757501,3.067970276e-03,2.537758127e-01,4.239621803e+00,4.296963995e-01,2.684898286e-01
1.639825462,3.067851067e-03,2.572099896e-01,4.272293549e+00,4.283933758e-01,2.684273351e-01
1.642893424,3.067970276e-03,2.885939615e-01,5.068455416e+00,4.373838038e-01,2.686380235e-01
1.645961385,3.067970276e-03,2.804193597e-01,2.791746988e+00,4.293127060e-01,2.685320940e-01
1.649029347,3.067970276e-03,3.597826929e-01,4.777227030e+00,4.281277032e-01,2.688549655e-01
1.652097309,3.067970276e-03,3.847906963e-01,3.681272817e+00,4.265936708e-01,2.687959860e-01
1.655165270,3.067970276e-03,3.462268172e-01,3.902029244e+00,4.256576051e-01,2.692134839e-01
1.658233232,3.067970276e-03,3.452357310e-01,5.306126338e+00,4.279136380e-01,2.691847951e-01
1.661301193,3.067970276e-03,4.395311626e-01,4.031577965e+00,4.250508851e-01,2.695695992e-01
1.664369155,3.067970276e-03,4.519008412e-01,4.590774903e+00,4.258737787e-01,2.697004911e-01
1.667437116,3.067970276e-03,3.966354589e-01,5.741977397e+00,4.216102855e-01,2.698651217e-01
1.670505078,3.067970276e-03,3.309045424e-01,5.564359471e+00,4.212889059e-01,2.699382637e-01
1.673573040,3.067970276e-03,3.005631499e-01,6.394422089e+00,4.211208557e-01,2.699090645e-01
1.676641001,3.067970276e-03,3.087403301e-01,4.378881605e+00,4.173262564e-01,2.706344130e-01
1.679708963,3.067970276e-03,2.873246691e-01,3.926117678e+00,4.209822171e-01,2.706780432e-01
1.682776924,3.067851067e-03,2.633841406e-01,4.760996454e+00,4.163537439e-01,2.711055957e-01
1.685844886,3.067970276e-03,2.536796711e-01,4.732367031e+00,4.127094873e-01,2.713668732e-01
1.688912847,3.067970276e-03,4.522513493e-01,5.569058503e+00,4.110143409e-01,2.714882137e-01
1.691980809,3.067970276e-03,3.485618738e-01,3.420517776e+00,4.116858189e-01,2.718136913e-01
1.695048771,3.067970276e-03,2.666667967e-01,3.954867049e+00,4.090354281e-01,2.693690172e-01
1.698116732,3.067970276e-03,2.517481032e-01,1.698837870e+00,4.090329732e-01,2.555747551e-01
1.701184694,3.067970276e-03,2.505939236e-01,1.317710052e+00,4.071960304e-01,2.556127121e-01
1.704252655,3.067970276e-03,2.579047589e-01,1.930895058e+00,4.046951580e-01,2.559465694e-01
1.707320617,3.067970276e-03,2.659974238e-01,1.615111088e+00,4.034416759e-01,2.559240209e-01
1.710388578,3.067970276e-03,2.611372945e-01,1.762663458e+00,4.010973738e-01,2.559043215e-01
1.713456540,3.067970276e-03,2.558248220e-01,2.676428829e+00,4.044977685e-01,2.561493114e-01
1.716524502,3.067970276e-03,2.629094048e-01,1.898358746e+00,3.978383416e-01,2.562834230e-01
1.719592463,3.067970276e-03,2.830565848e-01,2.385364107e+00,3.990673526e-01,2.564665215e-01
1.722660425,3.067851067e-03,3.540798825e-01,2.220885985e+00,3.979590077e-01,2.564027465e-01
1.725728386,3.067970276e-03,4.321955772e-01,1.278333322e+00,3.932704870e-01,2.566877035e-01
1.728796348,3.067970276e-03,3.983431881e-01,2.618026464e+00,3.648853620e-01,2.568907885e-01
1.731864310,3.067970276e-03,3.227861188e-01,1.762714088e+00,3.633078585e-01,2.570166663e-01
1.734932271,3.067970276e-03,3.001711723e-01,2.315262795e+00,3.605996651e-01,2.570819444e-01
1.738000233,3.067970276e-03,2.587044764e-01,2.361036464e+00,3.573244743e-01,2.572775945e-01
1.741068194,3.067970276e-03,2.673421682e-01,1.070970624e+00,3.572320165e-01,2.574404788e-01
1.744136156,3.067970276e-03,2.777798026e-01,3.219039361e+00,3.557376031e-01,2.576361645e-01
1.747204117,3.067970276e-03,2.703857931e-01,2.657934828e+00,3.540854649e-01,2.576172133e-01
1.750272079,3.067970276e-03,2.645457486e-01,3.316149591e+00,3.528622870e-01,2.579592517e-01
1.753340041,3.067970276e-03,2.755023268e-01,3.328014865e+00,3.530660199e-01,2.581666383e-01
1.756408002,3.067970276e-03,3.375039520e-01,1.320780239e+00,3.510922030e-01,2.584420105e-01
1.759475964,3.067970276e-03,3.446651724e-01,3.142356355e+00,3.507124545e-01,2.582001745e-01
1.762543925,3.067970276e-03,3.237286481e-01,2.437414612e+00,3.472644432e-01,2.588468758e-01
1.765611887,3.067851067e-03,3.100981445e-01,2.756694449e+00,3.476773735e-01,2.589970715e-01
1.768679848,3.067970276e-03,2.799919706e-01,2.471574983e+00,3.463896998e-01,2.592038543e-01
1.771747810,3.067970276e-03,3.053139422e-01,1.182697124e+00,3.448079315e-01,2.595859435e-01
1.774815772,3.067970276e-03,2.884010527e-01,2.482168164e+00,3.429498581e-01,2.593353339e-01
1.777883733,3.067970276e-03,2.752692103e-01,9.771607984e-01,3.437253266e-01,2.599806884e-01
1.780951695,3.067970276e-03,2.958846457e-01,1.435920997e+00,3.433095441e-01,2.601746778e-01
1.784019656,3.067970276e-03,2.577376820e-01,1.977074959e+00,3.416402416e-01,2.606203187e-01
1.787087618,3.067970276e-03,2.664551615e-01,9.540042020e-01,3.399839265e-01,2.609400710e-01
1.790155579,3.067970276e-03,2.742408387e-01,2.823179439e+00,3.393857987e-01,2.611326973e-01
1.793223541,3.067970276e-03,2.731184065e-01,2.130146284e+00,3.388334644e-01,2.614378304e-01
1.796291503,3.067970276e-03,3.018533816e-01,2.394248104e+00,3.374118612e-01,2.619242186e-01
1.799359464,3.067970276e-03,2.682543789e-01,2.690046407e+00,3.376923447e-01,2.623215521e-01
1.802427426,3.067970276e-03,2.792967240e-01,1.256516781e+00,3.365207422e-01,2.625087113e-01
1.805495387,3.067970276e-03,2.632030554e-01,3.087391590e+00,3.360809040e-01,2.628682540e-01
1.808563349,3.067851067e-03,2.546448694e-01,2.591972820e+00,3.353089645e-01,2.634673445e-01
1.811631310,3.067970276e-03,2.743838963e-01,2.622674411e+00,3.339878643e-01,2.635526500e-01
1.814699272,3.067970276e-03,6.582380462e-01,2.813691700e+00,3.339458371e-01,2.640758738e-01
1.817767234,3.067970276e-03,3.389604143e-01,1.361799205e+00,3.318497993e-01,2.643759016e-01
1.820835195,3.067970276e-03,2.558157318e-01,2.258856654e+00,3.318839657e-01,5.667554924e-01
1.823903157,3.067970276e-03,2.544767423e-01,8.374508434e-01,3.322378751e-01,5.793990024e-01
1.826971118,3.067970276e-03,2.926233234e-01,5.101156617e-01,3.284924777e-01,4.271487170e-01
1.830039080,3.067970276e-03,3.214248391e-01,6.908660008e-01,3.319642822e-01,4.259255333e-01
1.833107042,3.067970276e-03,2.522356487e-01,3.955283910e-01,3.276655741e-01,4.253344523e-01
1.836175003,3.067970276e-03,2.579895129e-01,1.562628527e+00,3.286068927e-01,4.249275274e-01
1.839242965,3.067970276e-03,2.632970891e-01,1.174623751e+00,3.300900804e-01,4.226207936e-01
1.842310926,3.067970276e-03,2.946274087e-01,1.041455234e+00,3.276818221e-01,4.218764162e-01
1.845378888,3.067970276e-03,3.205913646e-01,1.330500386e+00,3.280233328e-01,4.210863200e-01
1.848446849,3.067851067e-03,2.538850938e-01,1.109721177e+00,3.352872833e-01,4.203969147e-01
1.851514811,3.067970276e-03,2.629839667e-01,8.602458095e-01,3.274255205e-01,4.190024047e-01
1.854582773,3.067970276e-03,2.573531715e-01,8.730980984e-01,3.275961214e-01,4.177276960e-01
1.857650734,3.067970276e-03,2.585856558e-01,5.596197508e-01,3.279597809e-01,4.166233366e-01
1.860718696,3.067970276e-03,2.762937664e-01,7.134647003e-01,3.267649518e-01,4.140190894e-01
1.863786657,3.067970276e-03,2.871298820e-01,4.697200922e-01,3.264539789e-01,4.139252495e-01
1.866854619,3.067970276e-03,3.461400737e-01,1.153510798e+00,3.069258404e-01,4.138916893e-01
1.869922580,3.067970276e-03,3.357902354e-01,1.052337340e+00,3.015346317e-01,4.121189414e-01
1.872990542,3.067970276e-03,3.235639013e-01,7.873664817e-01,3.028841933e-01,4.112939597e-01
1.876058504,3.067970276e-03,4.343193415e-01,1.060209877e+00,3.032065479e-01,4.105721871e-01
1.879126465,3.067970276e-03,3.023508360e-01,9.460323423e-01,3.006785357e-01,4.087337312e-01
1.882194427,3.067970276e-03,2.531727210e-01,6.892659283e-01,3.010961334e-01,4.074190912e-01
1.885262388,3.067970276e-03,2.501782553e-01,1.000426930e+00,3.025603712e-01,4.066850295e-01
1.888330350,3.067970276e-03,2.579491136e-01,9.476649223e-01,3.031327458e-01,4.038128961e-01
1.891398311,3.067851067e-03,3.972049811e-01,1.363698563e+00,3.040490116e-01,4.046880637e-01
1.894466273,3.067970276e-03,2.762968313e-01,1.334944353e+00,3.031426239e-01,4.029980347e-01
1.897534235,3.067970276e-03,2.765651095e-01,6.666825763e-01,3.030126229e-01,4.020288485e-01
1.900602196,3.067970276e-03,2.980105955e-01,1.344444412e+00,3.032145929e-01,4.005812340e-01
1.903670158,3.067970276e-03,3.043173401e-01,7.290161106e-01,3.057811128e-01,3.997637324e-01
1.906738119,3.067970276e-03,4.855450379e-01,8.534861721e-01,3.039417402e-01,3.991320198e-01
1.909806081,3.067970276e-03,3.873607431e-01,8.025778620e-01,3.050490776e-01,3.969942755e-01
1.912874042,3.067970276e-03,2.534293757e-01,5.780090370e-01,3.044574877e-01,3.961018822e-01
1.915942004,3.067970276e-03,2.569980944e-01,1.364851512e+00,3.049587442e-01,3.944896046e-01
1.919009966,3.067970276e-03,2.675729805e-01,1.087502972e+00,3.068150029e-01,3.946521483e-01
1.922077927,3.067970276e-03,5.006618025e-01,1.364098592e+00,3.058230611e-01,3.934330177e-01
1.925145889,3.067970276e-03,6.289643662e-01,1.300480516e+00,3.074803943e-01,3.921309545e-01
1.928213850,3.067970276e-03,3.060586493e-01,5.958496892e-01,3.081418586e-01,3.912324480e-01
1.931281812,3.067970276e-03,2.542909958e-01,1.623327422e+00,3.077641945e-01,3.900787672e-01
1.934349774,3.067851067e-03,2.528782649e-01,1.201054454e+00,3.091425845e-01,3.885005086e-01
1.937417735,3.067970276e-03,2.972976681e-01,1.404828222e+00,3.083233336e-01,3.883887345e-01
1.940485697,3.067970276e-03,3.979658095e-01,1.433884373e+00,3.106606807e-01,3.872481821e-01
1.943553658,3.067970276e-03,5.217577275e-01,6.137056298e-01,3.120242604e-01,3.865751401e-01
1.946621620,3.067970276e-03,4.555746079e-01,1.755979418e+00,3.114135748e-01,3.849303091e-01
1.949689581,3.067970276e-03,3.643423412e-01,1.359527649e+00,3.133423293e-01,3.852106290e-01
1.952757543,3.067970276e-03,3.729001071e-01,1.416087963e+00,3.143652373e-01,3.828608676e-01
1.955825505,3.067970276e-03,2.815922567e-01,1.413962541e+00,3.150485529e-01,3.810555860e-01
1.958893466,3.067970276e-03,4.256611118e-01,6.186847583e-01,3.153696294e-01,3.809346116e-01
1.961961428,3.067970276e-03,4.513340299e-01,1.636756312e+00,3.175178142e-01,3.796082582e-01
1.965029389,3.067970276e-03,3.680165687e-01,1.336081339e+00,3.189889771e-01,3.794352585e-01
1.968097351,3.067970276e-03,3.287439309e-01,1.454952309e+00,3.194197949e-01,3.779782070e-01
1.971165312,3.067970276e-03,5.125449965e-01,1.660943252e+00,3.219106197e-01,3.764988057e-01
1.974233274,3.067851067e-03,2.720796910e-01,1.063561793e+00,3.216798265e-01,3.759673968e-01
1.977301236,3.067970276e-03,3.465268849e-01,1.212368297e+00,3.229022998e-01,3.752668076e-01
1.980369197,3.067970276e-03,3.516709927e-01,1.353277900e+00,3.239704848e-01,3.740409163e-01
1.983437159,3.067970276e-03,3.532435045e-01,1.517897764e+00,3.266859645e-01,3.715533732e-01
1.986505120,3.067970276e-03,3.612098270e-01,1.715604017e+00,3.277210368e-01,3.729374692e-01
1.989573082,3.067970276e-03,2.901558373e-01,1.059382031e+00,3.298427955e-01,3.718216660e-01
1.992641043,3.067970276e-03,3.401483884e-01,9.872981089e-01,3.299471040e-01,3.710154418e-01
1.995709005,3.067970276e-03,3.023151031e-01,9.523961388e-01,3.311959466e-01,3.698115054e-01
1.998776967,3.068089485e-03,2.769329102e-01,1.035793411e+00,3.320611770e-01,3.687880934e-01
2.001844928,3.067970276e-03,4.529959978e-01,1.189918933e+00,3.354569204e-01,3.675961259e-01
2.004912890,3.067970276e-03,2.593993591e-01,6.195450169e-01,3.369512835e-01,3.668746707e-01
2.007980851,3.067970276e-03,2.732371576e-01,1.325522258e+00,3.385121176e-01,3.660870917e-01
2.011048813,3.067970276e-03,2.690593979e-01,1.146965954e+00,3.396016640e-01,3.658728779e-01
2.014116774,3.067970276e-03,2.727095311e-01,1.143058202e+00,3.418648169e-01,3.640249684e-01
2.017184736,3.067731857e-03,3.150846649e-01,1.377505459e+00,3.429796210e-01,3.651009771e-01
2.020252698,3.067970276e-03,3.000135215e-01,9.726874355e-01,3.455256932e-01,3.643481282e-01
2.023320659,3.067970276e-03,3.807344035e-01,9.750819202e-01,3.459131554e-01,3.624118743e-01
2.026388621,3.067970276e-03,3.553877428e-01,1.175044636e+00,3.458095577e-01,3.641200209e-01
2.029456582,3.067970276e-03,3.557056249e-01,1.018597638e+00,3.501301707e-01,3.630456273e-01
2.032524544,3.067970276e-03,3.415305595e-01,1.213267624e+00,3.531044939e-01,3.609941337e-01
2.035592506,3.067970276e-03,3.491863729e-01,8.873747525e-01,3.526902837e-01,3.609379124e-01
2.038660467,3.067970276e-03,3.330500970e-01,8.858589332e-01,3.541831326e-01,3.599217659e-01
2.041728429,3.067970276e-03,2.736259458e-01,1.143712616e+00,3.538278836e-01,3.613104124e-01
2.044796390,3.067970276e-03,2.665654441e-01,9.546560507e-01,3.590876606e-01,3.587703081e-01
2.047864352,3.067970276e-03,7.348448760e-01,1.182830161e+00,3.616319514e-01,3.590199155e-01
2.050932313,3.067970276e-03,5.751598175e-01,9.607274272e-01,3.630247197e-01,3.595954314e-01
2.054000275,3.067970276e-03,2.965052481e-01,7.610006073e-01,3.630715539e-01,3.579450422e-01
2.057068237,3.067970276e-03,2.561800103e-01,1.060048070e+00,3.630079400e-01,3.577134886e-01
2.060136198,3.067970276e-03,2.555680419e-01,6.123594793e-01,3.673280423e-01,3.572008861e-01
2.063204160,3.067970276e-03,4.763564205e-01,8.343304957e-01,3.692890746e-01,3.568560148e-01
2.066272121,3.067970276e-03,3.286868792e-01,8.746071799e-01,3.719668678e-01,3.558034020e-01
2.069340083,3.067970276e-03,2.527044316e-01,5.144010209e-01,3.739677160e-01,3.609691636e-01
2.072408044,3.067970276e-03,2.613676789e-01,1.211727657e+00,3.744074291e-01,5.537543081e-01
2.075476006,3.067970276e-03,2.933428477e-01,8.099693639e-01,3.834357318e-01,5.587230332e-01
2.078543968,3.067970276e-03,4.210656166e-01,1.119972043e+00,3.794780712e-01,5.514947310e-01
2.081611929,3.067970276e-03,2.678592482e-01,1.323755377e+00,3.796642372e-01,5.507590529e-01
2.084679891,3.067970276e-03,3.207701545e-01,6.523526576e-01,3.846544894e-01,5.473350363e-01
2.087747852,3.067970276e-03,3.003789008e-01,1.307515917e+00,3.864605604e-01,5.468984042e-01
2.090815814,3.067970276e-03,2.860172261e-01,7.962266686e-01,3.861898646e-01,5.464556307e-01
2.093883775,3.067970276e-03,3.719082658e-01,6.463405131e-01,4.060722336e-01,4.731137542e-01
2.096951737,3.067970276e-03,3.235058316e-01,3.207471217e-01,3.882459216e-01,3.240334276e-01
2.100019699,3.067970276e-03,5.002713566e-01,4.961235784e-01,3.917021117e-01,3.237425137e-01
2.103087660,3.067731857e-03,4.750630574e-01,7.649869984e-01,3.924815564e-01,3.230379496e-01
2.106155622,3.067970276e-03,4.080878976e-01,4.503089192e-01,3.938142544e-01,3.234585882e-01
2.109223583,3.067970276e-03,4.783695883e-01,4.495264029e-01,3.970767666e-01,3.235616493e-01
2.112291545,3.067970276e-03,2.692760947e-01,3.575534081e-01,3.987776662e-01,3.227352945e-01
2.115359506,3.067970276e-03,3.147416104e-01,4.554711308e-01,3.984673725e-01,3.220182971e-01
2.118427468,3.067970276e-03,2.964486891e-01,7.289099243e-01,4.038742329e-01,3.212411670e-01
2.121495430,3.067970276e-03,2.680976516e-01,3.277011547e-01,4.020997888e-01,3.207898129e-01
2.124563391,3.067970276e-03,3.359073460e-01,3.399849731e-01,4.067838450e-01,3.192494408e-01
2.127631353,3.067970276e-03,3.158184921e-01,3.495553877e-01,4.080890253e-01,3.201727434e-01
2.130699314,3.067970276e-03,2.793226288e-01,3.026992890e-01,4.067547886e-01,3.190429208e-01
2.133767276,3.067970276e-03,2.870113096e-01,7.966929268e-01,4.090147765e-01,3.187061643e-01
2.136835238,3.067970276e-03,2.701213792e-01,6.309374206e-01,4.104851065e-01,3.191797878e-01
2.139903199,3.067970276e-03,3.378091075e-01,7.595550038e-01,4.119034420e-01,3.184977025e-01
2.142971161,3.067970276e-03,4.404812908e-01,9.125959872e-01,2.915904298e-01,3.176249364e-01
2.146039122,3.067970276e-03,2.548986677e-01,6.932203131e-01,2.859201936e-01,3.176509115e-01
2.149107084,3.067970276e-03,2.667357647e-01,5.948851440e-01,2.868633395e-01,3.170165650e-01
2.152175045,3.067970276e-03,2.759375104e-01,4.539809319e-01,2.867687288e-01,3.169716287e-01
2.155243007,3.067970276e-03,4.090488194e-01,3.679331579e-01,2.876973115e-01,3.183731796e-01
2.158310969,3.067970276e-03,6.066818238e-01,3.891335884e-01,2.869355016e-01,3.152083107e-01
2.161378930,3.067970276e-03,2.658674300e-01,2.867076441e-01,2.871284588e-01,3.148800469e-01
2.164446892,3.067970276e-03,3.077820340e-01,6.311329610e-01,2.882763952e-01,3.135785735e-01
2.167514853,3.067970276e-03,2.898230782e-01,4.839354626e-01,2.895684224e-01,3.124818752e-01
2.170582815,3.067970276e-03,2.860405040e-01,4.823033577e-01,2.878685834e-01,3.124384290e-01
2.173650776,3.067970276e-03,7.835894721e-01,5.963266020e-01,2.872546094e-01,3.116690127e-01
2.176718738,3.067970276e-03,2.984837669e-01,4.462121754e-01,2.899451279e-01,3.114242004e-01
2.179786700,3.067970276e-03,3.270120147e-01,6.010608904e-01,2.880826179e-01,3.105174410e-01
2.182854661,3.067970276e-03,3.891412299e-01,7.501147407e-01,2.884330245e-01,3.106563084e-01
2.185922623,3.067731857e-03,4.610621582e-01,6.241680368e-01,2.887040923e-01,3.089041102e-01
2.188990584,3.067970276e-03,8.558914057e-01,5.910919659e-01,2.894870845e-01,3.091843774e-01
2.192058546,3.067970276e-03,4.036532255e-01,3.458785145e-01,2.886793471e-01,3.073386895e-01
2.195126507,3.067970276e-03,2.538774423e-01,6.454344315e-01,2.885731966e-01,3.074446370e-01
2.198194469,3.067970276e-03,2.525221133e-01,4.528395304e-01,2.907167940e-01,3.074799561e-01
2.201262431,3.067970276e-03,3.085092946e-01,3.282720164e-01,2.910322570e-01,3.064616293e-01
2.204330392,3.067970276e-03,3.877715730e-01,3.547369292e-01,2.898984491e-01,3.048582494e-01
2.207398354,3.067970276e-03,3.268226622e-01,2.945273983e-01,2.906824571e-01,3.048427069e-01
2.210466315,3.067970276e-03,3.711746778e-01,5.325558491e-01,2.915383150e-01,3.044557922e-01
2.213534277,3.067970276e-03,3.025264237e-01,6.185953199e-01,2.912976515e-01,3.051661343e-01
2.216602238,3.067970276e-03,2.903938403e-01,6.169653552e-01,2.911335423e-01,3.024021427e-01
2.219670200,3.067970276e-03,5.643806351e-01,7.625363164e-01,2.936067325e-01,3.024180417e-01
2.222738162,3.067970276e-03,3.067752049e-01,6.704076100e-01,2.930151984e-01,3.016410151e-01
2.225806123,3.067970276e-03,2.624376331e-01,3.896080289e-01,2.932439057e-01,3.006555528e-01
2.228874085,3.067970276e-03,2.635919483e-01,5.573644939e-01,2.930970405e-01,2.993440621e-01
2.231942046,3.067970276e-03,2.713292615e-01,3.454996085e-01,2.945527089e-01,2.983400288e-01
2.235010008,3.067970276e-03,4.448773922e-01,3.882681720e-01,2.957527820e-01,2.987813677e-01
2.238077970,3.067970276e-03,2.765130407e-01,3.798611279e-01,2.960153967e-01,2.979624711e-01
2.241145931,3.067970276e-03,3.334376175e-01,3.196649556e-01,2.963088688e-01,2.964525696e-01
2.244213893,3.067970276e-03,3.136198941e-01,7.006996349e-01,2.970408666e-01,2.959256636e-01
2.247281854,3.067970276e-03,2.811711248e-01,5.475787184e-01,2.959477039e-01,2.956619830e-01
2.250349816,3.067970276e-03,5.765575970e-01,5.753627041e-01,2.991827236e-01,2.959732903e-01
2.253417777,3.067970276e-03,4.632663801e-01,4.268170308e-01,2.993508296e-01,2.944065228e-01
2.256485739,3.067970276e-03,2.714921482e-01,4.491592755e-01,3.003406592e-01,2.937426166e-01
2.259553701,3.067970276e-03,3.013862657e-01,6.573875524e-01,2.973401475e-01,2.930035004e-01
2.262621662,3.067970276e-03,2.926270492e-01,4.083598251e-01,2.981809604e-01,2.919816895e-01
2.265689624,3.067970276e-03,5.248888109e-01,4.300342843e-01,2.999030754e-01,2.917533672e-01
2.268757585,3.067731857e-03,5.389268445e-01,3.749015270e-01,3.005559437e-01,2.904012052e-01
2.271825547,3.067970276e-03,2.626055191e-01,3.593786540e-01,3.017927697e-01,2.895943609e-01
2.274893508,3.067970276e-03,2.981536126e-01,7.921084437e-01,3.009563500e-01,2.889167699e-01
2.277961470,3.067970276e-03,3.175717301e-01,5.169382120e-01,3.019794791e-01,2.890682899e-01
2.281029432,3.067970276e-03,5.100077482e-01,4.671665153e-01,3.051736425e-01,2.880682623e-01
2.284097393,3.067970276e-03,3.654626364e-01,3.575124934e-01,3.044824812e-01,2.879973372e-01
2.287165355,3.067970276e-03,2.915210688e-01,4.106945829e-01,3.030080305e-01,2.867248566e-01
2.290233316,3.067970276e-03,3.183733312e-01,8.084752536e-01,3.063053357e-01,2.864641917e-01
2.293301278,3.067970276e-03,3.152427128e-01,4.324097099e-01,3.072145084e-01,2.767861967e-01
2.296369239,3.067970276e-03,5.026533033e-01,4.333802188e-01,3.079645880e-01,2.851449162e-01
2.299437201,3.067970276e-03,3.602079704e-01,5.303571188e-01,3.103748086e-01,2.840234266e-01
2.302505163,3.067970276e-03,3.703791875e-01,3.898622970e-01,3.092843954e-01,2.833256992e-01
2.305573124,3.067970276e-03,4.172434586e-01,6.120341876e-01,3.113744132e-01,2.824446301e-01
2.308641086,3.067970276e-03,3.524598991e-01,5.965357831e-01,3.122867718e-01,2.815372141e-01
2.311709047,3.067970276e-03,4.113380129e-01,6.280983806e-01,3.138721829e-01,2.810319512e-01
2.314777009,3.067970276e-03,4.702930138e-01,6.736820257e-01,3.142105964e-01,2.801306348e-01
2.317844970,3.067970276e-03,2.952416547e-01,4.170915844e-01,3.151612437e-01,2.802386448e-01
2.320912932,3.067970276e-03,3.508903440e-01,4.572604799e-01,3.160127824e-01,2.780818681e-01
2.323980894,3.067970276e-03,3.196397759e-01,3.455859380e-01,3.190976395e-01,2.785962801e-01
2.327048855,3.067970276e-03,3.869980151e-01,3.689811689e-01,3.199132446e-01,2.783600767e-01
2.330116817,3.067970276e-03,8.295144567e-01,5.060078315e-01,3.206582599e-01,2.766565412e-01
2.333184778,3.067970276e-03,3.131790711e-01,4.557867208e-01,3.222009127e-01,2.774036515e-01
2.336252740,3.067970276e-03,2.503351888e-01,4.544377094e-01,3.239864072e-01,2.765241510e-01
2.339320702,3.067970276e-03,2.502363332e-01,4.750018922e-01,3.247392460e-01,2.764007514e-01
2.342388663,3.067970276e-03,2.786956660e-01,4.868004134e-01,3.245530115e-01,2.750661498e-01
2.345456625,3.067970276e-03,8.322971898e-01,5.739870244e-01,3.274071482e-01,2.744672811e-01
2.348524586,3.067970276e-03,3.038384908e-01,4.172252156e-01,3.281061984e-01,2.736076986e-01
2.351592548,3.067970276e-03,3.013400550e-01,4.295059716e-01,3.290703887e-01,2.729659770e-01
2.354660509,3.067731857e-03,3.145619628e-01,4.423418154e-01,3.304836570e-01,2.729054646e-01
2.357728471,3.067970276e-03,3.388254551e-01,4.062345163e-01,3.325807413e-01,2.718827871e-01
2.360796433,3.067970276e-03,4.259850639e-01,3.838957757e-01,3.334492794e-01,2.713469328e-01
2.363864394,3.067970276e-03,3.269293362e-01,2.844034084e-01,3.348326193e-01,2.710304658e-01
2.366932356,3.067970276e-03,4.358469758e-01,7.630092137e-01,3.367140795e-01,2.710009680e-01
2.370000317,3.067970276e-03,3.682912846e-01,3.383834650e-01,3.384096419e-01,2.697598010e-01
2.373068279,3.067970276e-03,3.601802012e-01,2.725651355e-01,3.410996684e-01,2.698206854e-01
2.376136240,3.067970276e-03,3.948755209e-01,2.699969576e-01,3.414898652e-01,2.696372395e-01
2.379204202,3.067970276e-03,3.479630431e-01,2.722812038e-01,3.434608271e-01,2.688362341e-01
2.382272164,3.067970276e-03,3.810278357e-01,7.391256518e-01,3.424018710e-01,2.678655281e-01
2.385340125,3.067970276e-03,2.906554625e-01,5.009733527e-01,3.457350131e-01,2.681771585e-01
2.388408087,3.067970276e-03,2.775999968e-01,4.105184276e-01,3.465901691e-01,2.678655573e-01
2.391476048,3.067970276e-03,4.257934965e-01,4.560557626e-01,3.459034307e-01,2.666019046e-01
2.394544010,3.067970276e-03,3.301185870e-01,3.657001542e-01,3.505337009e-01,2.664308919e-01
2.397611971,3.067970276e-03,5.265353248e-01,4.084711758e-01,3.503740875e-01,2.660055734e-01
2.400679933,3.067970276e-03,4.816759825e-01,5.301538985e-01,3.524321861e-01,2.660331380e-01
2.403747895,3.067970276e-03,4.519508236e-01,4.565607496e-01,3.535834827e-01,2.654305315e-01
2.406815856,3.067970276e-03,5.363187798e-01,5.425651925e-01,3.555891220e-01,2.649831387e-01
2.409883818,3.067970276e-03,3.073903052e-01,4.779616038e-01,3.575692466e-01,2.643935513e-01
2.412951779,3.067970276e-03,3.953418384e-01,3.230846339e-01,3.589861845e-01,2.655380516e-01
2.416019741,3.067970276e-03,3.279007617e-01,6.220681718e-01,3.611766626e-01,2.640628689e-01
2.419087702,3.067970276e-03,3.397079224e-01,4.001978096e-01,3.643318163e-01,2.637960561e-01
2.422155664,3.067970276e-03,7.433685644e-01,4.046367300e-01,3.642967476e-01,2.637059192e-01
2.425223626,3.067970276e-03,5.034607051e-01,3.599490867e-01,3.653954080e-01,2.622620872e-01
2.428291587,3.067970276e-03,2.852919877e-01,3.159328943e-01,3.678890446e-01,2.629674671e-01
2.431359549,3.067970276e-03,3.488403160e-01,6.039450912e-01,3.685197688e-01,2.635270925e-01
2.434427510,3.067970276e-03,3.842154555e-01,4.017472716e-01,3.707626862e-01,2.623713216e-01
2.437495472,3.067731857e-03,6.956896771e-01,3.717061878e-01,3.710260616e-01,2.620341350e-01
2.440563434,3.067970276e-03,4.341368265e-01,2.967868822e-01,3.726621073e-01,2.624032200e-01
2.443631395,3.067970276e-03,2.924504384e-01,4.469462486e-01,3.743581378e-01,2.619574552e-01
2.446699357,3.067970276e-03,3.232929243e-01,5.769846088e-01,3.770915506e-01,2.618523578e-01
2.449767318,3.067970276e-03,3.095106000e-01,3.615541566e-01,3.776619558e-01,2.614949834e-01
2.452835280,3.067970276e-03,5.412833509e-01,3.752034762e-01,3.799258214e-01,2.614126287e-01
2.455903241,3.067970276e-03,5.439735811e-01,3.189350094e-01,3.815026144e-01,2.644553267e-01
2.458971203,3.067970276e-03,3.254415730e-01,3.874593943e-01,3.829160240e-01,2.642596186e-01
2.462039165,3.067970276e-03,4.261677126e-01,6.049728678e-01,3.859585346e-01,2.642687559e-01
2.465107126,3.067970276e-03,4.033618316e-01,3.454182560e-01,3.856923009e-01,2.629576895e-01
2.468175088,3.067970276e-03,5.458430749e-01,3.912670804e-01,3.864608911e-01,2.634405945e-01
2.471243049,3.067970276e-03,3.740406345e-01,4.204073627e-01,3.877766370e-01,2.634029714e-01
2.474311011,3.067970276e-03,2.924300443e-01,2.899541917e-01,3.905331142e-01,2.634967455e-01
2.477378972,3.067970276e-03,2.962535788e-01,4.640757222e-01,3.922543094e-01,2.634373894e-01
2.480446934,3.067970276e-03,2.729148077e-01,3.210554047e-01,3.917663112e-01,2.631995983e-01
2.483514896,3.067970276e-03,4.248143942e-01,3.070287735e-01,3.939279367e-01,2.626334137e-01
2.486582857,3.067970276e-03,3.908146261e-01,3.035521921e-01,3.964030721e-01,2.629202290e-01
2.489650819,3.067970276e-03,5.164513958e-01,2.773181854e-01,3.983592341e-01,2.633451985e-01
2.492718780,3.067970276e-03,6.031305916e-01,5.612621511e-01,3.999629646e-01,2.636656698e-01
2.495786742,3.067970276e-03,4.606590502e-01,3.526129873e-01,4.003231152e-01,2.625599946e-01
2.498854703,3.067970276e-03,4.635290218e-01,3.716482164e-01,4.051142029e-01,2.628965794e-01
2.501922665,3.067970276e-03,6.043349366e-01,4.683777713e-01,4.043310164e-01,2.632146926e-01
2.504990627,3.067970276e-03,2.614641286e-01,4.041120424e-01,4.053483310e-01,2.630473913e-01
2.508058588,3.067970276e-03,2.764758705e-01,4.307828229e-01,4.058309475e-01,2.627876757e-01
2.511126550,3.067970276e-03,2.639953149e-01,3.753168911e-01,4.086108874e-01,2.629723611e-01
2.514194511,3.067970276e-03,3.399972744e-01,2.762312482e-01,4.106631126e-01,2.633609862e-01
2.517262473,3.067970276e-03,7.026426821e-01,2.550781005e-01,4.109175610e-01,2.627346637e-01
2.520330434,3.067970276e-03,2.889675256e-01,3.341065375e-01,4.106186659e-01,2.628011701e-01
2.523398396,3.067731857e-03,4.345046534e-01,8.162715400e-01,4.146194416e-01,2.636369088e-01
2.526466358,3.067970276e-03,4.623306373e-01,5.725350133e-01,4.145489624e-01,2.634889185e-01
2.529534319,3.067970276e-03,5.864135709e-01,4.880863257e-01,4.176472831e-01,2.632837648e-01
2.532602281,3.067970276e-03,5.895782608e-01,4.021651686e-01,4.178039253e-01,2.632525896e-01
2.535670242,3.067970276e-03,3.349549999e-01,2.835327903e-01,4.196091685e-01,2.643873543e-01
2.538738204,3.067970276e-03,4.364869439e-01,7.168018235e-01,4.203002447e-01,2.634607103e-01
2.541806166,3.067970276e-03,3.511068197e-01,3.411771919e-01,4.218617651e-01,2.641531268e-01
2.544874127,3.067970276e-03,3.531106126e-01,3.468553957e-01,4.222438539e-01,2.643418672e-01
2.547942089,3.067970276e-03,6.349346433e-01,3.740008121e-01,4.243766545e-01,2.642504520e-01
2.551010050,3.067970276e-03,2.774981568e-01,2.879748028e-01,4.268349315e-01,2.640084996e-01
2.554078012,3.067970276e-03,2.926830891e-01,5.451402967e-01,4.274659561e-01,2.643243971e-01
2.557145973,3.067970276e-03,2.814489832e-01,4.994990487e-01,4.330307313e-01,2.646893038e-01
2.560213935,3.067970276e-03,3.344811879e-01,3.226699191e-01,4.311429570e-01,2.639587099e-01
2.563281897,3.067970276e-03,4.980575773e-01,3.069943422e-01,4.315468859e-01,2.644697272e-01
2.566349858,3.067970276e-03,5.360073205e-01,2.723045784e-01,4.329015826e-01,2.640257411e-01
2.569417820,3.067970276e-03,7.443952412e-01,3.801849853e-01,4.330320457e-01,2.749242903e-01
2.572485781,3.067970276e-03,5.910270502e-01,4.096887553e-01,4.348527898e-01,4.992856039e-01
2.575553743,3.067970276e-03,4.637320275e-01,3.122507099e-01,4.362094854e-01,4.969825382e-01
2.578621704,3.067970276e-03,7.448318164e-01,3.393549211e-01,4.357225127e-01,4.952024057e-01
2.581689666,3.067970276e-03,3.578513327e-01,3.258584640e-01,4.366234440e-01,4.915781068e-01
2.584757628,3.067970276e-03,2.718931673e-01,2.873875860e-01,4.387306239e-01,4.929268105e-01
2.587825589,3.067970276e-03,2.672310958e-01,3.946768879e-01,4.376828421e-01,4.905077349e-01
2.590893551,3.067970276e-03,2.625615332e-01,3.071003597e-01,4.403474745e-01,4.842760784e-01
2.593961512,3.067970276e-03,6.629879619e-01,3.518080764e-01,4.413682722e-01,4.863074374e-01
2.597029474,3.067970276e-03,5.699658935e-01,3.780481614e-01,4.429450345e-01,4.794055791e-01
2.600097435,3.067970276e-03,2.795005618e-01,2.808586757e-01,4.444166780e-01,4.786892358e-01
2.603165397,3.067970276e-03,3.256067790e-01,5.571607054e-01,4.459895396e-01,4.762702058e-01
2.606233359,3.067731857e-03,3.261101851e-01,4.996194976e-01,4.460419267e-01,4.718535913e-01
2.609301320,3.067970276e-03,6.527185335e-01,5.750818997e-01,4.456732176e-01,4.697455811e-01
2.612369282,3.067970276e-03,6.244914129e-01,6.008800030e-01,4.470990618e-01,4.683043940e-01
2.615437243,3.067970276e-03,2.648553116e-01,3.799349682e-01,4.478331799e-01,4.631797561e-01
2.618505205,3.067970276e-03,3.848263580e-01,4.277977240e-01,7.457819401e-01,4.800120456e-01
2.621573166,3.067970276e-03,4.540808630e-01,3.337027994e-01,8.936449286e-01,4.601523347e-01
2.624641128,3.067970276e-03,1.006295513e+00,3.543460085e-01,8.946938992e-01,4.598449275e-01
2.627709090,3.067970276e-03,4.750819762e-01,3.826501266e-01,8.957504127e-01,4.573187066e-01
2.630777051,3.067970276e-03,9.747014361e-01,2.925159008e-01,8.997934349e-01,4.504989693e-01
2.633845013,3.067970276e-03,7.703195886e-01,4.687137613e-01,9.011134235e-01,4.496981816e-01
2.636912974,3.067970276e-03,4.636219664e-01,3.416560162e-01,9.089447722e-01,4.538155453e-01
2.639980936,3.067970276e-03,8.609321219e-01,2.910047774e-01,9.045766641e-01,4.417420422e-01
2.643048898,3.067970276e-03,6.042257757e-01,2.684402696e-01,2.678139091e-01,4.406936110e-01
2.646116859,3.067970276e-03,5.275955092e-01,2.908548056e-01,2.514228231e-01,4.383730556e-01
2.649184821,3.067970276e-03,4.869781999e-01,4.736920417e-01,2.514171121e-01,4.345134006e-01
2.652252782,3.067970276e-03,3.181193234e-01,2.736729115e-01,2.514952530e-01,4.312632363e-01
2.655320744,3.067970276e-03,7.118702380e-01,2.509990297e-01,2.514186015e-01,4.255889188e-01
2.658388705,3.067970276e-03,8.952292931e-01,2.668130920e-01,2.514322341e-01,4.247615781e-01
2.661456667,3.067970276e-03,6.178775854e-01,4.932948568e-01,2.512996832e-01,4.245109716e-01
2.664524629,3.067970276e-03,8.273744941e-01,7.191377042e-01,2.513461132e-01,4.221026380e-01
2.667592590,3.067970276e-03,5.986383747e-01,2.977088815e-01,2.513569922e-01,4.185552178e-01
2.670660552,3.067970276e-03,7.871362821e-01,3.090099195e-01,2.512613584e-01,4.113407935e-01
2.673728513,3.067970276e-03,1.007431025e+00,3.930128086e-01,2.513709193e-01,4.116402088e-01
2.676796475,3.067970276e-03,5.614713068e-01,4.134770358e-01,2.512971218e-01,4.090892161e-01
2.679864436,3.067970276e-03,8.550354751e-01,3.933948328e-01,2.512723299e-01,4.096259158e-01
2.682932398,3.067970276e-03,6.598202875e-01,4.209375850e-01,2.511817321e-01,4.045673389e-01
2.686000360,3.067970276e-03,8.157254608e-01,4.201864120e-01,2.510446061e-01,3.982701009e-01
2.689068321,3.067731857e-03,1.039619034e+00,4.517135962e-01,2.513116158e-01,3.981795638e-01
2.692136283,3.067970276e-03,6.398832478e-01,3.431821072e-01,2.510993388e-01,3.973588638e-01
2.695204244,3.067970276e-03,1.016565327e+00,3.103498201e-01,2.510409823e-01,3.932972678e-01
2.698272206,3.067970276e-03,7.816056408e-01,3.056592729e-01,2.510641194e-01,3.925178813e-01
2.701340167,3.067970276e-03,7.849885290e-01,2.998360359e-01,2.509644438e-01,3.882952314e-01
2.704408129,3.067970276e-03,1.398201391e+00,3.061276954e-01,2.509057139e-01,3.864017660e-01
2.707476091,3.067970276e-03,4.284425526e-01,2.633824780e-01,2.508157649e-01,3.839722132e-01
2.710544052,3.067970276e-03,8.263873771e-01,4.096668271e-01,2.507115515e-01,3.821179653e-01
2.713612014,3.067970276e-03,6.672919147e-01,3.103447886e-01,2.506901242e-01,3.762094275e-01
2.716679975,3.067970276e-03,5.839530099e-01,3.436359789e-01,2.507717707e-01,3.752876105e-01
2.719747937,3.067970276e-03,9.561865937e-01,3.899084316e-01,2.506379327e-01,3.722095989e-01
2.722815898,3.067970276e-03,7.240634000e-01,3.208141647e-01,2.505150577e-01,3.725823291e-01
2.725883860,3.067970276e-03,1.342095347e+00,3.419834891e-01,2.504761430e-01,3.700574032e-01
2.728951822,3.067970276e-03,1.146131245e+00,4.100275575e-01,2.511920738e-01,3.663457902e-01
2.732019783,3.067970276e-03,9.834728722e-01,4.056436676e-01,2.508802670e-01,3.643943643e-01
2.735087745,3.067970276e-03,1.100446033e+00,3.958294727e-01,2.504327847e-01,3.620221512e-01
2.738155706,3.067970276e-03,7.199028268e-01,2.902545703e-01,2.504105792e-01,3.598817193e-01
2.741223668,3.067970276e-03,1.285482340e+00,4.666623806e-01,2.503394353e-01,3.599984415e-01
2.744291630,3.067970276e-03,1.082654498e+00,3.772986975e-01,2.503690559e-01,3.567493202e-01
2.747359591,3.067970276e-03,9.639755433e-01,4.225755450e-01,2.503631304e-01,3.544877449e-01
2.750427553,3.067970276e-03,1.509163392e+00,5.168525887e-01,2.498907477e-01,3.524248603e-01
2.753495514,3.067970276e-03,4.877410326e-01,4.843123563e-01,2.503445233e-01,3.485554301e-01
2.756563476,3.067970276e-03,1.035758232e+00,2.933538102e-01,2.502560126e-01,3.476196385e-01
2.759631437,3.067970276e-03,1.040063208e+00,4.239261311e-01,2.502595655e-01,3.469577933e-01
2.762699399,3.067970276e-03,9.846154405e-01,4.164403921e-01,2.501468745e-01,3.444304103e-01
2.765767361,3.067970276e-03,1.556490848e+00,5.193854982e-01,2.502416324e-01,3.418320236e-01
2.768835322,3.067970276e-03,5.168326750e-01,5.856278865e-01,2.501959199e-01,3.419493233e-01
2.771903284,3.067970276e-03,1.053498941e+00,4.453484497e-01,2.502352757e-01,3.379684262e-01
2.774971245,3.067731857e-03,1.026657268e+00,3.300150432e-01,2.502206827e-01,3.370034628e-01
2.778039207,3.067970276e-03,8.240375571e-01,2.628722369e-01,2.501695670e-01,3.378440283e-01
2.781107168,3.067970276e-03,1.353180041e+00,2.509039955e-01,2.501613689e-01,3.348219243e-01
2.784175130,3.067970276e-03,6.487395835e-01,2.831047053e-01,2.501499273e-01,3.334060559e-01
2.787243092,3.067970276e-03,9.290209947e-01,5.747513606e-01,2.501445455e-01,3.325947733e-01
2.790311053,3.067970276e-03,9.830668433e-01,5.158169811e-01,2.501133784e-01,3.294090895e-01
2.793379015,3.067970276e-03,7.082696882e-01,2.883337795e-01,2.500989694e-01,3.305117379e-01
2.796446976,3.067970276e-03,1.021843185e+00,2.705554240e-01,2.500830299e-01,3.275164822e-01
2.799514938,3.067970276e-03,7.826954372e-01,2.544333084e-01,2.501813586e-01,3.261397757e-01
2.802582899,3.067970276e-03,4.407672419e-01,3.540145902e-01,2.500841467e-01,3.283474359e-01
2.805650861,3.067970276e-03,4.743798673e-01,4.969829294e-01,2.500946000e-01,3.234785178e-01
2.808718823,3.067970276e-03,3.728248191e-01,3.364118972e-01,2.501523139e-01,3.339035073e-01
2.811786784,3.067970276e-03,9.665379047e-01,3.269427207e-01,2.500200029e-01,3.235420935e-01
2.814854746,3.067970276e-03,6.935049775e-01,2.967782437e-01,2.502005675e-01,3.230420206e-01
2.817922707,3.067970276e-03,9.487610473e-01,2.680383546e-01,2.502141076e-01,3.224930750e-01
2.820990669,3.067970276e-03,9.792673731e-01,3.985190937e-01,2.502293048e-01,3.269056001e-01
2.824058630,3.067970276e-03,5.654200505e-01,2.711498970e-01,2.499256480e-01,3.212738608e-01
2.827126592,3.067970276e-03,6.188832428e-01,2.531173946e-01,2.503316383e-01,3.206985349e-01
2.830194554,3.067970276e-03,8.042767984e-01,2.505129855e-01,2.503610267e-01,3.176409625e-01
2.833262515,3.067970276e-03,5.704722497e-01,2.837203440e-01,2.503165597e-01,3.158162527e-01
2.836330477,3.067970276e-03,6.737061887e-01,4.314302356e-01,2.504115325e-01,3.184465337e-01
2.839398438,3.067970276e-03,4.151163464e-01,3.573552985e-01,2.504081167e-01,3.174594062e-01
2.842466400,3.067970276e-03,6.717252752e-01,3.690970973e-01,2.504460408e-01,3.165208388e-01
2.845534362,3.067970276e-03,1.352975043e+00,3.783607631e-01,2.505615934e-01,3.224801897e-01
2.848602323,3.067970276e-03,3.105070348e-01,3.053436025e-01,2.505296290e-01,3.400211935e-01
2.851670285,3.067970276e-03,3.550215575e-01,2.796058152e-01,2.513368711e-01,3.399291307e-01
2.854738246,3.067970276e-03,2.808993197e-01,2.715782043e-01,2.506406244e-01,3.406860601e-01
2.857806208,3.067731857e-03,5.148446454e-01,2.681778041e-01,2.507163299e-01,3.408379644e-01
2.860874169,3.067970276e-03,8.281021922e-01,2.759844714e-01,2.507260257e-01,3.404322583e-01
2.863942131,3.067970276e-03,7.236141627e-01,2.589149390e-01,2.508099624e-01,3.491175061e-01
2.867010093,3.067970276e-03,9.404523433e-01,3.213523977e-01,2.508700887e-01,3.392765714e-01
2.870078054,3.067970276e-03,6.537022177e-01,3.184941768e-01,2.508883398e-01,3.367938465e-01
2.873146016,3.067970276e-03,7.874027314e-01,2.764675097e-01,2.510639993e-01,3.409467702e-01
2.876213977,3.067970276e-03,1.628788620e+00,2.674012137e-01,2.510157183e-01,3.377036376e-01
2.879281939,3.067970276e-03,3.973193116e-01,2.540669573e-01,2.510878237e-01,3.358177670e-01
2.882349900,3.067970276e-03,3.403030814e-01,3.157212363e-01,2.511182982e-01,3.414828667e-01
2.885417862,3.067970276e-03,2.685131794e-01,3.144541881e-01,2.511458277e-01,3.382137527e-01
2.888485824,3.067970276e-03,4.191744648e-01,2.753482931e-01,2.527034733e-01,3.586258318e-01
2.891553785,3.067970276e-03,2.238524543e+00,2.530528226e-01,2.562037493e-01,3.428228484e-01
2.894621747,3.067970276e-03,8.984702334e-01,3.187944083e-01,2.554303167e-01,3.466358121e-01
2.897689708,3.067970276e-03,2.027791284e+00,6.297320848e-01,2.558711634e-01,3.435885042e-01
2.900757670,3.067970276e-03,1.839907149e+00,2.902288082e-01,2.560648570e-01,3.437451753e-01
2.903825631,3.067970276e-03,1.810959999e+00,2.622610408e-01,2.561830518e-01,3.448642406e-01
2.906893593,3.067970276e-03,2.927946181e+00,2.732761644e-01,2.565430922e-01,3.461784651e-01
2.909961555,3.067970276e-03,8.693627250e-01,2.927187849e-01,2.569599558e-01,3.467825038e-01
2.913029516,3.067970276e-03,1.902523983e+00,2.774087861e-01,2.572584793e-01,3.464881494e-01
2.916097478,3.067970276e-03,1.608695282e+00,3.237521066e-01,2.575873168e-01,3.474805160e-01
2.919165439,3.067970276e-03,1.345946549e+00,2.869613546e-01,2.575936444e-01,3.486182815e-01
2.922233401,3.067970276e-03,2.516122955e+00,2.865797622e-01,2.579614912e-01,3.476251809e-01
2.925301362,3.067970276e-03,7.246858718e-01,2.758230208e-01,2.583678091e-01,3.481590659e-01
2.928369324,3.067970276e-03,1.186435888e+00,2.563376328e-01,2.586800908e-01,3.506014769e-01
2.931437286,3.067970276e-03,6.560112864e-01,3.129345437e-01,2.586645596e-01,3.470167432e-01
2.934505247,3.067970276e-03,2.946775443e-01,2.879819583e-01,2.590617811e-01,3.526454076e-01
2.937573209,3.067970276e-03,2.033059319e+00,3.025436803e-01,2.615861866e-01,3.513713360e-01
2.940641170,3.067970276e-03,1.385477925e+00,3.203815358e-01,2.599133054e-01,3.544271263e-01
2.943709132,3.067731857e-03,1.678517651e+00,2.891505790e-01,2.602437596e-01,3.537115248e-01
2.946777094,3.067970276e-03,1.966090486e+00,3.279687376e-01,2.603773909e-01,3.533981663e-01
2.949845055,3.067970276e-03,1.648679708e+00,3.438592222e-01,2.604249735e-01,3.568859319e-01
2.952913017,3.067970276e-03,2.538703018e+00,3.651430857e-01,2.606814104e-01,3.582964552e-01
2.955980978,3.067970276e-03,1.129395476e+00,3.537794849e-01,2.614282092e-01,3.593693353e-01
2.959048940,3.067970276e-03,2.533607584e+00,2.826174213e-01,2.612823622e-01,3.622068567e-01
2.962116901,3.067970276e-03,2.522771272e+00,2.712711617e-01,2.614448853e-01,3.596305476e-01
2.965184863,3.067970276e-03,1.869985431e+00,2.800114213e-01,2.621645781e-01,3.605258600e-01
2.968252825,3.067970276e-03,2.465824579e+00,2.879567155e-01,2.621060735e-01,3.634625199e-01
2.971320786,3.067970276e-03,1.170991677e+00,2.742274664e-01,2.623682474e-01,3.660610829e-01
2.974388748,3.067970276e-03,1.563434290e+00,2.571816691e-01,2.624510359e-01,3.662691077e-01
2.977456709,3.067970276e-03,1.521533173e+00,3.034706234e-01,2.627781778e-01,3.713365419e-01
2.980524671,3.067970276e-03,9.698742434e-01,3.387491244e-01,2.628373614e-01,3.718230597e-01
2.983592632,3.067970276e-03,1.823598737e+00,4.172450929e-01,2.627162192e-01,3.736300308e-01
2.986660594,3.067970276e-03,1.449307602e+00,4.501306268e-01,2.635552069e-01,4.016611567e-01
2.989728556,3.067970276e-03,1.422925776e+00,3.646843416e-01,2.633691166e-01,4.058008275e-01
2.992796517,3.067970276e-03,1.589533523e+00,2.918352980e-01,2.637663811e-01,4.072521930e-01
2.995864479,3.067970276e-03,1.101727216e+00,2.694554370e-01,2.638904516e-01,4.050038022e-01
2.998932440,3.067970276e-03,1.882887807e+00,2.596600246e-01,2.643562943e-01,4.128829312e-01
3.002000402,3.067970276e-03,2.149023638e+00,2.650812871e-01,2.646793051e-01,4.087249924e-01
3.005068363,3.067970276e-03,8.461868298e-01,2.699361955e-01,2.648312618e-01,4.094181089e-01
3.008136325,3.067970276e-03,1.133138928e+00,2.611850578e-01,2.645803754e-01,4.125534209e-01
3.011204287,3.067970276e-03,5.266196951e-01,2.518940476e-01,2.650928324e-01,4.133149526e-01
3.014272248,3.067970276e-03,9.054911807e-01,2.506587686e-01,2.651318455e-01,4.165358263e-01
3.017340210,3.067970276e-03,4.828849067e+00,2.631994576e-01,3.033709108e-01,4.140094388e-01
3.020408171,3.067970276e-03,2.011287802e+00,3.412903011e-01,3.123773203e-01,4.193368401e-01
3.023476133,3.067970276e-03,3.971390143e+00,4.473362493e-01,3.124913526e-01,4.172875347e-01
3.026544094,3.067731857e-03,3.136581281e+00,2.565203196e-01,3.126731312e-01,4.207031451e-01
3.029612056,3.067970276e-03,3.169968237e+00,2.673982732e-01,3.137224638e-01,4.279323795e-01
3.032680018,3.067970276e-03,4.168419811e+00,2.925509712e-01,3.140607922e-01,4.270005250e-01
3.035747979,3.067970276e-03,2.787037050e+00,3.124500151e-01,3.147245856e-01,4.179531192e-01
3.038815941,3.067970276e-03,4.796139573e+00,3.049234996e-01,3.154754117e-01,4.281947254e-01
3.041883902,3.067970276e-03,3.967323031e+00,3.412369211e-01,3.157097816e-01,4.278581901e-01
3.044951864,3.067970276e-03,4.146904220e+00,4.071146230e-01,3.160017073e-01,4.279154564e-01
3.048019826,3.067970276e-03,4.480848522e+00,4.598463817e-01,3.158555867e-01,4.297514643e-01
3.051087787,3.067970276e-03,2.436818621e+00,4.444998097e-01,3.167521259e-01,4.303342313e-01
3.054155749,3.067970276e-03,3.705897737e+00,3.479657083e-01,3.169062813e-01,4.310893268e-01
3.057223710,3.067970276e-03,2.301969746e+00,3.579119037e-01,3.167795932e-01,4.345598571e-01
3.060291672,3.067970276e-03,2.083614910e+00,3.930250157e-01,3.180088558e-01,4.314028679e-01
3.063359633,3.067970276e-03,4.668630982e+00,3.645279198e-01,3.179672159e-01,4.339079068e-01
3.066427595,3.067970276e-03,1.655544836e+00,2.815802143e-01,3.184323778e-01,4.346913856e-01
3.069495557,3.067970276e-03,3.466451460e+00,2.886330549e-01,3.185307511e-01,4.584085740e-01
3.072563518,3.067970276e-03,2.670855385e+00,2.595144854e-01,3.192501394e-01,4.334888026e-01
3.075631480,3.067970276e-03,2.640039847e+00,2.549032531e-01,3.191177819e-01,4.343133368e-01
3.078699441,3.067970276e-03,6.612134771e+00,2.631282732e-01,3.785000425e-01,4.369162869e-01
3.081767403,3.067970276e-03,2.911742405e+00,2.934012436e-01,4.702508474e-01,4.342139008e-01
3.084835364,3.067970276e-03,5.663644639e+00,3.470453027e-01,4.712514110e-01,4.334628197e-01
3.087903326,3.067970276e-03,3.186738711e+00,2.605809046e-01,4.708818022e-01,4.304899067e-01
3.090971288,3.067970276e-03,2.066030877e+00,2.519068613e-01,4.696615261e-01,4.365839797e-01
3.094039249,3.067970276e-03,8.656761116e+00,2.804910549e-01,4.698870149e-01,4.317484822e-01
3.097107211,3.067970276e-03,4.391652149e+00,3.858844319e-01,4.700316310e-01,4.297994719e-01
3.100175172,3.067970276e-03,1.045556417e+01,6.293579733e-01,4.688987584e-01,4.267405317e-01
3.103243134,3.067970276e-03,9.145073752e+00,4.715961351e+00,4.686624949e-01,4.248362461e-01
3.106311095,3.067970276e-03,5.959021603e+00,3.975342813e+01,4.685861104e-01,4.228568027e-01
3.109379057,3.067731857e-03,1.152571540e+01,1.143648251e+02,4.299158741e-01,4.227215074e-01
3.112447019,3.067970276e-03,8.664391788e+00,2.284188059e+02,2.541111792e-01,4.201213562e-01
3.115514980,3.067970276e-03,1.725498963e+01,3.819088311e+02,2.542420194e-01,4.226699702e-01
3.118582942,3.067970276e-03,1.592015405e+01,5.010450842e+02,2.543634863e-01,4.200382959e-01
3.121650903,3.067970276e-03,9.355609827e+00,4.421266796e+02,2.541363828e-01,4.206916333e-01
3.124718865,3.067970276e-03,1.732950052e+01,3.002679416e+02,2.555025040e-01,4.216709506e-01
3.127786826,3.067970276e-03,2.159478962e+01,9.058181691e+01,2.669942477e-01,4.167094844e-01
3.130854788,3.067970276e-03,2.771126458e+01,2.203758257e+02,2.671575448e-01,4.197128880e-01
3.133922750,3.067970276e-03,4.120430375e+01,4.441357643e+02,2.950535646e-01,4.173639734e-01
3.136990711,3.067970276e-03,3.436266468e+01,1.842357305e+02,3.743992827e-01,4.196254267e-01
3.140058673,3.067970276e-03,1.222600111e+03,2.631326595e+01,3.593309253e-01,3.998006416e-01
