x_center,weight,native_sin,native_cos,std_sin,std_cos
-3.140058673,3.067970276e-03,4.965665276e+03,4.710946077e-01,3.426546341e-01,2.371326524e-01
-3.136990711,3.067970276e-03,3.503096232e+02,5.256931511e-01,3.627747447e-01,2.500284956e-01
-3.133922750,3.067970276e-03,2.143002813e+02,5.746024578e-01,2.949927507e-01,2.499527490e-01
-3.130854788,3.067970276e-03,1.397855492e+02,6.381624840e-01,2.671575448e-01,2.499163962e-01
-3.127786826,3.067970276e-03,1.414470826e+02,7.092531489e-01,2.668931746e-01,2.500741965e-01
-3.124718865,3.067970276e-03,7.777697282e+01,7.844165853e-01,2.554116447e-01,2.499648576e-01
-3.121650903,3.067970276e-03,7.187682723e+01,8.539876398e-01,2.540761392e-01,2.500637048e-01
-3.118582942,3.067970276e-03,7.276394605e+01,9.198121739e-01,2.542735488e-01,2.499511094e-01
-3.115514980,3.067970276e-03,7.381642784e+01,9.790828520e-01,2.540434116e-01,2.499948215e-01
-3.112447019,3.067970276e-03,7.473389054e+01,1.032654244e+00,2.538545224e-01,2.500042793e-01
-3.109379057,3.067731857e-03,4.474441254e+01,1.079133030e+00,4.306246172e-01,2.500720674e-01
-3.106311095,3.067970276e-03,3.826836416e+01,1.127456724e+00,4.699698311e-01,2.501419268e-01
-3.103243134,3.067970276e-03,3.893411493e+01,1.174031161e+00,4.711416476e-01,2.500279328e-01
-3.100175172,3.067970276e-03,3.957202365e+01,1.238231645e+00,4.715991914e-01,2.500491936e-01
-3.097107211,3.067970276e-03,4.027228000e+01,1.313497475e+00,4.734676162e-01,2.501071336e-01
-3.094039249,3.067970276e-03,4.109152758e+01,1.414025652e+00,4.733250596e-01,2.501276998e-01
-3.090971288,3.067970276e-03,2.548207171e+01,7.085910061e-01,4.734693872e-01,2.502225682e-01
-3.087903326,3.067970276e-03,2.572909903e+01,6.887150938e-01,4.756522981e-01,2.501638621e-01
-3.084835364,3.067970276e-03,2.597406130e+01,6.939224202e-01,4.777239375e-01,2.503013003e-01
-3.081767403,3.067970276e-03,2.631836067e+01,7.075903742e-01,4.785750277e-01,2.502788001e-01
-3.078699441,3.067970276e-03,1.823399591e+01,7.321432570e-01,3.800931432e-01,2.502650015e-01
-3.075631480,3.067970276e-03,1.314563003e+01,7.497296661e-01,3.170097292e-01,2.502301875e-01
-3.072563518,3.067970276e-03,1.325881512e+01,7.605343078e-01,3.160227765e-01,2.502535522e-01
-3.069495557,3.067970276e-03,1.343578665e+01,7.725196996e-01,3.149056595e-01,2.503538487e-01
-3.066427595,3.067970276e-03,1.355250272e+01,7.673879385e-01,3.146622888e-01,2.503969087e-01
-3.063359633,3.067970276e-03,1.365386591e+01,7.453425808e-01,3.135264965e-01,2.505524887e-01
-3.060291672,3.067970276e-03,1.376329215e+01,7.260208521e-01,3.133917588e-01,2.504996719e-01
-3.057223710,3.067970276e-03,1.390466687e+01,6.929301188e-01,3.115181847e-01,2.504908952e-01
-3.054155749,3.067970276e-03,1.398317593e+01,6.581883767e-01,3.112367507e-01,2.507116856e-01
-3.051087787,3.067970276e-03,1.403418127e+01,6.233316962e-01,3.106656720e-01,2.508527252e-01
-3.048019826,3.067970276e-03,1.408400207e+01,6.038292172e-01,3.089879494e-01,2.510772023e-01
-3.044951864,3.067970276e-03,1.411972618e+01,6.001930252e-01,3.092504394e-01,2.510898748e-01
-3.041883902,3.067970276e-03,1.412577613e+01,8.071453400e-01,3.074377055e-01,2.515690620e-01
-3.038815941,3.067970276e-03,1.453304911e+01,7.667482105e-01,3.061313188e-01,2.513034439e-01
-3.035747979,3.067970276e-03,1.494315795e+01,7.508780883e-01,3.049459764e-01,2.518120322e-01
-3.032680018,3.067970276e-03,1.533270003e+01,7.487423168e-01,3.039853149e-01,2.516890135e-01
-3.029612056,3.067970276e-03,1.568960590e+01,7.533576445e-01,3.037131894e-01,2.518926247e-01
-3.026544094,3.067731857e-03,1.602515028e+01,7.596351297e-01,3.020104350e-01,2.521276109e-01
-3.023476133,3.067970276e-03,1.642470871e+01,7.554233497e-01,3.011036315e-01,2.523627363e-01
-3.020408171,3.067970276e-03,1.681408297e+01,7.478643565e-01,2.987865134e-01,2.524301718e-01
-3.017340210,3.067970276e-03,1.586096383e+01,7.313331723e-01,2.917453889e-01,2.528546111e-01
-3.014272248,3.067970276e-03,8.542676362e+00,7.027908765e-01,2.615711872e-01,2.530487259e-01
-3.011204287,3.067970276e-03,8.830366863e+00,6.709766849e-01,2.611213032e-01,2.534078877e-01
-3.008136325,3.067970276e-03,9.068757249e+00,6.320739468e-01,2.605143575e-01,2.537126610e-01
-3.005068363,3.067970276e-03,9.301777456e+00,5.976415191e-01,2.601632592e-01,2.539584881e-01
-3.002000402,3.067970276e-03,9.536119321e+00,5.627201658e-01,2.597488762e-01,2.542613689e-01
-2.998932440,3.067970276e-03,9.810770881e+00,5.446297452e-01,2.597124819e-01,2.546654404e-01
-2.995864479,3.067970276e-03,1.005532905e+01,5.484138087e-01,2.590316458e-01,2.552570519e-01
-2.992796517,3.067970276e-03,6.130416862e+00,1.226530827e+00,2.587065634e-01,2.553451652e-01
-2.989728556,3.067970276e-03,6.366697380e+00,1.132047051e+00,2.583021316e-01,2.557996718e-01
-2.986660594,3.067970276e-03,6.646877237e+00,1.064369750e+00,2.581973924e-01,2.563959702e-01
-2.983592632,3.067970276e-03,6.901844222e+00,1.009322260e+00,2.572772725e-01,2.567082659e-01
-2.980524671,3.067970276e-03,7.172105862e+00,9.515542565e-01,2.572748919e-01,2.572104119e-01
-2.977456709,3.067970276e-03,7.460437607e+00,9.063253214e-01,2.568177420e-01,2.577354436e-01
-2.974388748,3.067970276e-03,7.797305530e+00,8.537597295e-01,2.567948056e-01,2.570018947e-01
-2.971320786,3.067970276e-03,8.119182770e+00,7.902933149e-01,2.562082446e-01,2.589328028e-01
-2.968252825,3.067970276e-03,8.467940931e+00,7.208624468e-01,2.557351088e-01,2.595659663e-01
-2.965184863,3.067970276e-03,8.838438567e+00,6.451300471e-01,2.554991143e-01,2.598861026e-01
-2.962116901,3.067970276e-03,9.294138893e+00,5.664699314e-01,2.549356279e-01,2.605194589e-01
-2.959048940,3.067970276e-03,9.712195960e+00,4.963469807e-01,2.547068529e-01,2.613491273e-01
-2.955980978,3.067970276e-03,1.011946405e+01,4.235171711e-01,2.542681965e-01,2.617505093e-01
-2.952913017,3.067970276e-03,1.054412725e+01,3.713888287e-01,2.538324356e-01,2.620365183e-01
-2.949845055,3.067970276e-03,1.098187671e+01,3.380535934e-01,2.537144562e-01,2.631527218e-01
-2.946777094,3.067970276e-03,1.138866550e+01,3.196904537e-01,2.532968679e-01,2.639325522e-01
-2.943709132,3.067731857e-03,5.595017438e+00,1.385922686e+00,2.529805762e-01,2.643758895e-01
-2.940641170,3.067970276e-03,5.949058269e+00,1.373668000e+00,2.527584616e-01,2.650794118e-01
-2.937573209,3.067970276e-03,6.300360015e+00,1.386992027e+00,2.530078601e-01,2.660058129e-01
-2.934505247,3.067970276e-03,6.619541685e+00,1.410264666e+00,2.521313352e-01,2.665230545e-01
-2.931437286,3.067970276e-03,6.952116102e+00,1.441346055e+00,2.518743613e-01,2.671201069e-01
-2.928369324,3.067970276e-03,7.301441016e+00,1.478462959e+00,2.516347319e-01,2.683171012e-01
-2.925301362,3.067970276e-03,7.646724963e+00,1.502256325e+00,2.514838062e-01,2.692553165e-01
-2.922233401,3.067970276e-03,7.990231147e+00,1.524039566e+00,2.511711528e-01,2.700931818e-01
-2.919165439,3.067970276e-03,8.348022988e+00,1.538859454e+00,2.509930996e-01,2.709657600e-01
-2.916097478,3.067970276e-03,8.744040186e+00,1.549352759e+00,2.513243963e-01,2.711360400e-01
-2.913029516,3.067970276e-03,9.173478504e+00,1.546317216e+00,2.507358389e-01,2.725611615e-01
-2.909961555,3.067970276e-03,9.589327777e+00,1.541505041e+00,2.504533696e-01,2.730402148e-01
-2.906893593,3.067970276e-03,9.998406365e+00,1.540500360e+00,2.505115166e-01,2.742636078e-01
-2.903825631,3.067970276e-03,1.043989483e+01,1.541863338e+00,2.502816683e-01,2.753377524e-01
-2.900757670,3.067970276e-03,1.085452866e+01,1.563395834e+00,2.502421047e-01,2.753626193e-01
-2.897689708,3.067970276e-03,1.125477011e+01,1.595590749e+00,2.501778112e-01,2.766362842e-01
-2.894621747,3.067970276e-03,5.374762233e+00,1.284176801e+00,2.501362856e-01,2.776611704e-01
-2.891553785,3.067970276e-03,5.609830070e+00,1.167605769e+00,2.501108837e-01,2.792905945e-01
-2.888485824,3.067970276e-03,3.805733648e+00,1.073538800e+00,2.500680555e-01,2.984501112e-01
-2.885417862,3.067970276e-03,2.780458936e+00,9.906202273e-01,2.500389437e-01,2.807593136e-01
-2.882349900,3.067970276e-03,2.886987518e+00,9.186474086e-01,2.500237678e-01,2.814132597e-01
-2.879281939,3.067970276e-03,2.999879843e+00,8.446916260e-01,2.500036235e-01,2.826018128e-01
-2.876213977,3.067970276e-03,3.113300753e+00,7.723630463e-01,2.500256508e-01,2.836939412e-01
-2.873146016,3.067970276e-03,3.242978115e+00,6.972525344e-01,2.500977478e-01,2.840540737e-01
-2.870078054,3.067970276e-03,3.390171103e+00,6.238487579e-01,2.500399891e-01,2.847055274e-01
-2.867010093,3.067970276e-03,3.554344800e+00,5.487756898e-01,2.500645590e-01,2.858371139e-01
-2.863942131,3.067970276e-03,3.735278860e+00,4.749196656e-01,2.501301164e-01,2.870267317e-01
-2.860874169,3.067970276e-03,3.930625092e+00,4.181439661e-01,2.501251115e-01,2.883081158e-01
-2.857806208,3.067731857e-03,4.131999980e+00,3.738950553e-01,2.501339856e-01,2.889049751e-01
-2.854738246,3.067970276e-03,4.338025195e+00,3.483459548e-01,2.501789092e-01,2.892969732e-01
-2.851670285,3.067970276e-03,4.539911616e+00,3.341495083e-01,2.509242532e-01,2.897710707e-01
-2.848602323,3.067970276e-03,4.739799729e+00,3.288433250e-01,2.502023299e-01,2.911827464e-01
-2.845534362,3.067970276e-03,2.783676048e+00,1.229518655e+00,2.502225303e-01,2.915601971e-01
-2.842466400,3.067970276e-03,2.899552168e+00,1.138221820e+00,2.502221745e-01,2.924260007e-01
-2.839398438,3.067970276e-03,3.010924063e+00,1.067977198e+00,2.503653923e-01,2.930969967e-01
-2.836330477,3.067970276e-03,3.085403060e+00,1.017252005e+00,2.503104914e-01,2.931479801e-01
-2.833262515,3.067970276e-03,3.190208021e+00,9.731140247e-01,2.503059411e-01,2.949158661e-01
-2.830194554,3.067970276e-03,3.279485670e+00,9.352017582e-01,2.504040601e-01,2.958867168e-01
-2.827126592,3.067970276e-03,3.377524562e+00,8.894527420e-01,2.504033625e-01,2.955517907e-01
-2.824058630,3.067970276e-03,3.479434288e+00,8.486356059e-01,2.500559023e-01,2.977915953e-01
-2.820990669,3.067970276e-03,3.600465297e+00,8.056276452e-01,2.503822516e-01,2.975826841e-01
-2.817922707,3.067970276e-03,3.717154402e+00,7.567712645e-01,2.504708137e-01,2.983565440e-01
-2.814854746,3.067970276e-03,3.851813887e+00,7.060875717e-01,2.504734066e-01,2.982113318e-01
-2.811786784,3.067970276e-03,3.994493273e+00,6.619889167e-01,2.503846631e-01,2.990022653e-01
-2.808718823,3.067970276e-03,4.136386198e+00,6.251941059e-01,2.504287248e-01,2.998927717e-01
-2.805650861,3.067970276e-03,4.258475812e+00,5.996299188e-01,2.504720670e-01,3.000475375e-01
-2.802582899,3.067970276e-03,4.378619719e+00,5.874116131e-01,2.504966715e-01,2.988269239e-01
-2.799514938,3.067970276e-03,4.483620935e+00,6.000333369e-01,2.505325601e-01,2.998592822e-01
-2.796446976,3.067970276e-03,2.470687290e+00,1.262346433e+00,2.505221244e-01,3.003248966e-01
-2.793379015,3.067970276e-03,2.517282997e+00,1.188014970e+00,2.505314617e-01,3.012409325e-01
-2.790311053,3.067970276e-03,2.550991410e+00,1.135392373e+00,2.504804763e-01,3.023801789e-01
-2.787243092,3.067970276e-03,2.581555782e+00,1.093306005e+00,2.504733399e-01,3.016174423e-01
-2.784175130,3.067970276e-03,2.606360597e+00,1.059439854e+00,2.505253128e-01,3.018903306e-01
-2.781107168,3.067970276e-03,2.621569285e+00,1.026605726e+00,2.505328729e-01,3.037387481e-01
-2.778039207,3.067970276e-03,2.638571296e+00,9.871218109e-01,2.504670585e-01,3.039276495e-01
-2.774971245,3.067731857e-03,2.666622567e+00,9.464216868e-01,2.505265032e-01,3.023154722e-01
-2.771903284,3.067970276e-03,2.692493245e+00,8.945317447e-01,2.504549804e-01,3.040438713e-01
-2.768835322,3.067970276e-03,2.718536072e+00,8.398420407e-01,2.505426774e-01,3.034844044e-01
-2.765767361,3.067970276e-03,2.753701935e+00,7.749424726e-01,2.504272924e-01,3.040478396e-01
-2.762699399,3.067970276e-03,2.820592300e+00,7.175184070e-01,2.503451170e-01,3.040943512e-01
-2.759631437,3.067970276e-03,2.853706224e+00,6.572565838e-01,2.503626787e-01,3.030562069e-01
-2.756563476,3.067970276e-03,2.884415872e+00,6.083776083e-01,2.503406231e-01,3.004066946e-01
-2.753495514,3.067970276e-03,2.898951329e+00,5.732340300e-01,2.503614910e-01,3.025439733e-01
-2.750427553,3.067970276e-03,2.911251403e+00,5.555528486e-01,2.498713006e-01,3.020738694e-01
-2.747359591,3.067970276e-03,2.735250085e+00,1.645464940e+00,2.502918550e-01,3.020917700e-01
-2.744291630,3.067970276e-03,2.751145415e+00,1.557849481e+00,2.502835231e-01,3.021675053e-01
-2.741223668,3.067970276e-03,2.742191246e+00,1.482839260e+00,2.502356721e-01,3.020078980e-01
-2.738155706,3.067970276e-03,2.756556623e+00,1.430850589e+00,2.502214552e-01,3.016072397e-01
-2.735087745,3.067970276e-03,2.736656458e+00,1.378231855e+00,2.502349161e-01,3.017138314e-01
-2.732019783,3.067970276e-03,2.723810362e+00,1.325778981e+00,2.506678074e-01,3.003693744e-01
-2.728951822,3.067970276e-03,2.711847115e+00,1.280782126e+00,2.509385092e-01,3.002625876e-01
-2.725883860,3.067970276e-03,2.716876404e+00,1.226405289e+00,2.503696411e-01,3.001675260e-01
-2.722815898,3.067970276e-03,2.714602398e+00,1.164272441e+00,2.502687287e-01,2.988506980e-01
-2.719747937,3.067970276e-03,2.717420673e+00,1.096934791e+00,2.504683798e-01,2.979881049e-01
-2.716679975,3.067970276e-03,2.726418563e+00,1.023385333e+00,2.504775801e-01,2.976434484e-01
-2.713612014,3.067970276e-03,2.772354986e+00,9.514160375e-01,2.505049722e-01,2.974927559e-01
-2.710544052,3.067970276e-03,2.776611896e+00,8.792693633e-01,2.506216121e-01,2.964872763e-01
-2.707476091,3.067970276e-03,2.774085301e+00,8.156786039e-01,2.507449480e-01,2.951945122e-01
-2.704408129,3.067970276e-03,2.761246658e+00,7.718838649e-01,2.511599939e-01,2.959080526e-01
-2.701340167,3.067970276e-03,2.728588441e+00,7.462587684e-01,2.510777245e-01,2.942024931e-01
-2.698272206,3.067970276e-03,2.550487642e+00,1.402615936e+00,2.513225844e-01,2.941281070e-01
-2.695204244,3.067970276e-03,2.638254286e+00,1.358519601e+00,2.514600621e-01,2.932042707e-01
-2.692136283,3.067970276e-03,2.711574628e+00,1.340247845e+00,2.515423612e-01,2.915144743e-01
-2.689068321,3.067731857e-03,2.783887720e+00,1.323847565e+00,2.522013807e-01,2.918287925e-01
-2.686000360,3.067970276e-03,2.844760228e+00,1.306003549e+00,2.520544479e-01,2.907795803e-01
-2.682932398,3.067970276e-03,2.918623696e+00,1.282804091e+00,2.524168479e-01,2.891167299e-01
-2.679864436,3.067970276e-03,3.003327415e+00,1.260646407e+00,2.528787970e-01,2.881974078e-01
-2.676796475,3.067970276e-03,3.096333023e+00,1.223426082e+00,2.528885530e-01,2.878375172e-01
-2.673728513,3.067970276e-03,3.193621605e+00,1.174343508e+00,2.534790725e-01,2.862329906e-01
-2.670660552,3.067970276e-03,3.307983395e+00,1.118274092e+00,2.537845868e-01,2.854110555e-01
-2.667592590,3.067970276e-03,3.439984566e+00,1.048460435e+00,2.538868879e-01,2.849361430e-01
-2.664524629,3.067970276e-03,3.594680215e+00,9.739266514e-01,2.543223230e-01,2.835955754e-01
-2.661456667,3.067970276e-03,3.726226920e+00,9.031103685e-01,2.549637597e-01,2.827059615e-01
-2.658388705,3.067970276e-03,3.856502362e+00,8.357006028e-01,2.555275315e-01,2.809852653e-01
-2.655320744,3.067970276e-03,3.987049358e+00,7.841619843e-01,2.558827512e-01,2.811605899e-01
-2.652252782,3.067970276e-03,4.082825940e+00,7.489822436e-01,2.565324679e-01,2.795011587e-01
-2.649184821,3.067970276e-03,2.037532541e+00,1.386895365e+00,2.571430381e-01,2.788167781e-01
-2.646116859,3.067970276e-03,2.022650879e+00,1.362330356e+00,2.576758920e-01,2.776078142e-01
-2.643048898,3.067970276e-03,2.002700545e+00,1.346460780e+00,2.717010897e-01,2.802138467e-01
-2.639980936,3.067970276e-03,1.969482630e+00,1.354944255e+00,7.873090234e-01,4.101734206e-01
-2.636912974,3.067970276e-03,1.930392915e+00,1.352754403e+00,7.495571439e-01,4.079364862e-01
-2.633845013,3.067970276e-03,1.893239893e+00,1.349920045e+00,7.746757486e-01,4.072127427e-01
-2.630777051,3.067970276e-03,1.864883932e+00,1.339664120e+00,7.714129562e-01,4.062606573e-01
-2.627709090,3.067970276e-03,1.834945046e+00,1.317598158e+00,7.678362069e-01,4.037402752e-01
-2.624641128,3.067970276e-03,1.807432904e+00,1.282029239e+00,7.589307659e-01,4.045556341e-01
-2.621573166,3.067970276e-03,1.791858780e+00,1.238156213e+00,7.562498400e-01,3.981696748e-01
-2.618505205,3.067970276e-03,1.449613676e+00,1.186672719e+00,6.319722626e-01,4.275794605e-01
-2.615437243,3.067970276e-03,7.935522006e-01,1.122191316e+00,3.892127376e-01,3.974729694e-01
-2.612369282,3.067970276e-03,7.875332421e-01,1.055466758e+00,3.888848358e-01,3.959486355e-01
-2.609301320,3.067970276e-03,7.813560370e-01,9.982827034e-01,3.861770389e-01,3.928506027e-01
-2.606233359,3.067731857e-03,7.707371893e-01,9.447460635e-01,3.840408284e-01,3.928994384e-01
-2.603165397,3.067970276e-03,7.552114947e-01,9.051526509e-01,3.824128490e-01,3.917376563e-01
-2.600097435,3.067970276e-03,9.034358747e-01,1.542087985e+00,3.816303446e-01,3.958023857e-01
-2.597029474,3.067970276e-03,9.295670042e-01,1.488656742e+00,3.783300722e-01,3.864786127e-01
-2.593961512,3.067970276e-03,9.469737105e-01,1.447591141e+00,3.762498666e-01,3.852784223e-01
-2.590893551,3.067970276e-03,9.631139941e-01,1.416077290e+00,3.759040252e-01,3.858704137e-01
-2.587825589,3.067970276e-03,9.712982776e-01,1.381768305e+00,3.743406254e-01,3.815507824e-01
-2.584757628,3.067970276e-03,9.849470455e-01,1.350837080e+00,3.710958828e-01,3.826484641e-01
-2.581689666,3.067970276e-03,1.006382357e+00,1.310762579e+00,3.708931942e-01,3.792273180e-01
-2.578621704,3.067970276e-03,1.025638544e+00,1.254473185e+00,3.694766627e-01,3.775981198e-01
-2.575553743,3.067970276e-03,1.048208701e+00,1.193106255e+00,3.679114651e-01,3.785332598e-01
-2.572485781,3.067970276e-03,1.082041558e+00,1.124381365e+00,3.681925395e-01,3.755925212e-01
-2.569417820,3.067970276e-03,1.114112518e+00,1.044282554e+00,3.648877949e-01,3.753018261e-01
-2.566349858,3.067970276e-03,1.146966529e+00,9.560867155e-01,3.640577579e-01,3.719008768e-01
-2.563281897,3.067970276e-03,1.193589853e+00,8.751635027e-01,3.603142532e-01,3.710246237e-01
-2.560213935,3.067970276e-03,1.235077436e+00,8.005995860e-01,3.624363916e-01,3.690745970e-01
-2.557145973,3.067970276e-03,1.259578345e+00,7.315430613e-01,3.552715113e-01,3.655654754e-01
-2.554078012,3.067970276e-03,1.274261737e+00,6.824682940e-01,3.590770230e-01,3.671923666e-01
-2.551010050,3.067970276e-03,8.573710167e-01,1.703890831e+00,3.573447420e-01,3.668169247e-01
-2.547942089,3.067970276e-03,9.021544774e-01,1.618434391e+00,3.575331520e-01,3.636544708e-01
-2.544874127,3.067970276e-03,9.397505192e-01,1.547733499e+00,3.561575539e-01,3.625856943e-01
-2.541806166,3.067970276e-03,9.867344323e-01,1.489480153e+00,3.549618430e-01,3.600610765e-01
-2.538738204,3.067970276e-03,1.032248026e+00,1.434669205e+00,3.544325236e-01,3.599542507e-01
-2.535670242,3.067970276e-03,1.086933173e+00,1.378399236e+00,3.543304447e-01,3.593461202e-01
-2.532602281,3.067970276e-03,1.147534722e+00,1.323436382e+00,3.527942699e-01,3.571248390e-01
-2.529534319,3.067970276e-03,1.218657955e+00,1.260471523e+00,3.524521981e-01,3.582178341e-01
-2.526466358,3.067970276e-03,1.300593577e+00,1.191732216e+00,3.523896429e-01,3.554873366e-01
-2.523398396,3.067731857e-03,1.393447987e+00,1.114656284e+00,3.503851505e-01,3.540911007e-01
-2.520330434,3.067970276e-03,1.491161152e+00,1.031084025e+00,3.533058196e-01,3.539553786e-01
-2.517262473,3.067970276e-03,1.603422883e+00,9.480207802e-01,3.491547411e-01,3.578039816e-01
-2.514194511,3.067970276e-03,1.732364772e+00,8.742475718e-01,3.516813557e-01,3.500042352e-01
-2.511126550,3.067970276e-03,1.849615454e+00,8.062330074e-01,3.491858180e-01,3.516880385e-01
-2.508058588,3.067970276e-03,1.951382385e+00,7.512133367e-01,3.488087522e-01,3.481391996e-01
-2.504990627,3.067970276e-03,2.048421596e+00,7.079375857e-01,3.500280264e-01,3.503322015e-01
-2.501922665,3.067970276e-03,7.512310488e-01,1.743128104e+00,3.496636943e-01,3.499116325e-01
-2.498854703,3.067970276e-03,7.572538697e-01,1.701007057e+00,3.493308645e-01,3.484944576e-01
-2.495786742,3.067970276e-03,7.627168188e-01,1.671953362e+00,3.496388862e-01,3.478051173e-01
-2.492718780,3.067970276e-03,7.630716758e-01,1.651489919e+00,3.499079472e-01,3.511805696e-01
-2.489650819,3.067970276e-03,7.639485053e-01,1.642699056e+00,3.498744590e-01,3.484569793e-01
-2.486582857,3.067970276e-03,7.610016084e-01,1.627543990e+00,3.494377177e-01,3.459868285e-01
-2.483514896,3.067970276e-03,7.615645499e-01,1.605799854e+00,3.496343088e-01,3.440333816e-01
-2.480446934,3.067970276e-03,7.641312296e-01,1.579353076e+00,3.513285809e-01,3.435644277e-01
-2.477378972,3.067970276e-03,7.711447018e-01,1.549245525e+00,3.513394158e-01,3.450869415e-01
-2.474311011,3.067970276e-03,7.787840439e-01,1.510388341e+00,3.517337343e-01,3.454615120e-01
-2.471243049,3.067970276e-03,7.924041419e-01,1.456245304e+00,3.516663262e-01,3.455085317e-01
-2.468175088,3.067970276e-03,8.055829396e-01,1.404791428e+00,3.534232971e-01,3.444383829e-01
-2.465107126,3.067970276e-03,8.308985243e-01,1.354957161e+00,3.531770983e-01,3.461755509e-01
-2.462039165,3.067970276e-03,8.565362087e-01,1.303278554e+00,3.564536231e-01,3.437888116e-01
-2.458971203,3.067970276e-03,8.714526074e-01,1.261461431e+00,3.536907515e-01,3.442255353e-01
-2.455903241,3.067970276e-03,8.821130872e-01,1.237143249e+00,3.554861886e-01,3.448028371e-01
-2.452835280,3.067970276e-03,8.032941978e-01,1.910188740e+00,3.561536282e-01,3.457809963e-01
-2.449767318,3.067970276e-03,8.093704789e-01,1.799435963e+00,3.567445428e-01,3.457003138e-01
-2.446699357,3.067970276e-03,8.088870482e-01,1.744811176e+00,3.584957577e-01,3.451290427e-01
-2.443631395,3.067970276e-03,8.027874777e-01,1.701898571e+00,3.587915991e-01,3.506078871e-01
-2.440563434,3.067970276e-03,8.026043899e-01,1.663871044e+00,3.588689817e-01,3.479136430e-01
-2.437495472,3.067731857e-03,7.964850835e-01,1.620365686e+00,3.604107322e-01,3.482177791e-01
-2.434427510,3.067970276e-03,7.922783792e-01,1.576687126e+00,3.620911723e-01,3.550306153e-01
-2.431359549,3.067970276e-03,7.925451434e-01,1.527925303e+00,3.623260209e-01,3.620172645e-01
-2.428291587,3.067970276e-03,7.932646293e-01,1.470320531e+00,3.644605470e-01,3.623737630e-01
-2.425223626,3.067970276e-03,7.980681461e-01,1.405240212e+00,3.645329594e-01,3.628848903e-01
-2.422155664,3.067970276e-03,8.077382229e-01,1.335917108e+00,3.657778661e-01,3.623529011e-01
-2.419087702,3.067970276e-03,8.217068168e-01,1.270054364e+00,3.676282358e-01,3.639659795e-01
-2.416019741,3.067970276e-03,8.299817833e-01,1.200107538e+00,3.681244600e-01,3.648204162e-01
-2.412951779,3.067970276e-03,8.457360907e-01,1.134166913e+00,3.677761129e-01,3.663985902e-01
-2.409883818,3.067970276e-03,8.495511751e-01,1.078699452e+00,3.683255100e-01,3.682647762e-01
-2.406815856,3.067970276e-03,8.451546696e-01,1.047583979e+00,3.688288190e-01,3.691041811e-01
-2.403747895,3.067970276e-03,7.619536796e-01,1.649614401e+00,3.691362183e-01,3.717380121e-01
-2.400679933,3.067970276e-03,7.814511254e-01,1.592852495e+00,3.703457186e-01,3.717843291e-01
-2.397611971,3.067970276e-03,7.941128894e-01,1.551782891e+00,3.693787705e-01,3.729073747e-01
-2.394544010,3.067970276e-03,8.062019242e-01,1.525804794e+00,3.709693453e-01,3.725576462e-01
-2.391476048,3.067970276e-03,8.122772580e-01,1.501201088e+00,3.676411608e-01,3.846470462e-01
-2.388408087,3.067970276e-03,8.203999832e-01,1.478913235e+00,3.718680391e-01,3.745498147e-01
-2.385340125,3.067970276e-03,8.363012958e-01,1.455429238e+00,3.718797418e-01,3.774321028e-01
-2.382272164,3.067970276e-03,8.508369044e-01,1.431314531e+00,3.707249043e-01,3.799971592e-01
-2.379204202,3.067970276e-03,8.692971462e-01,1.400258742e+00,3.717138574e-01,3.800596532e-01
-2.376136240,3.067970276e-03,8.952746216e-01,1.360382118e+00,3.691586193e-01,3.823118620e-01
-2.373068279,3.067970276e-03,9.277709943e-01,1.321035409e+00,3.688840057e-01,3.813192978e-01
-2.370000317,3.067970276e-03,9.709602484e-01,1.282703200e+00,3.663263715e-01,3.846388771e-01
-2.366932356,3.067970276e-03,1.004313537e+00,1.242923916e+00,3.651586818e-01,3.838888246e-01
-2.363864394,3.067970276e-03,1.038632255e+00,1.208517632e+00,3.611858194e-01,3.861292239e-01
-2.360796433,3.067970276e-03,1.084321092e+00,1.187019318e+00,3.601290550e-01,3.815477272e-01
-2.357728471,3.067970276e-03,1.103024197e+00,1.171270152e+00,3.563295834e-01,3.898672358e-01
-2.354660509,3.067731857e-03,1.026229902e+00,1.288769745e+00,3.151209682e-01,2.854683503e-01
-2.351592548,3.067970276e-03,1.006867819e+00,1.308571932e+00,3.098147701e-01,2.873203532e-01
-2.348524586,3.067970276e-03,9.888726716e-01,1.360131886e+00,3.126730865e-01,2.876863392e-01
-2.345456625,3.067970276e-03,9.605727658e-01,1.407245174e+00,3.114179089e-01,2.900006572e-01
-2.342388663,3.067970276e-03,9.275946750e-01,1.460907469e+00,3.122373069e-01,2.903678092e-01
-2.339320702,3.067970276e-03,8.923527361e-01,1.502277354e+00,3.111277125e-01,2.915765966e-01
-2.336252740,3.067970276e-03,8.647301286e-01,1.548584940e+00,3.114057435e-01,2.916369631e-01
-2.333184778,3.067970276e-03,8.361366082e-01,1.588750966e+00,3.098202463e-01,2.929967162e-01
-2.330116817,3.067970276e-03,8.141009437e-01,1.618057112e+00,3.110240809e-01,2.921464731e-01
-2.327048855,3.067970276e-03,7.948595931e-01,1.645799352e+00,3.083775519e-01,2.926978029e-01
-2.323980894,3.067970276e-03,7.812548833e-01,1.665220886e+00,3.063543927e-01,2.925095133e-01
-2.320912932,3.067970276e-03,7.670789508e-01,1.679074370e+00,3.134286812e-01,2.899466349e-01
-2.317844970,3.067970276e-03,7.525937223e-01,1.694236878e+00,3.056549468e-01,2.914351926e-01
-2.314777009,3.067970276e-03,7.330390682e-01,1.713159800e+00,3.064783375e-01,2.905786475e-01
-2.311709047,3.067970276e-03,7.118687246e-01,1.744666612e+00,3.061240711e-01,2.908233275e-01
-2.308641086,3.067970276e-03,6.825374891e-01,1.786619712e+00,3.062519487e-01,2.901644823e-01
-2.305573124,3.067970276e-03,1.029230264e+00,1.734216721e+00,3.044476602e-01,2.897086778e-01
-2.302505163,3.067970276e-03,9.971665514e-01,1.730391214e+00,3.043595941e-01,2.892926470e-01
-2.299437201,3.067970276e-03,9.477772564e-01,1.742588952e+00,3.030074842e-01,2.888695255e-01
-2.296369239,3.067970276e-03,8.918082712e-01,1.768390851e+00,3.022066123e-01,2.889990238e-01
-2.293301278,3.067970276e-03,8.363573489e-01,1.782354473e+00,3.016264390e-01,2.786131658e-01
-2.290233316,3.067970276e-03,7.847358043e-01,1.807816650e+00,3.011988021e-01,2.872673241e-01
-2.287165355,3.067970276e-03,7.433598459e-01,1.829619318e+00,3.014887277e-01,2.862613699e-01
-2.284097393,3.067970276e-03,7.061011946e-01,1.835293531e+00,3.014182066e-01,2.861447895e-01
-2.281029432,3.067970276e-03,6.728904220e-01,1.844975210e+00,3.016657587e-01,2.846571386e-01
-2.277961470,3.067970276e-03,6.491659622e-01,1.845968063e+00,2.943956122e-01,2.842739571e-01
-2.274893508,3.067970276e-03,6.301308789e-01,1.841776501e+00,2.879230127e-01,2.830191203e-01
-2.271825547,3.067970276e-03,6.116031096e-01,1.836093474e+00,2.879632633e-01,2.820507384e-01
-2.268757585,3.067731857e-03,5.980388881e-01,1.824047713e+00,2.894516196e-01,2.818862695e-01
-2.265689624,3.067970276e-03,5.824004222e-01,1.821007439e+00,2.866549666e-01,2.815173375e-01
-2.262621662,3.067970276e-03,5.677391313e-01,1.825665258e+00,2.867525675e-01,2.805231054e-01
-2.259553701,3.067970276e-03,5.464702773e-01,1.837385883e+00,2.871610614e-01,2.799867871e-01
-2.256485739,3.067970276e-03,7.616573884e-01,1.791200251e+00,2.865334045e-01,2.796400800e-01
-2.253417777,3.067970276e-03,7.468289752e-01,1.816664976e+00,2.865165083e-01,2.784519362e-01
-2.250349816,3.067970276e-03,7.192575996e-01,1.847666092e+00,2.862125425e-01,2.798439333e-01
-2.247281854,3.067970276e-03,6.867457203e-01,1.891843561e+00,2.851415321e-01,2.779373658e-01
-2.244213893,3.067970276e-03,6.575881445e-01,1.933913810e+00,2.870289576e-01,2.779585849e-01
-2.241145931,3.067970276e-03,6.345189074e-01,1.971569192e+00,2.876376116e-01,2.768869669e-01
-2.238077970,3.067970276e-03,6.078458748e-01,1.998377757e+00,2.879798093e-01,2.769448474e-01
-2.235010008,3.067970276e-03,5.910931989e-01,2.018467276e+00,2.877924183e-01,2.764255315e-01
-2.231942046,3.067970276e-03,5.800889894e-01,2.037118494e+00,2.868427841e-01,2.763103578e-01
-2.228874085,3.067970276e-03,5.681817496e-01,2.048483023e+00,2.873008464e-01,2.753467260e-01
-2.225806123,3.067970276e-03,5.619694588e-01,2.050034211e+00,2.887787811e-01,2.751685170e-01
-2.222738162,3.067970276e-03,5.541802326e-01,2.046682274e+00,2.902476276e-01,2.752290891e-01
-2.219670200,3.067970276e-03,5.504650994e-01,2.050692984e+00,2.923158350e-01,2.751072784e-01
-2.216602238,3.067970276e-03,5.475031622e-01,2.057748694e+00,2.901232359e-01,2.749615683e-01
-2.213534277,3.067970276e-03,5.358842572e-01,2.071579467e+00,2.903029349e-01,2.745964690e-01
-2.210466315,3.067970276e-03,5.275090129e-01,2.095333389e+00,2.919627370e-01,2.746362858e-01
-2.207398354,3.067970276e-03,1.173218047e+00,8.074858199e-01,2.922730814e-01,2.747515715e-01
-2.204330392,3.067970276e-03,1.113823239e+00,8.611442673e-01,2.907939009e-01,2.738993342e-01
-2.201262431,3.067970276e-03,1.039727404e+00,9.239067375e-01,2.933721710e-01,2.740377687e-01
-2.198194469,3.067970276e-03,9.573089022e-01,1.001215963e+00,2.924257407e-01,2.751563103e-01
-2.195126507,3.067970276e-03,8.783814539e-01,1.098512417e+00,2.971387668e-01,2.737619430e-01
-2.192058546,3.067970276e-03,8.073758143e-01,1.192705697e+00,2.951292608e-01,2.759441004e-01
-2.188990584,3.067970276e-03,7.415766561e-01,1.284401315e+00,2.954398448e-01,2.740201264e-01
-2.185922623,3.067731857e-03,6.855734301e-01,1.374419616e+00,2.965769295e-01,2.748044873e-01
-2.182854661,3.067970276e-03,6.424649453e-01,1.470691083e+00,2.987722340e-01,2.747804593e-01
-2.179786700,3.067970276e-03,6.083134631e-01,1.547698292e+00,2.980508285e-01,2.748127512e-01
-2.176718738,3.067970276e-03,5.899655045e-01,1.624085532e+00,2.997808635e-01,2.753855355e-01
-2.173650776,3.067970276e-03,5.570330098e-01,1.692495098e+00,3.003384694e-01,2.753336832e-01
-2.170582815,3.067970276e-03,5.357112075e-01,1.765208888e+00,3.003510829e-01,2.755183744e-01
-2.167514853,3.067970276e-03,5.182582383e-01,1.833950321e+00,3.024553687e-01,2.759748915e-01
-2.164446892,3.067970276e-03,5.019301271e-01,1.904496914e+00,3.031268386e-01,2.765567813e-01
-2.161378930,3.067970276e-03,4.884049929e-01,1.983074587e+00,3.053521590e-01,2.763320895e-01
-2.158310969,3.067970276e-03,1.058602908e+00,1.486187544e+00,3.059172107e-01,2.771772975e-01
-2.155243007,3.067970276e-03,9.884193376e-01,1.505014972e+00,3.049900962e-01,2.748953834e-01
-2.152175045,3.067970276e-03,9.083907461e-01,1.537318291e+00,3.078363988e-01,2.784610963e-01
-2.149107084,3.067970276e-03,8.303631547e-01,1.575636853e+00,3.093088071e-01,2.773167930e-01
-2.146039122,3.067970276e-03,7.558296085e-01,1.636855724e+00,3.099606000e-01,2.790729297e-01
-2.142971161,3.067970276e-03,6.874537612e-01,1.682459698e+00,3.126255697e-01,2.794136095e-01
-2.139903199,3.067970276e-03,6.334519621e-01,1.722102642e+00,3.130005170e-01,2.809649811e-01
-2.136835238,3.067970276e-03,5.894428534e-01,1.762655670e+00,3.151904312e-01,2.806699758e-01
-2.133767276,3.067970276e-03,5.587314806e-01,1.801296545e+00,3.146684128e-01,2.813601436e-01
-2.130699314,3.067970276e-03,5.328087113e-01,1.827793364e+00,3.161974286e-01,2.819520080e-01
-2.127631353,3.067970276e-03,5.172823747e-01,1.860298257e+00,3.189098118e-01,2.819719213e-01
-2.124563391,3.067970276e-03,5.040426486e-01,1.875921918e+00,3.182308738e-01,2.833614866e-01
-2.121495430,3.067970276e-03,4.907333839e-01,1.900807512e+00,3.217049200e-01,2.841956821e-01
-2.118427468,3.067970276e-03,4.835058696e-01,1.924507039e+00,3.213633546e-01,2.842369289e-01
-2.115359506,3.067970276e-03,4.716826702e-01,1.957244598e+00,3.226588279e-01,2.851975552e-01
-2.112291545,3.067970276e-03,4.623677892e-01,1.999682467e+00,3.295274122e-01,2.868088541e-01
-2.109223583,3.067970276e-03,6.865223985e-01,2.446864985e+00,3.268903277e-01,2.871077013e-01
-2.106155622,3.067970276e-03,6.552383621e-01,2.398286144e+00,3.279492908e-01,2.878593083e-01
-2.103087660,3.067731857e-03,6.171899056e-01,2.362710849e+00,3.282813327e-01,2.888583036e-01
-2.100019699,3.067970276e-03,5.787919849e-01,2.343120619e+00,3.305252108e-01,2.901682689e-01
-2.096951737,3.067970276e-03,5.436655447e-01,2.339436263e+00,3.322467333e-01,2.902048987e-01
-2.093883775,3.067970276e-03,5.190458004e-01,3.540827782e+00,3.616369394e-01,3.744638674e-01
-2.090815814,3.067970276e-03,4.885971448e-01,4.120830337e+00,3.330279887e-01,4.187206834e-01
-2.087747852,3.067970276e-03,4.757599877e-01,4.095832678e+00,3.380981884e-01,4.202173701e-01
-2.084679891,3.067970276e-03,4.639789004e-01,4.057923985e+00,3.379614795e-01,4.271364287e-01
-2.081611929,3.067970276e-03,4.567317023e-01,4.006223515e+00,3.400789188e-01,4.297234429e-01
-2.078543968,3.067970276e-03,4.524323025e-01,3.952813199e+00,3.410037769e-01,4.318330798e-01
-2.075476006,3.067970276e-03,4.507584308e-01,3.901281145e+00,3.418851749e-01,4.070662040e-01
-2.072408044,3.067970276e-03,4.479271000e-01,3.850832413e+00,3.440112319e-01,4.416541768e-01
-2.069340083,3.067970276e-03,4.459705459e-01,3.795814769e+00,2.579457843e-01,4.430617412e-01
-2.066272121,3.067970276e-03,4.426497900e-01,3.757572676e+00,2.564964387e-01,4.405680305e-01
-2.063204160,3.067970276e-03,4.378998242e-01,3.748070005e+00,2.571222829e-01,4.377155878e-01
-2.060136198,3.067970276e-03,7.005886255e-01,1.915352158e+00,2.572780347e-01,4.349140183e-01
-2.057068237,3.067970276e-03,6.648226012e-01,1.975068913e+00,2.583027448e-01,4.321691343e-01
-2.054000275,3.067970276e-03,6.199224520e-01,2.056361081e+00,2.580799098e-01,4.304375202e-01
-2.050932313,3.067970276e-03,5.732299639e-01,2.154180354e+00,2.589441395e-01,4.277392808e-01
-2.047864352,3.067970276e-03,5.276821528e-01,2.258477580e+00,2.595882895e-01,4.237613271e-01
-2.044796390,3.067970276e-03,4.884524094e-01,2.381506684e+00,2.602743119e-01,4.215586466e-01
-2.041728429,3.067970276e-03,4.647882187e-01,2.489193436e+00,2.605836092e-01,4.206948034e-01
-2.038660467,3.067970276e-03,4.409619785e-01,2.596543677e+00,2.609118109e-01,4.188694532e-01
-2.035592506,3.067970276e-03,4.241885585e-01,2.690859932e+00,2.619135796e-01,4.159536287e-01
-2.032524544,3.067970276e-03,4.180185691e-01,2.771743374e+00,2.623370603e-01,4.146043489e-01
-2.029456582,3.067970276e-03,4.181591505e-01,2.857057637e+00,2.629917572e-01,4.120687564e-01
-2.026388621,3.067970276e-03,4.075234517e-01,2.933697805e+00,2.639432595e-01,4.091361716e-01
-2.023320659,3.067970276e-03,4.061736389e-01,2.999143794e+00,2.647523478e-01,4.085503330e-01
-2.020252698,3.067970276e-03,4.034973820e-01,3.063973636e+00,2.644649517e-01,4.039998722e-01
-2.017184736,3.067731857e-03,4.016772301e-01,3.149200675e+00,2.656456513e-01,4.040603657e-01
-2.014116774,3.067970276e-03,3.994815686e-01,3.248765910e+00,2.662813257e-01,4.012483900e-01
-2.011048813,3.067970276e-03,5.765811615e-01,3.181579721e+00,2.663776600e-01,3.988417356e-01
-2.007980851,3.067970276e-03,5.553203071e-01,3.136804858e+00,2.675507541e-01,3.998653470e-01
-2.004912890,3.067970276e-03,5.242224563e-01,3.132953923e+00,2.672672082e-01,3.964250799e-01
-2.001844928,3.067970276e-03,4.833393043e-01,3.133197481e+00,2.679645234e-01,3.955300439e-01
-1.998776967,3.068089485e-03,4.496701981e-01,3.134745899e+00,2.685634687e-01,3.933786059e-01
-1.995709005,3.067970276e-03,4.200199008e-01,3.171829877e+00,2.695244997e-01,3.921914213e-01
-1.992641043,3.067970276e-03,4.018075674e-01,3.199318120e+00,2.697066099e-01,3.913085970e-01
-1.989573082,3.067970276e-03,3.886002239e-01,3.198813165e+00,2.704909844e-01,3.893071627e-01
-1.986505120,3.067970276e-03,3.849569321e-01,3.193784223e+00,2.712031066e-01,3.889325897e-01
-1.983437159,3.067970276e-03,3.855777992e-01,3.189055354e+00,2.713254052e-01,3.860333751e-01
-1.980369197,3.067970276e-03,3.906047930e-01,3.192510430e+00,2.721764246e-01,3.857937583e-01
-1.977301236,3.067970276e-03,3.982908226e-01,3.175388907e+00,2.726563210e-01,3.850090097e-01
-1.974233274,3.067851067e-03,4.119514898e-01,3.158292899e+00,2.725130662e-01,3.842630387e-01
-1.971165312,3.067970276e-03,4.302666893e-01,3.150605294e+00,2.733002450e-01,3.823129123e-01
-1.968097351,3.067970276e-03,4.599947552e-01,3.164000207e+00,2.732671665e-01,3.817337395e-01
-1.965029389,3.067970276e-03,5.116697751e-01,3.178323022e+00,2.736322094e-01,3.819190385e-01
-1.961961428,3.067970276e-03,6.258830935e-01,3.101864405e+00,2.741080070e-01,3.803322335e-01
-1.958893466,3.067970276e-03,6.033410232e-01,3.108838184e+00,2.745024054e-01,3.799839482e-01
-1.955825505,3.067970276e-03,5.681772432e-01,3.134753648e+00,2.753487113e-01,3.785713075e-01
-1.952757543,3.067970276e-03,5.256259328e-01,3.162611764e+00,2.750463865e-01,3.788143699e-01
-1.949689581,3.067970276e-03,4.797772271e-01,3.196675772e+00,2.755881767e-01,3.794380090e-01
-1.946621620,3.067970276e-03,4.416619125e-01,3.265330134e+00,2.761976490e-01,3.784574781e-01
-1.943553658,3.067970276e-03,4.121363228e-01,3.313675150e+00,2.754433937e-01,3.776118077e-01
-1.940485697,3.067970276e-03,3.883214993e-01,3.339167493e+00,2.762338955e-01,3.774483419e-01
-1.937417735,3.067970276e-03,3.724020253e-01,3.365809235e+00,2.751028323e-01,3.770935903e-01
-1.934349774,3.067851067e-03,3.615366723e-01,3.401810188e+00,2.761908375e-01,3.764997990e-01
-1.931281812,3.067970276e-03,3.553783221e-01,3.424634622e+00,2.762766776e-01,3.762170329e-01
-1.928213850,3.067970276e-03,3.515026348e-01,3.441298319e+00,2.759388372e-01,3.760787883e-01
-1.925145889,3.067970276e-03,3.501348884e-01,3.460451242e+00,2.755398603e-01,3.769025244e-01
-1.922077927,3.067970276e-03,3.507879054e-01,3.502154234e+00,2.755449205e-01,3.769219261e-01
-1.919009966,3.067970276e-03,3.582313235e-01,3.544994424e+00,2.749868142e-01,3.765304269e-01
-1.915942004,3.067970276e-03,3.765744361e-01,3.604135812e+00,2.749926709e-01,3.769655718e-01
-1.912874042,3.067970276e-03,4.565647920e-01,1.932762469e+00,2.748355078e-01,3.766059087e-01
-1.909806081,3.067970276e-03,4.645787440e-01,2.002087266e+00,2.736008939e-01,3.771836932e-01
-1.906738119,3.067970276e-03,4.549046670e-01,2.070896825e+00,2.752252411e-01,3.789060376e-01
-1.903670158,3.067970276e-03,4.335712831e-01,2.153530298e+00,2.750447635e-01,3.785306988e-01
-1.900602196,3.067970276e-03,4.097021323e-01,2.240670359e+00,2.746503346e-01,3.775842702e-01
-1.897534235,3.067970276e-03,3.854852355e-01,2.357074724e+00,2.744769972e-01,3.789919675e-01
-1.894466273,3.067970276e-03,3.630470956e-01,2.461554350e+00,2.745944859e-01,3.796024569e-01
-1.891398311,3.067851067e-03,3.484452514e-01,2.559287511e+00,2.742492972e-01,3.807094381e-01
-1.888330350,3.067970276e-03,3.381176414e-01,2.651960462e+00,2.735297681e-01,3.804111075e-01
-1.885262388,3.067970276e-03,3.312231543e-01,2.753269576e+00,2.732121558e-01,3.811247556e-01
-1.882194427,3.067970276e-03,3.280815522e-01,2.843762726e+00,2.732905926e-01,3.823567021e-01
-1.879126465,3.067970276e-03,3.297953175e-01,2.929034293e+00,2.728823359e-01,3.826682771e-01
-1.876058504,3.067970276e-03,3.332705364e-01,3.020887975e+00,2.717669141e-01,3.834901742e-01
-1.872990542,3.067970276e-03,3.434210198e-01,3.109612149e+00,2.721796788e-01,3.837917306e-01
-1.869922580,3.067970276e-03,3.652106496e-01,3.221762991e+00,2.718635001e-01,3.852184503e-01
-1.866854619,3.067970276e-03,4.065155278e-01,3.342498629e+00,2.714829587e-01,3.858843880e-01
-1.863786657,3.067970276e-03,7.182344976e-01,1.864740082e+00,2.709412174e-01,3.872369260e-01
-1.860718696,3.067970276e-03,6.827773365e-01,1.973087842e+00,2.706383877e-01,3.874494125e-01
-1.857650734,3.067970276e-03,6.276880442e-01,2.090700141e+00,2.702323134e-01,3.886955752e-01
-1.854582773,3.067970276e-03,5.602537738e-01,2.219954366e+00,2.699208087e-01,3.898962881e-01
-1.851514811,3.067970276e-03,4.921765010e-01,2.365550189e+00,2.694996841e-01,3.905531846e-01
-1.848446849,3.067851067e-03,4.266094899e-01,2.520631467e+00,2.689178031e-01,3.921151200e-01
-1.845378888,3.067970276e-03,3.762169904e-01,2.673448281e+00,2.682958849e-01,3.930423551e-01
-1.842310926,3.067970276e-03,3.390829613e-01,2.813332851e+00,2.679626578e-01,3.939762804e-01
-1.839242965,3.067970276e-03,3.173583408e-01,2.957778249e+00,2.676601212e-01,3.941343353e-01
-1.836175003,3.067970276e-03,3.086418158e-01,3.085965304e+00,2.672023057e-01,3.971134253e-01
-1.833107042,3.067970276e-03,3.115311115e-01,3.202019096e+00,2.665602945e-01,3.981931181e-01
-1.830039080,3.067970276e-03,3.247561224e-01,3.312603090e+00,2.662079775e-01,3.989716783e-01
-1.826971118,3.067970276e-03,3.490129941e-01,3.434573025e+00,2.656234843e-01,3.995193781e-01
-1.823903157,3.067970276e-03,3.874422721e-01,4.652180124e+00,2.663094403e-01,5.375806625e-01
-1.820835195,3.067970276e-03,4.445651611e-01,6.798791235e+00,2.733271942e-01,5.366320093e-01
-1.817767234,3.067970276e-03,5.338961349e-01,7.041463765e+00,2.822397544e-01,2.841406428e-01
-1.814699272,3.067970276e-03,9.699928742e-01,3.187838870e+00,2.809009707e-01,2.834431590e-01
-1.811631310,3.067970276e-03,9.382539635e-01,3.285839474e+00,2.803186896e-01,2.821170798e-01
-1.808563349,3.067851067e-03,9.194259668e-01,3.413768661e+00,2.791512479e-01,2.810772577e-01
-1.805495387,3.067970276e-03,9.155675393e-01,3.573690861e+00,2.778479344e-01,2.800398944e-01
-1.802427426,3.067970276e-03,9.182884170e-01,3.765223596e+00,2.770637378e-01,2.793836192e-01
-1.799359464,3.067970276e-03,9.207014856e-01,3.983445968e+00,2.760719824e-01,2.786233144e-01
-1.796291503,3.067970276e-03,9.254592252e-01,4.231285769e+00,2.751016824e-01,2.763471799e-01
-1.793223541,3.067970276e-03,9.164575062e-01,4.478728628e+00,2.742354084e-01,2.769058759e-01
-1.790155579,3.067970276e-03,9.006837633e-01,4.748678249e+00,2.732045743e-01,2.756653975e-01
-1.787087618,3.067970276e-03,8.795810795e-01,5.010184944e+00,2.719448049e-01,2.746961401e-01
-1.784019656,3.067970276e-03,8.550334849e-01,5.282482400e+00,2.712373655e-01,2.740575753e-01
-1.780951695,3.067970276e-03,8.167459889e-01,5.587894112e+00,2.704763274e-01,2.732670122e-01
-1.777883733,3.067970276e-03,7.842492751e-01,5.910093904e+00,2.695522226e-01,2.723407460e-01
-1.774815772,3.067970276e-03,7.623198142e-01,6.224599798e+00,2.686503581e-01,2.718676752e-01
-1.771747810,3.067970276e-03,7.514641198e-01,6.561866489e+00,2.676127255e-01,2.706927798e-01
-1.768679848,3.067970276e-03,7.639356975e-01,6.953429195e+00,2.671009631e-01,2.701802012e-01
-1.765611887,3.067851067e-03,3.666253818e-01,3.214843605e+00,2.661803934e-01,2.693182717e-01
-1.762543925,3.067970276e-03,3.409830159e-01,3.312088705e+00,2.654144571e-01,2.685247261e-01
-1.759475964,3.067970276e-03,3.126824168e-01,3.438222609e+00,2.649953077e-01,2.682643224e-01
-1.756408002,3.067970276e-03,2.900252486e-01,3.603673654e+00,2.641274877e-01,2.672827221e-01
-1.753340041,3.067970276e-03,2.824341019e-01,3.783098487e+00,2.630459376e-01,2.664095121e-01
-1.750272079,3.067970276e-03,2.877072423e-01,3.999642673e+00,2.627073672e-01,2.659832874e-01
-1.747204117,3.067970276e-03,3.085332808e-01,4.243546911e+00,2.618611221e-01,2.654746454e-01
-1.744136156,3.067970276e-03,3.403617231e-01,4.500720923e+00,2.609647195e-01,2.647381847e-01
-1.741068194,3.067970276e-03,3.784245272e-01,4.741401375e+00,2.605572218e-01,2.641444324e-01
-1.738000233,3.067970276e-03,4.194163480e-01,4.991716813e+00,2.584867551e-01,2.634017512e-01
-1.734932271,3.067970276e-03,4.606172422e-01,5.233866797e+00,2.592492480e-01,2.630272315e-01
-1.731864310,3.067970276e-03,4.929379889e-01,5.509532894e+00,2.587661219e-01,2.624974342e-01
-1.728796348,3.067970276e-03,5.462361683e-01,5.749939711e+00,2.581943138e-01,2.619122910e-01
-1.725728386,3.067970276e-03,5.972943629e-01,5.992486437e+00,2.576275686e-01,2.615318508e-01
-1.722660425,3.067851067e-03,6.666499778e-01,6.235736064e+00,2.573712695e-01,2.612961311e-01
-1.719592463,3.067970276e-03,7.585268302e-01,6.505441174e+00,2.567057545e-01,2.606715200e-01
-1.716524502,3.067970276e-03,3.245395752e-01,3.678121147e+00,2.561444818e-01,2.604286172e-01
-1.713456540,3.067970276e-03,3.224045348e-01,3.789209881e+00,2.556107805e-01,2.598185775e-01
-1.710388578,3.067970276e-03,3.308106817e-01,3.911371531e+00,2.552167808e-01,2.594654771e-01
-1.707320617,3.067970276e-03,3.437475376e-01,4.051318247e+00,2.548795222e-01,2.592118748e-01
-1.704252655,3.067970276e-03,3.670432618e-01,4.176836924e+00,2.546422753e-01,2.587934672e-01
-1.701184694,3.067970276e-03,3.921336243e-01,4.321813693e+00,2.541766722e-01,2.586236011e-01
-1.698116732,3.067970276e-03,4.165195228e-01,4.498192024e+00,2.538499029e-01,2.582478100e-01
-1.695048771,3.067970276e-03,4.360830065e-01,8.309284758e+00,2.534627189e-01,2.783491772e-01
-1.691980809,3.067970276e-03,4.506937611e-01,9.196997408e+00,2.531460276e-01,2.807624357e-01
-1.688912847,3.067970276e-03,4.576884836e-01,9.459908769e+00,2.528388314e-01,2.795140035e-01
-1.685844886,3.067970276e-03,4.569262937e-01,9.748170329e+00,2.526186407e-01,2.786872910e-01
-1.682776924,3.067851067e-03,4.533265596e-01,1.003367426e+01,2.522867084e-01,2.780238660e-01
-1.679708963,3.067970276e-03,4.505534682e-01,1.030729890e+01,2.521433960e-01,2.770240173e-01
-1.676641001,3.067970276e-03,4.523498196e-01,1.060662241e+01,2.518927827e-01,2.763671745e-01
-1.673573040,3.067970276e-03,4.637005037e-01,1.096962363e+01,2.517165600e-01,2.756747035e-01
-1.670505078,3.067970276e-03,4.990299555e-01,1.134965608e+01,2.519540033e-01,2.749040464e-01
-1.667437116,3.067970276e-03,4.530221348e-01,1.142649625e+01,2.513824423e-01,2.738908644e-01
-1.664369155,3.067970276e-03,4.572862183e-01,1.142477487e+01,2.512324685e-01,2.734261977e-01
-1.661301193,3.067970276e-03,4.747478399e-01,1.150391284e+01,2.510515415e-01,2.732354702e-01
-1.658233232,3.067970276e-03,5.034633080e-01,1.156194458e+01,2.510050044e-01,2.721172175e-01
-1.655165270,3.067970276e-03,5.365543923e-01,1.162542097e+01,2.508055503e-01,2.720831472e-01
-1.652097309,3.067970276e-03,5.679578136e-01,1.171952733e+01,2.507322986e-01,2.714365882e-01
-1.649029347,3.067970276e-03,5.921207325e-01,1.186383320e+01,2.506328498e-01,2.712528245e-01
-1.645961385,3.067970276e-03,6.095839694e-01,1.196755436e+01,2.505621377e-01,2.705372246e-01
-1.642893424,3.067970276e-03,6.143161365e-01,1.206842672e+01,2.504168008e-01,2.703843617e-01
-1.639825462,3.067851067e-03,6.110395151e-01,1.219983475e+01,2.503933751e-01,2.699999955e-01
-1.636757501,3.067970276e-03,5.933477961e-01,1.235439290e+01,2.503341432e-01,2.698083071e-01
-1.633689539,3.067970276e-03,5.732981081e-01,1.709425364e+01,2.502756641e-01,2.919300417e-01
-1.630621578,3.067970276e-03,5.516292434e-01,2.465573858e+01,2.502333994e-01,3.267483794e-01
-1.627553616,3.067970276e-03,5.359446866e-01,2.494909008e+01,2.502113984e-01,3.261232914e-01
-1.624485654,3.067970276e-03,5.350354476e-01,2.526282349e+01,2.501606580e-01,3.252505764e-01
-1.621417693,3.067970276e-03,5.502664744e-01,2.552541784e+01,2.500996950e-01,3.246408847e-01
-1.618349731,3.067970276e-03,1.413554403e+00,1.451281256e+01,2.501135682e-01,3.239316324e-01
-1.615281770,3.067970276e-03,1.313362471e+00,1.485366288e+01,2.501183368e-01,3.232466341e-01
-1.612213808,3.067970276e-03,1.236762576e+00,1.518229678e+01,2.500299109e-01,3.230839157e-01
-1.609145846,3.067970276e-03,1.171694768e+00,1.549030648e+01,2.500473908e-01,3.224436189e-01
-1.606077885,3.067970276e-03,1.125846539e+00,1.578423915e+01,2.500099517e-01,3.220713211e-01
-1.603009923,3.067970276e-03,1.078821169e+00,1.913187951e+01,2.500529216e-01,3.489981858e-01
-1.599941962,3.067970276e-03,1.031251981e+00,3.257912064e+01,2.500116994e-01,4.653883314e-01
-1.596874000,3.067851067e-03,9.777182157e-01,3.310742998e+01,2.500001218e-01,4.663948182e-01
-1.593806039,3.067970276e-03,9.181282234e-01,3.359888124e+01,2.499882776e-01,4.674032511e-01
-1.590738077,3.067970276e-03,8.529197145e-01,3.420924568e+01,2.500530898e-01,4.673392641e-01
-1.587670115,3.067970276e-03,7.838479667e-01,3.788752639e+01,2.499457009e-01,4.484784695e-01
-1.584602154,3.067970276e-03,7.083677324e-01,6.988494988e+01,2.500755968e-01,2.541810183e-01
-1.581534192,3.067970276e-03,6.378927114e-01,7.065044598e+01,2.499068619e-01,2.542979494e-01
-1.578466231,3.067970276e-03,5.744042633e-01,1.109276655e+02,2.499544604e-01,2.614954506e-01
-1.575398269,3.067970276e-03,5.258773255e-01,1.842479402e+02,2.500268404e-01,2.813837415e-01
-1.572330308,3.067970276e-03,4.707487106e-01,3.103476435e+03,2.371358793e-01,3.651312317e-01
-1.569262346,3.067970276e-03,4.703242141e-01,2.658060659e+03,2.371334660e-01,3.491682010e-01
-1.566194384,3.067970276e-03,5.245888446e-01,1.768290616e+02,2.500280918e-01,2.818299368e-01
-1.563126423,3.067970276e-03,5.728008059e-01,1.092862293e+02,2.499589254e-01,2.614124637e-01
-1.560058461,3.067970276e-03,6.360131720e-01,7.180854594e+01,2.499049666e-01,2.543970263e-01
-1.556990500,3.067970276e-03,7.055127556e-01,7.327243648e+01,2.500696837e-01,2.541079487e-01
-1.553922538,3.067851067e-03,7.799456749e-01,4.056490637e+01,2.499480922e-01,4.484917332e-01
-1.550854577,3.067970276e-03,8.483228986e-01,3.792216369e+01,2.500564898e-01,4.690062094e-01
-1.547786615,3.067970276e-03,9.146108569e-01,3.875900346e+01,2.499903214e-01,4.692837170e-01
-1.544718653,3.067970276e-03,9.717799674e-01,3.972143446e+01,2.499844480e-01,4.701043259e-01
-1.541650692,3.067970276e-03,1.024570342e+00,4.071742097e+01,2.500072400e-01,4.699651465e-01
-1.538582730,3.067970276e-03,1.070581899e+00,2.459128954e+01,2.500456050e-01,3.484400308e-01
-1.535514769,3.067970276e-03,1.117565185e+00,2.125407689e+01,2.500038363e-01,3.195989624e-01
-1.532446807,3.067970276e-03,1.163449221e+00,2.189156373e+01,2.500605402e-01,3.191935770e-01
-1.529378846,3.067970276e-03,1.227309632e+00,2.257595647e+01,2.500242270e-01,3.187245118e-01
-1.526310884,3.067970276e-03,1.302702339e+00,2.329416530e+01,2.500431347e-01,3.182375672e-01
-1.523242922,3.067970276e-03,1.402075867e+00,2.407435229e+01,2.500962449e-01,3.176690316e-01
-1.520174961,3.067970276e-03,6.532896490e-01,9.126994582e+00,2.500785726e-01,3.168220698e-01
-1.517106999,3.067970276e-03,6.349029026e-01,9.334334572e+00,2.501211014e-01,3.166794453e-01
-1.514039038,3.067851067e-03,6.372478879e-01,9.518314577e+00,2.500739984e-01,3.161104042e-01
-1.510971076,3.067970276e-03,6.527759742e-01,9.727912976e+00,2.502300740e-01,3.146066009e-01
-1.507903114,3.067970276e-03,6.742209106e-01,6.739826759e+00,2.501976681e-01,2.844706892e-01
-1.504835153,3.067970276e-03,6.943333468e-01,4.879287742e+00,2.502687767e-01,2.656377454e-01
-1.501767191,3.067970276e-03,7.106946243e-01,4.964744838e+00,2.503208932e-01,2.653950089e-01
-1.498699230,3.067970276e-03,7.133546012e-01,5.078851488e+00,2.502247766e-01,2.649909986e-01
-1.495631268,3.067970276e-03,7.071347327e-01,5.166763581e+00,2.504192032e-01,2.649344237e-01
-1.492563307,3.067970276e-03,6.854776101e-01,5.281411645e+00,2.505261838e-01,2.645225012e-01
-1.489495345,3.067970276e-03,6.642520818e-01,5.365707949e+00,2.506071157e-01,2.642107267e-01
-1.486427383,3.067970276e-03,6.318330421e-01,5.469127401e+00,2.506947769e-01,2.635995277e-01
-1.483359422,3.067970276e-03,5.945267806e-01,5.537839393e+00,2.507955347e-01,2.632839236e-01
-1.480291460,3.067970276e-03,5.621001909e-01,5.610951866e+00,2.508889936e-01,2.629988436e-01
-1.477223499,3.067970276e-03,5.398215489e-01,5.642431819e+00,2.510474405e-01,2.623123168e-01
-1.474155537,3.067970276e-03,5.358617167e-01,5.659291196e+00,2.511594735e-01,2.619605141e-01
-1.471087576,3.067851067e-03,7.013552852e-01,5.690191212e+00,2.511584832e-01,2.616534825e-01
-1.468019614,3.067970276e-03,6.628028702e-01,6.098592796e+00,2.514557474e-01,2.613725379e-01
-1.464951652,3.067970276e-03,6.456503105e-01,6.479429333e+00,2.517003176e-01,2.604697641e-01
-1.461883691,3.067970276e-03,6.426572644e-01,6.857189588e+00,2.518575793e-01,2.599853909e-01
-1.458815729,3.067970276e-03,6.450530359e-01,7.221266556e+00,2.521610583e-01,2.595145484e-01
-1.455747768,3.067970276e-03,6.505569147e-01,7.587265349e+00,2.522673373e-01,2.588970954e-01
-1.452679806,3.067970276e-03,6.456235900e-01,7.958227850e+00,2.525202366e-01,2.583980838e-01
-1.449611845,3.067970276e-03,6.375726280e-01,8.340596033e+00,2.527549755e-01,2.579518597e-01
-1.446543883,3.067970276e-03,6.197505714e-01,8.036051067e+00,2.533232099e-01,2.567972463e-01
-1.443475921,3.067970276e-03,5.906418253e-01,4.327524921e+00,2.533367038e-01,2.517065717e-01
-1.440407960,3.067970276e-03,5.580046182e-01,4.595528815e+00,2.536544137e-01,2.516275974e-01
-1.437339998,3.067970276e-03,5.188334171e-01,4.838310355e+00,2.540118980e-01,2.513815598e-01
-1.434272037,3.067970276e-03,4.822424851e-01,5.078078906e+00,2.542660590e-01,2.513309743e-01
-1.431204075,3.067970276e-03,4.552459790e-01,5.319700041e+00,2.546187869e-01,2.512058444e-01
-1.428136114,3.067851067e-03,4.377754146e-01,5.573505922e+00,2.552668603e-01,2.510376022e-01
-1.425068152,3.067970276e-03,4.382827807e-01,5.822950118e+00,2.554181230e-01,2.509248791e-01
-1.422000190,3.067970276e-03,1.070653000e+00,2.169110312e+00,2.557588255e-01,2.508067723e-01
-1.418932229,3.067970276e-03,9.765894946e-01,2.327459911e+00,2.562555149e-01,2.507377089e-01
-1.415864267,3.067970276e-03,9.061458856e-01,2.520086875e+00,2.566920913e-01,2.505891554e-01
-1.412796306,3.067970276e-03,8.500413669e-01,2.732756554e+00,2.571950255e-01,2.504829169e-01
-1.409728344,3.067970276e-03,8.020567865e-01,2.989659689e+00,2.576869323e-01,2.503727436e-01
-1.406660382,3.067970276e-03,7.467554161e-01,3.266504783e+00,2.582393957e-01,2.503037836e-01
-1.403592421,3.067970276e-03,6.902585183e-01,3.584060673e+00,2.595847819e-01,2.501889364e-01
-1.400524459,3.067970276e-03,6.302846410e-01,3.912332223e+00,2.593332420e-01,2.501431403e-01
-1.397456498,3.067970276e-03,5.595683687e-01,4.274752282e+00,2.600056858e-01,2.501342808e-01
-1.394388536,3.067970276e-03,4.855391728e-01,4.643204072e+00,2.604407396e-01,2.500674365e-01
-1.391320575,3.067970276e-03,4.146160981e-01,5.084026164e+00,2.612532528e-01,2.500241001e-01
-1.388252613,3.067851067e-03,3.524270297e-01,5.505167947e+00,2.617605239e-01,2.500523048e-01
-1.385184651,3.067970276e-03,3.075501742e-01,5.927494034e+00,2.625301239e-01,2.500037124e-01
-1.382116690,3.067970276e-03,2.812214806e-01,6.348147611e+00,2.628299680e-01,2.500801168e-01
-1.379048728,3.067970276e-03,2.684213976e-01,6.774420967e+00,2.640357937e-01,2.500467035e-01
-1.375980767,3.067970276e-03,2.651377186e-01,7.190593304e+00,2.647095025e-01,2.500884447e-01
-1.372912805,3.067970276e-03,1.179063318e+00,1.873090031e+00,2.653424528e-01,2.500648036e-01
-1.369844844,3.067970276e-03,1.165820775e+00,2.063792007e+00,2.666935412e-01,2.502166059e-01
-1.366776882,3.067970276e-03,1.176500069e+00,2.283809996e+00,2.669470309e-01,2.502540880e-01
-1.363708920,3.067970276e-03,1.197247851e+00,2.538408014e+00,2.676983219e-01,2.503782433e-01
-1.360640959,3.067970276e-03,1.230159616e+00,2.822711418e+00,2.684691988e-01,2.504862324e-01
-1.357572997,3.067970276e-03,1.266468087e+00,3.136148458e+00,2.693702397e-01,2.506313000e-01
-1.354505036,3.067970276e-03,1.291049571e+00,3.472699234e+00,2.700596575e-01,2.507957415e-01
-1.351437074,3.067970276e-03,1.311331925e+00,3.828218235e+00,2.711920166e-01,2.509393249e-01
-1.348369113,3.067970276e-03,1.325353883e+00,4.189932426e+00,2.720975787e-01,2.511236430e-01
-1.345301151,3.067851067e-03,1.331208601e+00,4.574876400e+00,2.730220420e-01,2.510093196e-01
-1.342233189,3.067970276e-03,1.327746382e+00,5.000513389e+00,2.735183340e-01,2.515312934e-01
-1.339165228,3.067970276e-03,1.328043728e+00,5.435083254e+00,2.745878266e-01,2.517030110e-01
-1.336097266,3.067970276e-03,1.322822533e+00,5.844338313e+00,2.752966936e-01,2.519835173e-01
-1.333029305,3.067970276e-03,1.323854022e+00,6.272005302e+00,2.759637032e-01,2.522961036e-01
-1.329961343,3.067970276e-03,1.338759752e+00,6.685746966e+00,2.771533974e-01,2.525767690e-01
-1.326893382,3.067970276e-03,1.375750990e+00,7.103543138e+00,2.782122343e-01,2.528292502e-01
-1.323825420,3.067970276e-03,1.025069968e+00,1.772920688e+00,2.790572594e-01,2.531716468e-01
-1.320757458,3.067970276e-03,9.079707568e-01,1.882640748e+00,2.929491768e-01,6.498503059e-01
-1.317689497,3.067970276e-03,8.080128482e-01,1.287588535e+00,3.021432453e-01,7.001902054e-01
-1.314621535,3.067970276e-03,7.300463302e-01,9.492331210e-01,3.086846730e-01,5.154751983e-01
-1.311553574,3.067970276e-03,6.559514317e-01,1.003925967e+00,3.106161976e-01,5.154905788e-01
-1.308485612,3.067970276e-03,5.841784731e-01,1.072026901e+00,3.123098565e-01,5.168538886e-01
-1.305417650,3.067970276e-03,5.140190228e-01,1.148530211e+00,3.130737888e-01,5.178885612e-01
-1.302349689,3.067851067e-03,4.464586197e-01,1.249485147e+00,3.155423627e-01,5.173057118e-01
-1.299281727,3.067970276e-03,3.856596958e-01,1.367001567e+00,3.161340122e-01,5.198142329e-01
-1.296213766,3.067970276e-03,3.337619509e-01,1.508251059e+00,3.183635508e-01,5.208507104e-01
-1.293145804,3.067970276e-03,2.938842607e-01,1.682838641e+00,3.195253435e-01,5.208133021e-01
-1.290077843,3.067970276e-03,2.746988268e-01,1.878786510e+00,3.221990473e-01,5.216989711e-01
-1.287009881,3.067970276e-03,2.724177124e-01,2.073850146e+00,3.225170448e-01,5.218533745e-01
-1.283941919,3.067970276e-03,2.833069964e-01,2.277657775e+00,3.249449336e-01,5.231116142e-01
-1.280873958,3.067970276e-03,3.010952544e-01,2.483967905e+00,3.264995780e-01,5.241062323e-01
-1.277805996,3.067970276e-03,3.165933203e-01,2.689942949e+00,3.278603083e-01,5.242994920e-01
-1.274738035,3.067970276e-03,9.199151267e-01,9.539429385e-01,3.296109880e-01,5.238580653e-01
-1.271670073,3.067970276e-03,8.269146376e-01,1.018800817e+00,3.303896242e-01,5.253928213e-01
-1.268602112,3.067970276e-03,7.577299512e-01,1.096553027e+00,3.322485982e-01,5.260234589e-01
-1.265534150,3.067970276e-03,7.063224843e-01,1.146669859e+00,3.345133576e-01,5.245970175e-01
-1.262466188,3.067851067e-03,6.620006134e-01,1.218745496e+00,3.355052595e-01,5.249293209e-01
-1.259398227,3.067970276e-03,6.203285039e-01,1.291452490e+00,3.370681819e-01,5.241300043e-01
-1.256330265,3.067970276e-03,5.800267268e-01,1.380260598e+00,3.388801833e-01,5.256605324e-01
-1.253262304,3.067970276e-03,5.410647581e-01,1.469863751e+00,3.390738097e-01,5.262785289e-01
-1.250194342,3.067970276e-03,4.981700318e-01,1.575098427e+00,3.408036088e-01,5.257991955e-01
-1.247126381,3.067970276e-03,4.523055594e-01,1.687420613e+00,3.428073649e-01,5.259849276e-01
-1.244058419,3.067970276e-03,4.185867413e-01,1.827510694e+00,3.427094711e-01,5.254465081e-01
-1.240990457,3.067970276e-03,3.820059187e-01,1.969869957e+00,3.445971338e-01,5.247246027e-01
-1.237922496,3.067970276e-03,3.561176758e-01,2.103334483e+00,3.461161503e-01,5.240663213e-01
-1.234854534,3.067970276e-03,3.370740437e-01,2.229237225e+00,3.472034326e-01,5.231057361e-01
-1.231786573,3.067970276e-03,3.330616863e-01,2.353424421e+00,3.460668666e-01,5.236140388e-01
-1.228718611,3.067970276e-03,3.401005487e-01,2.458928290e+00,3.488231501e-01,5.230408172e-01
-1.225650650,3.067970276e-03,9.027244391e-01,8.222990782e-01,3.489620224e-01,5.213053185e-01
-1.222582688,3.067970276e-03,8.273361273e-01,8.394736276e-01,3.508824551e-01,5.219921114e-01
-1.219514726,3.067851067e-03,7.750201636e-01,8.512697066e-01,3.517782391e-01,5.200843644e-01
-1.216446765,3.067970276e-03,7.316356215e-01,8.638503924e-01,3.529492520e-01,5.230843383e-01
-1.213378803,3.067970276e-03,6.971241759e-01,8.732488556e-01,3.551288937e-01,5.191318556e-01
-1.210310842,3.067970276e-03,6.632669039e-01,8.776776266e-01,3.557645398e-01,5.171378687e-01
-1.207242880,3.067970276e-03,6.263085477e-01,8.898842895e-01,3.563025271e-01,5.167791203e-01
-1.204174918,3.067970276e-03,5.855297028e-01,9.026794691e-01,3.572842534e-01,5.152019224e-01
-1.201106957,3.067970276e-03,5.369896608e-01,9.159216354e-01,3.568539659e-01,5.140594156e-01
-1.198038995,3.067970276e-03,4.850004389e-01,9.280403147e-01,3.573613019e-01,5.125388586e-01
-1.194971034,3.067970276e-03,4.356204550e-01,9.498901183e-01,3.594202705e-01,5.101049057e-01
-1.191903072,3.067970276e-03,3.897978559e-01,9.845562435e-01,3.583592806e-01,5.073554622e-01
-1.188835111,3.067970276e-03,3.504605941e-01,1.004688772e+00,3.594410485e-01,5.084341604e-01
-1.185767149,3.067970276e-03,3.227728341e-01,1.025372369e+00,3.577604689e-01,5.050420644e-01
-1.182699187,3.067970276e-03,3.070911858e-01,1.038856020e+00,3.600010567e-01,5.042452385e-01
-1.179631226,3.067970276e-03,3.001962497e-01,1.041512604e+00,3.587408929e-01,5.016747478e-01
-1.176563264,3.067851067e-03,1.237537406e+00,9.485415467e-01,3.592489010e-01,4.992146609e-01
-1.173495303,3.067970276e-03,1.146878842e+00,9.587462963e-01,3.596639660e-01,4.993006789e-01
-1.170427341,3.067970276e-03,1.075575534e+00,9.645924529e-01,3.599820303e-01,4.950223032e-01
-1.167359380,3.067970276e-03,1.020881545e+00,9.572500399e-01,3.600916656e-01,4.926400992e-01
-1.164291418,3.067970276e-03,9.667999014e-01,9.474584088e-01,3.591704752e-01,4.901388645e-01
-1.161223456,3.067970276e-03,9.198383638e-01,9.430459348e-01,3.591214618e-01,4.886658355e-01
-1.158155495,3.067970276e-03,8.691024405e-01,9.380521634e-01,3.579370371e-01,4.845305927e-01
-1.155087533,3.067970276e-03,8.130423650e-01,9.367253634e-01,3.578597166e-01,4.837148723e-01
-1.152019572,3.067970276e-03,7.520032868e-01,9.368381999e-01,3.574757537e-01,4.802983981e-01
-1.148951610,3.067970276e-03,6.819638837e-01,9.413143562e-01,3.576570834e-01,4.781020409e-01
-1.145883649,3.067970276e-03,6.125899729e-01,9.465133023e-01,3.567939529e-01,4.753190393e-01
-1.142815687,3.067970276e-03,5.474722538e-01,9.715613997e-01,3.567025091e-01,4.721123500e-01
-1.139747725,3.067970276e-03,4.838807058e-01,9.733363223e-01,3.571662345e-01,4.704362957e-01
-1.136679764,3.067970276e-03,4.356170278e-01,9.737299903e-01,3.559432341e-01,4.653668286e-01
-1.133611802,3.067851067e-03,4.004400331e-01,9.623753803e-01,3.549808215e-01,4.621869003e-01
-1.130543841,3.067970276e-03,3.819361878e-01,9.426686085e-01,3.543736264e-01,4.605628351e-01
-1.127475879,3.067970276e-03,9.473784774e-01,8.658139379e-01,3.529402292e-01,4.561040355e-01
-1.124407918,3.067970276e-03,9.080050825e-01,9.095905142e-01,3.521230507e-01,4.537176739e-01
-1.121339956,3.067970276e-03,8.826736659e-01,9.512383597e-01,3.513407939e-01,4.503081236e-01
-1.118271994,3.067970276e-03,8.651681773e-01,9.901168292e-01,3.510276212e-01,4.466246561e-01
-1.115204033,3.067970276e-03,8.476637818e-01,1.034730488e+00,3.506709707e-01,4.443665054e-01
-1.112136071,3.067970276e-03,8.278426048e-01,1.088445645e+00,3.489655305e-01,4.404449769e-01
-1.109068110,3.067970276e-03,7.997197627e-01,1.149885819e+00,3.493106154e-01,4.372505953e-01
-1.106000148,3.067970276e-03,7.627695187e-01,1.220725458e+00,3.473530597e-01,4.336947043e-01
-1.102932186,3.067970276e-03,7.161675581e-01,1.311589052e+00,3.456338538e-01,4.294633156e-01
-1.099864225,3.067970276e-03,6.569108300e-01,1.412672226e+00,3.453493834e-01,4.269715554e-01
-1.096796263,3.067970276e-03,5.942647662e-01,1.530061476e+00,3.430740859e-01,4.239696981e-01
-1.093728302,3.067851067e-03,5.281965744e-01,1.678069654e+00,3.420081285e-01,4.200596437e-01
-1.090660340,3.067970276e-03,4.703830863e-01,1.820162865e+00,3.405203090e-01,4.168106985e-01
-1.087592379,3.067970276e-03,4.190766366e-01,1.948968781e+00,3.384087833e-01,4.117961961e-01
-1.084524417,3.067970276e-03,3.827760688e-01,2.073106710e+00,3.382575507e-01,4.087375155e-01
-1.081456455,3.067970276e-03,3.609641741e-01,2.169631851e+00,3.373614845e-01,4.057146442e-01
-1.078388494,3.067970276e-03,8.868659454e-01,7.229569387e-01,3.350646244e-01,4.029481325e-01
-1.075320532,3.067970276e-03,8.610444310e-01,7.230138433e-01,3.342271604e-01,3.995168894e-01
-1.072252571,3.067970276e-03,8.552382679e-01,7.224816613e-01,3.307433649e-01,3.995747151e-01
-1.069184609,3.067970276e-03,8.511866072e-01,7.229379653e-01,2.580293879e-01,4.995733146e-01
-1.066116648,3.067970276e-03,8.491093659e-01,7.253520380e-01,2.571574092e-01,5.128044519e-01
-1.063048686,3.067970276e-03,8.446484764e-01,7.329620123e-01,2.569864271e-01,5.064059869e-01
-1.059980724,3.067970276e-03,8.321617123e-01,7.362682959e-01,2.569211022e-01,5.076163732e-01
-1.056912763,3.067970276e-03,8.098123065e-01,7.474109560e-01,2.568493132e-01,5.104046138e-01
-1.053844801,3.067970276e-03,7.781494545e-01,7.563664050e-01,2.564192323e-01,5.147525263e-01
-1.050776840,3.067851067e-03,7.338202896e-01,7.621314590e-01,2.561274755e-01,5.174299723e-01
-1.047708878,3.067970276e-03,6.738021560e-01,6.958347792e-01,2.705692640e-01,4.519598980e-01
-1.044640917,3.067970276e-03,6.227077362e-01,5.497865069e-01,2.573180076e-01,3.182940533e-01
-1.041572955,3.067970276e-03,5.648827738e-01,5.527266457e-01,2.561374309e-01,3.189151467e-01
-1.038504993,3.067970276e-03,5.116787371e-01,5.671092487e-01,2.567568191e-01,3.197027010e-01
-1.035437032,3.067970276e-03,4.693831750e-01,5.865888106e-01,2.562126762e-01,3.208475167e-01
-1.032369070,3.067970276e-03,4.416699706e-01,6.199300980e-01,2.567915225e-01,3.216793834e-01
-1.029301109,3.067970276e-03,9.970695932e-01,4.209141005e-01,2.565431865e-01,3.226129594e-01
-1.026233147,3.067970276e-03,9.393574546e-01,4.106946172e-01,2.569730935e-01,3.232086852e-01
-1.023165186,3.067970276e-03,8.976016489e-01,4.047203239e-01,2.570002519e-01,3.232534205e-01
-1.020097224,3.067970276e-03,8.647724710e-01,4.018261181e-01,2.572242549e-01,3.240355587e-01
-1.017029262,3.067970276e-03,8.328050347e-01,3.977769370e-01,2.575314156e-01,3.247255077e-01
-1.013961301,3.067970276e-03,7.993708210e-01,3.974002929e-01,2.580944970e-01,3.263325914e-01
-1.010893339,3.067970276e-03,7.578872064e-01,3.957039440e-01,2.584521563e-01,3.255158717e-01
-1.007825378,3.067851067e-03,7.088767919e-01,3.955482027e-01,2.588215991e-01,3.257568260e-01
-1.004757416,3.067970276e-03,6.494856114e-01,3.982877598e-01,2.590091076e-01,3.271734730e-01
-1.001689454,3.067970276e-03,5.857597324e-01,4.028408712e-01,2.595678110e-01,3.265459521e-01
-0.998621493,3.068029881e-03,5.175841176e-01,4.106429447e-01,2.599144087e-01,3.281433357e-01
-0.995553531,3.067970276e-03,4.523907001e-01,4.227971872e-01,2.605937583e-01,3.286442646e-01
-0.992485570,3.067970276e-03,3.981387350e-01,4.415192676e-01,2.614596143e-01,3.290206842e-01
-0.989417608,3.067970276e-03,3.545846768e-01,4.590553124e-01,2.616824725e-01,3.284612230e-01
-0.986349647,3.067910671e-03,3.295667255e-01,4.733774522e-01,2.622797632e-01,3.298456746e-01
-0.983281685,3.067970276e-03,3.201374681e-01,4.831665963e-01,2.627097506e-01,3.294132156e-01
-0.980213723,3.067970276e-03,1.114026468e+00,4.279963169e-01,2.631180999e-01,3.300445643e-01
-0.977145762,3.067970276e-03,1.025975499e+00,4.042237883e-01,2.641894837e-01,3.299894876e-01
-0.974077800,3.067970276e-03,9.561753307e-01,3.927626894e-01,2.650370458e-01,3.296338287e-01
-0.971009839,3.067970276e-03,8.976444326e-01,3.891449189e-01,2.658400774e-01,3.299026881e-01
-0.967941877,3.067910671e-03,8.436484259e-01,3.930504860e-01,2.664693020e-01,3.301416738e-01
-0.964873916,3.067970276e-03,7.908858687e-01,4.049131672e-01,2.675243443e-01,3.303181708e-01
-0.961805954,3.067970276e-03,7.342435069e-01,4.276106047e-01,2.681786308e-01,3.299042809e-01
-0.958737992,3.067970276e-03,6.736271879e-01,4.610383770e-01,2.686809569e-01,3.298124842e-01
-0.955670031,3.067970276e-03,6.097845995e-01,5.081152547e-01,2.696697644e-01,3.295999678e-01
-0.952602069,3.067970276e-03,5.428192942e-01,5.722580501e-01,2.702155775e-01,3.296496807e-01
-0.949534108,3.067970276e-03,4.799521101e-01,6.504245376e-01,2.713675164e-01,3.293264640e-01
-0.946466146,3.067910671e-03,4.216863798e-01,7.441336399e-01,2.718118878e-01,3.292997004e-01
-0.943398185,3.067970276e-03,3.772526201e-01,8.592507670e-01,2.731548918e-01,3.283748238e-01
-0.940330223,3.067970276e-03,3.457451658e-01,9.709183931e-01,2.739653204e-01,3.278527291e-01
-0.937262261,3.067970276e-03,3.316039280e-01,1.075606913e+00,2.744155722e-01,3.281521804e-01
-0.934194300,3.067970276e-03,3.280550043e-01,1.171290150e+00,2.760778667e-01,3.275194242e-01
-0.931126338,3.067970276e-03,1.109461272e+00,4.969702740e-01,2.769294787e-01,3.265323483e-01
-0.928058377,3.067970276e-03,1.064385614e+00,4.816428461e-01,2.777274392e-01,3.263749902e-01
-0.924990415,3.067910671e-03,1.035775143e+00,4.737126345e-01,2.784625157e-01,3.252442648e-01
-0.921922454,3.067970276e-03,1.016401257e+00,4.719314696e-01,2.789343227e-01,3.241393846e-01
-0.918854492,3.067970276e-03,1.004826212e+00,4.713102688e-01,2.789494298e-01,3.231845080e-01
-0.915786530,3.067970276e-03,9.881168633e-01,4.693330547e-01,2.810017534e-01,3.223153564e-01
-0.912718569,3.067970276e-03,9.702744660e-01,4.663613834e-01,2.817016269e-01,3.218631740e-01
-0.909650607,3.067970276e-03,9.425049505e-01,4.614492907e-01,2.827323627e-01,3.202072171e-01
-0.906582646,3.067970276e-03,9.099874904e-01,4.528951037e-01,2.834673011e-01,3.194413137e-01
-0.903514684,3.067910671e-03,8.695512117e-01,4.430647745e-01,2.846097195e-01,3.188779443e-01
-0.900446722,3.067970276e-03,8.207667681e-01,4.291948128e-01,2.845994865e-01,3.174705991e-01
-0.897378761,3.067970276e-03,7.698455805e-01,4.165584157e-01,2.853685971e-01,3.166608154e-01
-0.894310799,3.067970276e-03,7.192128946e-01,4.021104147e-01,2.862859210e-01,3.153520135e-01
-0.891242838,3.067970276e-03,6.712398002e-01,3.897451069e-01,2.869008865e-01,3.131036436e-01
-0.888174876,3.067970276e-03,6.380650662e-01,3.840343852e-01,2.883420470e-01,3.130398491e-01
-0.885106915,3.067970276e-03,6.156842723e-01,3.807892743e-01,2.874196634e-01,3.117194405e-01
-0.882038953,3.067910671e-03,1.234728559e+00,4.036468744e-01,2.880135217e-01,3.101903184e-01
-0.878970991,3.067970276e-03,1.123611406e+00,3.980076185e-01,2.893020288e-01,3.089022664e-01
-0.875903030,3.067970276e-03,1.070746089e+00,3.966323312e-01,2.899683741e-01,3.075418807e-01
-0.872835068,3.067970276e-03,1.024433876e+00,3.974661063e-01,2.901839929e-01,3.063884155e-01
-0.869767107,3.067970276e-03,9.848171135e-01,3.997844208e-01,2.904500009e-01,3.053337543e-01
-0.866699145,3.067970276e-03,9.431398916e-01,4.012857124e-01,2.909472295e-01,3.038164722e-01
-0.863631184,3.067970276e-03,8.995701572e-01,4.021381874e-01,2.974522896e-01,3.030980342e-01
-0.860563222,3.067910671e-03,8.494305684e-01,4.010790206e-01,3.052002343e-01,3.024271970e-01
-0.857495260,3.067970276e-03,7.936968568e-01,3.992153750e-01,3.051300452e-01,3.011156826e-01
-0.854427299,3.067970276e-03,7.344233395e-01,3.941768500e-01,3.052794377e-01,3.000052355e-01
-0.851359337,3.067970276e-03,6.715886759e-01,3.892853116e-01,3.054092497e-01,2.989464364e-01
-0.848291376,3.067970276e-03,6.118672433e-01,3.828884044e-01,3.059465417e-01,2.968992166e-01
-0.845223414,3.067970276e-03,5.531722616e-01,3.786024048e-01,3.064650170e-01,2.966393045e-01
-0.842155453,3.067910671e-03,5.053767726e-01,3.731024733e-01,3.062853702e-01,2.958143281e-01
-0.839087491,3.067970276e-03,4.663001774e-01,3.710890438e-01,3.064881219e-01,2.947550184e-01
-0.836019529,3.067970276e-03,4.436462515e-01,3.722226849e-01,3.064357568e-01,2.934032987e-01
-0.832951568,3.067970276e-03,9.328891461e-01,4.008709213e-01,3.068579657e-01,2.928211404e-01
-0.829883606,3.067970276e-03,8.789319803e-01,3.854590291e-01,3.067819608e-01,2.917189459e-01
-0.826815645,3.067970276e-03,8.386793388e-01,3.779212166e-01,3.066762204e-01,2.912241997e-01
-0.823747683,3.067970276e-03,8.125014548e-01,3.731551629e-01,3.067872885e-01,2.903861885e-01
-0.820679722,3.067910671e-03,7.893250582e-01,3.698995171e-01,3.048242447e-01,2.907973259e-01
-0.817611760,3.067970276e-03,7.696506196e-01,3.667903565e-01,3.063168449e-01,2.890275351e-01
-0.814543798,3.067970276e-03,7.471055298e-01,3.613780358e-01,3.066050478e-01,2.891534723e-01
-0.811475837,3.067970276e-03,7.213303962e-01,3.601399129e-01,3.063362043e-01,2.889294253e-01
-0.808407875,3.067970276e-03,6.950402682e-01,3.582439171e-01,3.066834115e-01,2.886390092e-01
-0.805339914,3.067970276e-03,6.617055354e-01,3.594810813e-01,3.068289685e-01,2.887823717e-01
-0.802271952,3.067970276e-03,6.258659043e-01,3.630645580e-01,3.072670775e-01,2.883718860e-01
-0.799203990,3.067910671e-03,5.920946254e-01,3.722024854e-01,3.066043436e-01,2.886611095e-01
-0.796136029,3.067970276e-03,5.611931074e-01,3.843228551e-01,3.064744869e-01,2.892053169e-01
-0.793068067,3.067970276e-03,5.362049152e-01,4.011188483e-01,3.059472541e-01,2.897991613e-01
-0.790000106,3.067970276e-03,5.199338503e-01,4.217774786e-01,3.071088719e-01,2.909181503e-01
-0.786932144,3.067970276e-03,5.082982545e-01,4.322192302e-01,3.070108918e-01,2.919426368e-01
-0.783864183,3.067970276e-03,5.069769488e-01,3.542091043e-01,2.532363762e-01,2.753272280e-01
-0.780796221,3.067970276e-03,5.260477053e-01,3.445198511e-01,2.532668853e-01,2.750614900e-01
-0.777728259,3.067910671e-03,5.707201757e-01,3.325792531e-01,2.531478789e-01,2.744576779e-01
-0.774660298,3.067970276e-03,6.166542216e-01,3.168656640e-01,2.532790723e-01,2.745010821e-01
-0.771592336,3.067970276e-03,6.675080444e-01,3.023625159e-01,2.530498332e-01,2.745003322e-01
-0.768524375,3.067970276e-03,7.128600615e-01,2.897631747e-01,2.529178611e-01,2.747751961e-01
-0.765456413,3.067970276e-03,7.577673973e-01,2.818944401e-01,2.531131931e-01,2.746062556e-01
-0.762388452,3.067970276e-03,7.969072722e-01,2.775508246e-01,2.530482845e-01,2.744225382e-01
-0.759320490,3.067970276e-03,8.293418118e-01,2.754889967e-01,2.528244721e-01,2.740699109e-01
-0.756252528,3.067910671e-03,8.517693144e-01,2.763089958e-01,2.528938699e-01,2.739190026e-01
-0.753184567,3.067970276e-03,8.749000684e-01,2.771729131e-01,2.529362847e-01,2.735446757e-01
-0.750116605,3.067970276e-03,8.918200165e-01,2.799033883e-01,2.528621716e-01,2.738964347e-01
-0.747048644,3.067970276e-03,9.078940825e-01,2.828753575e-01,2.527156157e-01,2.736993177e-01
-0.743980682,3.067970276e-03,9.271667612e-01,2.894357813e-01,2.527384791e-01,2.737705612e-01
-0.740912721,3.067970276e-03,9.540902240e-01,3.003424484e-01,2.527105546e-01,2.736863119e-01
-0.737844759,3.067970276e-03,9.977562804e-01,3.224141611e-01,2.527466981e-01,2.737810898e-01
-0.734776797,3.067910671e-03,9.114455312e-01,3.882259487e-01,2.526979512e-01,2.732924639e-01
-0.731708836,3.067970276e-03,9.046432627e-01,3.615723760e-01,2.527067327e-01,2.735252655e-01
-0.728640874,3.067970276e-03,9.138636505e-01,3.307500493e-01,2.526819547e-01,2.735372168e-01
-0.725572913,3.067970276e-03,9.427637918e-01,3.023828552e-01,2.527212439e-01,2.732424336e-01
-0.722504951,3.067970276e-03,9.639972864e-01,2.833105080e-01,2.527328795e-01,2.729867078e-01
-0.719436990,3.067970276e-03,9.859413615e-01,2.757754234e-01,2.526890831e-01,2.729042443e-01
-0.716369028,3.067970276e-03,1.002977105e+00,2.773702893e-01,2.527312394e-01,2.730376409e-01
-0.713301066,3.067910671e-03,1.015035440e+00,2.877757320e-01,2.527886843e-01,2.727458154e-01
-0.710233105,3.067970276e-03,1.023092832e+00,3.040133094e-01,2.528024503e-01,2.729274628e-01
-0.707165143,3.067970276e-03,1.023747099e+00,3.238481293e-01,2.525316998e-01,2.660028839e-01
-0.704097182,3.067970276e-03,1.018096913e+00,3.458121757e-01,2.521911881e-01,2.594706824e-01
-0.701029220,3.067970276e-03,1.012904820e+00,3.693284423e-01,2.523091814e-01,2.595766348e-01
-0.697961258,3.067970276e-03,1.003111903e+00,3.942266114e-01,2.523979584e-01,2.594492954e-01
-0.694893297,3.067910671e-03,9.981815499e-01,4.291563804e-01,2.525066555e-01,2.593263875e-01
-0.691825335,3.067970276e-03,1.001423791e+00,4.683851377e-01,2.526115982e-01,2.593397705e-01
-0.688757374,3.067970276e-03,1.018156486e+00,5.384249045e-01,2.527141580e-01,2.591741700e-01
-0.685689412,3.067970276e-03,9.377666776e-01,2.775505694e-01,2.529796620e-01,2.587204740e-01
-0.682621451,3.067970276e-03,9.601793569e-01,2.753016409e-01,2.531146511e-01,2.589568334e-01
-0.679553489,3.067970276e-03,9.903133751e-01,2.751352843e-01,2.530388021e-01,2.589011180e-01
-0.676485527,3.067970276e-03,1.036391558e+00,2.801618037e-01,2.533705541e-01,2.588912934e-01
-0.673417566,3.067910671e-03,1.078385430e+00,2.912724359e-01,2.535788847e-01,2.585534100e-01
-0.670349604,3.067970276e-03,1.113567107e+00,3.082217226e-01,2.536304736e-01,2.586139045e-01
-0.667281643,3.067970276e-03,1.142651681e+00,3.284567262e-01,2.538544787e-01,2.587139156e-01
-0.664213681,3.067970276e-03,1.166456610e+00,3.486469394e-01,2.538801224e-01,2.585669168e-01
-0.661145720,3.067970276e-03,1.182685707e+00,3.673882028e-01,2.539353695e-01,2.585017264e-01
-0.658077758,3.067970276e-03,1.191221861e+00,3.844502305e-01,2.542381567e-01,2.584108936e-01
-0.655009796,3.067970276e-03,1.195794250e+00,3.957381156e-01,2.542419139e-01,2.585054609e-01
-0.651941835,3.067910671e-03,1.196683570e+00,4.073088284e-01,2.543188030e-01,2.586965200e-01
-0.648873873,3.067970276e-03,1.198519122e+00,4.170689462e-01,2.545097434e-01,2.586256756e-01
-0.645805912,3.067970276e-03,1.202349967e+00,4.294344944e-01,2.547162810e-01,2.583103813e-01
-0.642737950,3.067970276e-03,1.216291736e+00,4.511855100e-01,2.548337234e-01,2.584189775e-01
-0.639669989,3.067970276e-03,1.244308479e+00,4.888853394e-01,2.548036184e-01,2.587862089e-01
-0.636602027,3.067970276e-03,3.670727001e-01,5.860571819e-01,2.549482375e-01,2.587333153e-01
-0.633534065,3.067970276e-03,3.223676902e-01,5.279326667e-01,2.549861400e-01,2.585453370e-01
-0.630466104,3.067910671e-03,2.936342662e-01,4.607129453e-01,2.548158456e-01,2.586900619e-01
-0.627398142,3.067970276e-03,2.884629185e-01,3.937579641e-01,2.548953733e-01,2.588321616e-01
-0.624330181,3.067970276e-03,3.126085274e-01,3.369052127e-01,2.550370623e-01,2.591897342e-01
-0.621262219,3.067970276e-03,3.603078990e-01,2.979498965e-01,2.549824074e-01,2.589941375e-01
-0.618194258,3.067970276e-03,4.263346530e-01,2.762501877e-01,2.547906627e-01,2.591961104e-01
-0.615126296,3.067970276e-03,5.036510649e-01,2.695521786e-01,2.545999259e-01,2.594215912e-01
-0.612058334,3.067970276e-03,5.832465658e-01,2.746937308e-01,2.545931428e-01,2.600106409e-01
-0.608990373,3.067910671e-03,6.643801864e-01,2.883222859e-01,2.545531663e-01,2.599593090e-01
-0.605922411,3.067970276e-03,7.395018122e-01,3.079243431e-01,2.546109481e-01,2.605703996e-01
-0.602854450,3.067970276e-03,8.107883241e-01,3.315694717e-01,2.544620501e-01,2.604648733e-01
-0.599786488,3.067970276e-03,8.793853415e-01,3.622997927e-01,2.543319236e-01,2.607720011e-01
-0.596718526,3.067970276e-03,9.485499680e-01,4.007490759e-01,2.542443873e-01,2.612708687e-01
-0.593650565,3.067970276e-03,1.021016109e+00,4.536172345e-01,2.542139858e-01,2.615684372e-01
-0.590582603,3.067970276e-03,1.104456585e+00,5.304793449e-01,2.542009831e-01,2.616259682e-01
-0.587514642,3.067910671e-03,5.761170371e-01,5.175818625e-01,2.540101127e-01,2.620110246e-01
-0.584446680,3.067970276e-03,5.934952623e-01,4.551172573e-01,2.537718623e-01,2.627716784e-01
-0.581378719,3.067970276e-03,6.253338491e-01,3.894246386e-01,2.536649634e-01,2.631576826e-01
-0.578310757,3.067970276e-03,6.651085674e-01,3.351365267e-01,2.537258436e-01,2.639763031e-01
-0.575242795,3.067970276e-03,7.199779809e-01,2.934514443e-01,2.536081451e-01,2.645910674e-01
-0.572174834,3.067970276e-03,7.678820466e-01,2.720507224e-01,2.534456670e-01,2.649155491e-01
-0.569106872,3.067970276e-03,8.101907968e-01,2.685483958e-01,2.531549151e-01,2.653834109e-01
-0.566038911,3.067910671e-03,8.505649035e-01,2.768572196e-01,2.530915744e-01,2.665356503e-01
-0.562970949,3.067970276e-03,8.855388681e-01,2.921939060e-01,2.529358947e-01,2.665430029e-01
-0.559902988,3.067970276e-03,9.150054095e-01,3.108150397e-01,2.527923161e-01,2.675493649e-01
-0.556835026,3.067970276e-03,9.484134320e-01,3.301154760e-01,2.527230456e-01,2.681502616e-01
-0.553767064,3.067970276e-03,9.644611099e-01,3.479961704e-01,2.524890775e-01,2.687547304e-01
-0.550699103,3.067970276e-03,9.874332180e-01,3.664384568e-01,2.523459606e-01,2.697550264e-01
-0.547631141,3.067910671e-03,1.012290515e+00,3.883432947e-01,2.521362019e-01,2.705759271e-01
-0.544563180,3.067970276e-03,1.045304378e+00,4.178287098e-01,2.520941015e-01,2.710971862e-01
-0.541495218,3.067970276e-03,1.087492736e+00,4.636245960e-01,2.521412004e-01,2.721118856e-01
-0.538427257,3.067970276e-03,1.502782646e+00,2.836756025e-01,2.518493644e-01,2.730799898e-01
-0.535359295,3.067970276e-03,1.456295990e+00,2.745861144e-01,2.516644781e-01,2.737960760e-01
-0.532291333,3.067970276e-03,1.423891184e+00,2.685258137e-01,2.515156357e-01,2.748777572e-01
-0.529223372,3.067970276e-03,1.400874688e+00,2.698469983e-01,2.513849100e-01,2.750805675e-01
-0.526155410,3.067910671e-03,1.393762951e+00,2.795002790e-01,2.512798493e-01,2.765201549e-01
-0.523087449,3.067970276e-03,1.977165013e+00,2.979634983e-01,2.536176632e-01,2.793596115e-01
-0.520019487,3.067970276e-03,2.245602523e+00,3.202597639e-01,2.543643324e-01,2.783405254e-01
-0.516951526,3.067970276e-03,2.213765473e+00,3.420961523e-01,2.538656617e-01,2.795407202e-01
-0.513883564,3.067970276e-03,2.175565393e+00,3.607298624e-01,2.533501009e-01,2.804314800e-01
-0.510815602,3.067970276e-03,2.130626704e+00,3.745734139e-01,2.531023397e-01,2.814709054e-01
-0.507747641,3.067970276e-03,2.080579090e+00,3.824995098e-01,2.528081240e-01,2.822677342e-01
-0.504679679,3.067910671e-03,2.025563038e+00,3.858059842e-01,2.524421587e-01,2.833627873e-01
-0.501611718,3.067970276e-03,1.971613279e+00,3.846886291e-01,2.522310032e-01,2.847958840e-01
-0.498543756,3.068000078e-03,1.922546224e+00,3.860752831e-01,2.515411138e-01,2.820592746e-01
-0.495475794,3.067970276e-03,1.884987716e+00,3.920970127e-01,2.513383032e-01,2.830034483e-01
-0.492407833,3.067940474e-03,1.867710178e+00,4.102898923e-01,2.511942818e-01,2.841432405e-01
-0.489339871,3.067970276e-03,4.545964395e-01,3.085928278e-01,2.510179001e-01,2.853255414e-01
-0.486271910,3.067970276e-03,4.272854539e-01,2.918145404e-01,2.509156767e-01,2.862795139e-01
-0.483203948,3.067940474e-03,4.128363982e-01,2.754697214e-01,2.507963879e-01,2.872050807e-01
-0.480135987,3.067970276e-03,4.210677741e-01,2.661478581e-01,2.507226484e-01,2.881791125e-01
-0.477068025,3.067970276e-03,4.572051585e-01,2.679593015e-01,2.507685063e-01,2.894790266e-01
-0.474000063,3.067940474e-03,5.260245749e-01,2.813915532e-01,2.506336094e-01,2.904526035e-01
-0.470932102,3.067970276e-03,6.021184210e-01,3.037695009e-01,2.506403951e-01,2.913136840e-01
-0.467864140,3.067970276e-03,6.860287333e-01,3.311057934e-01,2.506718039e-01,2.923439272e-01
-0.464796179,3.067970276e-03,7.729642140e-01,3.576799248e-01,2.507169213e-01,2.936579867e-01
-0.461728217,3.067940474e-03,8.539598503e-01,3.822832096e-01,2.507911631e-01,2.943630817e-01
-0.458660256,3.067970276e-03,9.307090834e-01,4.020222724e-01,2.509115669e-01,2.955671993e-01
-0.455592294,3.067970276e-03,1.004310816e+00,4.159022722e-01,2.510308582e-01,2.963767625e-01
-0.452524332,3.067940474e-03,1.074455582e+00,4.295651258e-01,2.511490663e-01,2.971835679e-01
-0.449456371,3.067970276e-03,1.146429231e+00,4.427115746e-01,2.513001449e-01,2.977783180e-01
-0.446388409,3.067970276e-03,1.227757269e+00,4.630019487e-01,2.513712460e-01,2.984397922e-01
-0.443320448,3.067970276e-03,1.324877497e+00,4.991531661e-01,2.515967253e-01,2.995798328e-01
-0.440252486,3.067940474e-03,1.212969445e+00,2.757232297e-01,2.517896509e-01,3.003827171e-01
-0.437184525,3.067970276e-03,1.174091360e+00,2.699353314e-01,2.519608785e-01,3.014316491e-01
-0.434116563,3.067970276e-03,1.160297273e+00,2.648766129e-01,2.520318641e-01,3.018975650e-01
-0.431048601,3.067940474e-03,1.159850309e+00,2.666200911e-01,2.522682579e-01,3.031092098e-01
-0.427980640,3.067970276e-03,1.171868739e+00,2.793457691e-01,2.524459216e-01,3.032348020e-01
-0.424912678,3.067970276e-03,1.212259130e+00,3.040340447e-01,2.526666838e-01,3.039003544e-01
-0.421844717,3.067940474e-03,1.224257846e+00,3.381368070e-01,2.528951831e-01,3.046161993e-01
-0.418776755,3.067970276e-03,1.229784516e+00,3.812811259e-01,2.531336169e-01,3.051700538e-01
-0.415708794,3.067970276e-03,1.231453224e+00,4.269193287e-01,2.533635083e-01,3.058189252e-01
-0.412640832,3.067970276e-03,1.227904049e+00,4.732238755e-01,2.535168529e-01,3.060180456e-01
-0.409572870,3.067940474e-03,1.220262773e+00,5.202193037e-01,2.538646925e-01,3.069298336e-01
-0.406504909,3.067970276e-03,1.208210331e+00,5.646501852e-01,2.540675422e-01,3.076601798e-01
-0.403436947,3.067970276e-03,1.196352568e+00,6.138089222e-01,2.542414587e-01,3.074862542e-01
-0.400368986,3.067940474e-03,1.189275524e+00,6.698723022e-01,2.545630842e-01,3.081178620e-01
-0.397301024,3.067970276e-03,1.193393203e+00,7.398398804e-01,2.548017827e-01,3.081488717e-01
-0.394233062,3.067970276e-03,1.213359848e+00,8.310870296e-01,2.549190470e-01,3.082867018e-01
-0.391165101,3.067970276e-03,7.548598799e-01,2.933256984e-01,2.551611142e-01,3.088756491e-01
-0.388097139,3.067940474e-03,7.587107286e-01,2.831539001e-01,2.553739375e-01,3.091362352e-01
-0.385029178,3.067970276e-03,7.765864794e-01,2.704976149e-01,2.555962011e-01,3.090191534e-01
-0.381961216,3.067970276e-03,8.050075756e-01,2.614409675e-01,2.557658254e-01,3.094296213e-01
-0.378893255,3.067940474e-03,8.379251159e-01,2.607553760e-01,2.558655688e-01,3.093667471e-01
-0.375825293,3.067970276e-03,8.961173258e-01,2.701592201e-01,2.560402428e-01,3.097362248e-01
-0.372757331,3.067970276e-03,9.369787561e-01,2.887373261e-01,2.562439482e-01,3.091314655e-01
-0.369689370,3.067970276e-03,9.697702720e-01,3.117993503e-01,2.564092546e-01,3.093063864e-01
-0.366621408,3.067940474e-03,9.982758913e-01,3.392736749e-01,2.564451363e-01,3.090451690e-01
-0.363553447,3.067970276e-03,1.023381694e+00,3.665637076e-01,2.566346987e-01,3.091036160e-01
-0.360485485,3.067970276e-03,1.047016110e+00,3.931959329e-01,2.567012862e-01,3.090501760e-01
-0.357417524,3.067940474e-03,1.069148227e+00,4.197601601e-01,2.568725537e-01,3.086374685e-01
-0.354349562,3.067970276e-03,1.093029682e+00,4.488640025e-01,2.568592170e-01,3.077858134e-01
-0.351281600,3.067970276e-03,1.125916063e+00,4.857303855e-01,2.568765531e-01,3.071893957e-01
-0.348213639,3.067940474e-03,1.169585979e+00,5.360492633e-01,2.569967299e-01,3.065585781e-01
-0.345145677,3.067970276e-03,1.235360607e+00,6.103364839e-01,2.568981612e-01,3.061363968e-01
-0.342077716,3.067970276e-03,8.251035779e-01,2.607678503e-01,2.570766321e-01,3.057924110e-01
-0.339009754,3.067970276e-03,7.352782686e-01,2.603476383e-01,2.570623028e-01,3.053871645e-01
-0.335941793,3.067940474e-03,6.466172302e-01,2.593105306e-01,2.569416517e-01,3.051038094e-01
-0.332873831,3.067970276e-03,5.652221579e-01,2.595168416e-01,2.569581996e-01,3.044166274e-01
-0.329805869,3.067970276e-03,5.010436987e-01,2.633594650e-01,2.570620244e-01,3.038960842e-01
-0.326737908,3.067940474e-03,4.552082335e-01,2.732739236e-01,2.569825103e-01,3.032599623e-01
-0.323669946,3.067970276e-03,4.360624395e-01,2.887628004e-01,2.568972841e-01,3.029506811e-01
-0.320601985,3.067970276e-03,4.404975906e-01,3.100557465e-01,2.568555221e-01,3.019419354e-01
-0.317534023,3.067970276e-03,4.621852367e-01,3.344156917e-01,2.567651501e-01,3.011111528e-01
-0.314466062,3.067940474e-03,4.975405046e-01,3.607055491e-01,2.567185788e-01,3.006355446e-01
-0.311398100,3.067970276e-03,5.456167724e-01,3.894842324e-01,2.565731703e-01,2.998597974e-01
-0.308330138,3.067970276e-03,6.006676554e-01,4.210941909e-01,2.565338506e-01,2.990989390e-01
-0.305262177,3.067940474e-03,6.660590043e-01,4.598575328e-01,2.564452777e-01,2.982941328e-01
-0.302194215,3.067970276e-03,7.341915823e-01,5.081368823e-01,2.563654143e-01,2.973653322e-01
-0.299126254,3.067970276e-03,8.315681057e-01,5.755392897e-01,2.562425733e-01,2.965905228e-01
-0.296058292,3.067970276e-03,9.412923651e-01,6.690311925e-01,2.561154689e-01,2.956834570e-01
-0.292990330,3.067940474e-03,1.015352497e+00,4.332556350e-01,2.559731571e-01,2.949966829e-01
-0.289922369,3.067970276e-03,8.273937922e-01,4.043298129e-01,2.558537370e-01,2.940434047e-01
-0.286854407,3.067970276e-03,6.644312091e-01,3.593110188e-01,2.556934246e-01,2.932256312e-01
-0.283786446,3.067940474e-03,5.417930985e-01,3.146189155e-01,2.555354624e-01,2.922763173e-01
-0.280718484,3.067970276e-03,4.670527007e-01,2.792456117e-01,2.553846919e-01,2.916862141e-01
-0.277650523,3.067970276e-03,4.412716358e-01,2.595786728e-01,2.552313657e-01,2.904467670e-01
-0.274582561,3.067940474e-03,4.629590778e-01,2.580000297e-01,2.550953007e-01,2.895262810e-01
-0.271514599,3.067970276e-03,5.182036850e-01,2.731242704e-01,2.549649396e-01,2.884312382e-01
-0.268446638,3.067970276e-03,5.963198179e-01,3.021536198e-01,2.547898620e-01,2.876209280e-01
-0.265378676,3.067970276e-03,6.883197190e-01,3.419699349e-01,2.545759218e-01,2.865589880e-01
-0.262310715,3.067940474e-03,7.853130320e-01,3.914380292e-01,2.543666867e-01,2.856795499e-01
-0.259242753,3.067970276e-03,8.856859592e-01,4.496737141e-01,2.542658721e-01,2.847971929e-01
-0.256174792,3.067970276e-03,9.892681478e-01,5.196597134e-01,2.541346172e-01,2.836387720e-01
-0.253106830,3.067940474e-03,1.323700261e+00,5.993307706e-01,2.581760876e-01,2.823722043e-01
-0.250038868,3.067985177e-03,1.915580538e+00,6.958267899e-01,2.651418771e-01,2.813071083e-01
-0.246970907,3.067955375e-03,2.161769480e+00,8.147339001e-01,2.644121183e-01,2.805385901e-01
-0.243902945,3.067970276e-03,3.703217939e+00,1.203708607e+00,2.638162300e-01,2.794587411e-01
-0.240834984,3.067955375e-03,3.292872805e+00,1.167028018e+00,2.631790102e-01,2.785553799e-01
-0.237767022,3.067955375e-03,2.870415635e+00,1.151596913e+00,2.625748107e-01,2.776716200e-01
-0.234699061,3.067970276e-03,2.449863783e+00,1.149744784e+00,2.619099418e-01,2.765784072e-01
-0.231631099,3.067955375e-03,2.034832613e+00,1.154359497e+00,2.613650886e-01,2.757152014e-01
-0.228563137,3.067970276e-03,1.617407454e+00,1.159742203e+00,2.607628014e-01,2.747730512e-01
-0.225495176,3.067955375e-03,1.250630617e+00,1.159652196e+00,2.602080173e-01,2.739027631e-01
-0.222427214,3.067970276e-03,1.008486491e+00,1.153848363e+00,2.596750278e-01,2.730081863e-01
-0.219359253,3.067955375e-03,8.643282387e-01,1.141058646e+00,2.591109223e-01,2.720644905e-01
-0.216291291,3.067955375e-03,8.064750536e-01,1.119700209e+00,2.585888721e-01,2.711834912e-01
-0.213223330,3.067970276e-03,8.278401051e-01,1.091796684e+00,2.580668852e-01,2.702745417e-01
-0.210155368,3.067955375e-03,9.220706975e-01,1.059997151e+00,2.575926899e-01,2.694926417e-01
-0.207087406,3.067970276e-03,1.089868809e+00,1.029152552e+00,2.571365919e-01,2.686119710e-01
-0.204019445,3.067955375e-03,1.330678859e+00,1.005596685e+00,2.566308686e-01,2.677769920e-01
-0.200951483,3.067955375e-03,1.640896081e+00,9.959985742e-01,2.562465898e-01,2.669878352e-01
-0.197883522,3.067970276e-03,2.005473185e+00,1.009476173e+00,2.557648227e-01,2.661608713e-01
-0.194815560,3.067955375e-03,3.377592742e+00,2.762610146e-01,2.554227944e-01,2.654293293e-01
-0.191747598,3.067970276e-03,2.960012505e+00,2.652167538e-01,2.549774207e-01,2.647028239e-01
-0.188679637,3.067955375e-03,2.535645095e+00,2.573630627e-01,2.546216010e-01,2.639186653e-01
-0.185611675,3.067970276e-03,2.112219926e+00,2.609493105e-01,2.542844238e-01,2.632480410e-01
-0.182543714,3.067955375e-03,1.700099539e+00,2.804676208e-01,2.539606437e-01,2.625151181e-01
-0.179475752,3.067955375e-03,1.326789392e+00,3.152957496e-01,2.536483963e-01,2.618550926e-01
-0.176407791,3.067970276e-03,1.032533489e+00,3.645524965e-01,2.533404687e-01,2.612135282e-01
-0.173339829,3.067955375e-03,8.775686640e-01,4.238343692e-01,2.530751205e-01,2.604853858e-01
-0.170271867,3.067970276e-03,8.142530587e-01,4.858725647e-01,2.527861142e-01,2.599382217e-01
-0.167203906,3.067955375e-03,8.278428722e-01,5.464792040e-01,2.525800314e-01,2.593269605e-01
-0.164135944,3.067955375e-03,9.059042461e-01,6.025253282e-01,2.523284812e-01,2.587512502e-01
-0.161067983,3.067970276e-03,1.038233480e+00,6.538511454e-01,2.521312966e-01,2.582225201e-01
-0.158000021,3.067955375e-03,1.213316097e+00,7.046545623e-01,2.519065355e-01,2.576953559e-01
-0.154932060,3.067970276e-03,1.422878453e+00,7.630808453e-01,2.517423568e-01,2.571881902e-01
-0.151864098,3.067955375e-03,1.653048696e+00,8.344770593e-01,2.515629174e-01,2.566905802e-01
-0.148796136,3.067970276e-03,1.899144302e+00,9.280294815e-01,2.514238743e-01,2.562308146e-01
-0.145728175,3.067955375e-03,1.988791231e+00,3.604649714e-01,2.512791479e-01,2.557946231e-01
-0.142660213,3.067955375e-03,1.739917226e+00,3.595756441e-01,2.511163385e-01,2.553710365e-01
-0.139592252,3.067970276e-03,1.507628031e+00,3.722352516e-01,2.509879247e-01,2.549762147e-01
-0.136524290,3.067955375e-03,1.301123469e+00,3.968460585e-01,2.508915624e-01,2.545974514e-01
-0.133456329,3.067970276e-03,1.132001711e+00,4.275191028e-01,2.507988340e-01,2.542343280e-01
-0.130388367,3.067955375e-03,9.960235644e-01,4.616958232e-01,2.507150095e-01,2.539034962e-01
-0.127320405,3.067955375e-03,8.892933456e-01,4.933841796e-01,2.505833960e-01,2.535724049e-01
-0.124252444,3.067970276e-03,1.619418344e+00,5.205188544e-01,2.519280798e-01,2.532622891e-01
-0.121184482,3.067962825e-03,1.654566293e+00,5.381030238e-01,2.518681128e-01,2.529671974e-01
-0.118116521,3.067962825e-03,1.597287369e+00,5.478605655e-01,2.516339840e-01,2.526957257e-01
-0.115048559,3.067962825e-03,1.585354026e+00,5.500850876e-01,2.513891100e-01,2.524460817e-01
-0.111980598,3.067962825e-03,1.616938708e+00,5.481106840e-01,2.511937707e-01,2.522177864e-01
-0.108912636,3.067955375e-03,1.691829430e+00,5.468450834e-01,2.510337698e-01,2.519965548e-01
-0.105844674,3.067962825e-03,1.813077616e+00,5.504667899e-01,2.509051351e-01,2.517793477e-01
-0.102776713,3.067962825e-03,1.990044250e+00,5.679558990e-01,2.507450216e-01,2.516011410e-01
-0.099708751,3.067962825e-03,2.240356584e+00,6.078304687e-01,2.505984122e-01,2.514334581e-01
-0.096640790,3.067962825e-03,2.481889140e+00,4.783797008e-01,2.505593732e-01,2.512744507e-01
-0.093572828,3.067962825e-03,2.491847324e+00,4.833884240e-01,2.504080781e-01,2.511198857e-01
-0.090504866,3.067955375e-03,2.536592513e+00,5.053343807e-01,2.503942364e-01,2.509826546e-01
-0.087436905,3.067962825e-03,2.608077289e+00,5.369039083e-01,2.502739804e-01,2.508794908e-01
-0.084368943,3.067962825e-03,2.702086135e+00,5.729445701e-01,2.502625962e-01,2.507454737e-01
-0.081300982,3.067962825e-03,2.808918541e+00,6.067005656e-01,2.501562828e-01,2.506553485e-01
-0.078233020,3.067962825e-03,2.927208134e+00,6.298756699e-01,2.502003374e-01,2.505621590e-01
-0.075165059,3.067962825e-03,3.052020179e+00,6.517363848e-01,2.501170275e-01,2.504860368e-01
-0.072097097,3.067955375e-03,3.180089129e+00,6.584049248e-01,2.500799557e-01,2.504074231e-01
-0.069029135,3.067962825e-03,3.309189282e+00,6.545479165e-01,2.500433514e-01,2.503478336e-01
-0.065961174,3.067962825e-03,3.439937283e+00,6.402753366e-01,2.500951545e-01,2.502932095e-01
-0.062893212,3.067962825e-03,4.769392367e+00,6.210367032e-01,2.500832119e-01,2.502396520e-01
-0.059825251,3.067962825e-03,6.906229011e+00,6.013407199e-01,2.501071528e-01,2.502161394e-01
-0.056757289,3.067962825e-03,7.175476276e+00,5.867199321e-01,2.501340544e-01,2.501509829e-01
-0.053689328,3.067959100e-03,7.452681665e+00,5.845646778e-01,2.500703996e-01,2.501405341e-01
-0.050621366,3.067962825e-03,7.744913609e+00,6.041269827e-01,2.500485182e-01,2.500850277e-01
-0.047553404,3.067962825e-03,7.064117090e+00,1.389786124e+00,2.499788369e-01,2.500998946e-01
-0.044485443,3.067959100e-03,6.294181417e+00,1.290803175e+00,2.500166443e-01,2.500639815e-01
-0.041417481,3.067962825e-03,5.566522614e+00,1.217008407e+00,2.500940544e-01,2.500270766e-01
-0.038349520,3.067962825e-03,4.883566553e+00,1.153648323e+00,2.500245591e-01,2.500414444e-01
-0.035281558,3.067959100e-03,4.245635470e+00,1.108645609e+00,2.499722598e-01,2.500105480e-01
-0.032213597,3.067962825e-03,4.387485316e+00,1.062869143e+00,2.499389484e-01,2.500397145e-01
-0.029145635,3.067962825e-03,6.704512895e+00,1.016961616e+00,2.500266985e-01,2.500164080e-01
-0.026077673,3.067960963e-03,5.689414066e+00,9.651932507e-01,2.499826556e-01,2.499907177e-01
-0.023009712,3.067960963e-03,4.359962977e+00,9.074730776e-01,2.501259393e-01,2.499795499e-01
-0.019941750,3.067962825e-03,3.495602758e+00,8.428725703e-01,2.499920551e-01,2.500566866e-01
-0.016873789,3.067960963e-03,2.962262025e+00,7.755619977e-01,2.500979962e-01,2.499468243e-01
-0.013805827,3.067961894e-03,4.408695178e+00,7.016368239e-01,2.499007085e-01,2.500770831e-01
-0.010737866,3.067961894e-03,2.626532154e+00,6.327664932e-01,2.500787401e-01,2.499080396e-01
-0.007669904,3.067961428e-03,2.205069555e+00,5.705928511e-01,2.502272916e-01,2.499545147e-01
-0.004601942,3.067961661e-03,2.101994304e+00,5.236271250e-01,2.506118030e-01,2.500270112e-01
-0.001533981,3.067961661e-03,3.365282176e+00,4.700489102e-01,2.461643048e-01,2.371350388e-01
0.001533981,3.067961661e-03,3.365282176e+00,4.700489102e-01,2.461643048e-01,2.371350388e-01
0.004601942,3.067961661e-03,2.101994304e+00,5.236271250e-01,2.506118030e-01,2.500270112e-01
0.007669904,3.067961428e-03,2.205069555e+00,5.705928511e-01,2.502272916e-01,2.499545147e-01
0.010737866,3.067961894e-03,2.626532154e+00,6.327664932e-01,2.500787401e-01,2.499080396e-01
0.013805827,3.067961894e-03,4.408695178e+00,7.016368239e-01,2.499007085e-01,2.500770831e-01
0.016873789,3.067960963e-03,2.962262025e+00,7.755619977e-01,2.500979962e-01,2.499468243e-01
0.019941750,3.067962825e-03,3.495602758e+00,8.428725703e-01,2.499920551e-01,2.500566866e-01
0.023009712,3.067960963e-03,4.359962977e+00,9.074730776e-01,2.501259393e-01,2.499795499e-01
0.026077673,3.067960963e-03,5.689414066e+00,9.651932507e-01,2.499826556e-01,2.499907177e-01
0.029145635,3.067962825e-03,6.704512895e+00,1.016961616e+00,2.500266985e-01,2.500164080e-01
0.032213597,3.067962825e-03,4.387485316e+00,1.062869143e+00,2.499389484e-01,2.500397145e-01
0.035281558,3.067959100e-03,4.245635470e+00,1.108645609e+00,2.499722598e-01,2.500105480e-01
0.038349520,3.067962825e-03,4.883566553e+00,1.153648323e+00,2.500245591e-01,2.500414444e-01
0.041417481,3.067962825e-03,5.566522614e+00,1.217008407e+00,2.500940544e-01,2.500270766e-01
0.044485443,3.067959100e-03,6.294181417e+00,1.290803175e+00,2.500166443e-01,2.500639815e-01
0.047553404,3.067962825e-03,7.064117090e+00,1.389786124e+00,2.499788369e-01,2.500998946e-01
0.050621366,3.067962825e-03,7.744913609e+00,6.041269827e-01,2.500485182e-01,2.500850277e-01
0.053689328,3.067959100e-03,7.452681665e+00,5.845646778e-01,2.500703996e-01,2.501405341e-01
0.056757289,3.067962825e-03,7.175476276e+00,5.867199321e-01,2.501340544e-01,2.501509829e-01
0.059825251,3.067962825e-03,6.906229011e+00,6.013407199e-01,2.501071528e-01,2.502161394e-01
0.062893212,3.067962825e-03,4.769392367e+00,6.210367032e-01,2.500832119e-01,2.502396520e-01
0.065961174,3.067962825e-03,3.439937283e+00,6.402753366e-01,2.500951545e-01,2.502932095e-01
0.069029135,3.067962825e-03,3.309189282e+00,6.545479165e-01,2.500433514e-01,2.503478336e-01
0.072097097,3.067955375e-03,3.180089129e+00,6.584049248e-01,2.500799557e-01,2.504074231e-01
0.075165059,3.067962825e-03,3.052020179e+00,6.517363848e-01,2.501170275e-01,2.504860368e-01
0.078233020,3.067962825e-03,2.927208134e+00,6.298756699e-01,2.502003374e-01,2.505621590e-01
0.081300982,3.067962825e-03,2.808918541e+00,6.067005656e-01,2.501562828e-01,2.506553485e-01
0.084368943,3.067962825e-03,2.702086135e+00,5.729445701e-01,2.502625962e-01,2.507454737e-01
0.087436905,3.067962825e-03,2.608077289e+00,5.369039083e-01,2.502739804e-01,2.508794908e-01
0.090504866,3.067955375e-03,2.536592513e+00,5.053343807e-01,2.503942364e-01,2.509826546e-01
0.093572828,3.067962825e-03,2.491847324e+00,4.833884240e-01,2.504080781e-01,2.511198857e-01
0.096640790,3.067962825e-03,2.481889140e+00,4.783797008e-01,2.505593732e-01,2.512744507e-01
0.099708751,3.067962825e-03,2.240356584e+00,6.078304687e-01,2.505984122e-01,2.514334581e-01
0.102776713,3.067962825e-03,1.990044250e+00,5.679558990e-01,2.507450216e-01,2.516011410e-01
0.105844674,3.067962825e-03,1.813077616e+00,5.504667899e-01,2.509051351e-01,2.517793477e-01
0.108912636,3.067955375e-03,1.691829430e+00,5.468450834e-01,2.510337698e-01,2.519965548e-01
0.111980598,3.067962825e-03,1.616938708e+00,5.481106840e-01,2.511937707e-01,2.522177864e-01
0.115048559,3.067962825e-03,1.585354026e+00,5.500850876e-01,2.513891100e-01,2.524460817e-01
0.118116521,3.067962825e-03,1.597287369e+00,5.478605655e-01,2.516339840e-01,2.526957257e-01
0.121184482,3.067962825e-03,1.654566293e+00,5.381030238e-01,2.518681128e-01,2.529671974e-01
0.124252444,3.067970276e-03,1.619418344e+00,5.205188544e-01,2.519280798e-01,2.532622891e-01
0.127320405,3.067955375e-03,8.892933456e-01,4.933841796e-01,2.505833960e-01,2.535724049e-01
0.130388367,3.067955375e-03,9.960235644e-01,4.616958232e-01,2.507150095e-01,2.539034962e-01
0.133456329,3.067970276e-03,1.132001711e+00,4.275191028e-01,2.507988340e-01,2.542343280e-01
0.136524290,3.067955375e-03,1.301123469e+00,3.968460585e-01,2.508915624e-01,2.545974514e-01
0.139592252,3.067970276e-03,1.507628031e+00,3.722352516e-01,2.509879247e-01,2.549762147e-01
0.142660213,3.067955375e-03,1.739917226e+00,3.595756441e-01,2.511163385e-01,2.553710365e-01
0.145728175,3.067955375e-03,1.988791231e+00,3.604649714e-01,2.512791479e-01,2.557946231e-01
0.148796136,3.067970276e-03,1.899144302e+00,9.280294815e-01,2.514238743e-01,2.562308146e-01
0.151864098,3.067955375e-03,1.653048696e+00,8.344770593e-01,2.515629174e-01,2.566905802e-01
0.154932060,3.067970276e-03,1.422878453e+00,7.630808453e-01,2.517423568e-01,2.571881902e-01
0.158000021,3.067955375e-03,1.213316097e+00,7.046545623e-01,2.519065355e-01,2.576953559e-01
0.161067983,3.067970276e-03,1.038233480e+00,6.538511454e-01,2.521312966e-01,2.582225201e-01
0.164135944,3.067955375e-03,9.059042461e-01,6.025253282e-01,2.523284812e-01,2.587512502e-01
0.167203906,3.067955375e-03,8.278428722e-01,5.464792040e-01,2.525800314e-01,2.593269605e-01
0.170271867,3.067970276e-03,8.142530587e-01,4.858725647e-01,2.527861142e-01,2.599382217e-01
0.173339829,3.067955375e-03,8.775686640e-01,4.238343692e-01,2.530751205e-01,2.604853858e-01
0.176407791,3.067970276e-03,1.032533489e+00,3.645524965e-01,2.533404687e-01,2.612135282e-01
0.179475752,3.067955375e-03,1.326789392e+00,3.152957496e-01,2.536483963e-01,2.618550926e-01
0.182543714,3.067955375e-03,1.700099539e+00,2.804676208e-01,2.539606437e-01,2.625151181e-01
0.185611675,3.067970276e-03,2.112219926e+00,2.609493105e-01,2.542844238e-01,2.632480410e-01
0.188679637,3.067955375e-03,2.535645095e+00,2.573630627e-01,2.546216010e-01,2.639186653e-01
0.191747598,3.067970276e-03,2.960012505e+00,2.652167538e-01,2.549774207e-01,2.647028239e-01
0.194815560,3.067955375e-03,3.377592742e+00,2.762610146e-01,2.554227944e-01,2.654293293e-01
0.197883522,3.067970276e-03,2.005473185e+00,1.009476173e+00,2.557648227e-01,2.661608713e-01
0.200951483,3.067955375e-03,1.640896081e+00,9.959985742e-01,2.562465898e-01,2.669878352e-01
0.204019445,3.067955375e-03,1.330678859e+00,1.005596685e+00,2.566308686e-01,2.677769920e-01
0.207087406,3.067970276e-03,1.089868809e+00,1.029152552e+00,2.571365919e-01,2.686119710e-01
0.210155368,3.067955375e-03,9.220706975e-01,1.059997151e+00,2.575926899e-01,2.694926417e-01
0.213223330,3.067970276e-03,8.278401051e-01,1.091796684e+00,2.580668852e-01,2.702745417e-01
0.216291291,3.067955375e-03,8.064750536e-01,1.119700209e+00,2.585888721e-01,2.711834912e-01
0.219359253,3.067955375e-03,8.643282387e-01,1.141058646e+00,2.591109223e-01,2.720644905e-01
0.222427214,3.067970276e-03,1.008486491e+00,1.153848363e+00,2.596750278e-01,2.730081863e-01
0.225495176,3.067955375e-03,1.250630617e+00,1.159652196e+00,2.602080173e-01,2.739027631e-01
0.228563137,3.067970276e-03,1.617407454e+00,1.159742203e+00,2.607628014e-01,2.747730512e-01
0.231631099,3.067955375e-03,2.034832613e+00,1.154359497e+00,2.613650886e-01,2.757152014e-01
0.234699061,3.067970276e-03,2.449863783e+00,1.149744784e+00,2.619099418e-01,2.765784072e-01
0.237767022,3.067955375e-03,2.870415635e+00,1.151596913e+00,2.625748107e-01,2.776716200e-01
0.240834984,3.067955375e-03,3.292872805e+00,1.167028018e+00,2.631790102e-01,2.785553799e-01
0.243902945,3.067970276e-03,3.703217939e+00,1.203708607e+00,2.638162300e-01,2.794587411e-01
0.246970907,3.067955375e-03,2.161769480e+00,8.147339001e-01,2.644121183e-01,2.805385901e-01
0.250038868,3.067985177e-03,1.915580538e+00,6.958267899e-01,2.651418771e-01,2.813071083e-01
0.253106830,3.067940474e-03,1.323700261e+00,5.993307706e-01,2.581760876e-01,2.823722043e-01
0.256174792,3.067970276e-03,9.892681478e-01,5.196597134e-01,2.541346172e-01,2.836387720e-01
0.259242753,3.067970276e-03,8.856859592e-01,4.496737141e-01,2.542658721e-01,2.847971929e-01
0.262310715,3.067940474e-03,7.853130320e-01,3.914380292e-01,2.543666867e-01,2.856795499e-01
0.265378676,3.067970276e-03,6.883197190e-01,3.419699349e-01,2.545759218e-01,2.865589880e-01
0.268446638,3.067970276e-03,5.963198179e-01,3.021536198e-01,2.547898620e-01,2.876209280e-01
0.271514599,3.067970276e-03,5.182036850e-01,2.731242704e-01,2.549649396e-01,2.884312382e-01
0.274582561,3.067940474e-03,4.629590778e-01,2.580000297e-01,2.550953007e-01,2.895262810e-01
0.277650523,3.067970276e-03,4.412716358e-01,2.595786728e-01,2.552313657e-01,2.904467670e-01
0.280718484,3.067970276e-03,4.670527007e-01,2.792456117e-01,2.553846919e-01,2.916862141e-01
0.283786446,3.067940474e-03,5.417930985e-01,3.146189155e-01,2.555354624e-01,2.922763173e-01
0.286854407,3.067970276e-03,6.644312091e-01,3.593110188e-01,2.556934246e-01,2.932256312e-01
0.289922369,3.067970276e-03,8.273937922e-01,4.043298129e-01,2.558537370e-01,2.940434047e-01
0.292990330,3.067940474e-03,1.015352497e+00,4.332556350e-01,2.559731571e-01,2.949966829e-01
0.296058292,3.067970276e-03,9.412923651e-01,6.690311925e-01,2.561154689e-01,2.956834570e-01
0.299126254,3.067970276e-03,8.315681057e-01,5.755392897e-01,2.562425733e-01,2.965905228e-01
0.302194215,3.067970276e-03,7.341915823e-01,5.081368823e-01,2.563654143e-01,2.973653322e-01
0.305262177,3.067940474e-03,6.660590043e-01,4.598575328e-01,2.564452777e-01,2.982941328e-01
0.308330138,3.067970276e-03,6.006676554e-01,4.210941909e-01,2.565338506e-01,2.990989390e-01
0.311398100,3.067970276e-03,5.456167724e-01,3.894842324e-01,2.565731703e-01,2.998597974e-01
0.314466062,3.067940474e-03,4.975405046e-01,3.607055491e-01,2.567185788e-01,3.006355446e-01
0.317534023,3.067970276e-03,4.621852367e-01,3.344156917e-01,2.567651501e-01,3.011111528e-01
0.320601985,3.067970276e-03,4.404975906e-01,3.100557465e-01,2.568555221e-01,3.019419354e-01
0.323669946,3.067970276e-03,4.360624395e-01,2.887628004e-01,2.568972841e-01,3.029506811e-01
0.326737908,3.067940474e-03,4.552082335e-01,2.732739236e-01,2.569825103e-01,3.032599623e-01
0.329805869,3.067970276e-03,5.010436987e-01,2.633594650e-01,2.570620244e-01,3.038960842e-01
0.332873831,3.067970276e-03,5.652221579e-01,2.595168416e-01,2.569581996e-01,3.044166274e-01
0.335941793,3.067940474e-03,6.466172302e-01,2.593105306e-01,2.569416517e-01,3.051038094e-01
0.339009754,3.067970276e-03,7.352782686e-01,2.603476383e-01,2.570623028e-01,3.053871645e-01
0.342077716,3.067970276e-03,8.251035779e-01,2.607678503e-01,2.570766321e-01,3.057924110e-01
0.345145677,3.067970276e-03,1.235360607e+00,6.103364839e-01,2.568981612e-01,3.061363968e-01
0.348213639,3.067940474e-03,1.169585979e+00,5.360492633e-01,2.569967299e-01,3.065585781e-01
0.351281600,3.067970276e-03,1.125916063e+00,4.857303855e-01,2.568765531e-01,3.071893957e-01
0.354349562,3.067970276e-03,1.093029682e+00,4.488640025e-01,2.568592170e-01,3.077858134e-01
0.357417524,3.067940474e-03,1.069148227e+00,4.197601601e-01,2.568725537e-01,3.086374685e-01
0.360485485,3.067970276e-03,1.047016110e+00,3.931959329e-01,2.567012862e-01,3.090501760e-01
0.363553447,3.067970276e-03,1.023381694e+00,3.665637076e-01,2.566346987e-01,3.091036160e-01
0.366621408,3.067940474e-03,9.982758913e-01,3.392736749e-01,2.564451363e-01,3.090451690e-01
0.369689370,3.067970276e-03,9.697702720e-01,3.117993503e-01,2.564092546e-01,3.093063864e-01
0.372757331,3.067970276e-03,9.369787561e-01,2.887373261e-01,2.562439482e-01,3.091314655e-01
0.375825293,3.067970276e-03,8.961173258e-01,2.701592201e-01,2.560402428e-01,3.097362248e-01
0.378893255,3.067940474e-03,8.379251159e-01,2.607553760e-01,2.558655688e-01,3.093667471e-01
0.381961216,3.067970276e-03,8.050075756e-01,2.614409675e-01,2.557658254e-01,3.094296213e-01
0.385029178,3.067970276e-03,7.765864794e-01,2.704976149e-01,2.555962011e-01,3.090191534e-01
0.388097139,3.067940474e-03,7.587107286e-01,2.831539001e-01,2.553739375e-01,3.091362352e-01
0.391165101,3.067970276e-03,7.548598799e-01,2.933256984e-01,2.551611142e-01,3.088756491e-01
0.394233062,3.067970276e-03,1.213359848e+00,8.310870296e-01,2.549190470e-01,3.082867018e-01
0.397301024,3.067970276e-03,1.193393203e+00,7.398398804e-01,2.548017827e-01,3.081488717e-01
0.400368986,3.067940474e-03,1.189275524e+00,6.698723022e-01,2.545630842e-01,3.081178620e-01
0.403436947,3.067970276e-03,1.196352568e+00,6.138089222e-01,2.542414587e-01,3.074862542e-01
0.406504909,3.067970276e-03,1.208210331e+00,5.646501852e-01,2.540675422e-01,3.076601798e-01
0.409572870,3.067940474e-03,1.220262773e+00,5.202193037e-01,2.538646925e-01,3.069298336e-01
0.412640832,3.067970276e-03,1.227904049e+00,4.732238755e-01,2.535168529e-01,3.060180456e-01
0.415708794,3.067970276e-03,1.231453224e+00,4.269193287e-01,2.533635083e-01,3.058189252e-01
0.418776755,3.067970276e-03,1.229784516e+00,3.812811259e-01,2.531336169e-01,3.051700538e-01
0.421844717,3.067940474e-03,1.224257846e+00,3.381368070e-01,2.528951831e-01,3.046161993e-01
0.424912678,3.067970276e-03,1.212259130e+00,3.040340447e-01,2.526666838e-01,3.039003544e-01
0.427980640,3.067970276e-03,1.171868739e+00,2.793457691e-01,2.524459216e-01,3.032348020e-01
0.431048601,3.067940474e-03,1.159850309e+00,2.666200911e-01,2.522682579e-01,3.031092098e-01
0.434116563,3.067970276e-03,1.160297273e+00,2.648766129e-01,2.520318641e-01,3.018975650e-01
0.437184525,3.067970276e-03,1.174091360e+00,2.699353314e-01,2.519608785e-01,3.014316491e-01
0.440252486,3.067940474e-03,1.212969445e+00,2.757232297e-01,2.517896509e-01,3.003827171e-01
0.443320448,3.067970276e-03,1.324877497e+00,4.991531661e-01,2.515967253e-01,2.995798328e-01
0.446388409,3.067970276e-03,1.227757269e+00,4.630019487e-01,2.513712460e-01,2.984397922e-01
0.449456371,3.067970276e-03,1.146429231e+00,4.427115746e-01,2.513001449e-01,2.977783180e-01
0.452524332,3.067940474e-03,1.074455582e+00,4.295651258e-01,2.511490663e-01,2.971835679e-01
0.455592294,3.067970276e-03,1.004310816e+00,4.159022722e-01,2.510308582e-01,2.963767625e-01
0.458660256,3.067970276e-03,9.307090834e-01,4.020222724e-01,2.509115669e-01,2.955671993e-01
0.461728217,3.067940474e-03,8.539598503e-01,3.822832096e-01,2.507911631e-01,2.943630817e-01
0.464796179,3.067970276e-03,7.729642140e-01,3.576799248e-01,2.507169213e-01,2.936579867e-01
0.467864140,3.067970276e-03,6.860287333e-01,3.311057934e-01,2.506718039e-01,2.923439272e-01
0.470932102,3.067970276e-03,6.021184210e-01,3.037695009e-01,2.506403951e-01,2.913136840e-01
0.474000063,3.067940474e-03,5.260245749e-01,2.813915532e-01,2.506336094e-01,2.904526035e-01
0.477068025,3.067970276e-03,4.572051585e-01,2.679593015e-01,2.507685063e-01,2.894790266e-01
0.480135987,3.067970276e-03,4.210677741e-01,2.661478581e-01,2.507226484e-01,2.881791125e-01
0.483203948,3.067940474e-03,4.128363982e-01,2.754697214e-01,2.507963879e-01,2.872050807e-01
0.486271910,3.067970276e-03,4.272854539e-01,2.918145404e-01,2.509156767e-01,2.862795139e-01
0.489339871,3.067970276e-03,4.545964395e-01,3.085928278e-01,2.510179001e-01,2.853255414e-01
0.492407833,3.067940474e-03,1.867710178e+00,4.102898923e-01,2.511942818e-01,2.841432405e-01
0.495475794,3.067970276e-03,1.884987716e+00,3.920970127e-01,2.513383032e-01,2.830034483e-01
0.498543756,3.068000078e-03,1.922546224e+00,3.860752831e-01,2.515411138e-01,2.820592746e-01
0.501611718,3.067970276e-03,1.971613279e+00,3.846886291e-01,2.522310032e-01,2.847958840e-01
0.504679679,3.067910671e-03,2.025563038e+00,3.858059842e-01,2.524421587e-01,2.833627873e-01
0.507747641,3.067970276e-03,2.080579090e+00,3.824995098e-01,2.528081240e-01,2.822677342e-01
0.510815602,3.067970276e-03,2.130626704e+00,3.745734139e-01,2.531023397e-01,2.814709054e-01
0.513883564,3.067970276e-03,2.175565393e+00,3.607298624e-01,2.533501009e-01,2.804314800e-01
0.516951526,3.067970276e-03,2.213765473e+00,3.420961523e-01,2.538656617e-01,2.795407202e-01
0.520019487,3.067970276e-03,2.245602523e+00,3.202597639e-01,2.543643324e-01,2.783405254e-01
0.523087449,3.067970276e-03,1.977165013e+00,2.979634983e-01,2.536176632e-01,2.793596115e-01
0.526155410,3.067910671e-03,1.393762951e+00,2.795002790e-01,2.512798493e-01,2.765201549e-01
0.529223372,3.067970276e-03,1.400874688e+00,2.698469983e-01,2.513849100e-01,2.750805675e-01
0.532291333,3.067970276e-03,1.423891184e+00,2.685258137e-01,2.515156357e-01,2.748777572e-01
0.535359295,3.067970276e-03,1.456295990e+00,2.745861144e-01,2.516644781e-01,2.737960760e-01
0.538427257,3.067970276e-03,1.502782646e+00,2.836756025e-01,2.518493644e-01,2.730799898e-01
0.541495218,3.067970276e-03,1.087492736e+00,4.636245960e-01,2.521412004e-01,2.721118856e-01
0.544563180,3.067970276e-03,1.045304378e+00,4.178287098e-01,2.520941015e-01,2.710971862e-01
0.547631141,3.067910671e-03,1.012290515e+00,3.883432947e-01,2.521362019e-01,2.705759271e-01
0.550699103,3.067970276e-03,9.874332180e-01,3.664384568e-01,2.523459606e-01,2.697550264e-01
0.553767064,3.067970276e-03,9.644611099e-01,3.479961704e-01,2.524890775e-01,2.687547304e-01
0.556835026,3.067970276e-03,9.484134320e-01,3.301154760e-01,2.527230456e-01,2.681502616e-01
0.559902988,3.067970276e-03,9.150054095e-01,3.108150397e-01,2.527923161e-01,2.675493649e-01
0.562970949,3.067970276e-03,8.855388681e-01,2.921939060e-01,2.529358947e-01,2.665430029e-01
0.566038911,3.067910671e-03,8.505649035e-01,2.768572196e-01,2.530915744e-01,2.665356503e-01
0.569106872,3.067970276e-03,8.101907968e-01,2.685483958e-01,2.531549151e-01,2.653834109e-01
0.572174834,3.067970276e-03,7.678820466e-01,2.720507224e-01,2.534456670e-01,2.649155491e-01
0.575242795,3.067970276e-03,7.199779809e-01,2.934514443e-01,2.536081451e-01,2.645910674e-01
0.578310757,3.067970276e-03,6.651085674e-01,3.351365267e-01,2.537258436e-01,2.639763031e-01
0.581378719,3.067970276e-03,6.253338491e-01,3.894246386e-01,2.536649634e-01,2.631576826e-01
0.584446680,3.067970276e-03,5.934952623e-01,4.551172573e-01,2.537718623e-01,2.627716784e-01
0.587514642,3.067910671e-03,5.761170371e-01,5.175818625e-01,2.540101127e-01,2.620110246e-01
0.590582603,3.067970276e-03,1.104456585e+00,5.304793449e-01,2.542009831e-01,2.616259682e-01
0.593650565,3.067970276e-03,1.021016109e+00,4.536172345e-01,2.542139858e-01,2.615684372e-01
0.596718526,3.067970276e-03,9.485499680e-01,4.007490759e-01,2.542443873e-01,2.612708687e-01
0.599786488,3.067970276e-03,8.793853415e-01,3.622997927e-01,2.543319236e-01,2.607720011e-01
0.602854450,3.067970276e-03,8.107883241e-01,3.315694717e-01,2.544620501e-01,2.604648733e-01
0.605922411,3.067970276e-03,7.395018122e-01,3.079243431e-01,2.546109481e-01,2.605703996e-01
0.608990373,3.067910671e-03,6.643801864e-01,2.883222859e-01,2.545531663e-01,2.599593090e-01
0.612058334,3.067970276e-03,5.832465658e-01,2.746937308e-01,2.545931428e-01,2.600106409e-01
0.615126296,3.067970276e-03,5.036510649e-01,2.695521786e-01,2.545999259e-01,2.594215912e-01
0.618194258,3.067970276e-03,4.263346530e-01,2.762501877e-01,2.547906627e-01,2.591961104e-01
0.621262219,3.067970276e-03,3.603078990e-01,2.979498965e-01,2.549824074e-01,2.589941375e-01
0.624330181,3.067970276e-03,3.126085274e-01,3.369052127e-01,2.550370623e-01,2.591897342e-01
0.627398142,3.067970276e-03,2.884629185e-01,3.937579641e-01,2.548953733e-01,2.588321616e-01
0.630466104,3.067910671e-03,2.936342662e-01,4.607129453e-01,2.548158456e-01,2.586900619e-01
0.633534065,3.067970276e-03,3.223676902e-01,5.279326667e-01,2.549861400e-01,2.585453370e-01
0.636602027,3.067970276e-03,3.670727001e-01,5.860571819e-01,2.549482375e-01,2.587333153e-01
0.639669989,3.067970276e-03,1.244308479e+00,4.888853394e-01,2.548036184e-01,2.587862089e-01
0.642737950,3.067970276e-03,1.216291736e+00,4.511855100e-01,2.548337234e-01,2.584189775e-01
0.645805912,3.067970276e-03,1.202349967e+00,4.294344944e-01,2.547162810e-01,2.583103813e-01
0.648873873,3.067970276e-03,1.198519122e+00,4.170689462e-01,2.545097434e-01,2.586256756e-01
0.651941835,3.067910671e-03,1.196683570e+00,4.073088284e-01,2.543188030e-01,2.586965200e-01
0.655009796,3.067970276e-03,1.195794250e+00,3.957381156e-01,2.542419139e-01,2.585054609e-01
0.658077758,3.067970276e-03,1.191221861e+00,3.844502305e-01,2.542381567e-01,2.584108936e-01
0.661145720,3.067970276e-03,1.182685707e+00,3.673882028e-01,2.539353695e-01,2.585017264e-01
0.664213681,3.067970276e-03,1.166456610e+00,3.486469394e-01,2.538801224e-01,2.585669168e-01
0.667281643,3.067970276e-03,1.142651681e+00,3.284567262e-01,2.538544787e-01,2.587139156e-01
0.670349604,3.067970276e-03,1.113567107e+00,3.082217226e-01,2.536304736e-01,2.586139045e-01
0.673417566,3.067910671e-03,1.078385430e+00,2.912724359e-01,2.535788847e-01,2.585534100e-01
0.676485527,3.067970276e-03,1.036391558e+00,2.801618037e-01,2.533705541e-01,2.588912934e-01
0.679553489,3.067970276e-03,9.903133751e-01,2.751352843e-01,2.530388021e-01,2.589011180e-01
0.682621451,3.067970276e-03,9.601793569e-01,2.753016409e-01,2.531146511e-01,2.589568334e-01
0.685689412,3.067970276e-03,9.377666776e-01,2.775505694e-01,2.529796620e-01,2.587204740e-01
0.688757374,3.067970276e-03,1.018156486e+00,5.384249045e-01,2.527141580e-01,2.591741700e-01
0.691825335,3.067970276e-03,1.001423791e+00,4.683851377e-01,2.526115982e-01,2.593397705e-01
0.694893297,3.067910671e-03,9.981815499e-01,4.291563804e-01,2.525066555e-01,2.593263875e-01
0.697961258,3.067970276e-03,1.003111903e+00,3.942266114e-01,2.523979584e-01,2.594492954e-01
0.701029220,3.067970276e-03,1.012904820e+00,3.693284423e-01,2.523091814e-01,2.595766348e-01
0.704097182,3.067970276e-03,1.018096913e+00,3.458121757e-01,2.521911881e-01,2.594706824e-01
0.707165143,3.067970276e-03,1.023747099e+00,3.238481293e-01,2.525316998e-01,2.660028839e-01
0.710233105,3.067970276e-03,1.023092832e+00,3.040133094e-01,2.528024503e-01,2.729274628e-01
0.713301066,3.067910671e-03,1.015035440e+00,2.877757320e-01,2.527886843e-01,2.727458154e-01
0.716369028,3.067970276e-03,1.002977105e+00,2.773702893e-01,2.527312394e-01,2.730376409e-01
0.719436990,3.067970276e-03,9.859413615e-01,2.757754234e-01,2.526890831e-01,2.729042443e-01
0.722504951,3.067970276e-03,9.639972864e-01,2.833105080e-01,2.527328795e-01,2.729867078e-01
0.725572913,3.067970276e-03,9.427637918e-01,3.023828552e-01,2.527212439e-01,2.732424336e-01
0.728640874,3.067970276e-03,9.138636505e-01,3.307500493e-01,2.526819547e-01,2.735372168e-01
0.731708836,3.067970276e-03,9.046432627e-01,3.615723760e-01,2.527067327e-01,2.735252655e-01
0.734776797,3.067910671e-03,9.114455312e-01,3.882259487e-01,2.526979512e-01,2.732924639e-01
0.737844759,3.067970276e-03,9.977562804e-01,3.224141611e-01,2.527466981e-01,2.737810898e-01
0.740912721,3.067970276e-03,9.540902240e-01,3.003424484e-01,2.527105546e-01,2.736863119e-01
0.743980682,3.067970276e-03,9.271667612e-01,2.894357813e-01,2.527384791e-01,2.737705612e-01
0.747048644,3.067970276e-03,9.078940825e-01,2.828753575e-01,2.527156157e-01,2.736993177e-01
0.750116605,3.067970276e-03,8.918200165e-01,2.799033883e-01,2.528621716e-01,2.738964347e-01
0.753184567,3.067970276e-03,8.749000684e-01,2.771729131e-01,2.529362847e-01,2.735446757e-01
0.756252528,3.067910671e-03,8.517693144e-01,2.763089958e-01,2.528938699e-01,2.739190026e-01
0.759320490,3.067970276e-03,8.293418118e-01,2.754889967e-01,2.528244721e-01,2.740699109e-01
0.762388452,3.067970276e-03,7.969072722e-01,2.775508246e-01,2.530482845e-01,2.744225382e-01
0.765456413,3.067970276e-03,7.577673973e-01,2.818944401e-01,2.531131931e-01,2.746062556e-01
0.768524375,3.067970276e-03,7.128600615e-01,2.897631747e-01,2.529178611e-01,2.747751961e-01
0.771592336,3.067970276e-03,6.675080444e-01,3.023625159e-01,2.530498332e-01,2.745003322e-01
0.774660298,3.067970276e-03,6.166542216e-01,3.168656640e-01,2.532790723e-01,2.745010821e-01
0.777728259,3.067910671e-03,5.707201757e-01,3.325792531e-01,2.531478789e-01,2.744576779e-01
0.780796221,3.067970276e-03,5.260477053e-01,3.445198511e-01,2.532668853e-01,2.750614900e-01
0.783864183,3.067970276e-03,5.069769488e-01,3.542091043e-01,2.532363762e-01,2.753272280e-01
0.786932144,3.067970276e-03,5.082982545e-01,4.322192302e-01,3.070108918e-01,2.919426368e-01
0.790000106,3.067970276e-03,5.199338503e-01,4.217774786e-01,3.071088719e-01,2.909181503e-01
0.793068067,3.067970276e-03,5.362049152e-01,4.011188483e-01,3.059472541e-01,2.897991613e-01
0.796136029,3.067970276e-03,5.611931074e-01,3.843228551e-01,3.064744869e-01,2.892053169e-01
0.799203990,3.067910671e-03,5.920946254e-01,3.722024854e-01,3.066043436e-01,2.886611095e-01
0.802271952,3.067970276e-03,6.258659043e-01,3.630645580e-01,3.072670775e-01,2.883718860e-01
0.805339914,3.067970276e-03,6.617055354e-01,3.594810813e-01,3.068289685e-01,2.887823717e-01
0.808407875,3.067970276e-03,6.950402682e-01,3.582439171e-01,3.066834115e-01,2.886390092e-01
0.811475837,3.067970276e-03,7.213303962e-01,3.601399129e-01,3.063362043e-01,2.889294253e-01
0.814543798,3.067970276e-03,7.471055298e-01,3.613780358e-01,3.066050478e-01,2.891534723e-01
0.817611760,3.067970276e-03,7.696506196e-01,3.667903565e-01,3.063168449e-01,2.890275351e-01
0.820679722,3.067910671e-03,7.893250582e-01,3.698995171e-01,3.048242447e-01,2.907973259e-01
0.823747683,3.067970276e-03,8.125014548e-01,3.731551629e-01,3.067872885e-01,2.903861885e-01
0.826815645,3.067970276e-03,8.386793388e-01,3.779212166e-01,3.066762204e-01,2.912241997e-01
0.829883606,3.067970276e-03,8.789319803e-01,3.854590291e-01,3.067819608e-01,2.917189459e-01
0.832951568,3.067970276e-03,9.328891461e-01,4.008709213e-01,3.068579657e-01,2.928211404e-01
0.836019529,3.067970276e-03,4.436462515e-01,3.722226849e-01,3.064357568e-01,2.934032987e-01
0.839087491,3.067970276e-03,4.663001774e-01,3.710890438e-01,3.064881219e-01,2.947550184e-01
0.842155453,3.067910671e-03,5.053767726e-01,3.731024733e-01,3.062853702e-01,2.958143281e-01
0.845223414,3.067970276e-03,5.531722616e-01,3.786024048e-01,3.064650170e-01,2.966393045e-01
0.848291376,3.067970276e-03,6.118672433e-01,3.828884044e-01,3.059465417e-01,2.968992166e-01
0.851359337,3.067970276e-03,6.715886759e-01,3.892853116e-01,3.054092497e-01,2.989464364e-01
0.854427299,3.067970276e-03,7.344233395e-01,3.941768500e-01,3.052794377e-01,3.000052355e-01
0.857495260,3.067970276e-03,7.936968568e-01,3.992153750e-01,3.051300452e-01,3.011156826e-01
0.860563222,3.067910671e-03,8.494305684e-01,4.010790206e-01,3.052002343e-01,3.024271970e-01
0.863631184,3.067970276e-03,8.995701572e-01,4.021381874e-01,2.974522896e-01,3.030980342e-01
0.866699145,3.067970276e-03,9.431398916e-01,4.012857124e-01,2.909472295e-01,3.038164722e-01
0.869767107,3.067970276e-03,9.848171135e-01,3.997844208e-01,2.904500009e-01,3.053337543e-01
0.872835068,3.067970276e-03,1.024433876e+00,3.974661063e-01,2.901839929e-01,3.063884155e-01
0.875903030,3.067970276e-03,1.070746089e+00,3.966323312e-01,2.899683741e-01,3.075418807e-01
0.878970991,3.067970276e-03,1.123611406e+00,3.980076185e-01,2.893020288e-01,3.089022664e-01
0.882038953,3.067910671e-03,1.234728559e+00,4.036468744e-01,2.880135217e-01,3.101903184e-01
0.885106915,3.067970276e-03,6.156842723e-01,3.807892743e-01,2.874196634e-01,3.117194405e-01
0.888174876,3.067970276e-03,6.380650662e-01,3.840343852e-01,2.883420470e-01,3.130398491e-01
0.891242838,3.067970276e-03,6.712398002e-01,3.897451069e-01,2.869008865e-01,3.131036436e-01
0.894310799,3.067970276e-03,7.192128946e-01,4.021104147e-01,2.862859210e-01,3.153520135e-01
0.897378761,3.067970276e-03,7.698455805e-01,4.165584157e-01,2.853685971e-01,3.166608154e-01
0.900446722,3.067970276e-03,8.207667681e-01,4.291948128e-01,2.845994865e-01,3.174705991e-01
0.903514684,3.067910671e-03,8.695512117e-01,4.430647745e-01,2.846097195e-01,3.188779443e-01
0.906582646,3.067970276e-03,9.099874904e-01,4.528951037e-01,2.834673011e-01,3.194413137e-01
0.909650607,3.067970276e-03,9.425049505e-01,4.614492907e-01,2.827323627e-01,3.202072171e-01
0.912718569,3.067970276e-03,9.702744660e-01,4.663613834e-01,2.817016269e-01,3.218631740e-01
0.915786530,3.067970276e-03,9.881168633e-01,4.693330547e-01,2.810017534e-01,3.223153564e-01
0.918854492,3.067970276e-03,1.004826212e+00,4.713102688e-01,2.789494298e-01,3.231845080e-01
0.921922454,3.067970276e-03,1.016401257e+00,4.719314696e-01,2.789343227e-01,3.241393846e-01
0.924990415,3.067910671e-03,1.035775143e+00,4.737126345e-01,2.784625157e-01,3.252442648e-01
0.928058377,3.067970276e-03,1.064385614e+00,4.816428461e-01,2.777274392e-01,3.263749902e-01
0.931126338,3.067970276e-03,1.109461272e+00,4.969702740e-01,2.769294787e-01,3.265323483e-01
0.934194300,3.067970276e-03,3.280550043e-01,1.171290150e+00,2.760778667e-01,3.275194242e-01
0.937262261,3.067970276e-03,3.316039280e-01,1.075606913e+00,2.744155722e-01,3.281521804e-01
0.940330223,3.067970276e-03,3.457451658e-01,9.709183931e-01,2.739653204e-01,3.278527291e-01
0.943398185,3.067970276e-03,3.772526201e-01,8.592507670e-01,2.731548918e-01,3.283748238e-01
0.946466146,3.067910671e-03,4.216863798e-01,7.441336399e-01,2.718118878e-01,3.292997004e-01
0.949534108,3.067970276e-03,4.799521101e-01,6.504245376e-01,2.713675164e-01,3.293264640e-01
0.952602069,3.067970276e-03,5.428192942e-01,5.722580501e-01,2.702155775e-01,3.296496807e-01
0.955670031,3.067970276e-03,6.097845995e-01,5.081152547e-01,2.696697644e-01,3.295999678e-01
0.958737992,3.067970276e-03,6.736271879e-01,4.610383770e-01,2.686809569e-01,3.298124842e-01
0.961805954,3.067970276e-03,7.342435069e-01,4.276106047e-01,2.681786308e-01,3.299042809e-01
0.964873916,3.067970276e-03,7.908858687e-01,4.049131672e-01,2.675243443e-01,3.303181708e-01
0.967941877,3.067910671e-03,8.436484259e-01,3.930504860e-01,2.664693020e-01,3.301416738e-01
0.971009839,3.067970276e-03,8.976444326e-01,3.891449189e-01,2.658400774e-01,3.299026881e-01
0.974077800,3.067970276e-03,9.561753307e-01,3.927626894e-01,2.650370458e-01,3.296338287e-01
0.977145762,3.067970276e-03,1.025975499e+00,4.042237883e-01,2.641894837e-01,3.299894876e-01
0.980213723,3.067970276e-03,1.114026468e+00,4.279963169e-01,2.631180999e-01,3.300445643e-01
0.983281685,3.067970276e-03,3.201374681e-01,4.831665963e-01,2.627097506e-01,3.294132156e-01
0.986349647,3.067910671e-03,3.295667255e-01,4.733774522e-01,2.622797632e-01,3.298456746e-01
0.989417608,3.067970276e-03,3.545846768e-01,4.590553124e-01,2.616824725e-01,3.284612230e-01
0.992485570,3.067970276e-03,3.981387350e-01,4.415192676e-01,2.614596143e-01,3.290206842e-01
0.995553531,3.067970276e-03,4.523907001e-01,4.227971872e-01,2.605937583e-01,3.286442646e-01
0.998621493,3.068029881e-03,5.175841176e-01,4.106429447e-01,2.599144087e-01,3.281433357e-01
1.001689454,3.067970276e-03,5.857597324e-01,4.028408712e-01,2.595678110e-01,3.265459521e-01
1.004757416,3.067970276e-03,6.494856114e-01,3.982877598e-01,2.590091076e-01,3.271734730e-01
1.007825378,3.067851067e-03,7.088767919e-01,3.955482027e-01,2.588215991e-01,3.257568260e-01
1.010893339,3.067970276e-03,7.578872064e-01,3.957039440e-01,2.584521563e-01,3.255158717e-01
1.013961301,3.067970276e-03,7.993708210e-01,3.974002929e-01,2.580944970e-01,3.263325914e-01
1.017029262,3.067970276e-03,8.328050347e-01,3.977769370e-01,2.575314156e-01,3.247255077e-01
1.020097224,3.067970276e-03,8.647724710e-01,4.018261181e-01,2.572242549e-01,3.240355587e-01
1.023165186,3.067970276e-03,8.976016489e-01,4.047203239e-01,2.570002519e-01,3.232534205e-01
1.026233147,3.067970276e-03,9.393574546e-01,4.106946172e-01,2.569730935e-01,3.232086852e-01
1.029301109,3.067970276e-03,9.970695932e-01,4.209141005e-01,2.565431865e-01,3.226129594e-01
1.032369070,3.067970276e-03,4.416699706e-01,6.199300980e-01,2.567915225e-01,3.216793834e-01
1.035437032,3.067970276e-03,4.693831750e-01,5.865888106e-01,2.562126762e-01,3.208475167e-01
1.038504993,3.067970276e-03,5.116787371e-01,5.671092487e-01,2.567568191e-01,3.197027010e-01
1.041572955,3.067970276e-03,5.648827738e-01,5.527266457e-01,2.561374309e-01,3.189151467e-01
1.044640917,3.067970276e-03,6.227077362e-01,5.497865069e-01,2.573180076e-01,3.182940533e-01
1.047708878,3.067970276e-03,6.738021560e-01,6.958347792e-01,2.705692640e-01,4.519598980e-01
1.050776840,3.067851067e-03,7.338202896e-01,7.621314590e-01,2.561274755e-01,5.174299723e-01
1.053844801,3.067970276e-03,7.781494545e-01,7.563664050e-01,2.564192323e-01,5.147525263e-01
1.056912763,3.067970276e-03,8.098123065e-01,7.474109560e-01,2.568493132e-01,5.104046138e-01
1.059980724,3.067970276e-03,8.321617123e-01,7.362682959e-01,2.569211022e-01,5.076163732e-01
1.063048686,3.067970276e-03,8.446484764e-01,7.329620123e-01,2.569864271e-01,5.064059869e-01
1.066116648,3.067970276e-03,8.491093659e-01,7.253520380e-01,2.571574092e-01,5.128044519e-01
1.069184609,3.067970276e-03,8.511866072e-01,7.229379653e-01,2.580293879e-01,4.995733146e-01
1.072252571,3.067970276e-03,8.552382679e-01,7.224816613e-01,3.307433649e-01,3.995747151e-01
1.075320532,3.067970276e-03,8.610444310e-01,7.230138433e-01,3.342271604e-01,3.995168894e-01
1.078388494,3.067970276e-03,8.868659454e-01,7.229569387e-01,3.350646244e-01,4.029481325e-01
1.081456455,3.067970276e-03,3.609641741e-01,2.169631851e+00,3.373614845e-01,4.057146442e-01
1.084524417,3.067970276e-03,3.827760688e-01,2.073106710e+00,3.382575507e-01,4.087375155e-01
1.087592379,3.067970276e-03,4.190766366e-01,1.948968781e+00,3.384087833e-01,4.117961961e-01
1.090660340,3.067970276e-03,4.703830863e-01,1.820162865e+00,3.405203090e-01,4.168106985e-01
1.093728302,3.067851067e-03,5.281965744e-01,1.678069654e+00,3.420081285e-01,4.200596437e-01
1.096796263,3.067970276e-03,5.942647662e-01,1.530061476e+00,3.430740859e-01,4.239696981e-01
1.099864225,3.067970276e-03,6.569108300e-01,1.412672226e+00,3.453493834e-01,4.269715554e-01
1.102932186,3.067970276e-03,7.161675581e-01,1.311589052e+00,3.456338538e-01,4.294633156e-01
1.106000148,3.067970276e-03,7.627695187e-01,1.220725458e+00,3.473530597e-01,4.336947043e-01
1.109068110,3.067970276e-03,7.997197627e-01,1.149885819e+00,3.493106154e-01,4.372505953e-01
1.112136071,3.067970276e-03,8.278426048e-01,1.088445645e+00,3.489655305e-01,4.404449769e-01
1.115204033,3.067970276e-03,8.476637818e-01,1.034730488e+00,3.506709707e-01,4.443665054e-01
1.118271994,3.067970276e-03,8.651681773e-01,9.901168292e-01,3.510276212e-01,4.466246561e-01
1.121339956,3.067970276e-03,8.826736659e-01,9.512383597e-01,3.513407939e-01,4.503081236e-01
1.124407918,3.067970276e-03,9.080050825e-01,9.095905142e-01,3.521230507e-01,4.537176739e-01
1.127475879,3.067970276e-03,9.473784774e-01,8.658139379e-01,3.529402292e-01,4.561040355e-01
1.130543841,3.067970276e-03,3.819361878e-01,9.426686085e-01,3.543736264e-01,4.605628351e-01
1.133611802,3.067851067e-03,4.004400331e-01,9.623753803e-01,3.549808215e-01,4.621869003e-01
1.136679764,3.067970276e-03,4.356170278e-01,9.737299903e-01,3.559432341e-01,4.653668286e-01
1.139747725,3.067970276e-03,4.838807058e-01,9.733363223e-01,3.571662345e-01,4.704362957e-01
1.142815687,3.067970276e-03,5.474722538e-01,9.715613997e-01,3.567025091e-01,4.721123500e-01
1.145883649,3.067970276e-03,6.125899729e-01,9.465133023e-01,3.567939529e-01,4.753190393e-01
1.148951610,3.067970276e-03,6.819638837e-01,9.413143562e-01,3.576570834e-01,4.781020409e-01
1.152019572,3.067970276e-03,7.520032868e-01,9.368381999e-01,3.574757537e-01,4.802983981e-01
1.155087533,3.067970276e-03,8.130423650e-01,9.367253634e-01,3.578597166e-01,4.837148723e-01
1.158155495,3.067970276e-03,8.691024405e-01,9.380521634e-01,3.579370371e-01,4.845305927e-01
1.161223456,3.067970276e-03,9.198383638e-01,9.430459348e-01,3.591214618e-01,4.886658355e-01
1.164291418,3.067970276e-03,9.667999014e-01,9.474584088e-01,3.591704752e-01,4.901388645e-01
1.167359380,3.067970276e-03,1.020881545e+00,9.572500399e-01,3.600916656e-01,4.926400992e-01
1.170427341,3.067970276e-03,1.075575534e+00,9.645924529e-01,3.599820303e-01,4.950223032e-01
1.173495303,3.067970276e-03,1.146878842e+00,9.587462963e-01,3.596639660e-01,4.993006789e-01
1.176563264,3.067851067e-03,1.237537406e+00,9.485415467e-01,3.592489010e-01,4.992146609e-01
1.179631226,3.067970276e-03,3.001962497e-01,1.041512604e+00,3.587408929e-01,5.016747478e-01
1.182699187,3.067970276e-03,3.070911858e-01,1.038856020e+00,3.600010567e-01,5.042452385e-01
1.185767149,3.067970276e-03,3.227728341e-01,1.025372369e+00,3.577604689e-01,5.050420644e-01
1.188835111,3.067970276e-03,3.504605941e-01,1.004688772e+00,3.594410485e-01,5.084341604e-01
1.191903072,3.067970276e-03,3.897978559e-01,9.845562435e-01,3.583592806e-01,5.073554622e-01
1.194971034,3.067970276e-03,4.356204550e-01,9.498901183e-01,3.594202705e-01,5.101049057e-01
1.198038995,3.067970276e-03,4.850004389e-01,9.280403147e-01,3.573613019e-01,5.125388586e-01
1.201106957,3.067970276e-03,5.369896608e-01,9.159216354e-01,3.568539659e-01,5.140594156e-01
1.204174918,3.067970276e-03,5.855297028e-01,9.026794691e-01,3.572842534e-01,5.152019224e-01
1.207242880,3.067970276e-03,6.263085477e-01,8.898842895e-01,3.563025271e-01,5.167791203e-01
1.210310842,3.067970276e-03,6.632669039e-01,8.776776266e-01,3.557645398e-01,5.171378687e-01
1.213378803,3.067970276e-03,6.971241759e-01,8.732488556e-01,3.551288937e-01,5.191318556e-01
1.216446765,3.067970276e-03,7.316356215e-01,8.638503924e-01,3.529492520e-01,5.230843383e-01
1.219514726,3.067851067e-03,7.750201636e-01,8.512697066e-01,3.517782391e-01,5.200843644e-01
1.222582688,3.067970276e-03,8.273361273e-01,8.394736276e-01,3.508824551e-01,5.219921114e-01
1.225650650,3.067970276e-03,9.027244391e-01,8.222990782e-01,3.489620224e-01,5.213053185e-01
1.228718611,3.067970276e-03,3.401005487e-01,2.458928290e+00,3.488231501e-01,5.230408172e-01
1.231786573,3.067970276e-03,3.330616863e-01,2.353424421e+00,3.460668666e-01,5.236140388e-01
1.234854534,3.067970276e-03,3.370740437e-01,2.229237225e+00,3.472034326e-01,5.231057361e-01
1.237922496,3.067970276e-03,3.561176758e-01,2.103334483e+00,3.461161503e-01,5.240663213e-01
1.240990457,3.067970276e-03,3.820059187e-01,1.969869957e+00,3.445971338e-01,5.247246027e-01
1.244058419,3.067970276e-03,4.185867413e-01,1.827510694e+00,3.427094711e-01,5.254465081e-01
1.247126381,3.067970276e-03,4.523055594e-01,1.687420613e+00,3.428073649e-01,5.259849276e-01
1.250194342,3.067970276e-03,4.981700318e-01,1.575098427e+00,3.408036088e-01,5.257991955e-01
1.253262304,3.067970276e-03,5.410647581e-01,1.469863751e+00,3.390738097e-01,5.262785289e-01
1.256330265,3.067970276e-03,5.800267268e-01,1.380260598e+00,3.388801833e-01,5.256605324e-01
1.259398227,3.067970276e-03,6.203285039e-01,1.291452490e+00,3.370681819e-01,5.241300043e-01
1.262466188,3.067851067e-03,6.620006134e-01,1.218745496e+00,3.355052595e-01,5.249293209e-01
1.265534150,3.067970276e-03,7.063224843e-01,1.146669859e+00,3.345133576e-01,5.245970175e-01
1.268602112,3.067970276e-03,7.577299512e-01,1.096553027e+00,3.322485982e-01,5.260234589e-01
1.271670073,3.067970276e-03,8.269146376e-01,1.018800817e+00,3.303896242e-01,5.253928213e-01
1.274738035,3.067970276e-03,9.199151267e-01,9.539429385e-01,3.296109880e-01,5.238580653e-01
1.277805996,3.067970276e-03,3.165933203e-01,2.689942949e+00,3.278603083e-01,5.242994920e-01
1.280873958,3.067970276e-03,3.010952544e-01,2.483967905e+00,3.264995780e-01,5.241062323e-01
1.283941919,3.067970276e-03,2.833069964e-01,2.277657775e+00,3.249449336e-01,5.231116142e-01
1.287009881,3.067970276e-03,2.724177124e-01,2.073850146e+00,3.225170448e-01,5.218533745e-01
1.290077843,3.067970276e-03,2.746988268e-01,1.878786510e+00,3.221990473e-01,5.216989711e-01
1.293145804,3.067970276e-03,2.938842607e-01,1.682838641e+00,3.195253435e-01,5.208133021e-01
1.296213766,3.067970276e-03,3.337619509e-01,1.508251059e+00,3.183635508e-01,5.208507104e-01
1.299281727,3.067970276e-03,3.856596958e-01,1.367001567e+00,3.161340122e-01,5.198142329e-01
1.302349689,3.067851067e-03,4.464586197e-01,1.249485147e+00,3.155423627e-01,5.173057118e-01
1.305417650,3.067970276e-03,5.140190228e-01,1.148530211e+00,3.130737888e-01,5.178885612e-01
1.308485612,3.067970276e-03,5.841784731e-01,1.072026901e+00,3.123098565e-01,5.168538886e-01
1.311553574,3.067970276e-03,6.559514317e-01,1.003925967e+00,3.106161976e-01,5.154905788e-01
1.314621535,3.067970276e-03,7.300463302e-01,9.492331210e-01,3.086846730e-01,5.154751983e-01
1.317689497,3.067970276e-03,8.080128482e-01,1.287588535e+00,3.021432453e-01,7.001902054e-01
1.320757458,3.067970276e-03,9.079707568e-01,1.882640748e+00,2.929491768e-01,6.498503059e-01
1.323825420,3.067970276e-03,1.025069968e+00,1.772920688e+00,2.790572594e-01,2.531716468e-01
1.326893382,3.067970276e-03,1.375750990e+00,7.103543138e+00,2.782122343e-01,2.528292502e-01
1.329961343,3.067970276e-03,1.338759752e+00,6.685746966e+00,2.771533974e-01,2.525767690e-01
1.333029305,3.067970276e-03,1.323854022e+00,6.272005302e+00,2.759637032e-01,2.522961036e-01
1.336097266,3.067970276e-03,1.322822533e+00,5.844338313e+00,2.752966936e-01,2.519835173e-01
1.339165228,3.067970276e-03,1.328043728e+00,5.435083254e+00,2.745878266e-01,2.517030110e-01
1.342233189,3.067970276e-03,1.327746382e+00,5.000513389e+00,2.735183340e-01,2.515312934e-01
1.345301151,3.067851067e-03,1.331208601e+00,4.574876400e+00,2.730220420e-01,2.510093196e-01
1.348369113,3.067970276e-03,1.325353883e+00,4.189932426e+00,2.720975787e-01,2.511236430e-01
1.351437074,3.067970276e-03,1.311331925e+00,3.828218235e+00,2.711920166e-01,2.509393249e-01
1.354505036,3.067970276e-03,1.291049571e+00,3.472699234e+00,2.700596575e-01,2.507957415e-01
1.357572997,3.067970276e-03,1.266468087e+00,3.136148458e+00,2.693702397e-01,2.506313000e-01
1.360640959,3.067970276e-03,1.230159616e+00,2.822711418e+00,2.684691988e-01,2.504862324e-01
1.363708920,3.067970276e-03,1.197247851e+00,2.538408014e+00,2.676983219e-01,2.503782433e-01
1.366776882,3.067970276e-03,1.176500069e+00,2.283809996e+00,2.669470309e-01,2.502540880e-01
1.369844844,3.067970276e-03,1.165820775e+00,2.063792007e+00,2.666935412e-01,2.502166059e-01
1.372912805,3.067970276e-03,1.179063318e+00,1.873090031e+00,2.653424528e-01,2.500648036e-01
1.375980767,3.067970276e-03,2.651377186e-01,7.190593304e+00,2.647095025e-01,2.500884447e-01
1.379048728,3.067970276e-03,2.684213976e-01,6.774420967e+00,2.640357937e-01,2.500467035e-01
1.382116690,3.067970276e-03,2.812214806e-01,6.348147611e+00,2.628299680e-01,2.500801168e-01
1.385184651,3.067970276e-03,3.075501742e-01,5.927494034e+00,2.625301239e-01,2.500037124e-01
1.388252613,3.067851067e-03,3.524270297e-01,5.505167947e+00,2.617605239e-01,2.500523048e-01
1.391320575,3.067970276e-03,4.146160981e-01,5.084026164e+00,2.612532528e-01,2.500241001e-01
1.394388536,3.067970276e-03,4.855391728e-01,4.643204072e+00,2.604407396e-01,2.500674365e-01
1.397456498,3.067970276e-03,5.595683687e-01,4.274752282e+00,2.600056858e-01,2.501342808e-01
1.400524459,3.067970276e-03,6.302846410e-01,3.912332223e+00,2.593332420e-01,2.501431403e-01
1.403592421,3.067970276e-03,6.902585183e-01,3.584060673e+00,2.595847819e-01,2.501889364e-01
1.406660382,3.067970276e-03,7.467554161e-01,3.266504783e+00,2.582393957e-01,2.503037836e-01
1.409728344,3.067970276e-03,8.020567865e-01,2.989659689e+00,2.576869323e-01,2.503727436e-01
1.412796306,3.067970276e-03,8.500413669e-01,2.732756554e+00,2.571950255e-01,2.504829169e-01
1.415864267,3.067970276e-03,9.061458856e-01,2.520086875e+00,2.566920913e-01,2.505891554e-01
1.418932229,3.067970276e-03,9.765894946e-01,2.327459911e+00,2.562555149e-01,2.507377089e-01
1.422000190,3.067970276e-03,1.070653000e+00,2.169110312e+00,2.557588255e-01,2.508067723e-01
1.425068152,3.067970276e-03,4.382827807e-01,5.822950118e+00,2.554181230e-01,2.509248791e-01
1.428136114,3.067851067e-03,4.377754146e-01,5.573505922e+00,2.552668603e-01,2.510376022e-01
1.431204075,3.067970276e-03,4.552459790e-01,5.319700041e+00,2.546187869e-01,2.512058444e-01
1.434272037,3.067970276e-03,4.822424851e-01,5.078078906e+00,2.542660590e-01,2.513309743e-01
1.437339998,3.067970276e-03,5.188334171e-01,4.838310355e+00,2.540118980e-01,2.513815598e-01
1.440407960,3.067970276e-03,5.580046182e-01,4.595528815e+00,2.536544137e-01,2.516275974e-01
1.443475921,3.067970276e-03,5.906418253e-01,4.327524921e+00,2.533367038e-01,2.517065717e-01
1.446543883,3.067970276e-03,6.197505714e-01,8.036051067e+00,2.533232099e-01,2.567972463e-01
1.449611845,3.067970276e-03,6.375726280e-01,8.340596033e+00,2.527549755e-01,2.579518597e-01
1.452679806,3.067970276e-03,6.456235900e-01,7.958227850e+00,2.525202366e-01,2.583980838e-01
1.455747768,3.067970276e-03,6.505569147e-01,7.587265349e+00,2.522673373e-01,2.588970954e-01
1.458815729,3.067970276e-03,6.450530359e-01,7.221266556e+00,2.521610583e-01,2.595145484e-01
1.461883691,3.067970276e-03,6.426572644e-01,6.857189588e+00,2.518575793e-01,2.599853909e-01
1.464951652,3.067970276e-03,6.456503105e-01,6.479429333e+00,2.517003176e-01,2.604697641e-01
1.468019614,3.067970276e-03,6.628028702e-01,6.098592796e+00,2.514557474e-01,2.613725379e-01
1.471087576,3.067851067e-03,7.013552852e-01,5.690191212e+00,2.511584832e-01,2.616534825e-01
1.474155537,3.067970276e-03,5.358617167e-01,5.659291196e+00,2.511594735e-01,2.619605141e-01
1.477223499,3.067970276e-03,5.398215489e-01,5.642431819e+00,2.510474405e-01,2.623123168e-01
1.480291460,3.067970276e-03,5.621001909e-01,5.610951866e+00,2.508889936e-01,2.629988436e-01
1.483359422,3.067970276e-03,5.945267806e-01,5.537839393e+00,2.507955347e-01,2.632839236e-01
1.486427383,3.067970276e-03,6.318330421e-01,5.469127401e+00,2.506947769e-01,2.635995277e-01
1.489495345,3.067970276e-03,6.642520818e-01,5.365707949e+00,2.506071157e-01,2.642107267e-01
1.492563307,3.067970276e-03,6.854776101e-01,5.281411645e+00,2.505261838e-01,2.645225012e-01
1.495631268,3.067970276e-03,7.071347327e-01,5.166763581e+00,2.504192032e-01,2.649344237e-01
1.498699230,3.067970276e-03,7.133546012e-01,5.078851488e+00,2.502247766e-01,2.649909986e-01
1.501767191,3.067970276e-03,7.106946243e-01,4.964744838e+00,2.503208932e-01,2.653950089e-01
1.504835153,3.067970276e-03,6.943333468e-01,4.879287742e+00,2.502687767e-01,2.656377454e-01
1.507903114,3.067970276e-03,6.742209106e-01,6.739826759e+00,2.501976681e-01,2.844706892e-01
1.510971076,3.067970276e-03,6.527759742e-01,9.727912976e+00,2.502300740e-01,3.146066009e-01
1.514039038,3.067851067e-03,6.372478879e-01,9.518314577e+00,2.500739984e-01,3.161104042e-01
1.517106999,3.067970276e-03,6.349029026e-01,9.334334572e+00,2.501211014e-01,3.166794453e-01
1.520174961,3.067970276e-03,6.532896490e-01,9.126994582e+00,2.500785726e-01,3.168220698e-01
1.523242922,3.067970276e-03,1.402075867e+00,2.407435229e+01,2.500962449e-01,3.176690316e-01
1.526310884,3.067970276e-03,1.302702339e+00,2.329416530e+01,2.500431347e-01,3.182375672e-01
1.529378846,3.067970276e-03,1.227309632e+00,2.257595647e+01,2.500242270e-01,3.187245118e-01
1.532446807,3.067970276e-03,1.163449221e+00,2.189156373e+01,2.500605402e-01,3.191935770e-01
1.535514769,3.067970276e-03,1.117565185e+00,2.125407689e+01,2.500038363e-01,3.195989624e-01
1.538582730,3.067970276e-03,1.070581899e+00,2.459128954e+01,2.500456050e-01,3.484400308e-01
1.541650692,3.067970276e-03,1.024570342e+00,4.071742097e+01,2.500072400e-01,4.699651465e-01
1.544718653,3.067970276e-03,9.717799674e-01,3.972143446e+01,2.499844480e-01,4.701043259e-01
1.547786615,3.067970276e-03,9.146108569e-01,3.875900346e+01,2.499903214e-01,4.692837170e-01
1.550854577,3.067970276e-03,8.483228986e-01,3.792216369e+01,2.500564898e-01,4.690062094e-01
1.553922538,3.067851067e-03,7.799456749e-01,4.056490637e+01,2.499480922e-01,4.484917332e-01
1.556990500,3.067970276e-03,7.055127556e-01,7.327243648e+01,2.500696837e-01,2.541079487e-01
1.560058461,3.067970276e-03,6.360131720e-01,7.180854594e+01,2.499049666e-01,2.543970263e-01
1.563126423,3.067970276e-03,5.728008059e-01,1.092862293e+02,2.499589254e-01,2.614124637e-01
1.566194384,3.067970276e-03,5.245888446e-01,1.768290616e+02,2.500280918e-01,2.818299368e-01
1.569262346,3.067970276e-03,4.703242141e-01,2.658060659e+03,2.371334660e-01,3.491682010e-01
1.572330308,3.067970276e-03,4.707487106e-01,3.103476435e+03,2.371358793e-01,3.651312317e-01
1.575398269,3.067970276e-03,5.258773255e-01,1.842479402e+02,2.500268404e-01,2.813837415e-01
1.578466231,3.067970276e-03,5.744042633e-01,1.109276655e+02,2.499544604e-01,2.614954506e-01
1.581534192,3.067970276e-03,6.378927114e-01,7.065044598e+01,2.499068619e-01,2.542979494e-01
1.584602154,3.067970276e-03,7.083677324e-01,6.988494988e+01,2.500755968e-01,2.541810183e-01
1.587670115,3.067970276e-03,7.838479667e-01,3.788752639e+01,2.499457009e-01,4.484784695e-01
1.590738077,3.067970276e-03,8.529197145e-01,3.420924568e+01,2.500530898e-01,4.673392641e-01
1.593806039,3.067970276e-03,9.181282234e-01,3.359888124e+01,2.499882776e-01,4.674032511e-01
1.596874000,3.067851067e-03,9.777182157e-01,3.310742998e+01,2.500001218e-01,4.663948182e-01
1.599941962,3.067970276e-03,1.031251981e+00,3.257912064e+01,2.500116994e-01,4.653883314e-01
1.603009923,3.067970276e-03,1.078821169e+00,1.913187951e+01,2.500529216e-01,3.489981858e-01
1.606077885,3.067970276e-03,1.125846539e+00,1.578423915e+01,2.500099517e-01,3.220713211e-01
1.609145846,3.067970276e-03,1.171694768e+00,1.549030648e+01,2.500473908e-01,3.224436189e-01
1.612213808,3.067970276e-03,1.236762576e+00,1.518229678e+01,2.500299109e-01,3.230839157e-01
1.615281770,3.067970276e-03,1.313362471e+00,1.485366288e+01,2.501183368e-01,3.232466341e-01
1.618349731,3.067970276e-03,1.413554403e+00,1.451281256e+01,2.501135682e-01,3.239316324e-01
1.621417693,3.067970276e-03,5.502664744e-01,2.552541784e+01,2.500996950e-01,3.246408847e-01
1.624485654,3.067970276e-03,5.350354476e-01,2.526282349e+01,2.501606580e-01,3.252505764e-01
1.627553616,3.067970276e-03,5.359446866e-01,2.494909008e+01,2.502113984e-01,3.261232914e-01
1.630621578,3.067970276e-03,5.516292434e-01,2.465573858e+01,2.502333994e-01,3.267483794e-01
1.633689539,3.067970276e-03,5.732981081e-01,1.709425364e+01,2.502756641e-01,2.919300417e-01
1.636757501,3.067970276e-03,5.933477961e-01,1.235439290e+01,2.503341432e-01,2.698083071e-01
1.639825462,3.067851067e-03,6.110395151e-01,1.219983475e+01,2.503933751e-01,2.699999955e-01
1.642893424,3.067970276e-03,6.143161365e-01,1.206842672e+01,2.504168008e-01,2.703843617e-01
1.645961385,3.067970276e-03,6.095839694e-01,1.196755436e+01,2.505621377e-01,2.705372246e-01
1.649029347,3.067970276e-03,5.921207325e-01,1.186383320e+01,2.506328498e-01,2.712528245e-01
1.652097309,3.067970276e-03,5.679578136e-01,1.171952733e+01,2.507322986e-01,2.714365882e-01
1.655165270,3.067970276e-03,5.365543923e-01,1.162542097e+01,2.508055503e-01,2.720831472e-01
1.658233232,3.067970276e-03,5.034633080e-01,1.156194458e+01,2.510050044e-01,2.721172175e-01
1.661301193,3.067970276e-03,4.747478399e-01,1.150391284e+01,2.510515415e-01,2.732354702e-01
1.664369155,3.067970276e-03,4.572862183e-01,1.142477487e+01,2.512324685e-01,2.734261977e-01
1.667437116,3.067970276e-03,4.530221348e-01,1.142649625e+01,2.513824423e-01,2.738908644e-01
1.670505078,3.067970276e-03,4.990299555e-01,1.134965608e+01,2.519540033e-01,2.749040464e-01
1.673573040,3.067970276e-03,4.637005037e-01,1.096962363e+01,2.517165600e-01,2.756747035e-01
1.676641001,3.067970276e-03,4.523498196e-01,1.060662241e+01,2.518927827e-01,2.763671745e-01
1.679708963,3.067970276e-03,4.505534682e-01,1.030729890e+01,2.521433960e-01,2.770240173e-01
1.682776924,3.067851067e-03,4.533265596e-01,1.003367426e+01,2.522867084e-01,2.780238660e-01
1.685844886,3.067970276e-03,4.569262937e-01,9.748170329e+00,2.526186407e-01,2.786872910e-01
1.688912847,3.067970276e-03,4.576884836e-01,9.459908769e+00,2.528388314e-01,2.795140035e-01
1.691980809,3.067970276e-03,4.506937611e-01,9.196997408e+00,2.531460276e-01,2.807624357e-01
1.695048771,3.067970276e-03,4.360830065e-01,8.309284758e+00,2.534627189e-01,2.783491772e-01
1.698116732,3.067970276e-03,4.165195228e-01,4.498192024e+00,2.538499029e-01,2.582478100e-01
1.701184694,3.067970276e-03,3.921336243e-01,4.321813693e+00,2.541766722e-01,2.586236011e-01
1.704252655,3.067970276e-03,3.670432618e-01,4.176836924e+00,2.546422753e-01,2.587934672e-01
1.707320617,3.067970276e-03,3.437475376e-01,4.051318247e+00,2.548795222e-01,2.592118748e-01
1.710388578,3.067970276e-03,3.308106817e-01,3.911371531e+00,2.552167808e-01,2.594654771e-01
1.713456540,3.067970276e-03,3.224045348e-01,3.789209881e+00,2.556107805e-01,2.598185775e-01
1.716524502,3.067970276e-03,3.245395752e-01,3.678121147e+00,2.561444818e-01,2.604286172e-01
1.719592463,3.067970276e-03,7.585268302e-01,6.505441174e+00,2.567057545e-01,2.606715200e-01
1.722660425,3.067851067e-03,6.666499778e-01,6.235736064e+00,2.573712695e-01,2.612961311e-01
1.725728386,3.067970276e-03,5.972943629e-01,5.992486437e+00,2.576275686e-01,2.615318508e-01
1.728796348,3.067970276e-03,5.462361683e-01,5.749939711e+00,2.581943138e-01,2.619122910e-01
1.731864310,3.067970276e-03,4.929379889e-01,5.509532894e+00,2.587661219e-01,2.624974342e-01
1.734932271,3.067970276e-03,4.606172422e-01,5.233866797e+00,2.592492480e-01,2.630272315e-01
1.738000233,3.067970276e-03,4.194163480e-01,4.991716813e+00,2.584867551e-01,2.634017512e-01
1.741068194,3.067970276e-03,3.784245272e-01,4.741401375e+00,2.605572218e-01,2.641444324e-01
1.744136156,3.067970276e-03,3.403617231e-01,4.500720923e+00,2.609647195e-01,2.647381847e-01
1.747204117,3.067970276e-03,3.085332808e-01,4.243546911e+00,2.618611221e-01,2.654746454e-01
1.750272079,3.067970276e-03,2.877072423e-01,3.999642673e+00,2.627073672e-01,2.659832874e-01
1.753340041,3.067970276e-03,2.824341019e-01,3.783098487e+00,2.630459376e-01,2.664095121e-01
1.756408002,3.067970276e-03,2.900252486e-01,3.603673654e+00,2.641274877e-01,2.672827221e-01
1.759475964,3.067970276e-03,3.126824168e-01,3.438222609e+00,2.649953077e-01,2.682643224e-01
1.762543925,3.067970276e-03,3.409830159e-01,3.312088705e+00,2.654144571e-01,2.685247261e-01
1.765611887,3.067851067e-03,3.666253818e-01,3.214843605e+00,2.661803934e-01,2.693182717e-01
1.768679848,3.067970276e-03,7.639356975e-01,6.953429195e+00,2.671009631e-01,2.701802012e-01
1.771747810,3.067970276e-03,7.514641198e-01,6.561866489e+00,2.676127255e-01,2.706927798e-01
1.774815772,3.067970276e-03,7.623198142e-01,6.224599798e+00,2.686503581e-01,2.718676752e-01
1.777883733,3.067970276e-03,7.842492751e-01,5.910093904e+00,2.695522226e-01,2.723407460e-01
1.780951695,3.067970276e-03,8.167459889e-01,5.587894112e+00,2.704763274e-01,2.732670122e-01
1.784019656,3.067970276e-03,8.550334849e-01,5.282482400e+00,2.712373655e-01,2.740575753e-01
1.787087618,3.067970276e-03,8.795810795e-01,5.010184944e+00,2.719448049e-01,2.746961401e-01
1.790155579,3.067970276e-03,9.006837633e-01,4.748678249e+00,2.732045743e-01,2.756653975e-01
1.793223541,3.067970276e-03,9.164575062e-01,4.478728628e+00,2.742354084e-01,2.769058759e-01
1.796291503,3.067970276e-03,9.254592252e-01,4.231285769e+00,2.751016824e-01,2.763471799e-01
1.799359464,3.067970276e-03,9.207014856e-01,3.983445968e+00,2.760719824e-01,2.786233144e-01
1.802427426,3.067970276e-03,9.182884170e-01,3.765223596e+00,2.770637378e-01,2.793836192e-01
1.805495387,3.067970276e-03,9.155675393e-01,3.573690861e+00,2.778479344e-01,2.800398944e-01
1.808563349,3.067851067e-03,9.194259668e-01,3.413768661e+00,2.791512479e-01,2.810772577e-01
1.811631310,3.067970276e-03,9.382539635e-01,3.285839474e+00,2.803186896e-01,2.821170798e-01
1.814699272,3.067970276e-03,9.699928742e-01,3.187838870e+00,2.809009707e-01,2.834431590e-01
1.817767234,3.067970276e-03,5.338961349e-01,7.041463765e+00,2.822397544e-01,2.841406428e-01
1.820835195,3.067970276e-03,4.445651611e-01,6.798791235e+00,2.733271942e-01,5.366320093e-01
1.823903157,3.067970276e-03,3.874422721e-01,4.652180124e+00,2.663094403e-01,5.375806625e-01
1.826971118,3.067970276e-03,3.490129941e-01,3.434573025e+00,2.656234843e-01,3.995193781e-01
1.830039080,3.067970276e-03,3.247561224e-01,3.312603090e+00,2.662079775e-01,3.989716783e-01
1.833107042,3.067970276e-03,3.115311115e-01,3.202019096e+00,2.665602945e-01,3.981931181e-01
1.836175003,3.067970276e-03,3.086418158e-01,3.085965304e+00,2.672023057e-01,3.971134253e-01
1.839242965,3.067970276e-03,3.173583408e-01,2.957778249e+00,2.676601212e-01,3.941343353e-01
1.842310926,3.067970276e-03,3.390829613e-01,2.813332851e+00,2.679626578e-01,3.939762804e-01
1.845378888,3.067970276e-03,3.762169904e-01,2.673448281e+00,2.682958849e-01,3.930423551e-01
1.848446849,3.067851067e-03,4.266094899e-01,2.520631467e+00,2.689178031e-01,3.921151200e-01
1.851514811,3.067970276e-03,4.921765010e-01,2.365550189e+00,2.694996841e-01,3.905531846e-01
1.854582773,3.067970276e-03,5.602537738e-01,2.219954366e+00,2.699208087e-01,3.898962881e-01
1.857650734,3.067970276e-03,6.276880442e-01,2.090700141e+00,2.702323134e-01,3.886955752e-01
1.860718696,3.067970276e-03,6.827773365e-01,1.973087842e+00,2.706383877e-01,3.874494125e-01
1.863786657,3.067970276e-03,7.182344976e-01,1.864740082e+00,2.709412174e-01,3.872369260e-01
1.866854619,3.067970276e-03,4.065155278e-01,3.342498629e+00,2.714829587e-01,3.858843880e-01
1.869922580,3.067970276e-03,3.652106496e-01,3.221762991e+00,2.718635001e-01,3.852184503e-01
1.872990542,3.067970276e-03,3.434210198e-01,3.109612149e+00,2.721796788e-01,3.837917306e-01
1.876058504,3.067970276e-03,3.332705364e-01,3.020887975e+00,2.717669141e-01,3.834901742e-01
1.879126465,3.067970276e-03,3.297953175e-01,2.929034293e+00,2.728823359e-01,3.826682771e-01
1.882194427,3.067970276e-03,3.280815522e-01,2.843762726e+00,2.732905926e-01,3.823567021e-01
1.885262388,3.067970276e-03,3.312231543e-01,2.753269576e+00,2.732121558e-01,3.811247556e-01
1.888330350,3.067970276e-03,3.381176414e-01,2.651960462e+00,2.735297681e-01,3.804111075e-01
1.891398311,3.067851067e-03,3.484452514e-01,2.559287511e+00,2.742492972e-01,3.807094381e-01
1.894466273,3.067970276e-03,3.630470956e-01,2.461554350e+00,2.745944859e-01,3.796024569e-01
1.897534235,3.067970276e-03,3.854852355e-01,2.357074724e+00,2.744769972e-01,3.789919675e-01
1.900602196,3.067970276e-03,4.097021323e-01,2.240670359e+00,2.746503346e-01,3.775842702e-01
1.903670158,3.067970276e-03,4.335712831e-01,2.153530298e+00,2.750447635e-01,3.785306988e-01
1.906738119,3.067970276e-03,4.549046670e-01,2.070896825e+00,2.752252411e-01,3.789060376e-01
1.909806081,3.067970276e-03,4.645787440e-01,2.002087266e+00,2.736008939e-01,3.771836932e-01
1.912874042,3.067970276e-03,4.565647920e-01,1.932762469e+00,2.748355078e-01,3.766059087e-01
1.915942004,3.067970276e-03,3.765744361e-01,3.604135812e+00,2.749926709e-01,3.769655718e-01
1.919009966,3.067970276e-03,3.582313235e-01,3.544994424e+00,2.749868142e-01,3.765304269e-01
1.922077927,3.067970276e-03,3.507879054e-01,3.502154234e+00,2.755449205e-01,3.769219261e-01
1.925145889,3.067970276e-03,3.501348884e-01,3.460451242e+00,2.755398603e-01,3.769025244e-01
1.928213850,3.067970276e-03,3.515026348e-01,3.441298319e+00,2.759388372e-01,3.760787883e-01
1.931281812,3.067970276e-03,3.553783221e-01,3.424634622e+00,2.762766776e-01,3.762170329e-01
1.934349774,3.067851067e-03,3.615366723e-01,3.401810188e+00,2.761908375e-01,3.764997990e-01
1.937417735,3.067970276e-03,3.724020253e-01,3.365809235e+00,2.751028323e-01,3.770935903e-01
1.940485697,3.067970276e-03,3.883214993e-01,3.339167493e+00,2.762338955e-01,3.774483419e-01
1.943553658,3.067970276e-03,4.121363228e-01,3.313675150e+00,2.754433937e-01,3.776118077e-01
1.946621620,3.067970276e-03,4.416619125e-01,3.265330134e+00,2.761976490e-01,3.784574781e-01
1.949689581,3.067970276e-03,4.797772271e-01,3.196675772e+00,2.755881767e-01,3.794380090e-01
1.952757543,3.067970276e-03,5.256259328e-01,3.162611764e+00,2.750463865e-01,3.788143699e-01
1.955825505,3.067970276e-03,5.681772432e-01,3.134753648e+00,2.753487113e-01,3.785713075e-01
1.958893466,3.067970276e-03,6.033410232e-01,3.108838184e+00,2.745024054e-01,3.799839482e-01
1.961961428,3.067970276e-03,6.258830935e-01,3.101864405e+00,2.741080070e-01,3.803322335e-01
1.965029389,3.067970276e-03,5.116697751e-01,3.178323022e+00,2.736322094e-01,3.819190385e-01
1.968097351,3.067970276e-03,4.599947552e-01,3.164000207e+00,2.732671665e-01,3.817337395e-01
1.971165312,3.067970276e-03,4.302666893e-01,3.150605294e+00,2.733002450e-01,3.823129123e-01
1.974233274,3.067851067e-03,4.119514898e-01,3.158292899e+00,2.725130662e-01,3.842630387e-01
1.977301236,3.067970276e-03,3.982908226e-01,3.175388907e+00,2.726563210e-01,3.850090097e-01
1.980369197,3.067970276e-03,3.906047930e-01,3.192510430e+00,2.721764246e-01,3.857937583e-01
1.983437159,3.067970276e-03,3.855777992e-01,3.189055354e+00,2.713254052e-01,3.860333751e-01
1.986505120,3.067970276e-03,3.849569321e-01,3.193784223e+00,2.712031066e-01,3.889325897e-01
1.989573082,3.067970276e-03,3.886002239e-01,3.198813165e+00,2.704909844e-01,3.893071627e-01
1.992641043,3.067970276e-03,4.018075674e-01,3.199318120e+00,2.697066099e-01,3.913085970e-01
1.995709005,3.067970276e-03,4.200199008e-01,3.171829877e+00,2.695244997e-01,3.921914213e-01
1.998776967,3.068089485e-03,4.496701981e-01,3.134745899e+00,2.685634687e-01,3.933786059e-01
2.001844928,3.067970276e-03,4.833393043e-01,3.133197481e+00,2.679645234e-01,3.955300439e-01
2.004912890,3.067970276e-03,5.242224563e-01,3.132953923e+00,2.672672082e-01,3.964250799e-01
2.007980851,3.067970276e-03,5.553203071e-01,3.136804858e+00,2.675507541e-01,3.998653470e-01
2.011048813,3.067970276e-03,5.765811615e-01,3.181579721e+00,2.663776600e-01,3.988417356e-01
2.014116774,3.067970276e-03,3.994815686e-01,3.248765910e+00,2.662813257e-01,4.012483900e-01
2.017184736,3.067731857e-03,4.016772301e-01,3.149200675e+00,2.656456513e-01,4.040603657e-01
2.020252698,3.067970276e-03,4.034973820e-01,3.063973636e+00,2.644649517e-01,4.039998722e-01
2.023320659,3.067970276e-03,4.061736389e-01,2.999143794e+00,2.647523478e-01,4.085503330e-01
2.026388621,3.067970276e-03,4.075234517e-01,2.933697805e+00,2.639432595e-01,4.091361716e-01
2.029456582,3.067970276e-03,4.181591505e-01,2.857057637e+00,2.629917572e-01,4.120687564e-01
2.032524544,3.067970276e-03,4.180185691e-01,2.771743374e+00,2.623370603e-01,4.146043489e-01
2.035592506,3.067970276e-03,4.241885585e-01,2.690859932e+00,2.619135796e-01,4.159536287e-01
2.038660467,3.067970276e-03,4.409619785e-01,2.596543677e+00,2.609118109e-01,4.188694532e-01
2.041728429,3.067970276e-03,4.647882187e-01,2.489193436e+00,2.605836092e-01,4.206948034e-01
2.044796390,3.067970276e-03,4.884524094e-01,2.381506684e+00,2.602743119e-01,4.215586466e-01
2.047864352,3.067970276e-03,5.276821528e-01,2.258477580e+00,2.595882895e-01,4.237613271e-01
2.050932313,3.067970276e-03,5.732299639e-01,2.154180354e+00,2.589441395e-01,4.277392808e-01
2.054000275,3.067970276e-03,6.199224520e-01,2.056361081e+00,2.580799098e-01,4.304375202e-01
2.057068237,3.067970276e-03,6.648226012e-01,1.975068913e+00,2.583027448e-01,4.321691343e-01
2.060136198,3.067970276e-03,7.005886255e-01,1.915352158e+00,2.572780347e-01,4.349140183e-01
2.063204160,3.067970276e-03,4.378998242e-01,3.748070005e+00,2.571222829e-01,4.377155878e-01
2.066272121,3.067970276e-03,4.426497900e-01,3.757572676e+00,2.564964387e-01,4.405680305e-01
2.069340083,3.067970276e-03,4.459705459e-01,3.795814769e+00,2.579457843e-01,4.430617412e-01
2.072408044,3.067970276e-03,4.479271000e-01,3.850832413e+00,3.440112319e-01,4.416541768e-01
2.075476006,3.067970276e-03,4.507584308e-01,3.901281145e+00,3.418851749e-01,4.070662040e-01
2.078543968,3.067970276e-03,4.524323025e-01,3.952813199e+00,3.410037769e-01,4.318330798e-01
2.081611929,3.067970276e-03,4.567317023e-01,4.006223515e+00,3.400789188e-01,4.297234429e-01
2.084679891,3.067970276e-03,4.639789004e-01,4.057923985e+00,3.379614795e-01,4.271364287e-01
2.087747852,3.067970276e-03,4.757599877e-01,4.095832678e+00,3.380981884e-01,4.202173701e-01
2.090815814,3.067970276e-03,4.885971448e-01,4.120830337e+00,3.330279887e-01,4.187206834e-01
2.093883775,3.067970276e-03,5.190458004e-01,3.540827782e+00,3.616369394e-01,3.744638674e-01
2.096951737,3.067970276e-03,5.436655447e-01,2.339436263e+00,3.322467333e-01,2.902048987e-01
2.100019699,3.067970276e-03,5.787919849e-01,2.343120619e+00,3.305252108e-01,2.901682689e-01
2.103087660,3.067731857e-03,6.171899056e-01,2.362710849e+00,3.282813327e-01,2.888583036e-01
2.106155622,3.067970276e-03,6.552383621e-01,2.398286144e+00,3.279492908e-01,2.878593083e-01
2.109223583,3.067970276e-03,6.865223985e-01,2.446864985e+00,3.268903277e-01,2.871077013e-01
2.112291545,3.067970276e-03,4.623677892e-01,1.999682467e+00,3.295274122e-01,2.868088541e-01
2.115359506,3.067970276e-03,4.716826702e-01,1.957244598e+00,3.226588279e-01,2.851975552e-01
2.118427468,3.067970276e-03,4.835058696e-01,1.924507039e+00,3.213633546e-01,2.842369289e-01
2.121495430,3.067970276e-03,4.907333839e-01,1.900807512e+00,3.217049200e-01,2.841956821e-01
2.124563391,3.067970276e-03,5.040426486e-01,1.875921918e+00,3.182308738e-01,2.833614866e-01
2.127631353,3.067970276e-03,5.172823747e-01,1.860298257e+00,3.189098118e-01,2.819719213e-01
2.130699314,3.067970276e-03,5.328087113e-01,1.827793364e+00,3.161974286e-01,2.819520080e-01
2.133767276,3.067970276e-03,5.587314806e-01,1.801296545e+00,3.146684128e-01,2.813601436e-01
2.136835238,3.067970276e-03,5.894428534e-01,1.762655670e+00,3.151904312e-01,2.806699758e-01
2.139903199,3.067970276e-03,6.334519621e-01,1.722102642e+00,3.130005170e-01,2.809649811e-01
2.142971161,3.067970276e-03,6.874537612e-01,1.682459698e+00,3.126255697e-01,2.794136095e-01
2.146039122,3.067970276e-03,7.558296085e-01,1.636855724e+00,3.099606000e-01,2.790729297e-01
2.149107084,3.067970276e-03,8.303631547e-01,1.575636853e+00,3.093088071e-01,2.773167930e-01
2.152175045,3.067970276e-03,9.083907461e-01,1.537318291e+00,3.078363988e-01,2.784610963e-01
2.155243007,3.067970276e-03,9.884193376e-01,1.505014972e+00,3.049900962e-01,2.748953834e-01
2.158310969,3.067970276e-03,1.058602908e+00,1.486187544e+00,3.059172107e-01,2.771772975e-01
2.161378930,3.067970276e-03,4.884049929e-01,1.983074587e+00,3.053521590e-01,2.763320895e-01
2.164446892,3.067970276e-03,5.019301271e-01,1.904496914e+00,3.031268386e-01,2.765567813e-01
2.167514853,3.067970276e-03,5.182582383e-01,1.833950321e+00,3.024553687e-01,2.759748915e-01
2.170582815,3.067970276e-03,5.357112075e-01,1.765208888e+00,3.003510829e-01,2.755183744e-01
2.173650776,3.067970276e-03,5.570330098e-01,1.692495098e+00,3.003384694e-01,2.753336832e-01
2.176718738,3.067970276e-03,5.899655045e-01,1.624085532e+00,2.997808635e-01,2.753855355e-01
2.179786700,3.067970276e-03,6.083134631e-01,1.547698292e+00,2.980508285e-01,2.748127512e-01
2.182854661,3.067970276e-03,6.424649453e-01,1.470691083e+00,2.987722340e-01,2.747804593e-01
2.185922623,3.067731857e-03,6.855734301e-01,1.374419616e+00,2.965769295e-01,2.748044873e-01
2.188990584,3.067970276e-03,7.415766561e-01,1.284401315e+00,2.954398448e-01,2.740201264e-01
2.192058546,3.067970276e-03,8.073758143e-01,1.192705697e+00,2.951292608e-01,2.759441004e-01
2.195126507,3.067970276e-03,8.783814539e-01,1.098512417e+00,2.971387668e-01,2.737619430e-01
2.198194469,3.067970276e-03,9.573089022e-01,1.001215963e+00,2.924257407e-01,2.751563103e-01
2.201262431,3.067970276e-03,1.039727404e+00,9.239067375e-01,2.933721710e-01,2.740377687e-01
2.204330392,3.067970276e-03,1.113823239e+00,8.611442673e-01,2.907939009e-01,2.738993342e-01
2.207398354,3.067970276e-03,1.173218047e+00,8.074858199e-01,2.922730814e-01,2.747515715e-01
2.210466315,3.067970276e-03,5.275090129e-01,2.095333389e+00,2.919627370e-01,2.746362858e-01
2.213534277,3.067970276e-03,5.358842572e-01,2.071579467e+00,2.903029349e-01,2.745964690e-01
2.216602238,3.067970276e-03,5.475031622e-01,2.057748694e+00,2.901232359e-01,2.749615683e-01
2.219670200,3.067970276e-03,5.504650994e-01,2.050692984e+00,2.923158350e-01,2.751072784e-01
2.222738162,3.067970276e-03,5.541802326e-01,2.046682274e+00,2.902476276e-01,2.752290891e-01
2.225806123,3.067970276e-03,5.619694588e-01,2.050034211e+00,2.887787811e-01,2.751685170e-01
2.228874085,3.067970276e-03,5.681817496e-01,2.048483023e+00,2.873008464e-01,2.753467260e-01
2.231942046,3.067970276e-03,5.800889894e-01,2.037118494e+00,2.868427841e-01,2.763103578e-01
2.235010008,3.067970276e-03,5.910931989e-01,2.018467276e+00,2.877924183e-01,2.764255315e-01
2.238077970,3.067970276e-03,6.078458748e-01,1.998377757e+00,2.879798093e-01,2.769448474e-01
2.241145931,3.067970276e-03,6.345189074e-01,1.971569192e+00,2.876376116e-01,2.768869669e-01
2.244213893,3.067970276e-03,6.575881445e-01,1.933913810e+00,2.870289576e-01,2.779585849e-01
2.247281854,3.067970276e-03,6.867457203e-01,1.891843561e+00,2.851415321e-01,2.779373658e-01
2.250349816,3.067970276e-03,7.192575996e-01,1.847666092e+00,2.862125425e-01,2.798439333e-01
2.253417777,3.067970276e-03,7.468289752e-01,1.816664976e+00,2.865165083e-01,2.784519362e-01
2.256485739,3.067970276e-03,7.616573884e-01,1.791200251e+00,2.865334045e-01,2.796400800e-01
2.259553701,3.067970276e-03,5.464702773e-01,1.837385883e+00,2.871610614e-01,2.799867871e-01
2.262621662,3.067970276e-03,5.677391313e-01,1.825665258e+00,2.867525675e-01,2.805231054e-01
2.265689624,3.067970276e-03,5.824004222e-01,1.821007439e+00,2.866549666e-01,2.815173375e-01
2.268757585,3.067731857e-03,5.980388881e-01,1.824047713e+00,2.894516196e-01,2.818862695e-01
2.271825547,3.067970276e-03,6.116031096e-01,1.836093474e+00,2.879632633e-01,2.820507384e-01
2.274893508,3.067970276e-03,6.301308789e-01,1.841776501e+00,2.879230127e-01,2.830191203e-01
2.277961470,3.067970276e-03,6.491659622e-01,1.845968063e+00,2.943956122e-01,2.842739571e-01
2.281029432,3.067970276e-03,6.728904220e-01,1.844975210e+00,3.016657587e-01,2.846571386e-01
2.284097393,3.067970276e-03,7.061011946e-01,1.835293531e+00,3.014182066e-01,2.861447895e-01
2.287165355,3.067970276e-03,7.433598459e-01,1.829619318e+00,3.014887277e-01,2.862613699e-01
2.290233316,3.067970276e-03,7.847358043e-01,1.807816650e+00,3.011988021e-01,2.872673241e-01
2.293301278,3.067970276e-03,8.363573489e-01,1.782354473e+00,3.016264390e-01,2.786131658e-01
2.296369239,3.067970276e-03,8.918082712e-01,1.768390851e+00,3.022066123e-01,2.889990238e-01
2.299437201,3.067970276e-03,9.477772564e-01,1.742588952e+00,3.030074842e-01,2.888695255e-01
2.302505163,3.067970276e-03,9.971665514e-01,1.730391214e+00,3.043595941e-01,2.892926470e-01
2.305573124,3.067970276e-03,1.029230264e+00,1.734216721e+00,3.044476602e-01,2.897086778e-01
2.308641086,3.067970276e-03,6.825374891e-01,1.786619712e+00,3.062519487e-01,2.901644823e-01
2.311709047,3.067970276e-03,7.118687246e-01,1.744666612e+00,3.061240711e-01,2.908233275e-01
2.314777009,3.067970276e-03,7.330390682e-01,1.713159800e+00,3.064783375e-01,2.905786475e-01
2.317844970,3.067970276e-03,7.525937223e-01,1.694236878e+00,3.056549468e-01,2.914351926e-01
2.320912932,3.067970276e-03,7.670789508e-01,1.679074370e+00,3.134286812e-01,2.899466349e-01
2.323980894,3.067970276e-03,7.812548833e-01,1.665220886e+00,3.063543927e-01,2.925095133e-01
2.327048855,3.067970276e-03,7.948595931e-01,1.645799352e+00,3.083775519e-01,2.926978029e-01
2.330116817,3.067970276e-03,8.141009437e-01,1.618057112e+00,3.110240809e-01,2.921464731e-01
2.333184778,3.067970276e-03,8.361366082e-01,1.588750966e+00,3.098202463e-01,2.929967162e-01
2.336252740,3.067970276e-03,8.647301286e-01,1.548584940e+00,3.114057435e-01,2.916369631e-01
2.339320702,3.067970276e-03,8.923527361e-01,1.502277354e+00,3.111277125e-01,2.915765966e-01
2.342388663,3.067970276e-03,9.275946750e-01,1.460907469e+00,3.122373069e-01,2.903678092e-01
2.345456625,3.067970276e-03,9.605727658e-01,1.407245174e+00,3.114179089e-01,2.900006572e-01
2.348524586,3.067970276e-03,9.888726716e-01,1.360131886e+00,3.126730865e-01,2.876863392e-01
2.351592548,3.067970276e-03,1.006867819e+00,1.308571932e+00,3.098147701e-01,2.873203532e-01
2.354660509,3.067731857e-03,1.026229902e+00,1.288769745e+00,3.151209682e-01,2.854683503e-01
2.357728471,3.067970276e-03,1.103024197e+00,1.171270152e+00,3.563295834e-01,3.898672358e-01
2.360796433,3.067970276e-03,1.084321092e+00,1.187019318e+00,3.601290550e-01,3.815477272e-01
2.363864394,3.067970276e-03,1.038632255e+00,1.208517632e+00,3.611858194e-01,3.861292239e-01
2.366932356,3.067970276e-03,1.004313537e+00,1.242923916e+00,3.651586818e-01,3.838888246e-01
2.370000317,3.067970276e-03,9.709602484e-01,1.282703200e+00,3.663263715e-01,3.846388771e-01
2.373068279,3.067970276e-03,9.277709943e-01,1.321035409e+00,3.688840057e-01,3.813192978e-01
2.376136240,3.067970276e-03,8.952746216e-01,1.360382118e+00,3.691586193e-01,3.823118620e-01
2.379204202,3.067970276e-03,8.692971462e-01,1.400258742e+00,3.717138574e-01,3.800596532e-01
2.382272164,3.067970276e-03,8.508369044e-01,1.431314531e+00,3.707249043e-01,3.799971592e-01
2.385340125,3.067970276e-03,8.363012958e-01,1.455429238e+00,3.718797418e-01,3.774321028e-01
2.388408087,3.067970276e-03,8.203999832e-01,1.478913235e+00,3.718680391e-01,3.745498147e-01
2.391476048,3.067970276e-03,8.122772580e-01,1.501201088e+00,3.676411608e-01,3.846470462e-01
2.394544010,3.067970276e-03,8.062019242e-01,1.525804794e+00,3.709693453e-01,3.725576462e-01
2.397611971,3.067970276e-03,7.941128894e-01,1.551782891e+00,3.693787705e-01,3.729073747e-01
2.400679933,3.067970276e-03,7.814511254e-01,1.592852495e+00,3.703457186e-01,3.717843291e-01
2.403747895,3.067970276e-03,7.619536796e-01,1.649614401e+00,3.691362183e-01,3.717380121e-01
2.406815856,3.067970276e-03,8.451546696e-01,1.047583979e+00,3.688288190e-01,3.691041811e-01
2.409883818,3.067970276e-03,8.495511751e-01,1.078699452e+00,3.683255100e-01,3.682647762e-01
2.412951779,3.067970276e-03,8.457360907e-01,1.134166913e+00,3.677761129e-01,3.663985902e-01
2.416019741,3.067970276e-03,8.299817833e-01,1.200107538e+00,3.681244600e-01,3.648204162e-01
2.419087702,3.067970276e-03,8.217068168e-01,1.270054364e+00,3.676282358e-01,3.639659795e-01
2.422155664,3.067970276e-03,8.077382229e-01,1.335917108e+00,3.657778661e-01,3.623529011e-01
2.425223626,3.067970276e-03,7.980681461e-01,1.405240212e+00,3.645329594e-01,3.628848903e-01
2.428291587,3.067970276e-03,7.932646293e-01,1.470320531e+00,3.644605470e-01,3.623737630e-01
2.431359549,3.067970276e-03,7.925451434e-01,1.527925303e+00,3.623260209e-01,3.620172645e-01
2.434427510,3.067970276e-03,7.922783792e-01,1.576687126e+00,3.620911723e-01,3.550306153e-01
2.437495472,3.067731857e-03,7.964850835e-01,1.620365686e+00,3.604107322e-01,3.482177791e-01
2.440563434,3.067970276e-03,8.026043899e-01,1.663871044e+00,3.588689817e-01,3.479136430e-01
2.443631395,3.067970276e-03,8.027874777e-01,1.701898571e+00,3.587915991e-01,3.506078871e-01
2.446699357,3.067970276e-03,8.088870482e-01,1.744811176e+00,3.584957577e-01,3.451290427e-01
2.449767318,3.067970276e-03,8.093704789e-01,1.799435963e+00,3.567445428e-01,3.457003138e-01
2.452835280,3.067970276e-03,8.032941978e-01,1.910188740e+00,3.561536282e-01,3.457809963e-01
2.455903241,3.067970276e-03,8.821130872e-01,1.237143249e+00,3.554861886e-01,3.448028371e-01
2.458971203,3.067970276e-03,8.714526074e-01,1.261461431e+00,3.536907515e-01,3.442255353e-01
2.462039165,3.067970276e-03,8.565362087e-01,1.303278554e+00,3.564536231e-01,3.437888116e-01
2.465107126,3.067970276e-03,8.308985243e-01,1.354957161e+00,3.531770983e-01,3.461755509e-01
2.468175088,3.067970276e-03,8.055829396e-01,1.404791428e+00,3.534232971e-01,3.444383829e-01
2.471243049,3.067970276e-03,7.924041419e-01,1.456245304e+00,3.516663262e-01,3.455085317e-01
2.474311011,3.067970276e-03,7.787840439e-01,1.510388341e+00,3.517337343e-01,3.454615120e-01
2.477378972,3.067970276e-03,7.711447018e-01,1.549245525e+00,3.513394158e-01,3.450869415e-01
2.480446934,3.067970276e-03,7.641312296e-01,1.579353076e+00,3.513285809e-01,3.435644277e-01
2.483514896,3.067970276e-03,7.615645499e-01,1.605799854e+00,3.496343088e-01,3.440333816e-01
2.486582857,3.067970276e-03,7.610016084e-01,1.627543990e+00,3.494377177e-01,3.459868285e-01
2.489650819,3.067970276e-03,7.639485053e-01,1.642699056e+00,3.498744590e-01,3.484569793e-01
2.492718780,3.067970276e-03,7.630716758e-01,1.651489919e+00,3.499079472e-01,3.511805696e-01
2.495786742,3.067970276e-03,7.627168188e-01,1.671953362e+00,3.496388862e-01,3.478051173e-01
2.498854703,3.067970276e-03,7.572538697e-01,1.701007057e+00,3.493308645e-01,3.484944576e-01
2.501922665,3.067970276e-03,7.512310488e-01,1.743128104e+00,3.496636943e-01,3.499116325e-01
2.504990627,3.067970276e-03,2.048421596e+00,7.079375857e-01,3.500280264e-01,3.503322015e-01
2.508058588,3.067970276e-03,1.951382385e+00,7.512133367e-01,3.488087522e-01,3.481391996e-01
2.511126550,3.067970276e-03,1.849615454e+00,8.062330074e-01,3.491858180e-01,3.516880385e-01
2.514194511,3.067970276e-03,1.732364772e+00,8.742475718e-01,3.516813557e-01,3.500042352e-01
2.517262473,3.067970276e-03,1.603422883e+00,9.480207802e-01,3.491547411e-01,3.578039816e-01
2.520330434,3.067970276e-03,1.491161152e+00,1.031084025e+00,3.533058196e-01,3.539553786e-01
2.523398396,3.067731857e-03,1.393447987e+00,1.114656284e+00,3.503851505e-01,3.540911007e-01
2.526466358,3.067970276e-03,1.300593577e+00,1.191732216e+00,3.523896429e-01,3.554873366e-01
2.529534319,3.067970276e-03,1.218657955e+00,1.260471523e+00,3.524521981e-01,3.582178341e-01
2.532602281,3.067970276e-03,1.147534722e+00,1.323436382e+00,3.527942699e-01,3.571248390e-01
2.535670242,3.067970276e-03,1.086933173e+00,1.378399236e+00,3.543304447e-01,3.593461202e-01
2.538738204,3.067970276e-03,1.032248026e+00,1.434669205e+00,3.544325236e-01,3.599542507e-01
2.541806166,3.067970276e-03,9.867344323e-01,1.489480153e+00,3.549618430e-01,3.600610765e-01
2.544874127,3.067970276e-03,9.397505192e-01,1.547733499e+00,3.561575539e-01,3.625856943e-01
2.547942089,3.067970276e-03,9.021544774e-01,1.618434391e+00,3.575331520e-01,3.636544708e-01
2.551010050,3.067970276e-03,8.573710167e-01,1.703890831e+00,3.573447420e-01,3.668169247e-01
2.554078012,3.067970276e-03,1.274261737e+00,6.824682940e-01,3.590770230e-01,3.671923666e-01
2.557145973,3.067970276e-03,1.259578345e+00,7.315430613e-01,3.552715113e-01,3.655654754e-01
2.560213935,3.067970276e-03,1.235077436e+00,8.005995860e-01,3.624363916e-01,3.690745970e-01
2.563281897,3.067970276e-03,1.193589853e+00,8.751635027e-01,3.603142532e-01,3.710246237e-01
2.566349858,3.067970276e-03,1.146966529e+00,9.560867155e-01,3.640577579e-01,3.719008768e-01
2.569417820,3.067970276e-03,1.114112518e+00,1.044282554e+00,3.648877949e-01,3.753018261e-01
2.572485781,3.067970276e-03,1.082041558e+00,1.124381365e+00,3.681925395e-01,3.755925212e-01
2.575553743,3.067970276e-03,1.048208701e+00,1.193106255e+00,3.679114651e-01,3.785332598e-01
2.578621704,3.067970276e-03,1.025638544e+00,1.254473185e+00,3.694766627e-01,3.775981198e-01
2.581689666,3.067970276e-03,1.006382357e+00,1.310762579e+00,3.708931942e-01,3.792273180e-01
2.584757628,3.067970276e-03,9.849470455e-01,1.350837080e+00,3.710958828e-01,3.826484641e-01
2.587825589,3.067970276e-03,9.712982776e-01,1.381768305e+00,3.743406254e-01,3.815507824e-01
2.590893551,3.067970276e-03,9.631139941e-01,1.416077290e+00,3.759040252e-01,3.858704137e-01
2.593961512,3.067970276e-03,9.469737105e-01,1.447591141e+00,3.762498666e-01,3.852784223e-01
2.597029474,3.067970276e-03,9.295670042e-01,1.488656742e+00,3.783300722e-01,3.864786127e-01
2.600097435,3.067970276e-03,9.034358747e-01,1.542087985e+00,3.816303446e-01,3.958023857e-01
2.603165397,3.067970276e-03,7.552114947e-01,9.051526509e-01,3.824128490e-01,3.917376563e-01
2.606233359,3.067731857e-03,7.707371893e-01,9.447460635e-01,3.840408284e-01,3.928994384e-01
2.609301320,3.067970276e-03,7.813560370e-01,9.982827034e-01,3.861770389e-01,3.928506027e-01
2.612369282,3.067970276e-03,7.875332421e-01,1.055466758e+00,3.888848358e-01,3.959486355e-01
2.615437243,3.067970276e-03,7.935522006e-01,1.122191316e+00,3.892127376e-01,3.974729694e-01
2.618505205,3.067970276e-03,1.449613676e+00,1.186672719e+00,6.319722626e-01,4.275794605e-01
2.621573166,3.067970276e-03,1.791858780e+00,1.238156213e+00,7.562498400e-01,3.981696748e-01
2.624641128,3.067970276e-03,1.807432904e+00,1.282029239e+00,7.589307659e-01,4.045556341e-01
2.627709090,3.067970276e-03,1.834945046e+00,1.317598158e+00,7.678362069e-01,4.037402752e-01
2.630777051,3.067970276e-03,1.864883932e+00,1.339664120e+00,7.714129562e-01,4.062606573e-01
2.633845013,3.067970276e-03,1.893239893e+00,1.349920045e+00,7.746757486e-01,4.072127427e-01
2.636912974,3.067970276e-03,1.930392915e+00,1.352754403e+00,7.495571439e-01,4.079364862e-01
2.639980936,3.067970276e-03,1.969482630e+00,1.354944255e+00,7.873090234e-01,4.101734206e-01
2.643048898,3.067970276e-03,2.002700545e+00,1.346460780e+00,2.717010897e-01,2.802138467e-01
2.646116859,3.067970276e-03,2.022650879e+00,1.362330356e+00,2.576758920e-01,2.776078142e-01
2.649184821,3.067970276e-03,2.037532541e+00,1.386895365e+00,2.571430381e-01,2.788167781e-01
2.652252782,3.067970276e-03,4.082825940e+00,7.489822436e-01,2.565324679e-01,2.795011587e-01
2.655320744,3.067970276e-03,3.987049358e+00,7.841619843e-01,2.558827512e-01,2.811605899e-01
2.658388705,3.067970276e-03,3.856502362e+00,8.357006028e-01,2.555275315e-01,2.809852653e-01
2.661456667,3.067970276e-03,3.726226920e+00,9.031103685e-01,2.549637597e-01,2.827059615e-01
2.664524629,3.067970276e-03,3.594680215e+00,9.739266514e-01,2.543223230e-01,2.835955754e-01
2.667592590,3.067970276e-03,3.439984566e+00,1.048460435e+00,2.538868879e-01,2.849361430e-01
2.670660552,3.067970276e-03,3.307983395e+00,1.118274092e+00,2.537845868e-01,2.854110555e-01
2.673728513,3.067970276e-03,3.193621605e+00,1.174343508e+00,2.534790725e-01,2.862329906e-01
2.676796475,3.067970276e-03,3.096333023e+00,1.223426082e+00,2.528885530e-01,2.878375172e-01
2.679864436,3.067970276e-03,3.003327415e+00,1.260646407e+00,2.528787970e-01,2.881974078e-01
2.682932398,3.067970276e-03,2.918623696e+00,1.282804091e+00,2.524168479e-01,2.891167299e-01
2.686000360,3.067970276e-03,2.844760228e+00,1.306003549e+00,2.520544479e-01,2.907795803e-01
2.689068321,3.067731857e-03,2.783887720e+00,1.323847565e+00,2.522013807e-01,2.918287925e-01
2.692136283,3.067970276e-03,2.711574628e+00,1.340247845e+00,2.515423612e-01,2.915144743e-01
2.695204244,3.067970276e-03,2.638254286e+00,1.358519601e+00,2.514600621e-01,2.932042707e-01
2.698272206,3.067970276e-03,2.550487642e+00,1.402615936e+00,2.513225844e-01,2.941281070e-01
2.701340167,3.067970276e-03,2.728588441e+00,7.462587684e-01,2.510777245e-01,2.942024931e-01
2.704408129,3.067970276e-03,2.761246658e+00,7.718838649e-01,2.511599939e-01,2.959080526e-01
2.707476091,3.067970276e-03,2.774085301e+00,8.156786039e-01,2.507449480e-01,2.951945122e-01
2.710544052,3.067970276e-03,2.776611896e+00,8.792693633e-01,2.506216121e-01,2.964872763e-01
2.713612014,3.067970276e-03,2.772354986e+00,9.514160375e-01,2.505049722e-01,2.974927559e-01
2.716679975,3.067970276e-03,2.726418563e+00,1.023385333e+00,2.504775801e-01,2.976434484e-01
2.719747937,3.067970276e-03,2.717420673e+00,1.096934791e+00,2.504683798e-01,2.979881049e-01
2.722815898,3.067970276e-03,2.714602398e+00,1.164272441e+00,2.502687287e-01,2.988506980e-01
2.725883860,3.067970276e-03,2.716876404e+00,1.226405289e+00,2.503696411e-01,3.001675260e-01
2.728951822,3.067970276e-03,2.711847115e+00,1.280782126e+00,2.509385092e-01,3.002625876e-01
2.732019783,3.067970276e-03,2.723810362e+00,1.325778981e+00,2.506678074e-01,3.003693744e-01
2.735087745,3.067970276e-03,2.736656458e+00,1.378231855e+00,2.502349161e-01,3.017138314e-01
2.738155706,3.067970276e-03,2.756556623e+00,1.430850589e+00,2.502214552e-01,3.016072397e-01
2.741223668,3.067970276e-03,2.742191246e+00,1.482839260e+00,2.502356721e-01,3.020078980e-01
2.744291630,3.067970276e-03,2.751145415e+00,1.557849481e+00,2.502835231e-01,3.021675053e-01
2.747359591,3.067970276e-03,2.735250085e+00,1.645464940e+00,2.502918550e-01,3.020917700e-01
2.750427553,3.067970276e-03,2.911251403e+00,5.555528486e-01,2.498713006e-01,3.020738694e-01
2.753495514,3.067970276e-03,2.898951329e+00,5.732340300e-01,2.503614910e-01,3.025439733e-01
2.756563476,3.067970276e-03,2.884415872e+00,6.083776083e-01,2.503406231e-01,3.004066946e-01
2.759631437,3.067970276e-03,2.853706224e+00,6.572565838e-01,2.503626787e-01,3.030562069e-01
2.762699399,3.067970276e-03,2.820592300e+00,7.175184070e-01,2.503451170e-01,3.040943512e-01
2.765767361,3.067970276e-03,2.753701935e+00,7.749424726e-01,2.504272924e-01,3.040478396e-01
2.768835322,3.067970276e-03,2.718536072e+00,8.398420407e-01,2.505426774e-01,3.034844044e-01
2.771903284,3.067970276e-03,2.692493245e+00,8.945317447e-01,2.504549804e-01,3.040438713e-01
2.774971245,3.067731857e-03,2.666622567e+00,9.464216868e-01,2.505265032e-01,3.023154722e-01
2.778039207,3.067970276e-03,2.638571296e+00,9.871218109e-01,2.504670585e-01,3.039276495e-01
2.781107168,3.067970276e-03,2.621569285e+00,1.026605726e+00,2.505328729e-01,3.037387481e-01
2.784175130,3.067970276e-03,2.606360597e+00,1.059439854e+00,2.505253128e-01,3.018903306e-01
2.787243092,3.067970276e-03,2.581555782e+00,1.093306005e+00,2.504733399e-01,3.016174423e-01
2.790311053,3.067970276e-03,2.550991410e+00,1.135392373e+00,2.504804763e-01,3.023801789e-01
2.793379015,3.067970276e-03,2.517282997e+00,1.188014970e+00,2.505314617e-01,3.012409325e-01
2.796446976,3.067970276e-03,2.470687290e+00,1.262346433e+00,2.505221244e-01,3.003248966e-01
2.799514938,3.067970276e-03,4.483620935e+00,6.000333369e-01,2.505325601e-01,2.998592822e-01
2.802582899,3.067970276e-03,4.378619719e+00,5.874116131e-01,2.504966715e-01,2.988269239e-01
2.805650861,3.067970276e-03,4.258475812e+00,5.996299188e-01,2.504720670e-01,3.000475375e-01
2.808718823,3.067970276e-03,4.136386198e+00,6.251941059e-01,2.504287248e-01,2.998927717e-01
2.811786784,3.067970276e-03,3.994493273e+00,6.619889167e-01,2.503846631e-01,2.990022653e-01
2.814854746,3.067970276e-03,3.851813887e+00,7.060875717e-01,2.504734066e-01,2.982113318e-01
2.817922707,3.067970276e-03,3.717154402e+00,7.567712645e-01,2.504708137e-01,2.983565440e-01
2.820990669,3.067970276e-03,3.600465297e+00,8.056276452e-01,2.503822516e-01,2.975826841e-01
2.824058630,3.067970276e-03,3.479434288e+00,8.486356059e-01,2.500559023e-01,2.977915953e-01
2.827126592,3.067970276e-03,3.377524562e+00,8.894527420e-01,2.504033625e-01,2.955517907e-01
2.830194554,3.067970276e-03,3.279485670e+00,9.352017582e-01,2.504040601e-01,2.958867168e-01
2.833262515,3.067970276e-03,3.190208021e+00,9.731140247e-01,2.503059411e-01,2.949158661e-01
2.836330477,3.067970276e-03,3.085403060e+00,1.017252005e+00,2.503104914e-01,2.931479801e-01
2.839398438,3.067970276e-03,3.010924063e+00,1.067977198e+00,2.503653923e-01,2.930969967e-01
2.842466400,3.067970276e-03,2.899552168e+00,1.138221820e+00,2.502221745e-01,2.924260007e-01
2.845534362,3.067970276e-03,2.783676048e+00,1.229518655e+00,2.502225303e-01,2.915601971e-01
2.848602323,3.067970276e-03,4.739799729e+00,3.288433250e-01,2.502023299e-01,2.911827464e-01
2.851670285,3.067970276e-03,4.539911616e+00,3.341495083e-01,2.509242532e-01,2.897710707e-01
2.854738246,3.067970276e-03,4.338025195e+00,3.483459548e-01,2.501789092e-01,2.892969732e-01
2.857806208,3.067731857e-03,4.131999980e+00,3.738950553e-01,2.501339856e-01,2.889049751e-01
2.860874169,3.067970276e-03,3.930625092e+00,4.181439661e-01,2.501251115e-01,2.883081158e-01
2.863942131,3.067970276e-03,3.735278860e+00,4.749196656e-01,2.501301164e-01,2.870267317e-01
2.867010093,3.067970276e-03,3.554344800e+00,5.487756898e-01,2.500645590e-01,2.858371139e-01
2.870078054,3.067970276e-03,3.390171103e+00,6.238487579e-01,2.500399891e-01,2.847055274e-01
2.873146016,3.067970276e-03,3.242978115e+00,6.972525344e-01,2.500977478e-01,2.840540737e-01
2.876213977,3.067970276e-03,3.113300753e+00,7.723630463e-01,2.500256508e-01,2.836939412e-01
2.879281939,3.067970276e-03,2.999879843e+00,8.446916260e-01,2.500036235e-01,2.826018128e-01
2.882349900,3.067970276e-03,2.886987518e+00,9.186474086e-01,2.500237678e-01,2.814132597e-01
2.885417862,3.067970276e-03,2.780458936e+00,9.906202273e-01,2.500389437e-01,2.807593136e-01
2.888485824,3.067970276e-03,3.805733648e+00,1.073538800e+00,2.500680555e-01,2.984501112e-01
2.891553785,3.067970276e-03,5.609830070e+00,1.167605769e+00,2.501108837e-01,2.792905945e-01
2.894621747,3.067970276e-03,5.374762233e+00,1.284176801e+00,2.501362856e-01,2.776611704e-01
2.897689708,3.067970276e-03,1.125477011e+01,1.595590749e+00,2.501778112e-01,2.766362842e-01
2.900757670,3.067970276e-03,1.085452866e+01,1.563395834e+00,2.502421047e-01,2.753626193e-01
2.903825631,3.067970276e-03,1.043989483e+01,1.541863338e+00,2.502816683e-01,2.753377524e-01
2.906893593,3.067970276e-03,9.998406365e+00,1.540500360e+00,2.505115166e-01,2.742636078e-01
2.909961555,3.067970276e-03,9.589327777e+00,1.541505041e+00,2.504533696e-01,2.730402148e-01
2.913029516,3.067970276e-03,9.173478504e+00,1.546317216e+00,2.507358389e-01,2.725611615e-01
2.916097478,3.067970276e-03,8.744040186e+00,1.549352759e+00,2.513243963e-01,2.711360400e-01
2.919165439,3.067970276e-03,8.348022988e+00,1.538859454e+00,2.509930996e-01,2.709657600e-01
2.922233401,3.067970276e-03,7.990231147e+00,1.524039566e+00,2.511711528e-01,2.700931818e-01
2.925301362,3.067970276e-03,7.646724963e+00,1.502256325e+00,2.514838062e-01,2.692553165e-01
2.928369324,3.067970276e-03,7.301441016e+00,1.478462959e+00,2.516347319e-01,2.683171012e-01
2.931437286,3.067970276e-03,6.952116102e+00,1.441346055e+00,2.518743613e-01,2.671201069e-01
2.934505247,3.067970276e-03,6.619541685e+00,1.410264666e+00,2.521313352e-01,2.665230545e-01
2.937573209,3.067970276e-03,6.300360015e+00,1.386992027e+00,2.530078601e-01,2.660058129e-01
2.940641170,3.067970276e-03,5.949058269e+00,1.373668000e+00,2.527584616e-01,2.650794118e-01
2.943709132,3.067731857e-03,5.595017438e+00,1.385922686e+00,2.529805762e-01,2.643758895e-01
2.946777094,3.067970276e-03,1.138866550e+01,3.196904537e-01,2.532968679e-01,2.639325522e-01
2.949845055,3.067970276e-03,1.098187671e+01,3.380535934e-01,2.537144562e-01,2.631527218e-01
2.952913017,3.067970276e-03,1.054412725e+01,3.713888287e-01,2.538324356e-01,2.620365183e-01
2.955980978,3.067970276e-03,1.011946405e+01,4.235171711e-01,2.542681965e-01,2.617505093e-01
2.959048940,3.067970276e-03,9.712195960e+00,4.963469807e-01,2.547068529e-01,2.613491273e-01
2.962116901,3.067970276e-03,9.294138893e+00,5.664699314e-01,2.549356279e-01,2.605194589e-01
2.965184863,3.067970276e-03,8.838438567e+00,6.451300471e-01,2.554991143e-01,2.598861026e-01
2.968252825,3.067970276e-03,8.467940931e+00,7.208624468e-01,2.557351088e-01,2.595659663e-01
2.971320786,3.067970276e-03,8.119182770e+00,7.902933149e-01,2.562082446e-01,2.589328028e-01
2.974388748,3.067970276e-03,7.797305530e+00,8.537597295e-01,2.567948056e-01,2.570018947e-01
2.977456709,3.067970276e-03,7.460437607e+00,9.063253214e-01,2.568177420e-01,2.577354436e-01
2.980524671,3.067970276e-03,7.172105862e+00,9.515542565e-01,2.572748919e-01,2.572104119e-01
2.983592632,3.067970276e-03,6.901844222e+00,1.009322260e+00,2.572772725e-01,2.567082659e-01
2.986660594,3.067970276e-03,6.646877237e+00,1.064369750e+00,2.581973924e-01,2.563959702e-01
2.989728556,3.067970276e-03,6.366697380e+00,1.132047051e+00,2.583021316e-01,2.557996718e-01
2.992796517,3.067970276e-03,6.130416862e+00,1.226530827e+00,2.587065634e-01,2.553451652e-01
2.995864479,3.067970276e-03,1.005532905e+01,5.484138087e-01,2.590316458e-01,2.552570519e-01
2.998932440,3.067970276e-03,9.810770881e+00,5.446297452e-01,2.597124819e-01,2.546654404e-01
3.002000402,3.067970276e-03,9.536119321e+00,5.627201658e-01,2.597488762e-01,2.542613689e-01
3.005068363,3.067970276e-03,9.301777456e+00,5.976415191e-01,2.601632592e-01,2.539584881e-01
3.008136325,3.067970276e-03,9.068757249e+00,6.320739468e-01,2.605143575e-01,2.537126610e-01
3.011204287,3.067970276e-03,8.830366863e+00,6.709766849e-01,2.611213032e-01,2.534078877e-01
3.014272248,3.067970276e-03,8.542676362e+00,7.027908765e-01,2.615711872e-01,2.530487259e-01
3.017340210,3.067970276e-03,1.586096383e+01,7.313331723e-01,2.917453889e-01,2.528546111e-01
3.020408171,3.067970276e-03,1.681408297e+01,7.478643565e-01,2.987865134e-01,2.524301718e-01
3.023476133,3.067970276e-03,1.642470871e+01,7.554233497e-01,3.011036315e-01,2.523627363e-01
3.026544094,3.067731857e-03,1.602515028e+01,7.596351297e-01,3.020104350e-01,2.521276109e-01
3.029612056,3.067970276e-03,1.568960590e+01,7.533576445e-01,3.037131894e-01,2.518926247e-01
3.032680018,3.067970276e-03,1.533270003e+01,7.487423168e-01,3.039853149e-01,2.516890135e-01
3.035747979,3.067970276e-03,1.494315795e+01,7.508780883e-01,3.049459764e-01,2.518120322e-01
3.038815941,3.067970276e-03,1.453304911e+01,7.667482105e-01,3.061313188e-01,2.513034439e-01
3.041883902,3.067970276e-03,1.412577613e+01,8.071453400e-01,3.074377055e-01,2.515690620e-01
3.044951864,3.067970276e-03,1.411972618e+01,6.001930252e-01,3.092504394e-01,2.510898748e-01
3.048019826,3.067970276e-03,1.408400207e+01,6.038292172e-01,3.089879494e-01,2.510772023e-01
3.051087787,3.067970276e-03,1.403418127e+01,6.233316962e-01,3.106656720e-01,2.508527252e-01
3.054155749,3.067970276e-03,1.398317593e+01,6.581883767e-01,3.112367507e-01,2.507116856e-01
3.057223710,3.067970276e-03,1.390466687e+01,6.929301188e-01,3.115181847e-01,2.504908952e-01
3.060291672,3.067970276e-03,1.376329215e+01,7.260208521e-01,3.133917588e-01,2.504996719e-01
3.063359633,3.067970276e-03,1.365386591e+01,7.453425808e-01,3.135264965e-01,2.505524887e-01
3.066427595,3.067970276e-03,1.355250272e+01,7.673879385e-01,3.146622888e-01,2.503969087e-01
3.069495557,3.067970276e-03,1.343578665e+01,7.725196996e-01,3.149056595e-01,2.503538487e-01
3.072563518,3.067970276e-03,1.325881512e+01,7.605343078e-01,3.160227765e-01,2.502535522e-01
3.075631480,3.067970276e-03,1.314563003e+01,7.497296661e-01,3.170097292e-01,2.502301875e-01
3.078699441,3.067970276e-03,1.823399591e+01,7.321432570e-01,3.800931432e-01,2.502650015e-01
3.081767403,3.067970276e-03,2.631836067e+01,7.075903742e-01,4.785750277e-01,2.502788001e-01
3.084835364,3.067970276e-03,2.597406130e+01,6.939224202e-01,4.777239375e-01,2.503013003e-01
3.087903326,3.067970276e-03,2.572909903e+01,6.887150938e-01,4.756522981e-01,2.501638621e-01
3.090971288,3.067970276e-03,2.548207171e+01,7.085910061e-01,4.734693872e-01,2.502225682e-01
3.094039249,3.067970276e-03,4.109152758e+01,1.414025652e+00,4.733250596e-01,2.501276998e-01
3.097107211,3.067970276e-03,4.027228000e+01,1.313497475e+00,4.734676162e-01,2.501071336e-01
3.100175172,3.067970276e-03,3.957202365e+01,1.238231645e+00,4.715991914e-01,2.500491936e-01
3.103243134,3.067970276e-03,3.893411493e+01,1.174031161e+00,4.711416476e-01,2.500279328e-01
3.106311095,3.067970276e-03,3.826836416e+01,1.127456724e+00,4.699698311e-01,2.501419268e-01
3.109379057,3.067731857e-03,4.474441254e+01,1.079133030e+00,4.306246172e-01,2.500720674e-01
3.112447019,3.067970276e-03,7.473389054e+01,1.032654244e+00,2.538545224e-01,2.500042793e-01
3.115514980,3.067970276e-03,7.381642784e+01,9.790828520e-01,2.540434116e-01,2.499948215e-01
3.118582942,3.067970276e-03,7.276394605e+01,9.198121739e-01,2.542735488e-01,2.499511094e-01
3.121650903,3.067970276e-03,7.187682723e+01,8.539876398e-01,2.540761392e-01,2.500637048e-01
3.124718865,3.067970276e-03,7.777697282e+01,7.844165853e-01,2.554116447e-01,2.499648576e-01
3.127786826,3.067970276e-03,1.414470826e+02,7.092531489e-01,2.668931746e-01,2.500741965e-01
3.130854788,3.067970276e-03,1.397855492e+02,6.381624840e-01,2.671575448e-01,2.499163962e-01
3.133922750,3.067970276e-03,2.143002813e+02,5.746024578e-01,2.949927507e-01,2.499527490e-01
3.136990711,3.067970276e-03,3.503096232e+02,5.256931511e-01,3.627747447e-01,2.500284956e-01
3.140058673,3.067970276e-03,4.965665276e+03,4.710946077e-01,3.426546341e-01,2.371326524e-01
