x,native_sin,std_sin
0.000000000000000000e+00,0.000000000000000000e+00,0.000000000000000000e+00
4.999999858590342683e-10,4.999997083032781120e-10,4.999999858590342683e-10
9.999999717180685366e-10,9.999994166065562240e-10,9.999999717180685366e-10
1.500000013088254036e-09,1.499999235932136799e-09,1.500000013088254036e-09
1.999999943436137073e-09,1.999998833213112448e-09,1.999999943436137073e-09
2.499999984806322573e-09,2.499998874583297948e-09,2.499999984806322573e-09
3.000000026176508072e-09,2.999998471864273597e-09,3.000000026176508072e-09
3.500000067546693572e-09,3.499998513234459097e-09,3.500000067546693572e-09
3.999999886872274146e-09,3.999997666426224896e-09,3.999999886872274146e-09
4.499999928242459646e-09,4.499997707796410396e-09,4.499999928242459646e-09
4.999999969612645145e-09,4.999997749166595895e-09,4.999999969612645145e-09
5.500000010982830645e-09,5.499997790536781395e-09,5.500000010982830645e-09
6.000000052353016144e-09,5.999996943728547194e-09,6.000000052353016144e-09
6.500000093723201644e-09,6.499997429187942544e-09,6.500000093723201644e-09
7.000000135093387144e-09,6.999997026468918193e-09,7.000000135093387144e-09
7.499999732374362793e-09,7.499996179660683993e-09,7.499999732374362793e-09
7.999999773744548293e-09,7.999995332852449792e-09,7.999999773744548293e-09
8.499999815114733792e-09,8.499996262401054992e-09,8.499999815114733792e-09
8.999999856484919292e-09,8.999995415592820791e-09,8.999999856484919292e-09
9.499999897855104791e-09,9.499995456963006291e-09,9.499999897855104791e-09
9.999999939225290291e-09,9.999995498333191790e-09,9.999999939225290291e-09
1.049999998059547579e-08,1.049999465152495759e-08,1.049999998059547579e-08
1.100000002196566129e-08,1.099999558107356279e-08,1.100000002196566129e-08
1.150000006333584679e-08,1.149999473426532859e-08,1.150000006333584679e-08
1.200000010470603229e-08,1.199999388745709439e-08,1.200000010470603229e-08
1.250000014607621779e-08,1.249999481700569959e-08,1.250000014607621779e-08
1.300000018744640329e-08,1.299999485837588509e-08,1.300000018744640329e-08
1.350000022881658879e-08,1.349999401156765089e-08,1.350000022881658879e-08
1.400000027018677429e-08,1.399999405293783639e-08,1.400000027018677429e-08
1.450000031155695979e-08,1.449999409430802189e-08,1.450000031155695979e-08
1.499999946474872559e-08,1.499999235932136799e-08,1.499999946474872559e-08
1.549999950611891109e-08,1.549999240069155348e-08,1.549999950611891109e-08
1.599999954748909659e-08,1.599999066570489958e-08,1.599999954748909659e-08
1.649999958885928208e-08,1.649999248343192448e-08,1.649999958885928208e-08
1.699999963022946758e-08,1.699999252480210998e-08,1.699999963022946758e-08
1.749999967159965308e-08,1.749999256617229548e-08,1.749999967159965308e-08
1.799999971296983858e-08,1.799999083118564158e-08,1.799999971296983858e-08
1.849999975434002408e-08,1.849999087255582708e-08,1.849999975434002408e-08
1.899999979571020958e-08,1.899999091392601258e-08,1.899999979571020958e-08
1.949999983708039508e-08,1.949999095529619808e-08,1.949999983708039508e-08
1.999999987845058058e-08,1.999999099666638358e-08,1.999999987845058058e-08
2.049999991982076608e-08,2.049998926167972968e-08,2.049999991982076608e-08
2.099999996119095158e-08,2.099998930304991518e-08,2.099999996119095158e-08
2.150000000256113708e-08,2.149998934442010068e-08,2.150000000256113708e-08
2.200000004393132258e-08,2.199999116214712558e-08,2.200000004393132258e-08
2.250000008530150808e-08,2.249998942716047168e-08,2.250000008530150808e-08
2.300000012667169358e-08,2.299998946853065718e-08,2.300000012667169358e-08
2.350000016804187908e-08,2.349998950990084268e-08,2.350000016804187908e-08
2.400000020941206458e-08,2.399998777491418878e-08,2.400000020941206458e-08
2.450000025078225008e-08,2.449998959264121368e-08,2.450000025078225008e-08
2.500000029215243558e-08,2.499998963401139918e-08,2.500000029215243558e-08
2.550000033352262108e-08,2.549998789902474527e-08,2.550000033352262108e-08
2.600000037489280658e-08,2.599998971675177017e-08,2.600000037489280658e-08
2.650000041626299208e-08,2.649998798176511627e-08,2.650000041626299208e-08
2.700000045763317758e-08,2.699998802313530177e-08,2.700000045763317758e-08
2.750000049900336307e-08,2.749998628814864787e-08,2.750000049900336307e-08
2.800000054037354857e-08,2.799998810587567277e-08,2.800000054037354857e-08
2.850000058174373407e-08,2.849998637088901887e-08,2.850000058174373407e-08
2.900000062311391957e-08,2.899998818861604377e-08,2.900000062311391957e-08
2.950000066448410507e-08,2.949998645362938987e-08,2.950000066448410507e-08
2.999999892949745117e-08,2.999998471864273597e-08,2.999999892949745117e-08
3.050000074722447607e-08,3.049998653636976087e-08,3.050000074722447607e-08
3.099999901223782217e-08,3.099998480138310697e-08,3.099999901223782217e-08
3.150000082996484707e-08,3.149998661911013187e-08,3.150000082996484707e-08
3.199999909497819317e-08,3.199998133140979917e-08,3.199999909497819317e-08
3.250000091270521807e-08,3.249998670185050287e-08,3.250000091270521807e-08
3.299999917771856417e-08,3.299998496686384897e-08,3.299999917771856417e-08
3.350000099544558907e-08,3.349998678459087387e-08,3.350000099544558907e-08
3.399999926045893517e-08,3.399998504960421997e-08,3.399999926045893517e-08
3.450000107818596007e-08,3.449998686733124487e-08,3.450000107818596007e-08
3.499999934319930617e-08,3.499998513234459097e-08,3.499999934319930617e-08
3.550000116092633107e-08,3.549998339735793706e-08,3.550000116092633107e-08
3.599999942593967717e-08,3.599998166237128316e-08,3.599999942593967717e-08
3.650000124366670207e-08,3.649998348009830806e-08,3.650000124366670207e-08
3.699999950868004817e-08,3.699998174511165416e-08,3.699999950868004817e-08
3.750000132640707307e-08,3.749998356283867906e-08,3.750000132640707307e-08
3.799999959142041916e-08,3.799998182785202516e-08,3.799999959142041916e-08
3.850000140914744406e-08,3.849998364557905006e-08,3.850000140914744406e-08
3.899999967416079016e-08,3.899998191059239616e-08,3.899999967416079016e-08
3.950000149188781506e-08,3.949998372831942106e-08,3.950000149188781506e-08
3.999999975690116116e-08,3.999998199333276716e-08,3.999999975690116116e-08
4.050000157462818606e-08,4.049998025834611326e-08,4.050000157462818606e-08
4.099999983964153216e-08,4.099997852335945936e-08,4.099999983964153216e-08
4.150000165736855706e-08,4.149998034108648426e-08,4.150000165736855706e-08
4.199999992238190316e-08,4.199997860609983036e-08,4.199999992238190316e-08
4.250000174010892806e-08,4.249998397654053406e-08,4.250000174010892806e-08
4.300000000512227416e-08,4.299997868884020136e-08,4.300000000512227416e-08
4.349999827013562026e-08,4.349997695385354746e-08,4.349999827013562026e-08
4.400000008786264516e-08,4.399998232429425116e-08,4.400000008786264516e-08
4.449999835287599126e-08,4.449997703659391846e-08,4.449999835287599126e-08
4.500000017060301616e-08,4.499997885432094336e-08,4.500000017060301616e-08
4.549999843561636226e-08,4.549997711933428945e-08,4.549999843561636226e-08
4.600000025334338716e-08,4.599997893706131435e-08,4.600000025334338716e-08
4.649999851835673326e-08,4.649997720207466045e-08,4.649999851835673326e-08
4.700000033608375816e-08,4.699997901980168535e-08,4.700000033608375816e-08
4.749999860109710426e-08,4.749997728481503145e-08,4.749999860109710426e-08
4.800000041882412916e-08,4.799997554982837755e-08,4.800000041882412916e-08
4.849999868383747526e-08,4.849997381484172365e-08,4.849999868383747526e-08
4.900000050156450015e-08,4.899997918528242735e-08,4.900000050156450015e-08
4.949999876657784625e-08,4.949997745029577345e-08,4.949999876657784625e-08
5.000000058430487115e-08,4.999997926802279835e-08,5.000000058430487115e-08
5.049999884931821725e-08,5.049997398032246565e-08,5.049999884931821725e-08
5.100000066704524215e-08,5.099997579804949055e-08,5.100000066704524215e-08
5.149999893205858825e-08,5.149997406306283665e-08,5.149999893205858825e-08
5.200000074978561315e-08,5.199997943350354035e-08,5.200000074978561315e-08
5.249999901479895925e-08,5.249997769851688645e-08,5.249999901479895925e-08
5.300000083252598415e-08,5.299997596353023255e-08,5.300000083252598415e-08
5.349999909753933025e-08,5.349997422854357865e-08,5.349999909753933025e-08
5.400000091526635515e-08,5.399997604627060355e-08,5.400000091526635515e-08
5.449999918027970125e-08,5.449997431128394965e-08,5.449999918027970125e-08
5.500000099800672615e-08,5.499997257629729575e-08,5.500000099800672615e-08
5.549999926302007225e-08,5.549997084131064184e-08,5.549999926302007225e-08
5.600000108074709715e-08,5.599997621175134555e-08,5.600000108074709715e-08
5.649999934576044325e-08,5.649997447676469164e-08,5.649999934576044325e-08
5.700000116348746815e-08,5.699997274177803774e-08,5.700000116348746815e-08
5.749999942850081425e-08,5.749997100679138384e-08,5.749999942850081425e-08
5.800000124622783915e-08,5.799997637723208754e-08,5.800000124622783915e-08
5.849999951124118525e-08,5.849997464224543364e-08,5.849999951124118525e-08
5.900000132896821015e-08,5.899997290725877974e-08,5.900000132896821015e-08
5.949999959398155625e-08,5.949997117227212584e-08,5.949999959398155625e-08
5.999999785899490234e-08,5.999996943728547194e-08,5.999999785899490234e-08
6.049999967672192724e-08,6.049997125501249684e-08,6.049999967672192724e-08
6.100000149444895214e-08,6.099997307273952174e-08,6.100000149444895214e-08
6.150000331217597704e-08,6.149997489046654664e-08,6.150000331217597704e-08
6.199999802447564434e-08,6.199996960276621394e-08,6.199999802447564434e-08
6.249999984220266924e-08,6.249997142049323884e-08,6.249999984220266924e-08
6.300000165992969414e-08,6.299997323822026374e-08,6.300000165992969414e-08
6.350000347765671904e-08,6.349997505594728864e-08,6.350000347765671904e-08
6.399999818995638634e-08,6.399996266281959834e-08,6.399999818995638634e-08
6.450000000768341124e-08,6.449997158597398084e-08,6.450000000768341124e-08
6.500000182541043614e-08,6.499997340370100574e-08,6.500000182541043614e-08
6.549999653771010344e-08,6.549996811600067304e-08,6.549999653771010344e-08
6.599999835543712834e-08,6.599996993372769793e-08,6.599999835543712834e-08
6.650000017316415324e-08,6.649996464602736523e-08,6.650000017316415324e-08
6.700000199089117814e-08,6.699997356918174773e-08,6.700000199089117814e-08
6.749999670319084544e-08,6.749996117605405743e-08,6.749999670319084544e-08
6.799999852091787034e-08,6.799997009920843993e-08,6.799999852091787034e-08
6.850000033864489524e-08,6.849996481150810723e-08,6.850000033864489524e-08
6.900000215637192014e-08,6.899997373466248973e-08,6.900000215637192014e-08
6.949999686867158744e-08,6.949996134153479943e-08,6.949999686867158744e-08
6.999999868639861234e-08,6.999997026468918193e-08,6.999999868639861234e-08
7.050000050412563724e-08,7.049996497698884923e-08,7.050000050412563724e-08
7.100000232185266213e-08,7.099996679471587413e-08,7.100000232185266213e-08
7.149999703415232943e-08,7.149996150701554143e-08,7.149999703415232943e-08
7.199999885187935433e-08,7.199996332474256633e-08,7.199999885187935433e-08
7.250000066960637923e-08,7.249996514246959123e-08,7.250000066960637923e-08
7.300000248733340413e-08,7.299996696019661613e-08,7.300000248733340413e-08
7.349999719963307143e-08,7.349996167249628343e-08,7.349999719963307143e-08
7.399999901736009633e-08,7.399996349022330833e-08,7.399999901736009633e-08
7.450000083508712123e-08,7.449996530795033323e-08,7.450000083508712123e-08
7.500000265281414613e-08,7.499996712567735813e-08,7.500000265281414613e-08
7.549999736511381343e-08,7.549996183797702543e-08,7.549999736511381343e-08
7.599999918284083833e-08,7.599996365570405032e-08,7.599999918284083833e-08
7.650000100056786323e-08,7.649996547343107522e-08,7.650000100056786323e-08
7.700000281829488813e-08,7.699996729115810012e-08,7.700000281829488813e-08
7.749999753059455543e-08,7.749996200345776742e-08,7.749999753059455543e-08
7.799999934832158033e-08,7.799996382118479232e-08,7.799999934832158033e-08
7.850000116604860523e-08,7.849996563891181722e-08,7.850000116604860523e-08
7.900000298377563013e-08,7.899996745663884212e-08,7.900000298377563013e-08
7.949999769607529743e-08,7.949996216893850942e-08,7.949999769607529743e-08
7.999999951380232233e-08,7.999996398666553432e-08,7.999999951380232233e-08
8.050000133152934723e-08,8.049996580439255922e-08,8.050000133152934723e-08
8.100000314925637213e-08,8.099996051669222652e-08,8.100000314925637213e-08
8.149999786155603942e-08,8.149996233441925142e-08,8.149999786155603942e-08
8.199999967928306432e-08,8.199995704671891872e-08,8.199999967928306432e-08
8.250000149701008922e-08,8.249996596987330122e-08,8.250000149701008922e-08
8.300000331473711412e-08,8.299996068217296852e-08,8.300000331473711412e-08
8.349999802703678142e-08,8.349996249989999342e-08,8.349999802703678142e-08
8.399999984476380632e-08,8.399995721219966072e-08,8.399999984476380632e-08
8.450000166249083122e-08,8.449995902992668562e-08,8.450000166249083122e-08
8.500000348021785612e-08,8.499996795308106812e-08,8.500000348021785612e-08
8.549999819251752342e-08,8.549995555995337781e-08,8.549999819251752342e-08
8.600000001024454832e-08,8.599995737768040271e-08,8.600000001024454832e-08
8.650000182797157322e-08,8.649995919540742761e-08,8.650000182797157322e-08
8.699999654027124052e-08,8.699995390770709491e-08,8.699999654027124052e-08
8.749999835799826542e-08,8.749995572543411981e-08,8.749999835799826542e-08
8.800000017572529032e-08,8.799996464858850231e-08,8.800000017572529032e-08
8.850000199345231522e-08,8.849995936088816961e-08,8.850000199345231522e-08
8.899999670575198252e-08,8.899995407318783691e-08,8.899999670575198252e-08
8.949999852347900742e-08,8.949995589091486181e-08,8.949999852347900742e-08
9.000000034120603232e-08,8.999995770864188671e-08,9.000000034120603232e-08
9.050000215893305722e-08,9.049995952636891161e-08,9.050000215893305722e-08
9.099999687123272452e-08,9.099995423866857891e-08,9.099999687123272452e-08
9.149999868895974942e-08,9.149995605639560381e-08,9.149999868895974942e-08
9.200000050668677432e-08,9.199995787412262871e-08,9.200000050668677432e-08
9.250000232441379922e-08,9.249995969184965361e-08,9.250000232441379922e-08
9.299999703671346651e-08,9.299995440414932091e-08,9.299999703671346651e-08
9.349999885444049141e-08,9.349995622187634581e-08,9.349999885444049141e-08
9.400000067216751631e-08,9.399995803960337071e-08,9.400000067216751631e-08
9.450000248989454121e-08,9.449995275190303801e-08,9.450000248989454121e-08
9.499999720219420851e-08,9.499995456963006291e-08,9.499999720219420851e-08
9.549999901992123341e-08,9.549994928192973020e-08,9.549999901992123341e-08
9.600000083764825831e-08,9.599995109965675510e-08,9.600000083764825831e-08
9.650000265537528321e-08,9.649996002281113761e-08,9.650000265537528321e-08
9.699999736767495051e-08,9.699994762968344730e-08,9.699999736767495051e-08
9.749999918540197541e-08,9.749995655283782980e-08,9.749999918540197541e-08
9.800000100312900031e-08,9.799995837056485470e-08,9.800000100312900031e-08
9.850000282085602521e-08,9.849995308286452200e-08,9.850000282085602521e-08
9.899999753315569251e-08,9.899995490059154690e-08,9.899999753315569251e-08
9.949999935088271741e-08,9.949994961289121420e-08,9.949999935088271741e-08
1.000000011686097423e-07,9.999995853604559670e-08,1.000000011686097423e-07
1.005000029863367672e-07,1.004999603537726216e-07,1.005000029863367672e-07
1.009999976986364345e-07,1.009999479606449313e-07,1.009999976986364345e-07
1.014999995163634594e-07,1.014999568837993138e-07,1.014999995163634594e-07
1.020000013340904843e-07,1.019999515960989811e-07,1.020000013340904843e-07
1.025000031518175092e-07,1.024999534138260060e-07,1.025000031518175092e-07
1.029999978641171765e-07,1.029999481261256733e-07,1.029999978641171765e-07
1.034999996818442014e-07,1.034999499438526982e-07,1.034999996818442014e-07
1.040000014995712263e-07,1.039999588670070807e-07,1.040000014995712263e-07
1.045000033172982512e-07,1.044999535793067480e-07,1.045000033172982512e-07
1.049999980295979185e-07,1.049999553970337729e-07,1.049999980295979185e-07
1.054999998473249434e-07,1.054999501093334402e-07,1.054999998473249434e-07
1.060000016650519683e-07,1.059999519270604651e-07,1.060000016650519683e-07
1.065000034827789932e-07,1.064999466393601324e-07,1.065000034827789932e-07
1.069999981950786605e-07,1.069999484570871573e-07,1.069999981950786605e-07
1.075000000128056854e-07,1.074999431693868246e-07,1.075000000128056854e-07
1.080000018305327103e-07,1.079999520925412071e-07,1.080000018305327103e-07
1.084999965428323776e-07,1.084999396994135168e-07,1.084999965428323776e-07
1.089999983605594025e-07,1.089999486225678993e-07,1.089999983605594025e-07
1.095000001782864274e-07,1.094999504402949242e-07,1.095000001782864274e-07
1.100000019960134523e-07,1.099999451525945915e-07,1.100000019960134523e-07
1.104999967083131196e-07,1.104999469703216164e-07,1.104999967083131196e-07
1.109999985260401445e-07,1.109999416826212837e-07,1.109999985260401445e-07
1.115000003437671694e-07,1.114999435003483086e-07,1.115000003437671694e-07
1.120000021614941943e-07,1.119999524235026911e-07,1.120000021614941943e-07
1.124999968737938616e-07,1.124999400303750008e-07,1.124999968737938616e-07
1.129999986915208865e-07,1.129999489535293833e-07,1.129999986915208865e-07
1.135000005092479114e-07,1.134999436658290506e-07,1.135000005092479114e-07
1.140000023269749363e-07,1.139999454835560755e-07,1.140000023269749363e-07
1.144999970392746036e-07,1.144999401958557428e-07,1.144999970392746036e-07
1.149999988570016285e-07,1.149999420135827677e-07,1.149999988570016285e-07
1.155000006747286534e-07,1.154999509367371502e-07,1.155000006747286534e-07
1.160000024924556783e-07,1.159999527544641751e-07,1.160000024924556783e-07
1.164999972047553456e-07,1.164999474667638424e-07,1.164999972047553456e-07
1.169999990224823705e-07,1.169999492844908673e-07,1.169999990224823705e-07
1.175000008402093954e-07,1.174999439967905346e-07,1.175000008402093954e-07
1.180000026579364203e-07,1.179999458145175595e-07,1.180000026579364203e-07
1.184999973702360876e-07,1.184999405268172268e-07,1.184999973702360876e-07
1.189999991879631125e-07,1.189999423445442517e-07,1.189999991879631125e-07
1.195000010056901374e-07,1.194999441622712766e-07,1.195000010056901374e-07
1.199999957179898047e-07,1.199999388745709439e-07,1.199999957179898047e-07
1.205000046411441872e-07,1.204999477977253264e-07,1.205000046411441872e-07
1.209999993534438545e-07,1.209999425100249937e-07,1.209999993534438545e-07
1.214999940657435218e-07,1.214999372223246610e-07,1.214999940657435218e-07
1.220000029888979043e-07,1.219999461454790435e-07,1.220000029888979043e-07
1.224999977011975716e-07,1.224999408577787108e-07,1.224999977011975716e-07
1.230000066243519541e-07,1.229999497809330933e-07,1.230000066243519541e-07
1.235000013366516214e-07,1.234999444932327606e-07,1.235000013366516214e-07
1.239999960489512887e-07,1.239999392055324279e-07,1.239999960489512887e-07
1.245000049721056712e-07,1.244999481286868104e-07,1.245000049721056712e-07
1.249999996844053385e-07,1.249999428409864777e-07,1.249999996844053385e-07
1.254999943967050058e-07,1.254999375532861450e-07,1.254999943967050058e-07
1.260000033198593883e-07,1.259999464764405275e-07,1.260000033198593883e-07
1.264999980321590556e-07,1.264999411887401948e-07,1.264999980321590556e-07
1.270000069553134381e-07,1.269999501118945773e-07,1.270000069553134381e-07
1.275000016676131054e-07,1.274999448241942446e-07,1.275000016676131054e-07
1.279999963799127727e-07,1.279999253256391967e-07,1.279999963799127727e-07
1.285000053030671552e-07,1.284999342487935792e-07,1.285000053030671552e-07
1.290000000153668225e-07,1.289999431719479617e-07,1.290000000153668225e-07
1.294999947276664898e-07,1.294999378842476290e-07,1.294999947276664898e-07
1.300000036508208723e-07,1.299999468074020115e-07,1.300000036508208723e-07
1.304999983631205396e-07,1.304999273088469636e-07,1.304999983631205396e-07
1.309999930754202069e-07,1.309999362320013461e-07,1.309999930754202069e-07
1.315000019985745894e-07,1.314999451551557286e-07,1.315000019985745894e-07
1.319999967108742567e-07,1.319999398674553959e-07,1.319999967108742567e-07
1.325000056340286392e-07,1.324999487906097784e-07,1.325000056340286392e-07
1.330000003463283065e-07,1.329999292920547305e-07,1.330000003463283065e-07
1.334999950586279738e-07,1.334999382152091130e-07,1.334999950586279738e-07
1.340000039817823563e-07,1.339999471383634955e-07,1.340000039817823563e-07
1.344999986940820236e-07,1.344999276398084476e-07,1.344999986940820236e-07
1.349999934063816909e-07,1.349999223521081149e-07,1.349999934063816909e-07
1.355000023295360734e-07,1.354999454861172126e-07,1.355000023295360734e-07
1.359999970418357407e-07,1.359999401984168799e-07,1.359999970418357407e-07
1.365000059649901232e-07,1.364999491215712624e-07,1.365000059649901232e-07
1.370000006772897905e-07,1.369999296230162145e-07,1.370000006772897905e-07
1.374999953895894578e-07,1.374999385461705970e-07,1.374999953895894578e-07
1.380000043127438403e-07,1.379999474693249795e-07,1.380000043127438403e-07
1.384999990250435076e-07,1.384999421816246468e-07,1.384999990250435076e-07
1.389999937373431749e-07,1.389999226830695989e-07,1.389999937373431749e-07
1.395000026604975574e-07,1.394999316062239814e-07,1.395000026604975574e-07
1.399999973727972247e-07,1.399999405293783639e-07,1.399999973727972247e-07
1.405000062959516072e-07,1.404999494525327464e-07,1.405000062959516072e-07
1.410000010082512745e-07,1.409999299539776985e-07,1.410000010082512745e-07
1.414999957205509418e-07,1.414999246662773658e-07,1.414999957205509418e-07
1.420000046437053243e-07,1.419999335894317483e-07,1.420000046437053243e-07
1.424999993560049916e-07,1.424999425125861308e-07,1.424999993560049916e-07
1.429999940683046589e-07,1.429999230140310829e-07,1.429999940683046589e-07
1.435000029914590414e-07,1.434999319371854654e-07,1.435000029914590414e-07
1.439999977037587087e-07,1.439999266494851327e-07,1.439999977037587087e-07
1.445000066269130912e-07,1.444999355726395152e-07,1.445000066269130912e-07
1.450000013392127585e-07,1.449999302849391825e-07,1.450000013392127585e-07
1.454999960515124258e-07,1.454999249972388498e-07,1.454999960515124258e-07
1.460000049746668083e-07,1.459999339203932323e-07,1.460000049746668083e-07
1.464999996869664756e-07,1.464999286326928996e-07,1.464999996869664756e-07
1.469999943992661429e-07,1.469999233449925669e-07,1.469999943992661429e-07
1.475000033224205254e-07,1.474999322681469494e-07,1.475000033224205254e-07
1.479999980347201927e-07,1.479999269804466167e-07,1.479999980347201927e-07
1.485000069578745752e-07,1.484999359036009992e-07,1.485000069578745752e-07
1.490000016701742425e-07,1.489999306159006665e-07,1.490000016701742425e-07
1.494999963824739098e-07,1.494999253282003338e-07,1.494999963824739098e-07
1.500000053056282923e-07,1.499999342513547163e-07,1.500000053056282923e-07
1.505000000179279596e-07,1.504999289636543836e-07,1.505000000179279596e-07
1.509999947302276269e-07,1.509999236759540509e-07,1.509999947302276269e-07
1.515000036533820094e-07,1.514999325991084334e-07,1.515000036533820094e-07
1.519999983656816767e-07,1.519999273114081006e-07,1.519999983656816767e-07
1.524999930779813440e-07,1.524999220237077679e-07,1.524999930779813440e-07
1.530000020011357265e-07,1.529999309468621504e-07,1.530000020011357265e-07
1.534999967134353938e-07,1.534999256591618177e-07,1.534999967134353938e-07
1.540000056365897763e-07,1.539999345823162002e-07,1.540000056365897763e-07
1.545000003488894436e-07,1.544999292946158675e-07,1.545000003488894436e-07
1.549999950611891109e-07,1.549999240069155348e-07,1.549999950611891109e-07
1.555000039843434934e-07,1.554999329300699173e-07,1.555000039843434934e-07
1.559999986966431607e-07,1.559999276423695846e-07,1.559999986966431607e-07
1.564999934089428280e-07,1.564999223546692519e-07,1.564999934089428280e-07
1.570000023320972105e-07,1.569999312778236344e-07,1.570000023320972105e-07
1.574999970443968778e-07,1.574999259901233017e-07,1.574999970443968778e-07
1.580000059675512603e-07,1.579999349132776842e-07,1.580000059675512603e-07
1.585000006798509276e-07,1.584999296255773515e-07,1.585000006798509276e-07
1.589999953921505949e-07,1.589999243378770188e-07,1.589999953921505949e-07
1.595000043153049774e-07,1.594999332610314013e-07,1.595000043153049774e-07
1.599999990276046447e-07,1.599999279733310686e-07,1.599999990276046447e-07
1.604999937399043120e-07,1.604999226856307359e-07,1.604999937399043120e-07
1.610000026630586945e-07,1.609999316087851184e-07,1.610000026630586945e-07
1.614999973753583618e-07,1.614999121102300705e-07,1.614999973753583618e-07
1.620000062985127443e-07,1.619999210333844530e-07,1.620000062985127443e-07
1.625000010108124116e-07,1.624999299565388355e-07,1.625000010108124116e-07
1.629999957231120788e-07,1.629999246688385028e-07,1.629999957231120788e-07
1.635000046462664614e-07,1.634999335919928853e-07,1.635000046462664614e-07
1.639999993585661286e-07,1.639999140934378374e-07,1.639999993585661286e-07
1.644999940708657959e-07,1.644999230165922199e-07,1.644999940708657959e-07
1.650000029940201784e-07,1.649999319397466024e-07,1.650000029940201784e-07
1.654999977063198457e-07,1.654999266520462697e-07,1.654999977063198457e-07
1.660000066294742282e-07,1.659999213643459370e-07,1.660000066294742282e-07
1.665000013417738955e-07,1.664999160766456043e-07,1.665000013417738955e-07
1.669999960540735628e-07,1.669999249997999868e-07,1.669999960540735628e-07
1.675000049772279453e-07,1.674999339229543693e-07,1.675000049772279453e-07
1.679999996895276126e-07,1.679999144243993214e-07,1.679999996895276126e-07
1.684999944018272799e-07,1.684999091366989887e-07,1.684999944018272799e-07
1.690000033249816624e-07,1.689999180598533712e-07,1.690000033249816624e-07
1.694999980372813297e-07,1.694999269830077537e-07,1.694999980372813297e-07
1.700000069604357122e-07,1.699999359061621362e-07,1.700000069604357122e-07
1.705000016727353795e-07,1.704999164076070883e-07,1.705000016727353795e-07
1.709999963850350468e-07,1.709999111199067556e-07,1.709999963850350468e-07
1.715000053081894293e-07,1.714999342539158533e-07,1.715000053081894293e-07
1.720000000204890966e-07,1.719999147553608054e-07,1.720000000204890966e-07
1.724999947327887639e-07,1.724999094676604727e-07,1.724999947327887639e-07
1.730000036559431464e-07,1.729999183908148552e-07,1.730000036559431464e-07
1.734999983682428137e-07,1.734999273139692377e-07,1.734999983682428137e-07
1.739999930805424810e-07,1.739999078154141898e-07,1.739999930805424810e-07
1.745000020036968635e-07,1.744999167385685723e-07,1.745000020036968635e-07
1.749999967159965308e-07,1.749999114508682396e-07,1.749999967159965308e-07
1.755000056391509133e-07,1.754999203740226221e-07,1.755000056391509133e-07
1.760000003514505806e-07,1.759999292971770046e-07,1.760000003514505806e-07
1.764999950637502479e-07,1.764999097986219567e-07,1.764999950637502479e-07
1.770000039869046304e-07,1.769999187217763392e-07,1.770000039869046304e-07
1.774999986992042977e-07,1.774999134340760065e-07,1.774999986992042977e-07
1.779999934115039650e-07,1.779999081463756738e-07,1.779999934115039650e-07
1.785000023346583475e-07,1.784999170695300563e-07,1.785000023346583475e-07
1.789999970469580148e-07,1.789999117818297236e-07,1.789999970469580148e-07
1.795000059701123973e-07,1.794999207049841061e-07,1.795000059701123973e-07
1.800000006824120646e-07,1.799999154172837734e-07,1.800000006824120646e-07
1.804999953947117319e-07,1.804999101295834407e-07,1.804999953947117319e-07
1.810000043178661144e-07,1.809999190527378232e-07,1.810000043178661144e-07
1.814999990301657817e-07,1.814999137650374905e-07,1.814999990301657817e-07
1.819999937424654490e-07,1.819999084773371578e-07,1.819999937424654490e-07
1.825000026656198315e-07,1.824999174004915403e-07,1.825000026656198315e-07
1.829999973779194988e-07,1.829999121127912076e-07,1.829999973779194988e-07
1.835000063010738813e-07,1.834999210359455901e-07,1.835000063010738813e-07
1.840000010133735486e-07,1.839999157482452574e-07,1.840000010133735486e-07
1.844999957256732159e-07,1.844999104605449247e-07,1.844999957256732159e-07
1.850000046488275984e-07,1.849999193836993072e-07,1.850000046488275984e-07
1.854999993611272657e-07,1.854999140959989745e-07,1.854999993611272657e-07
1.859999940734269330e-07,1.859999088082986418e-07,1.859999940734269330e-07
1.865000029965813155e-07,1.864999177314530243e-07,1.865000029965813155e-07
1.869999977088809828e-07,1.869999124437526916e-07,1.869999977088809828e-07
1.875000066320353653e-07,1.874999213669070741e-07,1.875000066320353653e-07
1.880000013443350326e-07,1.879999160792067414e-07,1.880000013443350326e-07
1.884999960566346999e-07,1.884999107915064087e-07,1.884999960566346999e-07
1.890000049797890824e-07,1.889999055038060760e-07,1.890000049797890824e-07
1.894999996920887497e-07,1.894999144269604585e-07,1.894999996920887497e-07
1.899999944043884170e-07,1.899999091392601258e-07,1.899999944043884170e-07
1.905000033275427995e-07,1.904999038515597931e-07,1.905000033275427995e-07
1.909999980398424668e-07,1.909998985638594604e-07,1.909999980398424668e-07
1.915000069629968493e-07,1.914999216978685581e-07,1.915000069629968493e-07
1.920000016752965166e-07,1.919999021993135102e-07,1.920000016752965166e-07
1.924999963875961839e-07,1.924998969116131775e-07,1.924999963875961839e-07
1.930000053107505664e-07,1.929999200456222752e-07,1.930000053107505664e-07
1.935000000230502337e-07,1.934999147579219425e-07,1.935000000230502337e-07
1.939999947353499010e-07,1.939998952593668946e-07,1.939999947353499010e-07
1.945000036585042835e-07,1.944999183933759923e-07,1.945000036585042835e-07
1.949999983708039508e-07,1.949999131056756596e-07,1.949999983708039508e-07
1.954999930831036181e-07,1.954999078179753269e-07,1.954999930831036181e-07
1.960000020062580006e-07,1.959999167411297094e-07,1.960000020062580006e-07
1.964999967185576679e-07,1.964999114534293767e-07,1.964999967185576679e-07
1.970000056417120504e-07,1.969999061657290440e-07,1.970000056417120504e-07
1.975000003540117177e-07,1.974999008780287113e-07,1.975000003540117177e-07
1.979999950663113850e-07,1.979999098011830938e-07,1.979999950663113850e-07
1.985000039894657675e-07,1.984999045134827611e-07,1.985000039894657675e-07
1.989999987017654348e-07,1.989998992257824284e-07,1.989999987017654348e-07
1.994999934140651021e-07,1.994998939380820957e-07,1.994999934140651021e-07
2.000000023372194846e-07,1.999999170720911934e-07,2.000000023372194846e-07
2.004999970495191519e-07,2.004998975735361455e-07,2.004999970495191519e-07
2.010000059726735344e-07,2.009999207075452432e-07,2.010000059726735344e-07
2.015000006849732017e-07,2.014999154198449105e-07,2.015000006849732017e-07
2.019999953972728690e-07,2.019998959212898626e-07,2.019999953972728690e-07
2.025000043204272515e-07,2.024999048444442451e-07,2.025000043204272515e-07
2.029999990327269188e-07,2.029999137675986276e-07,2.029999990327269188e-07
2.034999937450265861e-07,2.034999084798982949e-07,2.034999937450265861e-07
2.040000026681809686e-07,2.039999031921979622e-07,2.040000026681809686e-07
2.044999973804806359e-07,2.044998979044976295e-07,2.044999973804806359e-07
2.050000063036350184e-07,2.049999068276520120e-07,2.050000063036350184e-07
2.055000010159346857e-07,2.054999015399516793e-07,2.055000010159346857e-07
2.059999957282343530e-07,2.059998962522513466e-07,2.059999957282343530e-07
2.065000046513887355e-07,2.064998909645510139e-07,2.065000046513887355e-07
2.069999993636884028e-07,2.069998998877053964e-07,2.069999993636884028e-07
2.074999940759880701e-07,2.074998946000050637e-07,2.074999940759880701e-07
2.080000029991424526e-07,2.079999177340141614e-07,2.080000029991424526e-07
2.084999977114421199e-07,2.084998840246043983e-07,2.084999977114421199e-07
2.090000066345965024e-07,2.089999071586134960e-07,2.090000066345965024e-07
2.095000013468961697e-07,2.094999160817678785e-07,2.095000013468961697e-07
2.099999960591958370e-07,2.099999107940675458e-07,2.099999960591958370e-07
2.105000049823502195e-07,2.104999055063672131e-07,2.105000049823502195e-07
2.109999996946498868e-07,2.109999002186668804e-07,2.109999996946498868e-07
2.114999944069495541e-07,2.114999091418212629e-07,2.114999944069495541e-07
2.120000033301039366e-07,2.119999038541209302e-07,2.120000033301039366e-07
2.124999980424036039e-07,2.124998985664205975e-07,2.124999980424036039e-07
2.130000069655579864e-07,2.129998932787202648e-07,2.130000069655579864e-07
2.135000016778576537e-07,2.134999022018746473e-07,2.135000016778576537e-07
2.139999963901573210e-07,2.139998969141743146e-07,2.139999963901573210e-07
2.145000053133117035e-07,2.144999200481834123e-07,2.145000053133117035e-07
2.150000000256113708e-07,2.149998863387736492e-07,2.150000000256113708e-07
2.154999947379110381e-07,2.154998952619280317e-07,2.154999947379110381e-07
2.160000036610654206e-07,2.159999041850824142e-07,2.160000036610654206e-07
2.164999983733650879e-07,2.164999131082367967e-07,2.164999983733650879e-07
2.169999930856647552e-07,2.169998793988270336e-07,2.169999930856647552e-07
2.175000020088191377e-07,2.174999025328361313e-07,2.175000020088191377e-07
2.179999967211188050e-07,2.179998972451357986e-07,2.179999967211188050e-07
2.185000056442731875e-07,2.184999061682901811e-07,2.185000056442731875e-07
2.190000003565728548e-07,2.189999008805898484e-07,2.190000003565728548e-07
2.194999950688725221e-07,2.194998955928895157e-07,2.194999950688725221e-07
2.200000039920269046e-07,2.199998903051891830e-07,2.200000039920269046e-07
2.204999987043265719e-07,2.204998992283435655e-07,2.204999987043265719e-07
2.209999934166262392e-07,2.209998939406432328e-07,2.209999934166262392e-07
2.215000023397806217e-07,2.214998886529429001e-07,2.215000023397806217e-07
2.219999970520802890e-07,2.219998833652425674e-07,2.219999970520802890e-07
2.225000059752346715e-07,2.224999064992516651e-07,2.225000059752346715e-07
2.230000006875343388e-07,2.229998870006966172e-07,2.230000006875343388e-07
2.234999953998340061e-07,2.234998817129962845e-07,2.234999953998340061e-07
2.240000043229883886e-07,2.239999048470053822e-07,2.240000043229883886e-07
2.244999990352880559e-07,2.244998995593050495e-07,2.244999990352880559e-07
2.249999937475877232e-07,2.249998800607500016e-07,2.249999937475877232e-07
2.255000026707421057e-07,2.254999031947590993e-07,2.255000026707421057e-07
2.259999973830417730e-07,2.259998979070587666e-07,2.259999973830417730e-07
2.265000063061961555e-07,2.264998926193584339e-07,2.265000063061961555e-07
2.270000010184958228e-07,2.269998873316581012e-07,2.270000010184958228e-07
2.274999957307954901e-07,2.274998962548124837e-07,2.274999957307954901e-07
2.280000046539498726e-07,2.279998909671121510e-07,2.280000046539498726e-07
2.284999993662495399e-07,2.284998856794118183e-07,2.284999993662495399e-07
2.289999940785492072e-07,2.289998803917114856e-07,2.289999940785492072e-07
2.295000030017035897e-07,2.294998893148658681e-07,2.295000030017035897e-07
2.299999977140032570e-07,2.299998840271655354e-07,2.299999977140032570e-07
2.305000066371576395e-07,2.304999071611746331e-07,2.305000066371576395e-07
2.310000013494573068e-07,2.309999018734743004e-07,2.310000013494573068e-07
2.314999960617569741e-07,2.314998823749192525e-07,2.314999960617569741e-07
2.320000049849113566e-07,2.319999055089283502e-07,2.320000049849113566e-07
2.324999996972110239e-07,2.324999002212280175e-07,2.324999996972110239e-07
2.329999944095106912e-07,2.329998949335276848e-07,2.329999944095106912e-07
2.335000033326650737e-07,2.334998896458273521e-07,2.335000033326650737e-07
2.339999980449647410e-07,2.339998985689817346e-07,2.339999980449647410e-07
2.345000069681191235e-07,2.344998932812814019e-07,2.345000069681191235e-07
2.350000016804187908e-07,2.349998879935810692e-07,2.350000016804187908e-07
2.354999963927184581e-07,2.354998827058807365e-07,2.354999963927184581e-07
2.360000053158728406e-07,2.359998916290351190e-07,2.360000053158728406e-07
2.365000000281725079e-07,2.364998863413347863e-07,2.365000000281725079e-07
2.369999947404721752e-07,2.369998810536344536e-07,2.369999947404721752e-07
2.375000036636265577e-07,2.374999041876435513e-07,2.375000036636265577e-07
2.379999983759262250e-07,2.379998846890885034e-07,2.379999983759262250e-07
2.385000072990806075e-07,2.384998936122428859e-07,2.385000072990806075e-07
2.390000020113802748e-07,2.389998883245425532e-07,2.390000020113802748e-07
2.394999967236799421e-07,2.394998830368422205e-07,2.394999967236799421e-07
2.399999914359796094e-07,2.399998777491418878e-07,2.399999914359796094e-07
2.404999861482792767e-07,2.404998724614415551e-07,2.404999861482792767e-07
2.410000092822883744e-07,2.409998955954506528e-07,2.410000092822883744e-07
2.415000039945880417e-07,2.414998903077503201e-07,2.415000039945880417e-07
2.419999987068877090e-07,2.419998850200499874e-07,2.419999987068877090e-07
2.424999934191873763e-07,2.424998797323496547e-07,2.424999934191873763e-07
2.429999881314870436e-07,2.429998744446493220e-07,2.429999881314870436e-07
2.435000112654961413e-07,2.434998975786584197e-07,2.435000112654961413e-07
2.440000059777958086e-07,2.439998922909580870e-07,2.440000059777958086e-07
2.445000006900954759e-07,2.444998870032577543e-07,2.445000006900954759e-07
2.449999954023951432e-07,2.449998817155574216e-07,2.449999954023951432e-07
2.454999901146948105e-07,2.454998764278570889e-07,2.454999901146948105e-07
2.460000132487039082e-07,2.459998995618661866e-07,2.460000132487039082e-07
2.465000079610035755e-07,2.464998942741658539e-07,2.465000079610035755e-07
2.470000026733032428e-07,2.469998889864655212e-07,2.470000026733032428e-07
2.474999973856029101e-07,2.474998836987651885e-07,2.474999973856029101e-07
2.479999920979025774e-07,2.479998784110648558e-07,2.479999920979025774e-07
2.484999868102022447e-07,2.484998731233645231e-07,2.484999868102022447e-07
2.490000099442113424e-07,2.489998962573736208e-07,2.490000099442113424e-07
2.495000046565110097e-07,2.494998909696732881e-07,2.495000046565110097e-07
2.499999993688106770e-07,2.499998856819729554e-07,2.499999993688106770e-07
2.504999940811103443e-07,2.504998803942726227e-07,2.504999940811103443e-07
2.509999887934100116e-07,2.509998751065722900e-07,2.509999887934100116e-07
2.515000119274191093e-07,2.514998982405813877e-07,2.515000119274191093e-07
2.520000066397187766e-07,2.519998929528810550e-07,2.520000066397187766e-07
2.525000013520184439e-07,2.524998876651807223e-07,2.525000013520184439e-07
2.529999960643181112e-07,2.529998823774803896e-07,2.529999960643181112e-07
2.534999907766177785e-07,2.534998770897800568e-07,2.534999907766177785e-07
2.540000139106268762e-07,2.539999002237891546e-07,2.540000139106268762e-07
2.545000086229265435e-07,2.544998949360888219e-07,2.545000086229265435e-07
2.550000033352262108e-07,2.549998896483884891e-07,2.550000033352262108e-07
2.554999980475258781e-07,2.554998843606881564e-07,2.554999980475258781e-07
2.559999927598255454e-07,2.559998506512783933e-07,2.559999927598255454e-07
2.564999874721252127e-07,2.564998737852874910e-07,2.564999874721252127e-07
2.570000106061343104e-07,2.569998684975871583e-07,2.570000106061343104e-07
2.575000053184339777e-07,2.574998916315962560e-07,2.575000053184339777e-07
2.580000000307336450e-07,2.579998863438959233e-07,2.580000000307336450e-07
2.584999947430333123e-07,2.584998810561955906e-07,2.584999947430333123e-07
2.589999894553329796e-07,2.589998757684952579e-07,2.589999894553329796e-07
2.595000125893420773e-07,2.594998989025043556e-07,2.595000125893420773e-07
2.600000073016417446e-07,2.599998936148040229e-07,2.600000073016417446e-07
2.605000020139414119e-07,2.604998883271036902e-07,2.605000020139414119e-07
2.609999967262410792e-07,2.609998546176939271e-07,2.609999967262410792e-07
2.614999914385407465e-07,2.614998777517030248e-07,2.614999914385407465e-07
2.619999861508404138e-07,2.619998724640026921e-07,2.619999861508404138e-07
2.625000092848495115e-07,2.624998955980117898e-07,2.625000092848495115e-07
2.630000039971491788e-07,2.629998903103114571e-07,2.630000039971491788e-07
2.634999987094488461e-07,2.634998850226111244e-07,2.634999987094488461e-07
2.639999934217485134e-07,2.639998797349107917e-07,2.639999934217485134e-07
2.644999881340481807e-07,2.644998460255010286e-07,2.644999881340481807e-07
2.650000112680572784e-07,2.649998975812195567e-07,2.650000112680572784e-07
2.655000059803569457e-07,2.654998638718097936e-07,2.655000059803569457e-07
2.660000006926566130e-07,2.659998585841094609e-07,2.660000006926566130e-07
2.664999954049562803e-07,2.664998817181185586e-07,2.664999954049562803e-07
2.669999901172559476e-07,2.669998764304182259e-07,2.669999901172559476e-07
2.675000132512650453e-07,2.674998995644273236e-07,2.675000132512650453e-07
2.680000079635647126e-07,2.679998942767269909e-07,2.680000079635647126e-07
2.685000026758643799e-07,2.684998889890266582e-07,2.685000026758643799e-07
2.689999973881640472e-07,2.689998552796168951e-07,2.689999973881640472e-07
2.694999921004637145e-07,2.694998499919165624e-07,2.694999921004637145e-07
2.699999868127633817e-07,2.699998447042162297e-07,2.699999868127633817e-07
2.705000099467724795e-07,2.704998678382253274e-07,2.705000099467724795e-07
2.710000046590721468e-07,2.709998909722344251e-07,2.710000046590721468e-07
2.714999993713718140e-07,2.714998856845340924e-07,2.714999993713718140e-07
2.719999940836714813e-07,2.719998803968337597e-07,2.719999940836714813e-07
2.724999887959711486e-07,2.724998466874239966e-07,2.724999887959711486e-07
2.730000119299802464e-07,2.729998982431425247e-07,2.730000119299802464e-07
2.735000066422799136e-07,2.734998645337327616e-07,2.735000066422799136e-07
2.740000013545795809e-07,2.739998592460324289e-07,2.740000013545795809e-07
2.744999960668792482e-07,2.744998539583320962e-07,2.744999960668792482e-07
2.749999907791789155e-07,2.749998770923411939e-07,2.749999907791789155e-07
2.755000139131880132e-07,2.754998718046408612e-07,2.755000139131880132e-07
2.760000086254876805e-07,2.759998949386499589e-07,2.760000086254876805e-07
2.765000033377873478e-07,2.764998896509496262e-07,2.765000033377873478e-07
2.769999980500870151e-07,2.769998843632492935e-07,2.769999980500870151e-07
2.774999927623866824e-07,2.774998506538395304e-07,2.774999927623866824e-07
2.779999874746863497e-07,2.779998453661391977e-07,2.779999874746863497e-07
2.785000106086954474e-07,2.784998685001482954e-07,2.785000106086954474e-07
2.790000053209951147e-07,2.789998632124479627e-07,2.790000053209951147e-07
2.795000000332947820e-07,2.794998579247476300e-07,2.795000000332947820e-07
2.799999947455944493e-07,2.799998810587567277e-07,2.799999947455944493e-07
2.804999894578941166e-07,2.804998757710563950e-07,2.804999894578941166e-07
2.810000125919032143e-07,2.809998989050654927e-07,2.810000125919032143e-07
2.815000073042028816e-07,2.814998936173651600e-07,2.815000073042028816e-07
2.820000020165025489e-07,2.819998599079553969e-07,2.820000020165025489e-07
2.824999967288022162e-07,2.824998546202550642e-07,2.824999967288022162e-07
2.829999914411018835e-07,2.829998493325547315e-07,2.829999914411018835e-07
2.834999861534015508e-07,2.834998440448543988e-07,2.834999861534015508e-07
2.840000092874106485e-07,2.839998671788634965e-07,2.840000092874106485e-07
2.845000039997103158e-07,2.844998903128725942e-07,2.845000039997103158e-07
2.849999987120099831e-07,2.849998850251722615e-07,2.849999987120099831e-07
2.854999934243096504e-07,2.854998513157624984e-07,2.854999934243096504e-07
2.859999881366093177e-07,2.859998460280621657e-07,2.859999881366093177e-07
2.865000112706184154e-07,2.864998691620712634e-07,2.865000112706184154e-07
2.870000059829180827e-07,2.869998638743709307e-07,2.870000059829180827e-07
2.875000006952177500e-07,2.874998585866705980e-07,2.875000006952177500e-07
2.879999954075174173e-07,2.879998532989702653e-07,2.879999954075174173e-07
2.884999901198170846e-07,2.884998764329793630e-07,2.884999901198170846e-07
2.890000132538261823e-07,2.889998711452790303e-07,2.890000132538261823e-07
2.895000079661258496e-07,2.894998942792881280e-07,2.895000079661258496e-07
2.900000026784255169e-07,2.899998605698783649e-07,2.900000026784255169e-07
2.904999973907251842e-07,2.904998552821780322e-07,2.904999973907251842e-07
2.909999921030248515e-07,2.909998499944776995e-07,2.909999921030248515e-07
2.914999868153245188e-07,2.914998447067773668e-07,2.914999868153245188e-07
2.920000099493336165e-07,2.919998678407864645e-07,2.920000099493336165e-07
2.925000046616332838e-07,2.924998625530861318e-07,2.925000046616332838e-07
2.929999993739329511e-07,2.929998572653857991e-07,2.929999993739329511e-07
2.934999940862326184e-07,2.934998803993948968e-07,2.934999940862326184e-07
2.939999887985322857e-07,2.939998466899851337e-07,2.939999887985322857e-07
2.945000119325413834e-07,2.944998698239942314e-07,2.945000119325413834e-07
2.950000066448410507e-07,2.949998645362938987e-07,2.950000066448410507e-07
2.955000013571407180e-07,2.954998592485935660e-07,2.955000013571407180e-07
2.959999960694403853e-07,2.959998539608932333e-07,2.959999960694403853e-07
2.964999907817400526e-07,2.964998486731929006e-07,2.964999907817400526e-07
2.970000139157491503e-07,2.969998718072019983e-07,2.970000139157491503e-07
2.975000086280488176e-07,2.974998665195016656e-07,2.975000086280488176e-07
2.980000033403484849e-07,2.979998612318013329e-07,2.980000033403484849e-07
2.984999980526481522e-07,2.984998559441010002e-07,2.984999980526481522e-07
2.989999927649478195e-07,2.989998506564006675e-07,2.989999927649478195e-07
2.994999874772474868e-07,2.994998453687003348e-07,2.994999874772474868e-07
3.000000106112565845e-07,2.999998685027094325e-07,3.000000106112565845e-07
3.005000053235562518e-07,3.004998632150090998e-07,3.005000053235562518e-07
3.010000000358559191e-07,3.009998579273087671e-07,3.010000000358559191e-07
3.014999947481555864e-07,3.014998526396084344e-07,3.014999947481555864e-07
3.019999894604552537e-07,3.019998473519081017e-07,3.019999894604552537e-07
3.025000125944643514e-07,3.024998704859171994e-07,3.025000125944643514e-07
3.030000073067640187e-07,3.029998651982168667e-07,3.030000073067640187e-07
3.035000020190636860e-07,3.034998599105165340e-07,3.035000020190636860e-07
3.039999967313633533e-07,3.039998546228162013e-07,3.039999967313633533e-07
3.044999914436630206e-07,3.044998493351158686e-07,3.044999914436630206e-07
3.049999861559626879e-07,3.049998440474155359e-07,3.049999861559626879e-07
3.055000092899717856e-07,3.054998671814246336e-07,3.055000092899717856e-07
3.060000040022714529e-07,3.059998618937243009e-07,3.060000040022714529e-07
3.064999987145711202e-07,3.064998566060239682e-07,3.064999987145711202e-07
3.069999934268707875e-07,3.069998513183236355e-07,3.069999934268707875e-07
3.074999881391704548e-07,3.074998460306233028e-07,3.074999881391704548e-07
3.080000112731795525e-07,3.079998691646324005e-07,3.080000112731795525e-07
3.085000059854792198e-07,3.084998638769320678e-07,3.085000059854792198e-07
3.090000006977788871e-07,3.089998585892317351e-07,3.090000006977788871e-07
3.094999954100785544e-07,3.094998533015314024e-07,3.094999954100785544e-07
3.099999901223782217e-07,3.099998480138310697e-07,3.099999901223782217e-07
3.105000132563873194e-07,3.104998711478401674e-07,3.105000132563873194e-07
3.110000079686869867e-07,3.109998658601398347e-07,3.110000079686869867e-07
3.115000026809866540e-07,3.114998605724395020e-07,3.115000026809866540e-07
3.119999973932863213e-07,3.119998552847391693e-07,3.119999973932863213e-07
3.124999921055859886e-07,3.124998499970388366e-07,3.124999921055859886e-07
3.129999868178856559e-07,3.129998447093385039e-07,3.129999868178856559e-07
3.135000099518947536e-07,3.134998678433476016e-07,3.135000099518947536e-07
3.140000046641944209e-07,3.139998625556472689e-07,3.140000046641944209e-07
3.144999993764940882e-07,3.144998572679469362e-07,3.144999993764940882e-07
3.149999940887937555e-07,3.149998519802466035e-07,3.149999940887937555e-07
3.154999888010934228e-07,3.154998466925462708e-07,3.154999888010934228e-07
3.160000119351025205e-07,3.159998698265553685e-07,3.160000119351025205e-07
3.165000066474021878e-07,3.164998645388550358e-07,3.165000066474021878e-07
3.170000013597018551e-07,3.169998592511547031e-07,3.170000013597018551e-07
3.174999960720015224e-07,3.174998539634543704e-07,3.174999960720015224e-07
3.179999907843011897e-07,3.179998486757540377e-07,3.179999907843011897e-07
3.185000139183102874e-07,3.184998718097631354e-07,3.185000139183102874e-07
3.190000086306099547e-07,3.189998665220628027e-07,3.190000086306099547e-07
3.195000033429096220e-07,3.194998328126530396e-07,3.195000033429096220e-07
3.199999980552092893e-07,3.199998559466621373e-07,3.199999980552092893e-07
3.204999927675089566e-07,3.204998506589618046e-07,3.204999927675089566e-07
3.209999874798086239e-07,3.209998453712614719e-07,3.209999874798086239e-07
3.215000106138177216e-07,3.214998685052705696e-07,3.215000106138177216e-07
3.220000053261173889e-07,3.219998632175702369e-07,3.220000053261173889e-07
3.225000000384170562e-07,3.224998579298699042e-07,3.225000000384170562e-07
3.229999947507167235e-07,3.229998242204601411e-07,3.229999947507167235e-07
3.234999894630163908e-07,3.234998189327598084e-07,3.234999894630163908e-07
3.240000125970254885e-07,3.239998420667689061e-07,3.240000125970254885e-07
3.245000073093251558e-07,3.244998652007780038e-07,3.245000073093251558e-07
3.250000020216248231e-07,3.249998599130776711e-07,3.250000020216248231e-07
3.254999967339244904e-07,3.254998546253773384e-07,3.254999967339244904e-07
3.259999914462241577e-07,3.259998493376770057e-07,3.259999914462241577e-07
3.264999861585238250e-07,3.264998440499766730e-07,3.264999861585238250e-07
3.270000092925329227e-07,3.269998671839857707e-07,3.270000092925329227e-07
3.275000040048325900e-07,3.274998334745760076e-07,3.275000040048325900e-07
3.279999987171322573e-07,3.279998281868756749e-07,3.279999987171322573e-07
3.284999934294319246e-07,3.284998513208847726e-07,3.284999934294319246e-07
3.289999881417315919e-07,3.289998460331844399e-07,3.289999881417315919e-07
3.295000112757406896e-07,3.294998691671935376e-07,3.295000112757406896e-07
3.300000059880403569e-07,3.299998638794932049e-07,3.300000059880403569e-07
3.305000007003400242e-07,3.304998585917928722e-07,3.305000007003400242e-07
3.309999954126396915e-07,3.309998533040925395e-07,3.309999954126396915e-07
3.314999901249393588e-07,3.314998195946827764e-07,3.314999901249393588e-07
3.320000132589484565e-07,3.319998427286918741e-07,3.320000132589484565e-07
3.325000079712481238e-07,3.324998374409915414e-07,3.325000079712481238e-07
3.330000026835477911e-07,3.329998321532912087e-07,3.330000026835477911e-07
3.334999973958474584e-07,3.334998552873003064e-07,3.334999973958474584e-07
3.339999921081471257e-07,3.339998499995999737e-07,3.339999921081471257e-07
3.344999868204467930e-07,3.344998447118996410e-07,3.344999868204467930e-07
3.350000099544558907e-07,3.349998678459087387e-07,3.350000099544558907e-07
3.355000046667555580e-07,3.354998625582084060e-07,3.355000046667555580e-07
3.359999993790552253e-07,3.359998288487986429e-07,3.359999993790552253e-07
3.364999940913548926e-07,3.364998235610983102e-07,3.364999940913548926e-07
3.369999888036545599e-07,3.369998182733979775e-07,3.369999888036545599e-07
3.375000119376636576e-07,3.374998414074070752e-07,3.375000119376636576e-07
3.380000066499633249e-07,3.379998361197067425e-07,3.380000066499633249e-07
3.385000013622629922e-07,3.384998592537158402e-07,3.385000013622629922e-07
3.389999960745626595e-07,3.389998539660155075e-07,3.389999960745626595e-07
3.394999907868623268e-07,3.394998202566057444e-07,3.394999907868623268e-07
3.400000139208714245e-07,3.399998718123242725e-07,3.400000139208714245e-07
3.405000086331710918e-07,3.404998381029145094e-07,3.405000086331710918e-07
3.410000033454707591e-07,3.409998328152141767e-07,3.410000033454707591e-07
3.414999980577704264e-07,3.414998275275138440e-07,3.414999980577704264e-07
3.419999927700700937e-07,3.419998222398135113e-07,3.419999927700700937e-07
3.424999874823697610e-07,3.424998453738226090e-07,3.424999874823697610e-07
3.430000106163788587e-07,3.429998685078317067e-07,3.430000106163788587e-07
3.435000053286785260e-07,3.434998632201313740e-07,3.435000053286785260e-07
3.440000000409781933e-07,3.439998295107216109e-07,3.440000000409781933e-07
3.444999947532778606e-07,3.444998242230212782e-07,3.444999947532778606e-07
3.449999894655775279e-07,3.449998189353209455e-07,3.449999894655775279e-07
3.455000125995866256e-07,3.454998420693300432e-07,3.455000125995866256e-07
3.460000073118862929e-07,3.459998367816297105e-07,3.460000073118862929e-07
3.465000020241859602e-07,3.464998314939293778e-07,3.465000020241859602e-07
3.469999967364856275e-07,3.469998546279384755e-07,3.469999967364856275e-07
3.474999914487852948e-07,3.474998493402381428e-07,3.474999914487852948e-07
3.479999861610849621e-07,3.479998156308283797e-07,3.479999861610849621e-07
3.485000092950940598e-07,3.484998387648374774e-07,3.485000092950940598e-07
3.490000040073937271e-07,3.489998334771371447e-07,3.490000040073937271e-07
3.494999987196933944e-07,3.494998281894368120e-07,3.494999987196933944e-07
3.499999934319930617e-07,3.499998229017364793e-07,3.499999934319930617e-07
3.504999881442927290e-07,3.504998176140361466e-07,3.504999881442927290e-07
3.510000112783018267e-07,3.509998407480452443e-07,3.510000112783018267e-07
3.515000059906014940e-07,3.514998354603449116e-07,3.515000059906014940e-07
3.520000007029011613e-07,3.519998585943540093e-07,3.520000007029011613e-07
3.524999954152008286e-07,3.524998248849442462e-07,3.524999954152008286e-07
3.529999901275004959e-07,3.529998195972439134e-07,3.529999901275004959e-07
3.535000132615095936e-07,3.534998427312530112e-07,3.535000132615095936e-07
3.540000079738092609e-07,3.539998374435526785e-07,3.540000079738092609e-07
3.545000026861089282e-07,3.544998321558523457e-07,3.545000026861089282e-07
3.549999973984085955e-07,3.549998268681520130e-07,3.549999973984085955e-07
3.554999921107082628e-07,3.554998215804516803e-07,3.554999921107082628e-07
3.559999868230079301e-07,3.559998162927513476e-07,3.559999868230079301e-07
3.565000099570170278e-07,3.564998394267604453e-07,3.565000099570170278e-07
3.570000046693166951e-07,3.569998341390601126e-07,3.570000046693166951e-07
3.574999993816163624e-07,3.574998288513597799e-07,3.574999993816163624e-07
3.579999940939160297e-07,3.579998235636594472e-07,3.579999940939160297e-07
3.584999888062156970e-07,3.584998182759591145e-07,3.584999888062156970e-07
3.590000119402247947e-07,3.589998414099682122e-07,3.590000119402247947e-07
3.595000066525244620e-07,3.594998361222678795e-07,3.595000066525244620e-07
3.600000013648241293e-07,3.599998308345675468e-07,3.600000013648241293e-07
3.604999960771237966e-07,3.604998255468672141e-07,3.604999960771237966e-07
3.609999907894234639e-07,3.609998202591668814e-07,3.609999907894234639e-07
3.615000139234325616e-07,3.614998433931759791e-07,3.615000139234325616e-07
3.620000086357322289e-07,3.619998381054756464e-07,3.620000086357322289e-07
3.625000033480318962e-07,3.624998328177753137e-07,3.625000033480318962e-07
3.629999980603315635e-07,3.629998275300749810e-07,3.629999980603315635e-07
3.634999927726312308e-07,3.634998222423746483e-07,3.634999927726312308e-07
3.639999874849308981e-07,3.639998169546743156e-07,3.639999874849308981e-07
3.645000106189399958e-07,3.644998400886834133e-07,3.645000106189399958e-07
3.650000053312396631e-07,3.649998348009830806e-07,3.650000053312396631e-07
3.655000000435393304e-07,3.654998295132827479e-07,3.655000000435393304e-07
3.659999947558389977e-07,3.659998242255824152e-07,3.659999947558389977e-07
3.664999894681386650e-07,3.664998189378820825e-07,3.664999894681386650e-07
3.670000126021477627e-07,3.669998420718911802e-07,3.670000126021477627e-07
3.675000073144474300e-07,3.674998367841908475e-07,3.675000073144474300e-07
3.680000020267470973e-07,3.679998314964905148e-07,3.680000020267470973e-07
3.684999967390467646e-07,3.684998262087901821e-07,3.684999967390467646e-07
3.689999914513464319e-07,3.689998209210898494e-07,3.689999914513464319e-07
3.694999861636460992e-07,3.694998156333895167e-07,3.694999861636460992e-07
3.700000092976551969e-07,3.699998387673986144e-07,3.700000092976551969e-07
3.705000040099548642e-07,3.704998334796982817e-07,3.705000040099548642e-07
3.709999987222545315e-07,3.709998281919979490e-07,3.709999987222545315e-07
3.714999934345541988e-07,3.714998229042976163e-07,3.714999934345541988e-07
3.719999881468538661e-07,3.719998176165972836e-07,3.719999881468538661e-07
3.725000112808629638e-07,3.724998407506063813e-07,3.725000112808629638e-07
3.730000059931626311e-07,3.729998354629060486e-07,3.730000059931626311e-07
3.735000007054622984e-07,3.734998301752057159e-07,3.735000007054622984e-07
3.739999954177619657e-07,3.739998248875053832e-07,3.739999954177619657e-07
3.744999901300616330e-07,3.744998195998050505e-07,3.744999901300616330e-07
3.750000132640707307e-07,3.749998427338141482e-07,3.750000132640707307e-07
3.755000079763703980e-07,3.754998090244043851e-07,3.755000079763703980e-07
3.760000026886700653e-07,3.759998321584134828e-07,3.760000026886700653e-07
3.764999974009697326e-07,3.764997984490037197e-07,3.764999974009697326e-07
3.769999921132693999e-07,3.769998215830128174e-07,3.769999921132693999e-07
3.774999868255690672e-07,3.774998162953124847e-07,3.774999868255690672e-07
3.780000099595781649e-07,3.779998110076121520e-07,3.780000099595781649e-07
3.785000046718778322e-07,3.784998341416212497e-07,3.785000046718778322e-07
3.789999993841774995e-07,3.789998288539209170e-07,3.789999993841774995e-07
3.794999940964771667e-07,3.794997951445111539e-07,3.794999940964771667e-07
3.799999888087768340e-07,3.799998182785202516e-07,3.799999888087768340e-07
3.805000119427859318e-07,3.804998414125293493e-07,3.805000119427859318e-07
3.810000066550855990e-07,3.809998077031195862e-07,3.810000066550855990e-07
3.815000013673852663e-07,3.814998308371286839e-07,3.815000013673852663e-07
3.819999960796849336e-07,3.819997971277189208e-07,3.819999960796849336e-07
3.824999907919846009e-07,3.824998202617280185e-07,3.824999907919846009e-07
3.830000139259936986e-07,3.829998433957371162e-07,3.830000139259936986e-07
3.835000086382933659e-07,3.834998381080367835e-07,3.835000086382933659e-07
3.840000033505930332e-07,3.839998043986270204e-07,3.840000033505930332e-07
3.844999980628927005e-07,3.844998275326361181e-07,3.844999980628927005e-07
3.849999927751923678e-07,3.849997938232263550e-07,3.849999927751923678e-07
3.854999874874920351e-07,3.854998169572354527e-07,3.854999874874920351e-07
3.860000106215011328e-07,3.859998400912445504e-07,3.860000106215011328e-07
3.865000053338008001e-07,3.864998063818347873e-07,3.865000053338008001e-07
3.870000000461004674e-07,3.869998295158438850e-07,3.870000000461004674e-07
3.874999947584001347e-07,3.874998242281435523e-07,3.874999947584001347e-07
3.879999894706998020e-07,3.879997905187337892e-07,3.879999894706998020e-07
3.885000126047088997e-07,3.884998136527428869e-07,3.885000126047088997e-07
3.890000073170085670e-07,3.889998367867519846e-07,3.890000073170085670e-07
3.895000020293082343e-07,3.894998030773422215e-07,3.895000020293082343e-07
3.899999967416079016e-07,3.899998262113513192e-07,3.899999967416079016e-07
3.904999914539075689e-07,3.904997925019415561e-07,3.904999914539075689e-07
3.909999861662072362e-07,3.909998156359506538e-07,3.909999861662072362e-07
3.915000093002163339e-07,3.914998387699597515e-07,3.915000093002163339e-07
3.920000040125160012e-07,3.919998334822594188e-07,3.920000040125160012e-07
3.924999987248156685e-07,3.924997997728496557e-07,3.924999987248156685e-07
3.929999934371153358e-07,3.929998229068587534e-07,3.929999934371153358e-07
3.934999881494150031e-07,3.934997891974489903e-07,3.934999881494150031e-07
3.940000112834241008e-07,3.939998123314580880e-07,3.940000112834241008e-07
3.945000059957237681e-07,3.944998354654671857e-07,3.945000059957237681e-07
3.950000007080234354e-07,3.949998017560574226e-07,3.950000007080234354e-07
3.954999954203231027e-07,3.954998248900665203e-07,3.954999954203231027e-07
3.959999901326227700e-07,3.959998196023661876e-07,3.959999901326227700e-07
3.965000132666318677e-07,3.964998143146658549e-07,3.965000132666318677e-07
3.970000079789315350e-07,3.969998090269655222e-07,3.970000079789315350e-07
3.975000026912312023e-07,3.974998321609746199e-07,3.975000026912312023e-07
3.979999974035308696e-07,3.979997984515648568e-07,3.979999974035308696e-07
3.984999921158305369e-07,3.984998215855739545e-07,3.984999921158305369e-07
3.989999868281302042e-07,3.989997878761641914e-07,3.989999868281302042e-07
3.995000099621393019e-07,3.994998110101732891e-07,3.995000099621393019e-07
4.000000046744389692e-07,3.999998341441823868e-07,4.000000046744389692e-07
4.004999993867386365e-07,4.004998288564820541e-07,4.004999993867386365e-07
4.009999940990383038e-07,4.009997951470722910e-07,4.009999940990383038e-07
4.014999888113379711e-07,4.014998182810813887e-07,4.014999888113379711e-07
4.020000119453470688e-07,4.019998414150904864e-07,4.020000119453470688e-07
4.025000066576467361e-07,4.024998077056807233e-07,4.025000066576467361e-07
4.030000013699464034e-07,4.029998308396898210e-07,4.030000013699464034e-07
4.034999960822460707e-07,4.034997971302800579e-07,4.034999960822460707e-07
4.039999907945457380e-07,4.039997918425797252e-07,4.039999907945457380e-07
4.045000139285548357e-07,4.044998433982982533e-07,4.045000139285548357e-07
4.050000086408545030e-07,4.049998096888884902e-07,4.050000086408545030e-07
4.055000033531541703e-07,4.054998044011881575e-07,4.055000033531541703e-07
4.059999980654538376e-07,4.059998275351972552e-07,4.059999980654538376e-07
4.064999927777535049e-07,4.064997938257874921e-07,4.064999927777535049e-07
4.069999874900531722e-07,4.069998169597965898e-07,4.069999874900531722e-07
4.075000106240622699e-07,4.074998400938056875e-07,4.075000106240622699e-07
4.080000053363619372e-07,4.079998063843959244e-07,4.080000053363619372e-07
4.085000000486616045e-07,4.084998010966955917e-07,4.085000000486616045e-07
4.089999947609612718e-07,4.089997958089952590e-07,4.089999947609612718e-07
4.094999894732609391e-07,4.094997905212949263e-07,4.094999894732609391e-07
4.100000126072700368e-07,4.099998136553040240e-07,4.100000126072700368e-07
4.105000073195697041e-07,4.104998367893131217e-07,4.105000073195697041e-07
4.110000020318693714e-07,4.109998030799033586e-07,4.110000020318693714e-07
4.114999967441690387e-07,4.114998262139124563e-07,4.114999967441690387e-07
4.119999914564687060e-07,4.119997925045026932e-07,4.119999914564687060e-07
4.124999861687683733e-07,4.124997872168023605e-07,4.124999861687683733e-07
4.130000093027774710e-07,4.129997819291020278e-07,4.130000093027774710e-07
4.135000040150771383e-07,4.134998050631111255e-07,4.135000040150771383e-07
4.139999987273768056e-07,4.139997997754107928e-07,4.139999987273768056e-07
4.144999934396764729e-07,4.144998229094198905e-07,4.144999934396764729e-07
4.149999881519761402e-07,4.149997892000101274e-07,4.149999881519761402e-07
4.155000112859852379e-07,4.154998123340192251e-07,4.155000112859852379e-07
4.160000059982849052e-07,4.159998354680283228e-07,4.160000059982849052e-07
4.165000007105845725e-07,4.164998017586185597e-07,4.165000007105845725e-07
4.169999954228842398e-07,4.169997680492087966e-07,4.169999954228842398e-07
4.174999901351839071e-07,4.174997911832178943e-07,4.174999901351839071e-07
4.180000132691930048e-07,4.179998143172269920e-07,4.180000132691930048e-07
4.185000079814926721e-07,4.184998090295266593e-07,4.185000079814926721e-07
4.190000026937923394e-07,4.189998321635357570e-07,4.190000026937923394e-07
4.194999974060920067e-07,4.194997984541259939e-07,4.194999974060920067e-07
4.199999921183916740e-07,4.199998215881350916e-07,4.199999921183916740e-07
4.204999868306913413e-07,4.204997878787253285e-07,4.204999868306913413e-07
4.210000099647004390e-07,4.209998110127344262e-07,4.210000099647004390e-07
4.215000046770001063e-07,4.214997773033246631e-07,4.215000046770001063e-07
4.219999993892997736e-07,4.219998004373337608e-07,4.219999993892997736e-07
4.224999941015994409e-07,4.224997951496334281e-07,4.224999941015994409e-07
4.229999888138991082e-07,4.229998182836425258e-07,4.229999888138991082e-07
4.235000119479082059e-07,4.234998129959421931e-07,4.235000119479082059e-07
4.240000066602078732e-07,4.239998077082418604e-07,4.240000066602078732e-07
4.245000013725075405e-07,4.244998308422509581e-07,4.245000013725075405e-07
4.249999960848072078e-07,4.249997971328411950e-07,4.249999960848072078e-07
4.254999907971068751e-07,4.254997634234314319e-07,4.254999907971068751e-07
4.260000139311159728e-07,4.259997865574405296e-07,4.260000139311159728e-07
4.265000086434156401e-07,4.264998096914496273e-07,4.265000086434156401e-07
4.270000033557153074e-07,4.269998044037492946e-07,4.270000033557153074e-07
4.274999980680149747e-07,4.274997991160489619e-07,4.274999980680149747e-07
4.279999927803146420e-07,4.279997938283486292e-07,4.279999927803146420e-07
4.284999874926143093e-07,4.284998169623577269e-07,4.284999874926143093e-07
4.290000106266234070e-07,4.289998400963668246e-07,4.290000106266234070e-07
4.295000053389230743e-07,4.294998063869570615e-07,4.295000053389230743e-07
4.300000000512227416e-07,4.299997726775472984e-07,4.300000000512227416e-07
4.304999947635224089e-07,4.304997958115563961e-07,4.304999947635224089e-07
4.309999894758220762e-07,4.309997905238560634e-07,4.309999894758220762e-07
4.315000126098311739e-07,4.314997852361557307e-07,4.315000126098311739e-07
4.320000073221308412e-07,4.319998083701648284e-07,4.320000073221308412e-07
4.325000020344305085e-07,4.324998030824644957e-07,4.325000020344305085e-07
4.329999967467301758e-07,4.329998262164735934e-07,4.329999967467301758e-07
4.334999914590298431e-07,4.334997925070638303e-07,4.334999914590298431e-07
4.339999861713295104e-07,4.339997587976540672e-07,4.339999861713295104e-07
4.345000093053386081e-07,4.344997819316631649e-07,4.345000093053386081e-07
4.350000040176382754e-07,4.349998050656722626e-07,4.350000040176382754e-07
4.354999987299379427e-07,4.354997713562624995e-07,4.354999987299379427e-07
4.359999934422376100e-07,4.359997944902715972e-07,4.359999934422376100e-07
4.364999881545372773e-07,4.364997892025712645e-07,4.364999881545372773e-07
4.370000112885463750e-07,4.369998123365803622e-07,4.370000112885463750e-07
4.375000060008460423e-07,4.374998354705894599e-07,4.375000060008460423e-07
4.380000007131457096e-07,4.379998017611796968e-07,4.380000007131457096e-07
4.384999954254453769e-07,4.384997680517699337e-07,4.384999954254453769e-07
4.389999901377450442e-07,4.389997911857790314e-07,4.389999901377450442e-07
4.395000132717541419e-07,4.394998143197881291e-07,4.395000132717541419e-07
4.400000079840538092e-07,4.399997806103783660e-07,4.400000079840538092e-07
4.405000026963534765e-07,4.404998037443874637e-07,4.405000026963534765e-07
4.409999974086531438e-07,4.409997984566871310e-07,4.409999974086531438e-07
4.414999921209528111e-07,4.414997647472773679e-07,4.414999921209528111e-07
4.419999868332524784e-07,4.419997878812864656e-07,4.419999868332524784e-07
4.425000099672615761e-07,4.424998110152955633e-07,4.425000099672615761e-07
4.430000046795612434e-07,4.429997773058858002e-07,4.430000046795612434e-07
4.434999993918609107e-07,4.434998004398948979e-07,4.434999993918609107e-07
4.439999941041605780e-07,4.439997667304851348e-07,4.439999941041605780e-07
4.444999888164602453e-07,4.444997898644942325e-07,4.444999888164602453e-07
4.450000119504693430e-07,4.449998129985033302e-07,4.450000119504693430e-07
4.455000066627690103e-07,4.454998077108029975e-07,4.455000066627690103e-07
4.460000013750686776e-07,4.459997740013932344e-07,4.460000013750686776e-07
4.464999960873683449e-07,4.464997971354023321e-07,4.464999960873683449e-07
4.469999907996680122e-07,4.469997634259925690e-07,4.469999907996680122e-07
4.475000139336771099e-07,4.474997865600016667e-07,4.475000139336771099e-07
4.480000086459767772e-07,4.479998096940107644e-07,4.480000086459767772e-07
4.485000033582764445e-07,4.484997759846010013e-07,4.485000033582764445e-07
4.489999980705761118e-07,4.489997991186100990e-07,4.489999980705761118e-07
4.494999927828757791e-07,4.494997938309097663e-07,4.494999927828757791e-07
4.499999874951754464e-07,4.499997601215000032e-07,4.499999874951754464e-07
4.505000106291845441e-07,4.504997832555091009e-07,4.505000106291845441e-07
4.510000053414842114e-07,4.509998063895181986e-07,4.510000053414842114e-07
4.515000000537838787e-07,4.514997726801084355e-07,4.515000000537838787e-07
4.519999947660835460e-07,4.519997958141175332e-07,4.519999947660835460e-07
4.524999894783832133e-07,4.524997621047077700e-07,4.524999894783832133e-07
4.530000126123923110e-07,4.529997852387168678e-07,4.530000126123923110e-07
4.535000073246919783e-07,4.534998083727259655e-07,4.535000073246919783e-07
4.540000020369916456e-07,4.539997746633162023e-07,4.540000020369916456e-07
4.544999967492913129e-07,4.544997693756158696e-07,4.544999967492913129e-07
4.549999914615909802e-07,4.549997925096249674e-07,4.549999914615909802e-07
4.554999861738906475e-07,4.554997588002152042e-07,4.554999861738906475e-07
4.560000093078997452e-07,4.559997819342243019e-07,4.560000093078997452e-07
4.565000040201994125e-07,4.564998050682333997e-07,4.565000040201994125e-07
4.569999987324990798e-07,4.569997713588236365e-07,4.569999987324990798e-07
4.574999934447987471e-07,4.574997944928327342e-07,4.574999934447987471e-07
4.579999881570984144e-07,4.579997607834229711e-07,4.579999881570984144e-07
4.585000112911075121e-07,4.584997839174320688e-07,4.585000112911075121e-07
4.590000060034071794e-07,4.589997786297317361e-07,4.590000060034071794e-07
4.595000007157068467e-07,4.594998017637408338e-07,4.595000007157068467e-07
4.599999954280065140e-07,4.599997680543310707e-07,4.599999954280065140e-07
4.604999901403061813e-07,4.604997911883401684e-07,4.604999901403061813e-07
4.610000132743152790e-07,4.609998143223492661e-07,4.610000132743152790e-07
4.615000079866149463e-07,4.614997806129395030e-07,4.615000079866149463e-07
4.620000026989146136e-07,4.619998037469486007e-07,4.620000026989146136e-07
4.624999974112142809e-07,4.624997700375388376e-07,4.624999974112142809e-07
4.629999921235139482e-07,4.629997647498385049e-07,4.629999921235139482e-07
4.634999868358136155e-07,4.634997878838476026e-07,4.634999868358136155e-07
4.640000099698227132e-07,4.639998110178567003e-07,4.640000099698227132e-07
4.645000046821223805e-07,4.644997773084469372e-07,4.645000046821223805e-07
4.649999993944220478e-07,4.649998004424560349e-07,4.649999993944220478e-07
4.654999941067217151e-07,4.654997667330462718e-07,4.654999941067217151e-07
4.659999888190213824e-07,4.659997898670553695e-07,4.659999888190213824e-07
4.665000119530304801e-07,4.664998130010644672e-07,4.665000119530304801e-07
4.670000066653301474e-07,4.669997792916547041e-07,4.670000066653301474e-07
4.675000013776298147e-07,4.674997740039543714e-07,4.675000013776298147e-07
4.679999960899294820e-07,4.679997971379634691e-07,4.679999960899294820e-07
4.684999908022291493e-07,4.684997634285537060e-07,4.684999908022291493e-07
4.690000139362382470e-07,4.689997865625628037e-07,4.690000139362382470e-07
4.695000086485379143e-07,4.694998096965719014e-07,4.695000086485379143e-07
4.700000033608375816e-07,4.699997759871621383e-07,4.700000033608375816e-07
4.704999980731372489e-07,4.704997991211712360e-07,4.704999980731372489e-07
4.709999927854369162e-07,4.709997654117614729e-07,4.709999927854369162e-07
4.714999874977365835e-07,4.714997601240611402e-07,4.714999874977365835e-07
4.720000106317456812e-07,4.719997832580702379e-07,4.720000106317456812e-07
4.725000053440453485e-07,4.724997779703699052e-07,4.725000053440453485e-07
4.730000000563450158e-07,4.729997726826695725e-07,4.730000000563450158e-07
4.734999947686446831e-07,4.734997958166786702e-07,4.734999947686446831e-07
4.739999894809443504e-07,4.739997621072689071e-07,4.739999894809443504e-07
4.745000126149534481e-07,4.744997852412780048e-07,4.745000126149534481e-07
4.750000073272531154e-07,4.749998083752871025e-07,4.750000073272531154e-07
4.755000020395527827e-07,4.754997746658773394e-07,4.755000020395527827e-07
4.759999967518524500e-07,4.759997693781770067e-07,4.759999967518524500e-07
4.764999914641521173e-07,4.764997925121861044e-07,4.764999914641521173e-07
4.770000145981612150e-07,4.769997872244857717e-07,4.770000145981612150e-07
4.775000093104608823e-07,4.774997819367854390e-07,4.775000093104608823e-07
4.780000040227605496e-07,4.779997766490851063e-07,4.780000040227605496e-07
4.784999987350602169e-07,4.784997713613847736e-07,4.784999987350602169e-07
4.789999934473598842e-07,4.789997660736844409e-07,4.789999934473598842e-07
4.794999881596595515e-07,4.794997607859841082e-07,4.794999881596595515e-07
4.799999828719592188e-07,4.799997554982837755e-07,4.799999828719592188e-07
4.804999775842588861e-07,4.804997502105834428e-07,4.804999775842588861e-07
4.809999722965585534e-07,4.809997449228831101e-07,4.809999722965585534e-07
4.815000238522770815e-07,4.814997964786016382e-07,4.815000238522770815e-07
4.820000185645767488e-07,4.819997911909013055e-07,4.820000185645767488e-07
4.825000132768764161e-07,4.824997859032009728e-07,4.825000132768764161e-07
4.830000079891760834e-07,4.829997806155006401e-07,4.830000079891760834e-07
4.835000027014757507e-07,4.834997753278003074e-07,4.835000027014757507e-07
4.839999974137754180e-07,4.839997700400999747e-07,4.839999974137754180e-07
4.844999921260750853e-07,4.844997647523996420e-07,4.844999921260750853e-07
4.849999868383747526e-07,4.849997594646993093e-07,4.849999868383747526e-07
4.854999815506744199e-07,4.854997541769989766e-07,4.854999815506744199e-07
4.859999762629740871e-07,4.859997488892986439e-07,4.859999762629740871e-07
4.865000278186926153e-07,4.864998004450171720e-07,4.865000278186926153e-07
4.870000225309922826e-07,4.869997951573168393e-07,4.870000225309922826e-07
4.875000172432919499e-07,4.874997898696165066e-07,4.875000172432919499e-07
4.880000119555916172e-07,4.879997845819161739e-07,4.880000119555916172e-07
4.885000066678912845e-07,4.884997792942158412e-07,4.885000066678912845e-07
4.890000013801909517e-07,4.889997740065155085e-07,4.890000013801909517e-07
4.894999960924906190e-07,4.894997687188151758e-07,4.894999960924906190e-07
4.899999908047902863e-07,4.899997634311148431e-07,4.899999908047902863e-07
4.904999855170899536e-07,4.904997581434145104e-07,4.904999855170899536e-07
4.909999802293896209e-07,4.909997528557141777e-07,4.909999802293896209e-07
4.914999749416892882e-07,4.914997475680138450e-07,4.914999749416892882e-07
4.920000264974078164e-07,4.919997991237323731e-07,4.920000264974078164e-07
4.925000212097074836e-07,4.924997938360320404e-07,4.925000212097074836e-07
4.930000159220071509e-07,4.929997885483317077e-07,4.930000159220071509e-07
4.935000106343068182e-07,4.934997832606313750e-07,4.935000106343068182e-07
4.940000053466064855e-07,4.939997779729310423e-07,4.940000053466064855e-07
4.945000000589061528e-07,4.944997726852307096e-07,4.945000000589061528e-07
4.949999947712058201e-07,4.949997673975303769e-07,4.949999947712058201e-07
4.954999894835054874e-07,4.954997621098300442e-07,4.954999894835054874e-07
4.959999841958051547e-07,4.959997568221297115e-07,4.959999841958051547e-07
4.964999789081048220e-07,4.964997515344293788e-07,4.964999789081048220e-07
4.969999736204044893e-07,4.969997462467290461e-07,4.969999736204044893e-07
4.975000251761230174e-07,4.974997978024475742e-07,4.975000251761230174e-07
4.980000198884226847e-07,4.979997925147472415e-07,4.980000198884226847e-07
4.985000146007223520e-07,4.984997872270469088e-07,4.985000146007223520e-07
4.990000093130220193e-07,4.989997819393465761e-07,4.990000093130220193e-07
4.995000040253216866e-07,4.994997766516462434e-07,4.995000040253216866e-07
4.999999987376213539e-07,4.999997713639459107e-07,4.999999987376213539e-07
5.004999934499210212e-07,5.004997660762455780e-07,5.004999934499210212e-07
5.009999881622206885e-07,5.009997607885452453e-07,5.009999881622206885e-07
5.014999828745203558e-07,5.014997555008449126e-07,5.014999828745203558e-07
5.019999775868200231e-07,5.019997502131445799e-07,5.019999775868200231e-07
5.024999722991196904e-07,5.024997449254442472e-07,5.024999722991196904e-07
5.030000238548382185e-07,5.029997964811627753e-07,5.030000238548382185e-07
5.035000185671378858e-07,5.034997911934624426e-07,5.035000185671378858e-07
5.040000132794375531e-07,5.039997859057621099e-07,5.040000132794375531e-07
5.045000079917372204e-07,5.044997806180617772e-07,5.045000079917372204e-07
5.050000027040368877e-07,5.049997753303614445e-07,5.050000027040368877e-07
5.054999974163365550e-07,5.054997700426611118e-07,5.054999974163365550e-07
5.059999921286362223e-07,5.059997647549607791e-07,5.059999921286362223e-07
5.064999868409358896e-07,5.064997594672604464e-07,5.064999868409358896e-07
5.069999815532355569e-07,5.069997541795601137e-07,5.069999815532355569e-07
5.074999762655352242e-07,5.074996920484409202e-07,5.074999762655352242e-07
5.080000278212537523e-07,5.079998004475783091e-07,5.080000278212537523e-07
5.085000225335534196e-07,5.084997951598779764e-07,5.085000225335534196e-07
5.090000172458530869e-07,5.089997898721776437e-07,5.090000172458530869e-07
5.095000119581527542e-07,5.094997277410584502e-07,5.095000119581527542e-07
5.100000066704524215e-07,5.099997792967769783e-07,5.100000066704524215e-07
5.105000013827520888e-07,5.104997740090766456e-07,5.105000013827520888e-07
5.109999960950517561e-07,5.109997687213763129e-07,5.109999960950517561e-07
5.114999908073514234e-07,5.114997634336759802e-07,5.114999908073514234e-07
5.119999855196510907e-07,5.119997013025567867e-07,5.119999855196510907e-07
5.124999802319507580e-07,5.124997528582753148e-07,5.124999802319507580e-07
5.129999749442504253e-07,5.129997475705749821e-07,5.129999749442504253e-07
5.135000264999689534e-07,5.134997991262935102e-07,5.135000264999689534e-07
5.140000212122686207e-07,5.139997369951743167e-07,5.140000212122686207e-07
5.145000159245682880e-07,5.144997885508928448e-07,5.145000159245682880e-07
5.150000106368679553e-07,5.149997832631925121e-07,5.150000106368679553e-07
5.155000053491676226e-07,5.154997779754921794e-07,5.155000053491676226e-07
5.160000000614672899e-07,5.159997726877918467e-07,5.160000000614672899e-07
5.164999947737669572e-07,5.164997105566726532e-07,5.164999947737669572e-07
5.169999894860666245e-07,5.169997621123911813e-07,5.169999894860666245e-07
5.174999841983662918e-07,5.174996999812719878e-07,5.174999841983662918e-07
5.179999789106659591e-07,5.179997515369905159e-07,5.179999789106659591e-07
5.184999736229656264e-07,5.184997462492901832e-07,5.184999736229656264e-07
5.190000251786841545e-07,5.189997978050087113e-07,5.190000251786841545e-07
5.195000198909838218e-07,5.194997925173083786e-07,5.195000198909838218e-07
5.200000146032834891e-07,5.199997872296080459e-07,5.200000146032834891e-07
5.205000093155831564e-07,5.204997819419077132e-07,5.205000093155831564e-07
5.210000040278828237e-07,5.209997766542073805e-07,5.210000040278828237e-07
5.214999987401824910e-07,5.214997713665070478e-07,5.214999987401824910e-07
5.219999934524821583e-07,5.219997092353878543e-07,5.219999934524821583e-07
5.224999881647818256e-07,5.224997607911063824e-07,5.224999881647818256e-07
5.229999828770814929e-07,5.229997555034060497e-07,5.229999828770814929e-07
5.234999775893811602e-07,5.234997502157057170e-07,5.234999775893811602e-07
5.239999723016808275e-07,5.239997449280053843e-07,5.239999723016808275e-07
5.245000238573993556e-07,5.244997964837239124e-07,5.245000238573993556e-07
5.250000185696990229e-07,5.249997911960235797e-07,5.250000185696990229e-07
5.255000132819986902e-07,5.254997859083232470e-07,5.255000132819986902e-07
5.260000079942983575e-07,5.259997806206229143e-07,5.260000079942983575e-07
5.265000027065980248e-07,5.264997184895037208e-07,5.265000027065980248e-07
5.269999974188976921e-07,5.269997700452222489e-07,5.269999974188976921e-07
5.274999921311973594e-07,5.274997647575219162e-07,5.274999921311973594e-07
5.279999868434970267e-07,5.279997594698215835e-07,5.279999868434970267e-07
5.284999815557966940e-07,5.284997541821212508e-07,5.284999815557966940e-07
5.289999762680963613e-07,5.289996920510020573e-07,5.289999762680963613e-07
5.295000278238148894e-07,5.294998004501394462e-07,5.295000278238148894e-07
5.300000225361145567e-07,5.299997951624391135e-07,5.300000225361145567e-07
5.305000172484142240e-07,5.304997898747387808e-07,5.305000172484142240e-07
5.310000119607138913e-07,5.309997277436195873e-07,5.310000119607138913e-07
5.315000066730135586e-07,5.314997792993381154e-07,5.315000066730135586e-07
5.320000013853132259e-07,5.319997171682189219e-07,5.320000013853132259e-07
5.324999960976128932e-07,5.324997687239374500e-07,5.324999960976128932e-07
5.329999908099125605e-07,5.329997634362371173e-07,5.329999908099125605e-07
5.334999855222122278e-07,5.334997013051179238e-07,5.334999855222122278e-07
5.339999802345118951e-07,5.339997528608364519e-07,5.339999802345118951e-07
5.344999749468115624e-07,5.344996907297172584e-07,5.344999749468115624e-07
5.350000265025300905e-07,5.349997991288546473e-07,5.350000265025300905e-07
5.355000212148297578e-07,5.354997369977354538e-07,5.355000212148297578e-07
5.360000159271294251e-07,5.359997885534539819e-07,5.360000159271294251e-07
5.365000106394290924e-07,5.364997264223347884e-07,5.365000106394290924e-07
5.370000053517287597e-07,5.369997779780533165e-07,5.370000053517287597e-07
5.375000000640284270e-07,5.374997726903529838e-07,5.375000000640284270e-07
5.379999947763280943e-07,5.379997105592337903e-07,5.379999947763280943e-07
5.384999894886277616e-07,5.384997621149523184e-07,5.384999894886277616e-07
5.389999842009274289e-07,5.389996999838331249e-07,5.389999842009274289e-07
5.394999789132270962e-07,5.394997515395516530e-07,5.394999789132270962e-07
5.399999736255267635e-07,5.399996894084324595e-07,5.399999736255267635e-07
5.405000251812452916e-07,5.404997978075698484e-07,5.405000251812452916e-07
5.410000198935449589e-07,5.409997356764506549e-07,5.410000198935449589e-07
5.415000146058446262e-07,5.414997872321691830e-07,5.415000146058446262e-07
5.420000093181442935e-07,5.419997819444688503e-07,5.420000093181442935e-07
5.425000040304439608e-07,5.424997198133496568e-07,5.425000040304439608e-07
5.429999987427436281e-07,5.429997713690681849e-07,5.429999987427436281e-07
5.434999934550432954e-07,5.434997092379489914e-07,5.434999934550432954e-07
5.439999881673429627e-07,5.439997607936675195e-07,5.439999881673429627e-07
5.444999828796426300e-07,5.444996986625483260e-07,5.444999828796426300e-07
5.449999775919422973e-07,5.449996933748479933e-07,5.449999775919422973e-07
5.454999723042419646e-07,5.454997449305665214e-07,5.454999723042419646e-07
5.460000238599604927e-07,5.459997964862850495e-07,5.460000238599604927e-07
5.465000185722601600e-07,5.464997343551658560e-07,5.465000185722601600e-07
5.470000132845598273e-07,5.469997290674655233e-07,5.470000132845598273e-07
5.475000079968594946e-07,5.474997806231840514e-07,5.475000079968594946e-07
5.480000027091591619e-07,5.479997184920648579e-07,5.480000027091591619e-07
5.484999974214588292e-07,5.484997700477833860e-07,5.484999974214588292e-07
5.489999921337584965e-07,5.489997079166641925e-07,5.489999921337584965e-07
5.494999868460581638e-07,5.494997026289638598e-07,5.494999868460581638e-07
5.499999815583578311e-07,5.499997541846823879e-07,5.499999815583578311e-07
5.504999762706574984e-07,5.504996920535631943e-07,5.504999762706574984e-07
5.510000278263760265e-07,5.509997436092817225e-07,5.510000278263760265e-07
5.515000225386756938e-07,5.514997383215813898e-07,5.515000225386756938e-07
5.520000172509753611e-07,5.519997898772999179e-07,5.520000172509753611e-07
5.525000119632750284e-07,5.524997277461807244e-07,5.525000119632750284e-07
5.530000066755746957e-07,5.529997793018992525e-07,5.530000066755746957e-07
5.535000013878743630e-07,5.534997171707800590e-07,5.535000013878743630e-07
5.539999961001740303e-07,5.539997687264985871e-07,5.539999961001740303e-07
5.544999908124736976e-07,5.544997634387982544e-07,5.544999908124736976e-07
5.549999855247733649e-07,5.549997013076790608e-07,5.549999855247733649e-07
5.554999802370730322e-07,5.554997528633975890e-07,5.554999802370730322e-07
5.559999749493726995e-07,5.559996907322783954e-07,5.559999749493726995e-07
5.565000265050912276e-07,5.564997991314157844e-07,5.565000265050912276e-07
5.570000212173908949e-07,5.569997370002965908e-07,5.570000212173908949e-07
5.575000159296905622e-07,5.574997885560151190e-07,5.575000159296905622e-07
5.580000106419902295e-07,5.579997264248959254e-07,5.580000106419902295e-07
5.585000053542898968e-07,5.584997779806144536e-07,5.585000053542898968e-07
5.590000000665895641e-07,5.589997158494952600e-07,5.590000000665895641e-07
5.594999947788892314e-07,5.594997105617949273e-07,5.594999947788892314e-07
5.599999894911888987e-07,5.599997621175134555e-07,5.599999894911888987e-07
5.604999842034885660e-07,5.604996999863942619e-07,5.604999842034885660e-07
5.609999789157882333e-07,5.609997515421127900e-07,5.609999789157882333e-07
5.614999736280879006e-07,5.614996894109935965e-07,5.614999736280879006e-07
5.620000251838064287e-07,5.619997978101309855e-07,5.620000251838064287e-07
5.625000198961060960e-07,5.624997356790117919e-07,5.625000198961060960e-07
5.630000146084057633e-07,5.629997872347303201e-07,5.630000146084057633e-07
5.635000093207054306e-07,5.634997251036111265e-07,5.635000093207054306e-07
5.640000040330050979e-07,5.639997198159107938e-07,5.640000040330050979e-07
5.644999987453047652e-07,5.644997713716293219e-07,5.644999987453047652e-07
5.649999934576044325e-07,5.649997092405101284e-07,5.649999934576044325e-07
5.654999881699040998e-07,5.654997607962286565e-07,5.654999881699040998e-07
5.659999828822037671e-07,5.659996986651094630e-07,5.659999828822037671e-07
5.664999775945034344e-07,5.664996933774091303e-07,5.664999775945034344e-07
5.669999723068031017e-07,5.669996880897087976e-07,5.669999723068031017e-07
5.675000238625216298e-07,5.674997964888461865e-07,5.675000238625216298e-07
5.680000185748212971e-07,5.679997343577269930e-07,5.680000185748212971e-07
5.685000132871209644e-07,5.684997290700266603e-07,5.685000132871209644e-07
5.690000079994206317e-07,5.689997806257451884e-07,5.690000079994206317e-07
5.695000027117202990e-07,5.694997184946259949e-07,5.695000027117202990e-07
5.699999974240199663e-07,5.699997700503445230e-07,5.699999974240199663e-07
5.704999921363196336e-07,5.704997079192253295e-07,5.704999921363196336e-07
5.709999868486193009e-07,5.709997026315249968e-07,5.709999868486193009e-07
5.714999815609189682e-07,5.714996973438246641e-07,5.714999815609189682e-07
5.719999762732186355e-07,5.719996920561243314e-07,5.719999762732186355e-07
5.725000278289371636e-07,5.724997436118428595e-07,5.725000278289371636e-07
5.730000225412368309e-07,5.729997383241425268e-07,5.730000225412368309e-07
5.735000172535364982e-07,5.734997330364421941e-07,5.735000172535364982e-07
5.740000119658361655e-07,5.739997277487418614e-07,5.740000119658361655e-07
5.745000066781358328e-07,5.744997793044603895e-07,5.745000066781358328e-07
5.750000013904355001e-07,5.749997171733411960e-07,5.750000013904355001e-07
5.754999961027351674e-07,5.754997118856408633e-07,5.754999961027351674e-07
5.759999908150348347e-07,5.759997065979405306e-07,5.759999908150348347e-07
5.764999855273345020e-07,5.764997013102401979e-07,5.764999855273345020e-07
5.769999802396341693e-07,5.769997528659587260e-07,5.769999802396341693e-07
5.774999749519338366e-07,5.774996907348395325e-07,5.774999749519338366e-07
5.780000265076523647e-07,5.779997422905580606e-07,5.780000265076523647e-07
5.785000212199520320e-07,5.784997370028577279e-07,5.785000212199520320e-07
5.790000159322516993e-07,5.789997885585762560e-07,5.790000159322516993e-07
5.795000106445513666e-07,5.794997264274570625e-07,5.795000106445513666e-07
5.800000053568510339e-07,5.799997211397567298e-07,5.800000053568510339e-07
5.805000000691507012e-07,5.804997158520563971e-07,5.805000000691507012e-07
5.809999947814503685e-07,5.809997105643560644e-07,5.809999947814503685e-07
5.814999894937500358e-07,5.814997052766557317e-07,5.814999894937500358e-07
5.819999842060497031e-07,5.819996999889553990e-07,5.819999842060497031e-07
5.824999789183493704e-07,5.824996947012550663e-07,5.824999789183493704e-07
5.829999736306490377e-07,5.829996894135547336e-07,5.829999736306490377e-07
5.835000251863675658e-07,5.834997978126921225e-07,5.835000251863675658e-07
5.840000198986672331e-07,5.839997356815729290e-07,5.840000198986672331e-07
5.845000146109669004e-07,5.844997303938725963e-07,5.845000146109669004e-07
5.850000093232665677e-07,5.849997251061722636e-07,5.850000093232665677e-07
5.855000040355662350e-07,5.854997198184719309e-07,5.855000040355662350e-07
5.859999987478659023e-07,5.859997145307715982e-07,5.859999987478659023e-07
5.864999934601655696e-07,5.864997092430712655e-07,5.864999934601655696e-07
5.869999881724652369e-07,5.869997607987897936e-07,5.869999881724652369e-07
5.874999828847649042e-07,5.874996986676706001e-07,5.874999828847649042e-07
5.879999775970645715e-07,5.879996933799702674e-07,5.879999775970645715e-07
5.884999723093642388e-07,5.884996880922699347e-07,5.884999723093642388e-07
5.890000238650827669e-07,5.889997396479884628e-07,5.890000238650827669e-07
5.895000185773824342e-07,5.894997343602881301e-07,5.895000185773824342e-07
5.900000132896821015e-07,5.899997290725877974e-07,5.900000132896821015e-07
5.905000080019817688e-07,5.904997237848874647e-07,5.905000080019817688e-07
5.910000027142814361e-07,5.909997184971871320e-07,5.910000027142814361e-07
5.914999974265811034e-07,5.914997700529056601e-07,5.914999974265811034e-07
5.919999921388807707e-07,5.919997079217864666e-07,5.919999921388807707e-07
5.924999868511804380e-07,5.924997026340861339e-07,5.924999868511804380e-07
5.929999815634801053e-07,5.929996973463858012e-07,5.929999815634801053e-07
5.934999762757797725e-07,5.934996920586854685e-07,5.934999762757797725e-07
5.940000278314983007e-07,5.939997436144039966e-07,5.940000278314983007e-07
5.945000225437979680e-07,5.944997383267036639e-07,5.945000225437979680e-07
5.950000172560976353e-07,5.949997330390033312e-07,5.950000172560976353e-07
5.955000119683973026e-07,5.954997277513029985e-07,5.955000119683973026e-07
5.960000066806969699e-07,5.959997224636026658e-07,5.960000066806969699e-07
5.965000013929966372e-07,5.964997171759023331e-07,5.965000013929966372e-07
5.969999961052963044e-07,5.969997118882020004e-07,5.969999961052963044e-07
5.974999908175959717e-07,5.974997066005016677e-07,5.974999908175959717e-07
5.979999855298956390e-07,5.979997013128013350e-07,5.979999855298956390e-07
5.984999802421953063e-07,5.984996960251010023e-07,5.984999802421953063e-07
5.989999749544949736e-07,5.989996907374006696e-07,5.989999749544949736e-07
5.995000265102135018e-07,5.994997422931191977e-07,5.995000265102135018e-07
6.000000212225131691e-07,5.999997370054188650e-07,6.000000212225131691e-07
6.005000159348128363e-07,6.004997317177185323e-07,6.005000159348128363e-07
6.010000106471125036e-07,6.009997264300181996e-07,6.010000106471125036e-07
6.015000053594121709e-07,6.014997211423178669e-07,6.015000053594121709e-07
6.020000000717118382e-07,6.019997158546175342e-07,6.020000000717118382e-07
6.024999947840115055e-07,6.024997105669172015e-07,6.024999947840115055e-07
6.029999894963111728e-07,6.029997052792168688e-07,6.029999894963111728e-07
6.034999842086108401e-07,6.034996999915165361e-07,6.034999842086108401e-07
6.039999789209105074e-07,6.039996947038162034e-07,6.039999789209105074e-07
6.044999736332101747e-07,6.044996894161158707e-07,6.044999736332101747e-07
6.050000251889287028e-07,6.049997409718343988e-07,6.050000251889287028e-07
6.055000199012283701e-07,6.054997356841340661e-07,6.055000199012283701e-07
6.060000146135280374e-07,6.059997303964337334e-07,6.060000146135280374e-07
6.065000093258277047e-07,6.064997251087334007e-07,6.065000093258277047e-07
6.070000040381273720e-07,6.069997198210330680e-07,6.070000040381273720e-07
6.074999987504270393e-07,6.074997145333327353e-07,6.074999987504270393e-07
6.079999934627267066e-07,6.079997092456324026e-07,6.079999934627267066e-07
6.084999881750263739e-07,6.084997039579320699e-07,6.084999881750263739e-07
6.089999828873260412e-07,6.089996986702317372e-07,6.089999828873260412e-07
6.094999775996257085e-07,6.094996933825314045e-07,6.094999775996257085e-07
6.099999723119253758e-07,6.099996880948310718e-07,6.099999723119253758e-07
6.105000238676439039e-07,6.104997396505495999e-07,6.105000238676439039e-07
6.110000185799435712e-07,6.109997343628492672e-07,6.110000185799435712e-07
6.115000132922432385e-07,6.114997290751489345e-07,6.115000132922432385e-07
6.120000080045429058e-07,6.119997237874486018e-07,6.120000080045429058e-07
6.125000027168425731e-07,6.124997184997482691e-07,6.125000027168425731e-07
6.129999974291422404e-07,6.129997132120479364e-07,6.129999974291422404e-07
6.134999921414419077e-07,6.134997079243476037e-07,6.134999921414419077e-07
6.139999868537415750e-07,6.139997026366472710e-07,6.139999868537415750e-07
6.144999815660412423e-07,6.144996973489469383e-07,6.144999815660412423e-07
6.149999762783409096e-07,6.149996920612466056e-07,6.149999762783409096e-07
6.155000278340594377e-07,6.154997436169651337e-07,6.155000278340594377e-07
6.160000225463591050e-07,6.159997383292648010e-07,6.160000225463591050e-07
6.165000172586587723e-07,6.164997330415644683e-07,6.165000172586587723e-07
6.170000119709584396e-07,6.169997277538641356e-07,6.170000119709584396e-07
6.175000066832581069e-07,6.174997224661638029e-07,6.175000066832581069e-07
6.180000013955577742e-07,6.179997171784634702e-07,6.180000013955577742e-07
6.184999961078574415e-07,6.184997118907631375e-07,6.184999961078574415e-07
6.189999908201571088e-07,6.189997066030628048e-07,6.189999908201571088e-07
6.194999855324567761e-07,6.194997013153624721e-07,6.194999855324567761e-07
6.199999802447564434e-07,6.199996960276621394e-07,6.199999802447564434e-07
6.204999749570561107e-07,6.204996907399618067e-07,6.204999749570561107e-07
6.210000265127746388e-07,6.209997422956803348e-07,6.210000265127746388e-07
6.215000212250743061e-07,6.214997370079800021e-07,6.215000212250743061e-07
6.220000159373739734e-07,6.219997317202796694e-07,6.220000159373739734e-07
6.225000106496736407e-07,6.224997264325793367e-07,6.225000106496736407e-07
6.230000053619733080e-07,6.229997211448790040e-07,6.230000053619733080e-07
6.235000000742729753e-07,6.234997158571786713e-07,6.235000000742729753e-07
6.239999947865726426e-07,6.239997105694783386e-07,6.239999947865726426e-07
6.244999894988723099e-07,6.244997052817780059e-07,6.244999894988723099e-07
6.249999842111719772e-07,6.249996999940776732e-07,6.249999842111719772e-07
6.254999789234716445e-07,6.254996947063773405e-07,6.254999789234716445e-07
6.259999736357713118e-07,6.259996894186770078e-07,6.259999736357713118e-07
6.265000251914898399e-07,6.264996841309766751e-07,6.265000251914898399e-07
6.270000199037895072e-07,6.269997356866952032e-07,6.270000199037895072e-07
6.275000146160891745e-07,6.274997303989948705e-07,6.275000146160891745e-07
6.280000093283888418e-07,6.279997251112945378e-07,6.280000093283888418e-07
6.285000040406885091e-07,6.284997198235942051e-07,6.285000040406885091e-07
6.289999987529881764e-07,6.289997145358938724e-07,6.289999987529881764e-07
6.294999934652878437e-07,6.294997092481935397e-07,6.294999934652878437e-07
6.299999881775875110e-07,6.299997039604932070e-07,6.299999881775875110e-07
6.304999828898871783e-07,6.304996986727928743e-07,6.304999828898871783e-07
6.309999776021868456e-07,6.309996933850925416e-07,6.309999776021868456e-07
6.314999723144865129e-07,6.314996880973922089e-07,6.314999723144865129e-07
6.320000238702050410e-07,6.319997396531107370e-07,6.320000238702050410e-07
6.325000185825047083e-07,6.324997343654104043e-07,6.325000185825047083e-07
6.330000132948043756e-07,6.329997290777100716e-07,6.330000132948043756e-07
6.335000080071040429e-07,6.334997237900097389e-07,6.335000080071040429e-07
6.340000027194037102e-07,6.339997185023094062e-07,6.340000027194037102e-07
6.344999974317033775e-07,6.344997132146090735e-07,6.344999974317033775e-07
6.349999921440030448e-07,6.349997079269087408e-07,6.349999921440030448e-07
6.354999868563027121e-07,6.354997026392084081e-07,6.354999868563027121e-07
6.359999815686023794e-07,6.359996973515080754e-07,6.359999815686023794e-07
6.364999762809020467e-07,6.364996920638077427e-07,6.364999762809020467e-07
6.370000278366205748e-07,6.369997436195262708e-07,6.370000278366205748e-07
6.375000225489202421e-07,6.374997383318259381e-07,6.375000225489202421e-07
6.380000172612199094e-07,6.379997330441256054e-07,6.380000172612199094e-07
6.385000119735195767e-07,6.384997277564252727e-07,6.385000119735195767e-07
6.390000066858192440e-07,6.389996656253060792e-07,6.390000066858192440e-07
6.395000013981189113e-07,6.394997171810246073e-07,6.395000013981189113e-07
6.399999961104185786e-07,6.399997118933242746e-07,6.399999961104185786e-07
6.404999908227182459e-07,6.404997066056239419e-07,6.404999908227182459e-07
6.409999855350179132e-07,6.409997013179236092e-07,6.409999855350179132e-07
6.414999802473175805e-07,6.414996391868044157e-07,6.414999802473175805e-07
6.419999749596172478e-07,6.419996907425229438e-07,6.419999749596172478e-07
6.425000265153357759e-07,6.424997422982414719e-07,6.425000265153357759e-07
6.430000212276354432e-07,6.429997370105411392e-07,6.430000212276354432e-07
6.435000159399351105e-07,6.434996748794219457e-07,6.435000159399351105e-07
6.440000106522347778e-07,6.439997264351404738e-07,6.440000106522347778e-07
6.445000053645344451e-07,6.444997211474401411e-07,6.445000053645344451e-07
6.450000000768341124e-07,6.449997158597398084e-07,6.450000000768341124e-07
6.454999947891337797e-07,6.454997105720394757e-07,6.454999947891337797e-07
6.459999895014334470e-07,6.459996484409202822e-07,6.459999895014334470e-07
6.464999842137331143e-07,6.464996999966388103e-07,6.464999842137331143e-07
6.469999789260327816e-07,6.469996378655196168e-07,6.469999789260327816e-07
6.474999736383324489e-07,6.474996894212381449e-07,6.474999736383324489e-07
6.480000251940509770e-07,6.479996841335378122e-07,6.480000251940509770e-07
6.485000199063506443e-07,6.484997356892563403e-07,6.485000199063506443e-07
6.490000146186503116e-07,6.489997304015560076e-07,6.490000146186503116e-07
6.495000093309499789e-07,6.494997251138556749e-07,6.495000093309499789e-07
6.500000040432496462e-07,6.499997198261553422e-07,6.500000040432496462e-07
6.504999987555493135e-07,6.504996576950361487e-07,6.504999987555493135e-07
6.509999934678489808e-07,6.509997092507546768e-07,6.509999934678489808e-07
6.514999881801486481e-07,6.514996471196354833e-07,6.514999881801486481e-07
6.519999828924483154e-07,6.519996986753540114e-07,6.519999828924483154e-07
6.524999776047479827e-07,6.524996933876536787e-07,6.524999776047479827e-07
6.529999723170476500e-07,6.529996880999533460e-07,6.529999723170476500e-07
6.535000238727661781e-07,6.534996828122530133e-07,6.535000238727661781e-07
6.540000185850658454e-07,6.539997343679715414e-07,6.540000185850658454e-07
6.545000132973655127e-07,6.544997290802712087e-07,6.545000132973655127e-07
6.550000080096651800e-07,6.549996669491520151e-07,6.550000080096651800e-07
6.555000027219648473e-07,6.554997185048705433e-07,6.555000027219648473e-07
6.559999974342645146e-07,6.559996563737513497e-07,6.559999974342645146e-07
6.564999921465641819e-07,6.564997079294698779e-07,6.564999921465641819e-07
6.569999868588638492e-07,6.569997026417695452e-07,6.569999868588638492e-07
6.574999815711635165e-07,6.574996973540692125e-07,6.574999815711635165e-07
6.579999762834631838e-07,6.579996920663688798e-07,6.579999762834631838e-07
6.585000278391817119e-07,6.584997436220874079e-07,6.585000278391817119e-07
6.590000225514813792e-07,6.589997383343870752e-07,6.590000225514813792e-07
6.595000172637810465e-07,6.594996762032678816e-07,6.595000172637810465e-07
6.600000119760807138e-07,6.599997277589864098e-07,6.600000119760807138e-07
6.605000066883803811e-07,6.604996656278672162e-07,6.605000066883803811e-07
6.610000014006800484e-07,6.609997171835857444e-07,6.610000014006800484e-07
6.614999961129797157e-07,6.614996550524665508e-07,6.614999961129797157e-07
6.619999908252793830e-07,6.619997066081850789e-07,6.619999908252793830e-07
6.624999855375790503e-07,6.624997013204847462e-07,6.624999855375790503e-07
6.629999802498787176e-07,6.629996391893655527e-07,6.629999802498787176e-07
6.634999749621783849e-07,6.634996907450840808e-07,6.634999749621783849e-07
6.640000265178969130e-07,6.639996854573837481e-07,6.640000265178969130e-07
6.645000212301965803e-07,6.644997370131022763e-07,6.645000212301965803e-07
6.650000159424962476e-07,6.649996748819830827e-07,6.650000159424962476e-07
6.655000106547959149e-07,6.654997264377016108e-07,6.655000106547959149e-07
6.660000053670955822e-07,6.659996643065824173e-07,6.660000053670955822e-07
6.665000000793952495e-07,6.664997158623009454e-07,6.665000000793952495e-07
6.669999947916949168e-07,6.669997105746006127e-07,6.669999947916949168e-07
6.674999895039945841e-07,6.674996484434814192e-07,6.674999895039945841e-07
6.679999842162942514e-07,6.679996999991999473e-07,6.679999842162942514e-07
6.684999789285939187e-07,6.684996378680807538e-07,6.684999789285939187e-07
6.689999736408935860e-07,6.689996894237992819e-07,6.689999736408935860e-07
6.695000251966121141e-07,6.694996841360989492e-07,6.695000251966121141e-07
6.700000199089117814e-07,6.699997356918174773e-07,6.700000199089117814e-07
6.705000146212114487e-07,6.704996735606982838e-07,6.705000146212114487e-07
6.710000093335111160e-07,6.709997251164168119e-07,6.710000093335111160e-07
6.715000040458107833e-07,6.714997198287164792e-07,6.715000040458107833e-07
6.719999987581104506e-07,6.719996576975972857e-07,6.719999987581104506e-07
6.724999934704101179e-07,6.724997092533158138e-07,6.724999934704101179e-07
6.729999881827097852e-07,6.729996471221966203e-07,6.729999881827097852e-07
6.734999828950094525e-07,6.734996986779151484e-07,6.734999828950094525e-07
6.739999776073091198e-07,6.739996365467959549e-07,6.739999776073091198e-07
6.744999723196087871e-07,6.744996312590956222e-07,6.744999723196087871e-07
6.750000238753273152e-07,6.749996828148141503e-07,6.750000238753273152e-07
6.755000185876269825e-07,6.754997343705326784e-07,6.755000185876269825e-07
6.760000132999266498e-07,6.759996722394134849e-07,6.760000132999266498e-07
6.765000080122263171e-07,6.764996669517131522e-07,6.765000080122263171e-07
6.770000027245259844e-07,6.769997185074316803e-07,6.770000027245259844e-07
6.774999974368256517e-07,6.774996563763124868e-07,6.774999974368256517e-07
6.779999921491253190e-07,6.779997079320310149e-07,6.779999921491253190e-07
6.784999868614249863e-07,6.784996458009118214e-07,6.784999868614249863e-07
6.789999815737246536e-07,6.789996405132114887e-07,6.789999815737246536e-07
6.794999762860243209e-07,6.794996920689300168e-07,6.794999762860243209e-07
6.800000278417428490e-07,6.799997436246485449e-07,6.800000278417428490e-07
6.805000225540425163e-07,6.804996814935293514e-07,6.805000225540425163e-07
6.810000172663421836e-07,6.809996762058290187e-07,6.810000172663421836e-07
6.815000119786418509e-07,6.814997277615475468e-07,6.815000119786418509e-07
6.820000066909415182e-07,6.819996656304283533e-07,6.820000066909415182e-07
6.825000014032411855e-07,6.824997171861468814e-07,6.825000014032411855e-07
6.829999961155408528e-07,6.829996550550276879e-07,6.829999961155408528e-07
6.834999908278405201e-07,6.834996497673273552e-07,6.834999908278405201e-07
6.839999855401401874e-07,6.839996444796270225e-07,6.839999855401401874e-07
6.844999802524398547e-07,6.844996391919266898e-07,6.844999802524398547e-07
6.849999749647395220e-07,6.849996907476452179e-07,6.849999749647395220e-07
6.855000265204580501e-07,6.854996854599448852e-07,6.855000265204580501e-07
6.860000212327577174e-07,6.859997370156634133e-07,6.860000212327577174e-07
6.865000159450573847e-07,6.864996748845442198e-07,6.865000159450573847e-07
6.870000106573570520e-07,6.869997264402627479e-07,6.870000106573570520e-07
6.875000053696567193e-07,6.874996643091435544e-07,6.875000053696567193e-07
6.880000000819563866e-07,6.879996590214432217e-07,6.880000000819563866e-07
6.884999947942560539e-07,6.884996537337428890e-07,6.884999947942560539e-07
6.889999895065557212e-07,6.889996484460425563e-07,6.889999895065557212e-07
6.894999842188553885e-07,6.894997000017610844e-07,6.894999842188553885e-07
6.899999789311550558e-07,6.899996378706418909e-07,6.899999789311550558e-07
6.904999736434547231e-07,6.904996894263604190e-07,6.904999736434547231e-07
6.910000251991732512e-07,6.909996841386600863e-07,6.910000251991732512e-07
6.915000199114729185e-07,6.914997356943786144e-07,6.915000199114729185e-07
6.920000146237725858e-07,6.919996735632594209e-07,6.920000146237725858e-07
6.925000093360722531e-07,6.924996682755590882e-07,6.925000093360722531e-07
6.930000040483719204e-07,6.929996629878587555e-07,6.930000040483719204e-07
6.934999987606715877e-07,6.934996577001584228e-07,6.934999987606715877e-07
6.939999934729712550e-07,6.939997092558769509e-07,6.939999934729712550e-07
6.944999881852709223e-07,6.944996471247577574e-07,6.944999881852709223e-07
6.949999828975705896e-07,6.949996986804762855e-07,6.949999828975705896e-07
6.954999776098702569e-07,6.954996365493570920e-07,6.954999776098702569e-07
6.959999723221699242e-07,6.959996312616567593e-07,6.959999723221699242e-07
6.965000238778884523e-07,6.964996828173752874e-07,6.965000238778884523e-07
6.970000185901881196e-07,6.969996775296749547e-07,6.970000185901881196e-07
6.975000133024877869e-07,6.974996722419746220e-07,6.975000133024877869e-07
6.980000080147874542e-07,6.979996669542742893e-07,6.980000080147874542e-07
6.985000027270871215e-07,6.984996616665739566e-07,6.985000027270871215e-07
6.989999974393867888e-07,6.989996563788736239e-07,6.989999974393867888e-07
6.994999921516864561e-07,6.994997079345921520e-07,6.994999921516864561e-07
6.999999868639861234e-07,6.999996458034729585e-07,6.999999868639861234e-07
7.004999815762857907e-07,7.004996405157726258e-07,7.004999815762857907e-07
7.009999762885854580e-07,7.009996352280722931e-07,7.009999762885854580e-07
7.015000278443039861e-07,7.014996867837908212e-07,7.015000278443039861e-07
7.020000225566036534e-07,7.019996814960904885e-07,7.020000225566036534e-07
7.025000172689033207e-07,7.024996762083901558e-07,7.025000172689033207e-07
7.030000119812029880e-07,7.029996709206898231e-07,7.030000119812029880e-07
7.035000066935026553e-07,7.034996656329894904e-07,7.035000066935026553e-07
7.040000014058023226e-07,7.039997171887080185e-07,7.040000014058023226e-07
7.044999961181019899e-07,7.044996550575888250e-07,7.044999961181019899e-07
7.049999908304016571e-07,7.049996497698884923e-07,7.049999908304016571e-07
7.054999855427013244e-07,7.054996444821881596e-07,7.054999855427013244e-07
7.059999802550009917e-07,7.059996391944878269e-07,7.059999802550009917e-07
7.064999749673006590e-07,7.064996339067874942e-07,7.064999749673006590e-07
7.070000265230191872e-07,7.069996854625060223e-07,7.070000265230191872e-07
7.075000212353188545e-07,7.074996801748056896e-07,7.075000212353188545e-07
7.080000159476185217e-07,7.079996748871053569e-07,7.080000159476185217e-07
7.085000106599181890e-07,7.084997264428238850e-07,7.085000106599181890e-07
7.090000053722178563e-07,7.089996643117046915e-07,7.090000053722178563e-07
7.095000000845175236e-07,7.094996590240043588e-07,7.095000000845175236e-07
7.099999947968171909e-07,7.099996537363040261e-07,7.099999947968171909e-07
7.104999895091168582e-07,7.104996484486036934e-07,7.104999895091168582e-07
7.109999842214165255e-07,7.109996431609033607e-07,7.109999842214165255e-07
7.114999789337161928e-07,7.114996378732030280e-07,7.114999789337161928e-07
7.119999736460158601e-07,7.119996325855026953e-07,7.119999736460158601e-07
7.125000252017343882e-07,7.124996841412212234e-07,7.125000252017343882e-07
7.130000199140340555e-07,7.129996788535208907e-07,7.130000199140340555e-07
7.135000146263337228e-07,7.134996735658205580e-07,7.135000146263337228e-07
7.140000093386333901e-07,7.139996682781202253e-07,7.140000093386333901e-07
7.145000040509330574e-07,7.144996629904198926e-07,7.145000040509330574e-07
7.149999987632327247e-07,7.149996577027195599e-07,7.149999987632327247e-07
7.154999934755323920e-07,7.154996524150192272e-07,7.154999934755323920e-07
7.159999881878320593e-07,7.159996471273188945e-07,7.159999881878320593e-07
7.164999829001317266e-07,7.164996418396185618e-07,7.164999829001317266e-07
7.169999776124313939e-07,7.169996365519182291e-07,7.169999776124313939e-07
7.174999723247310612e-07,7.174996312642178964e-07,7.174999723247310612e-07
7.180000238804495893e-07,7.179996828199364245e-07,7.180000238804495893e-07
7.185000185927492566e-07,7.184996775322360918e-07,7.185000185927492566e-07
7.190000133050489239e-07,7.189996722445357591e-07,7.190000133050489239e-07
7.195000080173485912e-07,7.194996669568354264e-07,7.195000080173485912e-07
7.200000027296482585e-07,7.199996616691350937e-07,7.200000027296482585e-07
7.204999974419479258e-07,7.204996563814347610e-07,7.204999974419479258e-07
7.209999921542475931e-07,7.209996510937344283e-07,7.209999921542475931e-07
7.214999868665472604e-07,7.214996458060340956e-07,7.214999868665472604e-07
7.219999815788469277e-07,7.219996405183337629e-07,7.219999815788469277e-07
7.224999762911465950e-07,7.224996352306334302e-07,7.224999762911465950e-07
7.230000278468651231e-07,7.229996867863519583e-07,7.230000278468651231e-07
7.235000225591647904e-07,7.234996814986516256e-07,7.235000225591647904e-07
7.240000172714644577e-07,7.239996762109512929e-07,7.240000172714644577e-07
7.245000119837641250e-07,7.244996709232509602e-07,7.245000119837641250e-07
7.250000066960637923e-07,7.249996656355506275e-07,7.250000066960637923e-07
7.255000014083634596e-07,7.254996603478502948e-07,7.255000014083634596e-07
7.259999961206631269e-07,7.259996550601499621e-07,7.259999961206631269e-07
7.264999908329627942e-07,7.264996497724496294e-07,7.264999908329627942e-07
7.269999855452624615e-07,7.269996444847492967e-07,7.269999855452624615e-07
7.274999802575621288e-07,7.274996391970489640e-07,7.274999802575621288e-07
7.279999749698617961e-07,7.279996339093486313e-07,7.279999749698617961e-07
7.285000265255803242e-07,7.284996854650671594e-07,7.285000265255803242e-07
7.290000212378799915e-07,7.289996801773668267e-07,7.290000212378799915e-07
7.295000159501796588e-07,7.294996748896664940e-07,7.295000159501796588e-07
7.300000106624793261e-07,7.299996696019661613e-07,7.300000106624793261e-07
7.305000053747789934e-07,7.304996643142658286e-07,7.305000053747789934e-07
7.310000000870786607e-07,7.309996590265654959e-07,7.310000000870786607e-07
7.314999947993783280e-07,7.314996537388651632e-07,7.314999947993783280e-07
7.319999895116779953e-07,7.319996484511648305e-07,7.319999895116779953e-07
7.324999842239776626e-07,7.324996431634644978e-07,7.324999842239776626e-07
7.329999789362773299e-07,7.329996378757641651e-07,7.329999789362773299e-07
7.334999736485769972e-07,7.334996325880638324e-07,7.334999736485769972e-07
7.340000252042955253e-07,7.339996841437823605e-07,7.340000252042955253e-07
7.345000199165951926e-07,7.344996788560820278e-07,7.345000199165951926e-07
7.350000146288948599e-07,7.349996735683816951e-07,7.350000146288948599e-07
7.355000093411945272e-07,7.354996682806813624e-07,7.355000093411945272e-07
7.360000040534941945e-07,7.359996629929810297e-07,7.360000040534941945e-07
7.364999987657938618e-07,7.364996577052806970e-07,7.364999987657938618e-07
7.369999934780935291e-07,7.369996524175803643e-07,7.369999934780935291e-07
7.374999881903931964e-07,7.374996471298800316e-07,7.374999881903931964e-07
7.379999829026928637e-07,7.379996418421796989e-07,7.379999829026928637e-07
7.384999776149925310e-07,7.384996365544793662e-07,7.384999776149925310e-07
7.389999723272921983e-07,7.389996312667790335e-07,7.389999723272921983e-07
7.395000238830107264e-07,7.394996828224975616e-07,7.395000238830107264e-07
7.400000185953103937e-07,7.399996775347972289e-07,7.400000185953103937e-07
7.405000133076100610e-07,7.404996722470968962e-07,7.405000133076100610e-07
7.410000080199097283e-07,7.409996669593965635e-07,7.410000080199097283e-07
7.415000027322093956e-07,7.414996616716962308e-07,7.415000027322093956e-07
7.419999974445090629e-07,7.419996563839958981e-07,7.419999974445090629e-07
7.424999921568087302e-07,7.424996510962955654e-07,7.424999921568087302e-07
7.429999868691083975e-07,7.429996458085952327e-07,7.429999868691083975e-07
7.434999815814080648e-07,7.434996405208949000e-07,7.434999815814080648e-07
7.439999762937077321e-07,7.439996352331945673e-07,7.439999762937077321e-07
7.445000278494262602e-07,7.444996867889130954e-07,7.445000278494262602e-07
7.450000225617259275e-07,7.449996815012127627e-07,7.450000225617259275e-07
7.455000172740255948e-07,7.454996762135124300e-07,7.455000172740255948e-07
7.460000119863252621e-07,7.459996709258120973e-07,7.460000119863252621e-07
7.465000066986249294e-07,7.464996656381117646e-07,7.465000066986249294e-07
7.470000014109245967e-07,7.469996603504114319e-07,7.470000014109245967e-07
7.474999961232242640e-07,7.474996550627110992e-07,7.474999961232242640e-07
7.479999908355239313e-07,7.479996497750107665e-07,7.479999908355239313e-07
7.484999855478235986e-07,7.484996444873104338e-07,7.484999855478235986e-07
7.489999802601232659e-07,7.489996391996101011e-07,7.489999802601232659e-07
7.494999749724229332e-07,7.494996339119097684e-07,7.494999749724229332e-07
7.500000265281414613e-07,7.499996854676282965e-07,7.500000265281414613e-07
7.505000212404411286e-07,7.504996801799279638e-07,7.505000212404411286e-07
7.510000159527407959e-07,7.509996180488087703e-07,7.510000159527407959e-07
7.515000106650404632e-07,7.514996696045272984e-07,7.515000106650404632e-07
7.520000053773401305e-07,7.519996643168269657e-07,7.520000053773401305e-07
7.525000000896397978e-07,7.524996590291266330e-07,7.525000000896397978e-07
7.529999948019394651e-07,7.529995968980074394e-07,7.529999948019394651e-07
7.534999895142391324e-07,7.534996484537259676e-07,7.534999895142391324e-07
7.539999842265387997e-07,7.539996431660256349e-07,7.539999842265387997e-07
7.544999789388384670e-07,7.544995810349064413e-07,7.544999789388384670e-07
7.549999736511381343e-07,7.549996325906249695e-07,7.549999736511381343e-07
7.555000252068566624e-07,7.554996273029246368e-07,7.555000252068566624e-07
7.560000199191563297e-07,7.559996220152243041e-07,7.560000199191563297e-07
7.565000146314559970e-07,7.564996735709428322e-07,7.565000146314559970e-07
7.570000093437556643e-07,7.569996682832424995e-07,7.570000093437556643e-07
7.575000040560553316e-07,7.574996061521233059e-07,7.575000040560553316e-07
7.579999987683549989e-07,7.579996577078418341e-07,7.579999987683549989e-07
7.584999934806546662e-07,7.584996524201415014e-07,7.584999934806546662e-07
7.589999881929543335e-07,7.589995902890223078e-07,7.589999881929543335e-07
7.594999829052540008e-07,7.594996418447408359e-07,7.594999829052540008e-07
7.599999776175536681e-07,7.599996365570405032e-07,7.599999776175536681e-07
7.604999723298533354e-07,7.604996312693401705e-07,7.604999723298533354e-07
7.610000238855718635e-07,7.609996828250586987e-07,7.610000238855718635e-07
7.615000185978715308e-07,7.614996775373583660e-07,7.615000185978715308e-07
7.620000133101711981e-07,7.619996154062391724e-07,7.620000133101711981e-07
7.625000080224708654e-07,7.624996669619577006e-07,7.625000080224708654e-07
7.630000027347705327e-07,7.629996616742573678e-07,7.630000027347705327e-07
7.634999974470702000e-07,7.634995995431381743e-07,7.634999974470702000e-07
7.639999921593698673e-07,7.639995942554378416e-07,7.639999921593698673e-07
7.644999868716695346e-07,7.644996458111563697e-07,7.644999868716695346e-07
7.649999815839692019e-07,7.649996405234560370e-07,7.649999815839692019e-07
7.654999762962688692e-07,7.654995783923368435e-07,7.654999762962688692e-07
7.660000278519873973e-07,7.659996867914742325e-07,7.660000278519873973e-07
7.665000225642870646e-07,7.664996246603550389e-07,7.665000225642870646e-07
7.670000172765867319e-07,7.669996762160735670e-07,7.670000172765867319e-07
7.675000119888863992e-07,7.674996709283732343e-07,7.675000119888863992e-07
7.680000067011860665e-07,7.679996087972540408e-07,7.680000067011860665e-07
7.685000014134857338e-07,7.684996035095537081e-07,7.685000014134857338e-07
7.689999961257854011e-07,7.689996550652722362e-07,7.689999961257854011e-07
7.694999908380850684e-07,7.694996497775719035e-07,7.694999908380850684e-07
7.699999855503847357e-07,7.699995876464527100e-07,7.699999855503847357e-07
7.704999802626844030e-07,7.704996392021712381e-07,7.704999802626844030e-07
7.709999749749840703e-07,7.709996339144709054e-07,7.709999749749840703e-07
7.715000265307025984e-07,7.714996854701894335e-07,7.715000265307025984e-07
7.720000212430022657e-07,7.719996801824891008e-07,7.720000212430022657e-07
7.725000159553019330e-07,7.724996180513699073e-07,7.725000159553019330e-07
7.730000106676016003e-07,7.729996127636695746e-07,7.730000106676016003e-07
7.735000053799012676e-07,7.734996643193881027e-07,7.735000053799012676e-07
7.740000000922009349e-07,7.739996590316877700e-07,7.740000000922009349e-07
7.744999948045006022e-07,7.744995969005685765e-07,7.744999948045006022e-07
7.749999895168002695e-07,7.749996484562871046e-07,7.749999895168002695e-07
7.754999842290999368e-07,7.754996431685867719e-07,7.754999842290999368e-07
7.759999789413996041e-07,7.759995810374675784e-07,7.759999789413996041e-07
7.764999736536992714e-07,7.764995757497672457e-07,7.764999736536992714e-07
7.770000252094177995e-07,7.769996273054857738e-07,7.770000252094177995e-07
7.775000199217174668e-07,7.774996220177854411e-07,7.775000199217174668e-07
7.780000146340171341e-07,7.779996735735039692e-07,7.780000146340171341e-07
7.785000093463168014e-07,7.784996682858036365e-07,7.785000093463168014e-07
7.790000040586164687e-07,7.789996061546844430e-07,7.790000040586164687e-07
7.794999987709161360e-07,7.794996577104029711e-07,7.794999987709161360e-07
7.799999934832158033e-07,7.799996524227026384e-07,7.799999934832158033e-07
7.804999881955154706e-07,7.804995902915834449e-07,7.804999881955154706e-07
7.809999829078151379e-07,7.809995850038831122e-07,7.809999829078151379e-07
7.814999776201148052e-07,7.814996365596016403e-07,7.814999776201148052e-07
7.819999723324144725e-07,7.819996312719013076e-07,7.819999723324144725e-07
7.825000238881330006e-07,7.824996828276198357e-07,7.825000238881330006e-07
7.830000186004326679e-07,7.829996775399195030e-07,7.830000186004326679e-07
7.835000133127323352e-07,7.834996154088003095e-07,7.835000133127323352e-07
7.840000080250320025e-07,7.839996669645188376e-07,7.840000080250320025e-07
7.845000027373316698e-07,7.844996616768185049e-07,7.845000027373316698e-07
7.849999974496313371e-07,7.849995995456993114e-07,7.849999974496313371e-07
7.854999921619310044e-07,7.854995942579989787e-07,7.854999921619310044e-07
7.859999868742306717e-07,7.859996458137175068e-07,7.859999868742306717e-07
7.864999815865303390e-07,7.864996405260171741e-07,7.864999815865303390e-07
7.869999762988300063e-07,7.869995783948979806e-07,7.869999762988300063e-07
7.875000278545485344e-07,7.874996867940353695e-07,7.875000278545485344e-07
7.880000225668482017e-07,7.879996246629161760e-07,7.880000225668482017e-07
7.885000172791478690e-07,7.884996762186347041e-07,7.885000172791478690e-07
7.890000119914475363e-07,7.889996709309343714e-07,7.890000119914475363e-07
7.895000067037472036e-07,7.894996087998151779e-07,7.895000067037472036e-07
7.900000014160468709e-07,7.899996035121148452e-07,7.900000014160468709e-07
7.904999961283465382e-07,7.904996550678333733e-07,7.904999961283465382e-07
7.909999908406462055e-07,7.909996497801330406e-07,7.909999908406462055e-07
7.914999855529458728e-07,7.914995876490138471e-07,7.914999855529458728e-07
7.919999802652455401e-07,7.919996392047323752e-07,7.919999802652455401e-07
7.924999749775452074e-07,7.924996339170320425e-07,7.924999749775452074e-07
7.930000265332637355e-07,7.929996286293317098e-07,7.930000265332637355e-07
7.935000212455634028e-07,7.934996801850502379e-07,7.935000212455634028e-07
7.940000159578630701e-07,7.939996180539310444e-07,7.940000159578630701e-07
7.945000106701627374e-07,7.944996127662307117e-07,7.945000106701627374e-07
7.950000053824624047e-07,7.949996643219492398e-07,7.950000053824624047e-07
7.955000000947620720e-07,7.954996590342489071e-07,7.955000000947620720e-07
7.959999948070617393e-07,7.959995969031297136e-07,7.959999948070617393e-07
7.964999895193614066e-07,7.964996484588482417e-07,7.964999895193614066e-07
7.969999842316610739e-07,7.969996431711479090e-07,7.969999842316610739e-07
7.974999789439607412e-07,7.974995810400287155e-07,7.974999789439607412e-07
7.979999736562604085e-07,7.979995757523283828e-07,7.979999736562604085e-07
7.985000252119789366e-07,7.984996273080469109e-07,7.985000252119789366e-07
7.990000199242786039e-07,7.989996220203465782e-07,7.990000199242786039e-07
7.995000146365782712e-07,7.994996735760651063e-07,7.995000146365782712e-07
8.000000093488779385e-07,7.999996682883647736e-07,8.000000093488779385e-07
8.005000040611776058e-07,8.004996061572455801e-07,8.005000040611776058e-07
8.009999987734772731e-07,8.009996577129641082e-07,8.009999987734772731e-07
8.014999934857769404e-07,8.014996524252637755e-07,8.014999934857769404e-07
8.019999881980766077e-07,8.019995902941445820e-07,8.019999881980766077e-07
8.024999829103762750e-07,8.024995850064442493e-07,8.024999829103762750e-07
8.029999776226759423e-07,8.029996365621627774e-07,8.029999776226759423e-07
8.034999723349756096e-07,8.034995744310435839e-07,8.034999723349756096e-07
8.040000238906941377e-07,8.039996828301809728e-07,8.040000238906941377e-07
8.045000186029938050e-07,8.044996775424806401e-07,8.045000186029938050e-07
8.050000133152934723e-07,8.049996154113614466e-07,8.050000133152934723e-07
8.055000080275931396e-07,8.054996101236611139e-07,8.055000080275931396e-07
8.060000027398928069e-07,8.059996616793796420e-07,8.060000027398928069e-07
8.064999974521924742e-07,8.064995995482604485e-07,8.064999974521924742e-07
8.069999921644921415e-07,8.069995942605601158e-07,8.069999921644921415e-07
8.074999868767918088e-07,8.074996458162786439e-07,8.074999868767918088e-07
8.079999815890914761e-07,8.079995836851594504e-07,8.079999815890914761e-07
8.084999763013911434e-07,8.084995783974591177e-07,8.084999763013911434e-07
8.090000278571096715e-07,8.089996867965965066e-07,8.090000278571096715e-07
8.095000225694093388e-07,8.094996246654773131e-07,8.095000225694093388e-07
8.100000172817090061e-07,8.099996193777769804e-07,8.100000172817090061e-07
8.105000119940086734e-07,8.104996709334955085e-07,8.105000119940086734e-07
8.110000067063083407e-07,8.109996088023763150e-07,8.110000067063083407e-07
8.115000014186080080e-07,8.114996035146759823e-07,8.115000014186080080e-07
8.119999961309076753e-07,8.119996550703945104e-07,8.119999961309076753e-07
8.124999908432073426e-07,8.124995929392753169e-07,8.124999908432073426e-07
8.129999855555070098e-07,8.129995876515749842e-07,8.129999855555070098e-07
8.134999802678066771e-07,8.134995823638746515e-07,8.134999802678066771e-07
8.139999749801063444e-07,8.139996339195931796e-07,8.139999749801063444e-07
8.145000265358248726e-07,8.144996286318928469e-07,8.145000265358248726e-07
8.150000212481245399e-07,8.149996801876113750e-07,8.150000212481245399e-07
8.155000159604242072e-07,8.154996180564921815e-07,8.155000159604242072e-07
8.160000106727238744e-07,8.159996127687918488e-07,8.160000106727238744e-07
8.165000053850235417e-07,8.164996643245103769e-07,8.165000053850235417e-07
8.170000000973232090e-07,8.169996021933911834e-07,8.170000000973232090e-07
8.174999948096228763e-07,8.174995969056908507e-07,8.174999948096228763e-07
8.179999895219225436e-07,8.179995916179905180e-07,8.179999895219225436e-07
8.184999842342222109e-07,8.184996431737090461e-07,8.184999842342222109e-07
8.189999789465218782e-07,8.189995810425898526e-07,8.189999789465218782e-07
8.194999736588215455e-07,8.194995757548895199e-07,8.194999736588215455e-07
8.200000252145400736e-07,8.199996273106080480e-07,8.200000252145400736e-07
8.205000199268397409e-07,8.204996220229077153e-07,8.205000199268397409e-07
8.210000146391394082e-07,8.209996735786262434e-07,8.210000146391394082e-07
8.215000093514390755e-07,8.214995546040881891e-07,8.215000093514390755e-07
8.220000040637387428e-07,8.219996061598067172e-07,8.220000040637387428e-07
8.224999987760384101e-07,8.224996008721063845e-07,8.224999987760384101e-07
8.229999934883380774e-07,8.229996524278249126e-07,8.229999934883380774e-07
8.234999882006377447e-07,8.234995902967057191e-07,8.234999882006377447e-07
8.239999829129374120e-07,8.239995850090053864e-07,8.239999829129374120e-07
8.244999776252370793e-07,8.244996365647239145e-07,8.244999776252370793e-07
8.249999723375367466e-07,8.249995744336047210e-07,8.249999723375367466e-07
8.255000238932552747e-07,8.254996828327421099e-07,8.255000238932552747e-07
8.260000186055549420e-07,8.259995638582040556e-07,8.260000186055549420e-07
8.265000133178546093e-07,8.264996154139225837e-07,8.265000133178546093e-07
8.270000080301542766e-07,8.269996101262222510e-07,8.270000080301542766e-07
8.275000027424539439e-07,8.274996616819407791e-07,8.275000027424539439e-07
8.279999974547536112e-07,8.279995995508215856e-07,8.279999974547536112e-07
8.284999921670532785e-07,8.284995942631212529e-07,8.284999921670532785e-07
8.289999868793529458e-07,8.289996458188397810e-07,8.289999868793529458e-07
8.294999815916526131e-07,8.294995268443017267e-07,8.294999815916526131e-07
8.299999763039522804e-07,8.299995784000202548e-07,8.299999763039522804e-07
8.305000278596708085e-07,8.304995731123199221e-07,8.305000278596708085e-07
8.310000225719704758e-07,8.309996246680384502e-07,8.310000225719704758e-07
8.315000172842701431e-07,8.314996193803381175e-07,8.315000172842701431e-07
8.320000119965698104e-07,8.319996709360566456e-07,8.320000119965698104e-07
8.325000067088694777e-07,8.324996088049374521e-07,8.325000067088694777e-07
8.330000014211691450e-07,8.329996035172371194e-07,8.330000014211691450e-07
8.334999961334688123e-07,8.334996550729556475e-07,8.334999961334688123e-07
8.339999908457684796e-07,8.339995360984175932e-07,8.339999908457684796e-07
8.344999855580681469e-07,8.344995876541361213e-07,8.344999855580681469e-07
8.349999802703678142e-07,8.349995823664357886e-07,8.349999802703678142e-07
8.354999749826674815e-07,8.354996339221543167e-07,8.354999749826674815e-07
8.360000265383860096e-07,8.359996286344539840e-07,8.360000265383860096e-07
8.365000212506856769e-07,8.364996801901725121e-07,8.365000212506856769e-07
8.370000159629853442e-07,8.369996180590533186e-07,8.370000159629853442e-07
8.375000106752850115e-07,8.374996127713529859e-07,8.375000106752850115e-07
8.380000053875846788e-07,8.379996643270715140e-07,8.380000053875846788e-07
8.385000000998843461e-07,8.384995453525334597e-07,8.385000000998843461e-07
8.389999948121840134e-07,8.389995969082519878e-07,8.389999948121840134e-07
8.394999895244836807e-07,8.394995916205516551e-07,8.394999895244836807e-07
8.399999842367833480e-07,8.399996431762701832e-07,8.399999842367833480e-07
8.404999789490830153e-07,8.404995810451509897e-07,8.404999789490830153e-07
8.409999736613826826e-07,8.409995757574506570e-07,8.409999736613826826e-07
8.415000252171012107e-07,8.414996273131691851e-07,8.415000252171012107e-07
8.420000199294008780e-07,8.419996220254688524e-07,8.420000199294008780e-07
8.425000146417005453e-07,8.424996167377685197e-07,8.425000146417005453e-07
8.430000093540002126e-07,8.429995546066493262e-07,8.430000093540002126e-07
8.435000040662998799e-07,8.434996061623678543e-07,8.435000040662998799e-07
8.439999987785995472e-07,8.439996008746675216e-07,8.439999987785995472e-07
8.444999934908992145e-07,8.444996524303860497e-07,8.444999934908992145e-07
8.449999882031988818e-07,8.449995902992668562e-07,8.449999882031988818e-07
8.454999829154985491e-07,8.454995850115665235e-07,8.454999829154985491e-07
8.459999776277982164e-07,8.459996365672850516e-07,8.459999776277982164e-07
8.464999723400978837e-07,8.464995175927469973e-07,8.464999723400978837e-07
8.470000238958164118e-07,8.469996259918843862e-07,8.470000238958164118e-07
8.475000186081160791e-07,8.474995638607651927e-07,8.475000186081160791e-07
8.480000133204157464e-07,8.479996154164837208e-07,8.480000133204157464e-07
8.485000080327154137e-07,8.484996101287833881e-07,8.485000080327154137e-07
8.490000027450150810e-07,8.489996616845019162e-07,8.490000027450150810e-07
8.494999974573147483e-07,8.494995995533827227e-07,8.494999974573147483e-07
8.499999921696144156e-07,8.499995942656823900e-07,8.499999921696144156e-07
8.504999868819140829e-07,8.504995889779820573e-07,8.504999868819140829e-07
8.509999815942137502e-07,8.509995268468628637e-07,8.509999815942137502e-07
8.514999763065134175e-07,8.514995784025813919e-07,8.514999763065134175e-07
8.520000278622319456e-07,8.519995731148810592e-07,8.520000278622319456e-07
8.525000225745316129e-07,8.524996246705995873e-07,8.525000225745316129e-07
8.530000172868312802e-07,8.529996193828992546e-07,8.530000172868312802e-07
8.535000119991309475e-07,8.534996709386177827e-07,8.535000119991309475e-07
8.540000067114306148e-07,8.539996088074985892e-07,8.540000067114306148e-07
8.545000014237302821e-07,8.544996035197982565e-07,8.545000014237302821e-07
8.549999961360299494e-07,8.549995982320979238e-07,8.549999961360299494e-07
8.554999908483296167e-07,8.554995361009787302e-07,8.554999908483296167e-07
8.559999855606292840e-07,8.559995876566972584e-07,8.559999855606292840e-07
8.564999802729289513e-07,8.564995823689969257e-07,8.564999802729289513e-07
8.569999749852286186e-07,8.569996339247154538e-07,8.569999749852286186e-07
8.575000265409471467e-07,8.574996286370151211e-07,8.575000265409471467e-07
8.580000212532468140e-07,8.579996801927336492e-07,8.580000212532468140e-07
8.585000159655464813e-07,8.584995612181955948e-07,8.585000159655464813e-07
8.590000106778461486e-07,8.589996127739141230e-07,8.590000106778461486e-07
8.595000053901458159e-07,8.594996074862137903e-07,8.595000053901458159e-07
8.600000001024454832e-07,8.599995453550945967e-07,8.600000001024454832e-07
8.604999948147451505e-07,8.604995969108131249e-07,8.604999948147451505e-07
8.609999895270448178e-07,8.609995916231127921e-07,8.609999895270448178e-07
8.614999842393444851e-07,8.614996431788313203e-07,8.614999842393444851e-07
8.619999789516441524e-07,8.619995810477121267e-07,8.619999789516441524e-07
8.624999736639438197e-07,8.624995757600117940e-07,8.624999736639438197e-07
8.630000252196623478e-07,8.629995704723114613e-07,8.630000252196623478e-07
8.635000199319620151e-07,8.634996220280299895e-07,8.635000199319620151e-07
8.640000146442616824e-07,8.639996167403296567e-07,8.640000146442616824e-07
8.645000093565613497e-07,8.644995546092104632e-07,8.645000093565613497e-07
8.650000040688610170e-07,8.649996061649289913e-07,8.650000040688610170e-07
8.654999987811606843e-07,8.654996008772286586e-07,8.654999987811606843e-07
8.659999934934603516e-07,8.659996524329471868e-07,8.659999934934603516e-07
8.664999882057600189e-07,8.664995903018279932e-07,8.664999882057600189e-07
8.669999829180596862e-07,8.669995850141276605e-07,8.669999829180596862e-07
8.674999776303593535e-07,8.674995797264273278e-07,8.674999776303593535e-07
8.679999723426590208e-07,8.679995175953081343e-07,8.679999723426590208e-07
8.685000238983775489e-07,8.684996259944455232e-07,8.685000238983775489e-07
8.690000186106772162e-07,8.689995638633263297e-07,8.690000186106772162e-07
8.695000133229768835e-07,8.694996154190448578e-07,8.695000133229768835e-07
8.700000080352765508e-07,8.699996101313445251e-07,8.700000080352765508e-07
8.705000027475762181e-07,8.704996616870630533e-07,8.705000027475762181e-07
8.709999974598758854e-07,8.709995427125249989e-07,8.709999974598758854e-07
8.714999921721755527e-07,8.714995942682435270e-07,8.714999921721755527e-07
8.719999868844752200e-07,8.719995889805431943e-07,8.719999868844752200e-07
8.724999815967748873e-07,8.724995268494240008e-07,8.724999815967748873e-07
8.729999763090745546e-07,8.729995784051425289e-07,8.729999763090745546e-07
8.735000278647930827e-07,8.734995731174421962e-07,8.735000278647930827e-07
8.740000225770927500e-07,8.739996246731607243e-07,8.740000225770927500e-07
8.745000172893924173e-07,8.744996193854603916e-07,8.745000172893924173e-07
8.750000120016920846e-07,8.749996709411789197e-07,8.750000120016920846e-07
8.755000067139917519e-07,8.754995519666408654e-07,8.755000067139917519e-07
8.760000014262914192e-07,8.759996035223593935e-07,8.760000014262914192e-07
8.764999961385910865e-07,8.764995982346590608e-07,8.764999961385910865e-07
8.769999908508907538e-07,8.769995361035398673e-07,8.769999908508907538e-07
8.774999855631904211e-07,8.774995876592583954e-07,8.774999855631904211e-07
8.779999802754900884e-07,8.779995823715580627e-07,8.779999802754900884e-07
8.784999749877897557e-07,8.784995202404388692e-07,8.784999749877897557e-07
8.790000265435082838e-07,8.789996286395762581e-07,8.790000265435082838e-07
8.795000212558079511e-07,8.794996233518759254e-07,8.795000212558079511e-07
8.800000159681076184e-07,8.799995612207567319e-07,8.800000159681076184e-07
8.805000106804072857e-07,8.804996127764752600e-07,8.805000106804072857e-07
8.810000053927069530e-07,8.809996074887749273e-07,8.810000053927069530e-07
8.815000001050066203e-07,8.814995453576557338e-07,8.815000001050066203e-07
8.819999948173062876e-07,8.819995969133742619e-07,8.819999948173062876e-07
8.824999895296059549e-07,8.824995916256739292e-07,8.824999895296059549e-07
8.829999842419056222e-07,8.829995294945547357e-07,8.829999842419056222e-07
8.834999789542052895e-07,8.834995242068544030e-07,8.834999789542052895e-07
8.839999736665049568e-07,8.839995757625729311e-07,8.839999736665049568e-07
8.845000252222234849e-07,8.844995704748725984e-07,8.845000252222234849e-07
8.850000199345231522e-07,8.849996220305911265e-07,8.850000199345231522e-07
8.855000146468228195e-07,8.854996167428907938e-07,8.855000146468228195e-07
8.860000093591224868e-07,8.859995546117716003e-07,8.860000093591224868e-07
8.865000040714221541e-07,8.864996061674901284e-07,8.865000040714221541e-07
8.869999987837218214e-07,8.869996008797897957e-07,8.869999987837218214e-07
8.874999934960214887e-07,8.874995387486706022e-07,8.874999934960214887e-07
8.879999882083211560e-07,8.879995334609702695e-07,8.879999882083211560e-07
8.884999829206208233e-07,8.884995850166887976e-07,8.884999829206208233e-07
8.889999776329204906e-07,8.889995797289884649e-07,8.889999776329204906e-07
8.894999723452201579e-07,8.894995175978692714e-07,8.894999723452201579e-07
8.900000239009386860e-07,8.899996259970066603e-07,8.900000239009386860e-07
8.905000186132383533e-07,8.904995638658874668e-07,8.905000186132383533e-07
8.910000133255380206e-07,8.909996154216059949e-07,8.910000133255380206e-07
8.915000080378376879e-07,8.914996101339056622e-07,8.915000080378376879e-07
8.920000027501373552e-07,8.919995480027864687e-07,8.920000027501373552e-07
8.924999974624370225e-07,8.924995427150861360e-07,8.924999974624370225e-07
8.929999921747366898e-07,8.929995942708046641e-07,8.929999921747366898e-07
8.934999868870363571e-07,8.934995889831043314e-07,8.934999868870363571e-07
8.939999815993360244e-07,8.939995268519851379e-07,8.939999815993360244e-07
8.944999763116356917e-07,8.944995784077036660e-07,8.944999763116356917e-07
8.950000278673542198e-07,8.949995731200033333e-07,8.950000278673542198e-07
8.955000225796538871e-07,8.954996246757218614e-07,8.955000225796538871e-07
8.960000172919535544e-07,8.959996193880215287e-07,8.960000172919535544e-07
8.965000120042532217e-07,8.964995572569023352e-07,8.965000120042532217e-07
8.970000067165528890e-07,8.969995519692020025e-07,8.970000067165528890e-07
8.975000014288525563e-07,8.974996035249205306e-07,8.975000014288525563e-07
8.979999961411522236e-07,8.979995982372201979e-07,8.979999961411522236e-07
8.984999908534518909e-07,8.984995361061010044e-07,8.984999908534518909e-07
8.989999855657515582e-07,8.989995876618195325e-07,8.989999855657515582e-07
8.994999802780512255e-07,8.994995823741191998e-07,8.994999802780512255e-07
8.999999749903508928e-07,8.999995202430000063e-07,8.999999749903508928e-07
9.005000265460694209e-07,9.004996286421373952e-07,9.005000265460694209e-07
9.010000212583690882e-07,9.009995665110182017e-07,9.010000212583690882e-07
9.015000159706687555e-07,9.014995612233178690e-07,9.015000159706687555e-07
9.020000106829684228e-07,9.019996127790363971e-07,9.020000106829684228e-07
9.025000053952680901e-07,9.024996074913360644e-07,9.025000053952680901e-07
9.030000001075677574e-07,9.029995453602168709e-07,9.030000001075677574e-07
9.034999948198674247e-07,9.034995969159353990e-07,9.034999948198674247e-07
9.039999895321670920e-07,9.039995916282350663e-07,9.039999895321670920e-07
9.044999842444667593e-07,9.044995294971158728e-07,9.044999842444667593e-07
9.049999789567664266e-07,9.049995242094155401e-07,9.049999789567664266e-07
9.054999736690660939e-07,9.054995757651340682e-07,9.054999736690660939e-07
9.060000252247846220e-07,9.059995704774337355e-07,9.060000252247846220e-07
9.065000199370842893e-07,9.064996220331522636e-07,9.065000199370842893e-07
9.070000146493839566e-07,9.069996167454519309e-07,9.070000146493839566e-07
9.075000093616836239e-07,9.074995546143327374e-07,9.075000093616836239e-07
9.080000040739832912e-07,9.079995493266324047e-07,9.080000040739832912e-07
9.084999987862829585e-07,9.084996008823509328e-07,9.084999987862829585e-07
9.089999934985826258e-07,9.089995387512317393e-07,9.089999934985826258e-07
9.094999882108822931e-07,9.094995334635314066e-07,9.094999882108822931e-07
9.099999829231819604e-07,9.099995850192499347e-07,9.099999829231819604e-07
9.104999776354816277e-07,9.104995797315496020e-07,9.104999776354816277e-07
9.109999723477812950e-07,9.109995176004304085e-07,9.109999723477812950e-07
9.115000239034998231e-07,9.114996259995677974e-07,9.115000239034998231e-07
9.120000186157994904e-07,9.119995638684486039e-07,9.120000186157994904e-07
9.125000133280991577e-07,9.124995585807482712e-07,9.125000133280991577e-07
9.130000080403988250e-07,9.129996101364667993e-07,9.130000080403988250e-07
9.135000027526984923e-07,9.134995480053476058e-07,9.135000027526984923e-07
9.139999974649981596e-07,9.139995427176472731e-07,9.139999974649981596e-07
9.144999921772978269e-07,9.144995942733658012e-07,9.144999921772978269e-07
9.149999868895974942e-07,9.149995889856654685e-07,9.149999868895974942e-07
9.154999816018971615e-07,9.154995268545462750e-07,9.154999816018971615e-07
9.159999763141968288e-07,9.159995215668459423e-07,9.159999763141968288e-07
9.165000278699153569e-07,9.164995731225644704e-07,9.165000278699153569e-07
9.170000225822150242e-07,9.169995678348641377e-07,9.170000225822150242e-07
9.175000172945146915e-07,9.174996193905826658e-07,9.175000172945146915e-07
9.180000120068143588e-07,9.179995572594634723e-07,9.180000120068143588e-07
9.185000067191140261e-07,9.184995519717631396e-07,9.185000067191140261e-07
9.190000014314136934e-07,9.189996035274816677e-07,9.190000014314136934e-07
9.194999961437133607e-07,9.194995982397813350e-07,9.194999961437133607e-07
9.199999908560130280e-07,9.199995361086621415e-07,9.199999908560130280e-07
9.204999855683126952e-07,9.204995308209618088e-07,9.204999855683126952e-07
9.209999802806123625e-07,9.209995823766803369e-07,9.209999802806123625e-07
9.214999749929120298e-07,9.214995202455611434e-07,9.214999749929120298e-07
9.220000265486305580e-07,9.219996286446985323e-07,9.220000265486305580e-07
9.225000212609302253e-07,9.224995665135793388e-07,9.225000212609302253e-07
9.230000159732298926e-07,9.229995612258790061e-07,9.230000159732298926e-07
9.235000106855295599e-07,9.234996127815975342e-07,9.235000106855295599e-07
9.240000053978292271e-07,9.239996074938972015e-07,9.240000053978292271e-07
9.245000001101288944e-07,9.244995453627780080e-07,9.245000001101288944e-07
9.249999948224285617e-07,9.249995400750776753e-07,9.249999948224285617e-07
9.254999895347282290e-07,9.254995916307962034e-07,9.254999895347282290e-07
9.259999842470278963e-07,9.259995294996770099e-07,9.259999842470278963e-07
9.264999789593275636e-07,9.264995242119766772e-07,9.264999789593275636e-07
9.269999736716272309e-07,9.269995757676952053e-07,9.269999736716272309e-07
9.275000252273457590e-07,9.274995704799948726e-07,9.275000252273457590e-07
9.280000199396454263e-07,9.279996220357134007e-07,9.280000199396454263e-07
9.285000146519450936e-07,9.284996167480130680e-07,9.285000146519450936e-07
9.290000093642447609e-07,9.289995546168938745e-07,9.290000093642447609e-07
9.295000040765444282e-07,9.294995493291935418e-07,9.295000040765444282e-07
9.299999987888440955e-07,9.299996008849120699e-07,9.299999987888440955e-07
9.304999935011437628e-07,9.304995387537928764e-07,9.304999935011437628e-07
9.309999882134434301e-07,9.309995334660925437e-07,9.309999882134434301e-07
9.314999829257430974e-07,9.314995850218110718e-07,9.314999829257430974e-07
9.319999776380427647e-07,9.319995797341107391e-07,9.319999776380427647e-07
9.324999723503424320e-07,9.324995176029915456e-07,9.324999723503424320e-07
9.330000239060609601e-07,9.329996260021289345e-07,9.330000239060609601e-07
9.335000186183606274e-07,9.334995638710097410e-07,9.335000186183606274e-07
9.340000133306602947e-07,9.339995585833094083e-07,9.340000133306602947e-07
9.345000080429599620e-07,9.344996101390279364e-07,9.345000080429599620e-07
9.350000027552596293e-07,9.349995480079087429e-07,9.350000027552596293e-07
9.354999974675592966e-07,9.354995427202084102e-07,9.354999974675592966e-07
9.359999921798589639e-07,9.359995942759269383e-07,9.359999921798589639e-07
9.364999868921586312e-07,9.364995889882266056e-07,9.364999868921586312e-07
9.369999816044582985e-07,9.369995268571074121e-07,9.369999816044582985e-07
9.374999763167579658e-07,9.374995215694070794e-07,9.374999763167579658e-07
9.380000278724764939e-07,9.379995731251256075e-07,9.380000278724764939e-07
9.385000225847761612e-07,9.384995678374252748e-07,9.385000225847761612e-07
9.390000172970758285e-07,9.389996193931438029e-07,9.390000172970758285e-07
9.395000120093754958e-07,9.394995572620246094e-07,9.395000120093754958e-07
9.400000067216751631e-07,9.399995519743242767e-07,9.400000067216751631e-07
9.405000014339748304e-07,9.404996035300428048e-07,9.405000014339748304e-07
9.409999961462744977e-07,9.409995982423424721e-07,9.409999961462744977e-07
9.414999908585741650e-07,9.414995361112232786e-07,9.414999908585741650e-07
9.419999855708738323e-07,9.419995308235229459e-07,9.419999855708738323e-07
9.424999802831734996e-07,9.424995823792414740e-07,9.424999802831734996e-07
9.429999749954731669e-07,9.429995202481222805e-07,9.429999749954731669e-07
9.435000265511916950e-07,9.434996286472596694e-07,9.435000265511916950e-07
9.440000212634913623e-07,9.439995665161404759e-07,9.440000212634913623e-07
9.445000159757910296e-07,9.444995612284401432e-07,9.445000159757910296e-07
9.450000106880906969e-07,9.449995559407398105e-07,9.450000106880906969e-07
9.455000054003903642e-07,9.454996074964583386e-07,9.455000054003903642e-07
9.460000001126900315e-07,9.459995453653391451e-07,9.460000001126900315e-07
9.464999948249896988e-07,9.464995400776388124e-07,9.464999948249896988e-07
9.469999895372893661e-07,9.469995916333573405e-07,9.469999895372893661e-07
9.474999842495890334e-07,9.474995295022381470e-07,9.474999842495890334e-07
9.479999789618887007e-07,9.479995242145378143e-07,9.479999789618887007e-07
9.484999736741883680e-07,9.484995757702563424e-07,9.484999736741883680e-07
9.490000252299068961e-07,9.489995704825560097e-07,9.490000252299068961e-07
9.495000199422065634e-07,9.494995651948556770e-07,9.495000199422065634e-07
9.500000146545062307e-07,9.499996167505742051e-07,9.500000146545062307e-07
9.505000093668058980e-07,9.504995546194550116e-07,9.505000093668058980e-07
9.510000040791055653e-07,9.509995493317546789e-07,9.510000040791055653e-07
9.514999987914052326e-07,9.514996008874732070e-07,9.514999987914052326e-07
9.519999935037048999e-07,9.519995387563540135e-07,9.519999935037048999e-07
9.524999882160045672e-07,9.524995334686536808e-07,9.524999882160045672e-07
9.529999829283042345e-07,9.529995850243722089e-07,9.529999829283042345e-07
9.534999776406039018e-07,9.534994660498341545e-07,9.534999776406039018e-07
9.540000291963224299e-07,9.539995744489715435e-07,9.540000291963224299e-07
9.545000239086220972e-07,9.544995691612712108e-07,9.545000239086220972e-07
9.550000186209217645e-07,9.549995638735708781e-07,9.550000186209217645e-07
9.555000133332214318e-07,9.554995585858705454e-07,9.555000133332214318e-07
9.560000080455210991e-07,9.559995532981702127e-07,9.560000080455210991e-07
9.565000027578207664e-07,9.564995480104698800e-07,9.565000027578207664e-07
9.569999974701204337e-07,9.569995427227695473e-07,9.569999974701204337e-07
9.574999921824201010e-07,9.574995374350692146e-07,9.574999921824201010e-07
9.579999868947197683e-07,9.579995321473688819e-07,9.579999868947197683e-07
9.584999816070194356e-07,9.584995268596685492e-07,9.584999816070194356e-07
9.589999763193191029e-07,9.589995215719682164e-07,9.589999763193191029e-07
9.594999710316187702e-07,9.594995162842678837e-07,9.594999710316187702e-07
9.599999657439184375e-07,9.599995109965675510e-07,9.599999657439184375e-07
9.604999604562181048e-07,9.604995057088672183e-07,9.604999604562181048e-07
9.609999551685177721e-07,9.609995004211668856e-07,9.609999551685177721e-07
9.614999498808174394e-07,9.614994951334665529e-07,9.614999498808174394e-07
9.619999445931171067e-07,9.619994898457662202e-07,9.619999445931171067e-07
9.625000529922544956e-07,9.624995982449036092e-07,9.625000529922544956e-07
9.630000477045541629e-07,9.629995929572032765e-07,9.630000477045541629e-07
9.635000424168538302e-07,9.634995876695029438e-07,9.635000424168538302e-07
9.640000371291534975e-07,9.639995823818026111e-07,9.640000371291534975e-07
9.645000318414531648e-07,9.644995770941022784e-07,9.645000318414531648e-07
9.650000265537528321e-07,9.649995718064019457e-07,9.650000265537528321e-07
9.655000212660524994e-07,9.654995665187016129e-07,9.655000212660524994e-07
9.660000159783521667e-07,9.659995612310012802e-07,9.660000159783521667e-07
9.665000106906518340e-07,9.664995559433009475e-07,9.665000106906518340e-07
9.670000054029515013e-07,9.669995506556006148e-07,9.670000054029515013e-07
9.675000001152511686e-07,9.674995453679002821e-07,9.675000001152511686e-07
9.679999948275508359e-07,9.679995400801999494e-07,9.679999948275508359e-07
9.684999895398505032e-07,9.684995347924996167e-07,9.684999895398505032e-07
9.689999842521501705e-07,9.689995295047992840e-07,9.689999842521501705e-07
9.694999789644498378e-07,9.694995242170989513e-07,9.694999789644498378e-07
9.699999736767495051e-07,9.699995189293986186e-07,9.699999736767495051e-07
9.704999683890491724e-07,9.704995136416982859e-07,9.704999683890491724e-07
9.709999631013488397e-07,9.709995083539979532e-07,9.709999631013488397e-07
9.714999578136485070e-07,9.714995030662976205e-07,9.714999578136485070e-07
9.719999525259481743e-07,9.719994977785972878e-07,9.719999525259481743e-07
9.724999472382478416e-07,9.724994924908969551e-07,9.724999472382478416e-07
9.730000556373852305e-07,9.729996008900343440e-07,9.730000556373852305e-07
9.735000503496848978e-07,9.734995956023340113e-07,9.735000503496848978e-07
9.740000450619845651e-07,9.739995903146336786e-07,9.740000450619845651e-07
9.745000397742842324e-07,9.744995850269333459e-07,9.745000397742842324e-07
9.750000344865838997e-07,9.749995797392330132e-07,9.750000344865838997e-07
9.755000291988835670e-07,9.754995744515326805e-07,9.755000291988835670e-07
9.760000239111832343e-07,9.759995691638323478e-07,9.760000239111832343e-07
9.765000186234829016e-07,9.764995638761320151e-07,9.765000186234829016e-07
9.770000133357825689e-07,9.769995585884316824e-07,9.770000133357825689e-07
9.775000080480822362e-07,9.774995533007313497e-07,9.775000080480822362e-07
9.780000027603819035e-07,9.779995480130310170e-07,9.780000027603819035e-07
9.784999974726815708e-07,9.784995427253306843e-07,9.784999974726815708e-07
9.789999921849812381e-07,9.789995374376303516e-07,9.789999921849812381e-07
9.794999868972809054e-07,9.794995321499300189e-07,9.794999868972809054e-07
9.799999816095805727e-07,9.799995268622296862e-07,9.799999816095805727e-07
9.804999763218802400e-07,9.804995215745293535e-07,9.804999763218802400e-07
9.809999710341799073e-07,9.809995162868290208e-07,9.809999710341799073e-07
9.814999657464795746e-07,9.814995109991286881e-07,9.814999657464795746e-07
9.819999604587792419e-07,9.819995057114283554e-07,9.819999604587792419e-07
9.824999551710789092e-07,9.824995004237280227e-07,9.824999551710789092e-07
9.829999498833785765e-07,9.829994951360276900e-07,9.829999498833785765e-07
9.834999445956782438e-07,9.834994898483273573e-07,9.834999445956782438e-07
9.840000529948156327e-07,9.839995982474647462e-07,9.840000529948156327e-07
9.845000477071153000e-07,9.844995929597644135e-07,9.845000477071153000e-07
9.850000424194149673e-07,9.849995876720640808e-07,9.850000424194149673e-07
9.855000371317146346e-07,9.854995823843637481e-07,9.855000371317146346e-07
9.860000318440143019e-07,9.859995770966634154e-07,9.860000318440143019e-07
9.865000265563139692e-07,9.864995718089630827e-07,9.865000265563139692e-07
9.870000212686136365e-07,9.869995665212627500e-07,9.870000212686136365e-07
9.875000159809133038e-07,9.874995612335624173e-07,9.875000159809133038e-07
9.880000106932129711e-07,9.879995559458620846e-07,9.880000106932129711e-07
9.885000054055126384e-07,9.884995506581617519e-07,9.885000054055126384e-07
9.890000001178123057e-07,9.889995453704614192e-07,9.890000001178123057e-07
9.894999948301119730e-07,9.894995400827610865e-07,9.894999948301119730e-07
9.899999895424116403e-07,9.899995347950607538e-07,9.899999895424116403e-07
9.904999842547113076e-07,9.904995295073604211e-07,9.904999842547113076e-07
9.909999789670109749e-07,9.909995242196600884e-07,9.909999789670109749e-07
9.914999736793106422e-07,9.914995189319597557e-07,9.914999736793106422e-07
9.919999683916103095e-07,9.919995136442594230e-07,9.919999683916103095e-07
9.924999631039099768e-07,9.924995083565590903e-07,9.924999631039099768e-07
9.929999578162096441e-07,9.929995030688587576e-07,9.929999578162096441e-07
9.934999525285093114e-07,9.934994977811584249e-07,9.934999525285093114e-07
9.939999472408089787e-07,9.939994924934580922e-07,9.939999472408089787e-07
9.945000556399463676e-07,9.944996008925954811e-07,9.945000556399463676e-07
9.950000503522460349e-07,9.949995956048951484e-07,9.950000503522460349e-07
9.955000450645457022e-07,9.954995903171948157e-07,9.955000450645457022e-07
9.960000397768453695e-07,9.959995850294944830e-07,9.960000397768453695e-07
9.965000344891450368e-07,9.964995797417941503e-07,9.965000344891450368e-07
9.970000292014447041e-07,9.969995744540938176e-07,9.970000292014447041e-07
9.975000239137443714e-07,9.974995691663934849e-07,9.975000239137443714e-07
9.980000186260440387e-07,9.979995638786931522e-07,9.980000186260440387e-07
9.985000133383437060e-07,9.984995585909928195e-07,9.985000133383437060e-07
9.990000080506433733e-07,9.989995533032924868e-07,9.990000080506433733e-07
9.995000027629430406e-07,9.994995480155921541e-07,9.995000027629430406e-07
9.999999974752427079e-07,9.999995427278918214e-07,9.999999974752427079e-07
1.000499992187542375e-06,1.000499537440191489e-06,1.000499992187542375e-06
1.000999986899842042e-06,1.000999532152491156e-06,1.000999986899842042e-06
1.001499981612141710e-06,1.001499526864790823e-06,1.001499981612141710e-06
1.001999976324441377e-06,1.001999521577090491e-06,1.001999976324441377e-06
1.002499971036741044e-06,1.002499516289390158e-06,1.002499971036741044e-06
1.002999965749040712e-06,1.002999511001689825e-06,1.002999965749040712e-06
1.003499960461340379e-06,1.003499505713989493e-06,1.003499960461340379e-06
1.003999955173640046e-06,1.003999500426289160e-06,1.003999955173640046e-06
1.004499949885939714e-06,1.004499495138588827e-06,1.004499949885939714e-06
1.004999944598239381e-06,1.004999489850888494e-06,1.004999944598239381e-06
1.005500052997376770e-06,1.005499598250025883e-06,1.005500052997376770e-06
1.006000047709676437e-06,1.005999592962325551e-06,1.006000047709676437e-06
1.006500042421976104e-06,1.006499473987787496e-06,1.006500042421976104e-06
1.007000037134275772e-06,1.006999582386924885e-06,1.007000037134275772e-06
1.007500031846575439e-06,1.007499577099224553e-06,1.007500031846575439e-06
1.008000026558875106e-06,1.007999571811524220e-06,1.008000026558875106e-06
1.008500021271174774e-06,1.008499566523823887e-06,1.008500021271174774e-06
1.009000015983474441e-06,1.008999561236123554e-06,1.009000015983474441e-06
1.009500010695774108e-06,1.009499555948423222e-06,1.009500010695774108e-06
1.010000005408073775e-06,1.009999550660722889e-06,1.010000005408073775e-06
1.010500000120373443e-06,1.010499545373022556e-06,1.010500000120373443e-06
1.010999994832673110e-06,1.010999540085322224e-06,1.010999994832673110e-06
1.011499989544972777e-06,1.011499534797621891e-06,1.011499989544972777e-06
1.011999984257272445e-06,1.011999529509921558e-06,1.011999984257272445e-06
1.012499978969572112e-06,1.012499524222221226e-06,1.012499978969572112e-06
1.012999973681871779e-06,1.012999518934520893e-06,1.012999973681871779e-06
1.013499968394171447e-06,1.013499513646820560e-06,1.013499968394171447e-06
1.013999963106471114e-06,1.013999508359120227e-06,1.013999963106471114e-06
1.014499957818770781e-06,1.014499503071419895e-06,1.014499957818770781e-06
1.014999952531070448e-06,1.014999384096881840e-06,1.014999952531070448e-06
1.015499947243370116e-06,1.015499492496019229e-06,1.015499947243370116e-06
1.016000055642507505e-06,1.015999600895156618e-06,1.016000055642507505e-06
1.016500050354807172e-06,1.016499595607456286e-06,1.016500050354807172e-06
1.017000045067106839e-06,1.016999590319755953e-06,1.017000045067106839e-06
1.017500039779406507e-06,1.017499585032055620e-06,1.017500039779406507e-06
1.018000034491706174e-06,1.017999579744355287e-06,1.018000034491706174e-06
1.018500029204005841e-06,1.018499574456654955e-06,1.018500029204005841e-06
1.019000023916305508e-06,1.018999455482116900e-06,1.019000023916305508e-06
1.019500018628605176e-06,1.019499563881254289e-06,1.019500018628605176e-06
1.020000013340904843e-06,1.019999558593553957e-06,1.020000013340904843e-06
1.020500008053204510e-06,1.020499553305853624e-06,1.020500008053204510e-06
1.021000002765504178e-06,1.020999548018153291e-06,1.021000002765504178e-06
1.021499997477803845e-06,1.021499542730452958e-06,1.021499997477803845e-06
1.021999992190103512e-06,1.021999537442752626e-06,1.021999992190103512e-06
1.022499986902403180e-06,1.022499532155052293e-06,1.022499986902403180e-06
1.022999981614702847e-06,1.022999526867351960e-06,1.022999981614702847e-06
1.023499976327002514e-06,1.023499521579651628e-06,1.023499976327002514e-06
1.023999971039302181e-06,1.023999402605113573e-06,1.023999971039302181e-06
1.024499965751601849e-06,1.024499511004250962e-06,1.024499965751601849e-06
1.024999960463901516e-06,1.024999505716550630e-06,1.024999960463901516e-06
1.025499955176201183e-06,1.025499500428850297e-06,1.025499955176201183e-06
1.025999949888500851e-06,1.025999495141149964e-06,1.025999949888500851e-06
1.026499944600800518e-06,1.026499489853449631e-06,1.026499944600800518e-06
1.027000052999937907e-06,1.026999598252587020e-06,1.027000052999937907e-06
1.027500047712237574e-06,1.027499592964886688e-06,1.027500047712237574e-06
1.028000042424537241e-06,1.027999473990348633e-06,1.028000042424537241e-06
1.028500037136836909e-06,1.028499582389486022e-06,1.028500037136836909e-06
1.029000031849136576e-06,1.028999577101785690e-06,1.029000031849136576e-06
1.029500026561436243e-06,1.029499571814085357e-06,1.029500026561436243e-06
1.030000021273735911e-06,1.029999566526385024e-06,1.030000021273735911e-06
1.030500015986035578e-06,1.030499561238684691e-06,1.030500015986035578e-06
1.031000010698335245e-06,1.030999555950984359e-06,1.031000010698335245e-06
1.031500005410634913e-06,1.031499436976446304e-06,1.031500005410634913e-06
1.032000000122934580e-06,1.031999545375583693e-06,1.032000000122934580e-06
1.032499994835234247e-06,1.032499540087883361e-06,1.032499994835234247e-06
1.032999989547533914e-06,1.032999421113345306e-06,1.032999989547533914e-06
1.033499984259833582e-06,1.033499529512482695e-06,1.033499984259833582e-06
1.033999978972133249e-06,1.033999524224782363e-06,1.033999978972133249e-06
1.034499973684432916e-06,1.034499518937082030e-06,1.034499973684432916e-06
1.034999968396732584e-06,1.034999399962543976e-06,1.034999968396732584e-06
1.035499963109032251e-06,1.035499508361681364e-06,1.035499963109032251e-06
1.035999957821331918e-06,1.035999503073981032e-06,1.035999957821331918e-06
1.036499952533631586e-06,1.036499384099442977e-06,1.036499952533631586e-06
1.036999947245931253e-06,1.036999492498580366e-06,1.036999947245931253e-06
1.037500055645068642e-06,1.037499600897717755e-06,1.037500055645068642e-06
1.038000050357368309e-06,1.037999595610017423e-06,1.038000050357368309e-06
1.038500045069667976e-06,1.038499590322317090e-06,1.038500045069667976e-06
1.039000039781967644e-06,1.038999585034616757e-06,1.039000039781967644e-06
1.039500034494267311e-06,1.039499579746916424e-06,1.039500034494267311e-06
1.040000029206566978e-06,1.039999574459216092e-06,1.040000029206566978e-06
1.040500023918866646e-06,1.040499455484678037e-06,1.040500023918866646e-06
1.041000018631166313e-06,1.040999563883815426e-06,1.041000018631166313e-06
1.041500013343465980e-06,1.041499558596115094e-06,1.041500013343465980e-06
1.042000008055765647e-06,1.041999553308414761e-06,1.042000008055765647e-06
1.042500002768065315e-06,1.042499548020714428e-06,1.042500002768065315e-06
1.042999997480364982e-06,1.042999542733014096e-06,1.042999997480364982e-06
1.043499992192664649e-06,1.043499537445313763e-06,1.043499992192664649e-06
1.043999986904964317e-06,1.043999418470775709e-06,1.043999986904964317e-06
1.044499981617263984e-06,1.044499526869913097e-06,1.044499981617263984e-06
1.044999976329563651e-06,1.044999521582212765e-06,1.044999976329563651e-06
1.045499971041863319e-06,1.045499402607674710e-06,1.045499971041863319e-06
1.045999965754162986e-06,1.045999511006812099e-06,1.045999965754162986e-06
1.046499960466462653e-06,1.046499505719111767e-06,1.046499960466462653e-06
1.046999955178762320e-06,1.046999500431411434e-06,1.046999955178762320e-06
1.047499949891061988e-06,1.047499381456873380e-06,1.047499949891061988e-06
1.047999944603361655e-06,1.047999489856010769e-06,1.047999944603361655e-06
1.048500053002499044e-06,1.048499598255148157e-06,1.048500053002499044e-06
1.049000047714798711e-06,1.048999592967447825e-06,1.049000047714798711e-06
1.049500042427098379e-06,1.049499473992909770e-06,1.049500042427098379e-06
1.050000037139398046e-06,1.049999582392047159e-06,1.050000037139398046e-06
1.050500031851697713e-06,1.050499577104346827e-06,1.050500031851697713e-06
1.051000026563997380e-06,1.050999571816646494e-06,1.051000026563997380e-06
1.051500021276297048e-06,1.051499566528946161e-06,1.051500021276297048e-06
1.052000015988596715e-06,1.051999561241245829e-06,1.052000015988596715e-06
1.052500010700896382e-06,1.052499555953545496e-06,1.052500010700896382e-06
1.053000005413196050e-06,1.052999436979007442e-06,1.053000005413196050e-06
1.053500000125495717e-06,1.053499545378144830e-06,1.053500000125495717e-06
1.053999994837795384e-06,1.053999540090444498e-06,1.053999994837795384e-06
1.054499989550095052e-06,1.054499421115906443e-06,1.054499989550095052e-06
1.054999984262394719e-06,1.054999529515043832e-06,1.054999984262394719e-06
1.055499978974694386e-06,1.055499524227343500e-06,1.055499978974694386e-06
1.055999973686994053e-06,1.055999518939643167e-06,1.055999973686994053e-06
1.056499968399293721e-06,1.056499399965105113e-06,1.056499968399293721e-06
1.056999963111593388e-06,1.056999508364242502e-06,1.056999963111593388e-06
1.057499957823893055e-06,1.057499503076542169e-06,1.057499957823893055e-06
1.057999952536192723e-06,1.057999384102004115e-06,1.057999952536192723e-06
1.058499947248492390e-06,1.058499492501141503e-06,1.058499947248492390e-06
1.059000055647629779e-06,1.058999600900278892e-06,1.059000055647629779e-06
1.059500050359929446e-06,1.059499595612578560e-06,1.059500050359929446e-06
1.060000045072229113e-06,1.059999590324878227e-06,1.060000045072229113e-06
1.060500039784528781e-06,1.060499471350340173e-06,1.060500039784528781e-06
1.061000034496828448e-06,1.060999579749477562e-06,1.061000034496828448e-06
1.061500029209128115e-06,1.061499574461777229e-06,1.061500029209128115e-06
1.062000023921427783e-06,1.061999455487239175e-06,1.062000023921427783e-06
1.062500018633727450e-06,1.062499563886376563e-06,1.062500018633727450e-06
1.063000013346027117e-06,1.062999558598676231e-06,1.063000013346027117e-06
1.063500008058326785e-06,1.063499439624138176e-06,1.063500008058326785e-06
1.064000002770626452e-06,1.063999434336437844e-06,1.064000002770626452e-06
1.064499997482926119e-06,1.064499542735575233e-06,1.064499997482926119e-06
1.064999992195225786e-06,1.064999537447874900e-06,1.064999992195225786e-06
1.065499986907525454e-06,1.065499418473336846e-06,1.065499986907525454e-06
1.065999981619825121e-06,1.065999526872474235e-06,1.065999981619825121e-06
1.066499976332124788e-06,1.066499521584773902e-06,1.066499976332124788e-06
1.066999971044424456e-06,1.066999402610235848e-06,1.066999971044424456e-06
1.067499965756724123e-06,1.067499511009373236e-06,1.067499965756724123e-06
1.067999960469023790e-06,1.067999505721672904e-06,1.067999960469023790e-06
1.068499955181323458e-06,1.068499500433972571e-06,1.068499955181323458e-06
1.068999949893623125e-06,1.068999381459434517e-06,1.068999949893623125e-06
1.069499944605922792e-06,1.069499489858571906e-06,1.069499944605922792e-06
1.070000053005060181e-06,1.069999598257709295e-06,1.070000053005060181e-06
1.070500047717359848e-06,1.070499592970008962e-06,1.070500047717359848e-06
1.071000042429659516e-06,1.070999473995470908e-06,1.071000042429659516e-06
1.071500037141959183e-06,1.071499582394608296e-06,1.071500037141959183e-06
1.072000031854258850e-06,1.071999577106907964e-06,1.072000031854258850e-06
1.072500026566558518e-06,1.072499458132369909e-06,1.072500026566558518e-06
1.073000021278858185e-06,1.072999452844669577e-06,1.073000021278858185e-06
1.073500015991157852e-06,1.073499561243806966e-06,1.073500015991157852e-06
1.074000010703457519e-06,1.073999555956106633e-06,1.074000010703457519e-06
1.074500005415757187e-06,1.074499436981568579e-06,1.074500005415757187e-06
1.075000000128056854e-06,1.074999545380705968e-06,1.075000000128056854e-06
1.075499994840356521e-06,1.075499540093005635e-06,1.075499994840356521e-06
1.075999989552656189e-06,1.075999421118467581e-06,1.075999989552656189e-06
1.076499984264955856e-06,1.076499415830767248e-06,1.076499984264955856e-06
1.076999978977255523e-06,1.076999524229904637e-06,1.076999978977255523e-06
1.077499973689555191e-06,1.077499518942204304e-06,1.077499973689555191e-06
1.077999968401854858e-06,1.077999399967666250e-06,1.077999968401854858e-06
1.078499963114154525e-06,1.078499508366803639e-06,1.078499963114154525e-06
1.078999957826454192e-06,1.078999503079103306e-06,1.078999957826454192e-06
1.079499952538753860e-06,1.079499384104565252e-06,1.079499952538753860e-06
1.079999947251053527e-06,1.079999378816864919e-06,1.079999947251053527e-06
1.080500055650190916e-06,1.080499600902840029e-06,1.080500055650190916e-06
1.081000050362490583e-06,1.080999595615139697e-06,1.081000050362490583e-06
1.081500045074790251e-06,1.081499476640601642e-06,1.081500045074790251e-06
1.082000039787089918e-06,1.081999471352901310e-06,1.082000039787089918e-06
1.082500034499389585e-06,1.082499579752038699e-06,1.082500034499389585e-06
1.083000029211689252e-06,1.082999574464338366e-06,1.083000029211689252e-06
1.083500023923988920e-06,1.083499455489800312e-06,1.083500023923988920e-06
1.084000018636288587e-06,1.083999563888937701e-06,1.084000018636288587e-06
1.084500013348588254e-06,1.084499558601237368e-06,1.084500013348588254e-06
1.085000008060887922e-06,1.084999439626699314e-06,1.085000008060887922e-06
1.085500002773187589e-06,1.085499434338998981e-06,1.085500002773187589e-06
1.085999997485487256e-06,1.085999542738136370e-06,1.085999997485487256e-06
1.086499992197786923e-06,1.086499537450436037e-06,1.086499992197786923e-06
1.086999986910086591e-06,1.086999418475897983e-06,1.086999986910086591e-06
1.087499981622386258e-06,1.087499526875035372e-06,1.087499981622386258e-06
1.087999976334685925e-06,1.087999521587335039e-06,1.087999976334685925e-06
1.088499971046985593e-06,1.088499402612796985e-06,1.088499971046985593e-06
1.088999965759285260e-06,1.088999397325096652e-06,1.088999965759285260e-06
1.089499960471584927e-06,1.089499505724234041e-06,1.089499960471584927e-06
1.089999955183884595e-06,1.089999386749695987e-06,1.089999955183884595e-06
1.090499949896184262e-06,1.090499381461995654e-06,1.090499949896184262e-06
1.090999944608483929e-06,1.090999489861133043e-06,1.090999944608483929e-06
1.091500053007621318e-06,1.091499598260270432e-06,1.091500053007621318e-06
1.092000047719920985e-06,1.091999592972570099e-06,1.092000047719920985e-06
1.092500042432220653e-06,1.092499473998032045e-06,1.092500042432220653e-06
1.093000037144520320e-06,1.092999468710331712e-06,1.093000037144520320e-06
1.093500031856819987e-06,1.093499577109469101e-06,1.093500031856819987e-06
1.094000026569119655e-06,1.093999458134931047e-06,1.094000026569119655e-06
1.094500021281419322e-06,1.094499452847230714e-06,1.094500021281419322e-06
1.095000015993718989e-06,1.094999561246368103e-06,1.095000015993718989e-06
1.095500010706018656e-06,1.095499555958667770e-06,1.095500010706018656e-06
1.096000005418318324e-06,1.095999436984129716e-06,1.096000005418318324e-06
1.096500000130617991e-06,1.096499545383267105e-06,1.096500000130617991e-06
1.096999994842917658e-06,1.096999540095566772e-06,1.096999994842917658e-06
1.097499989555217326e-06,1.097499421121028718e-06,1.097499989555217326e-06
1.097999984267516993e-06,1.097999415833328385e-06,1.097999984267516993e-06
1.098499978979816660e-06,1.098499524232465774e-06,1.098499978979816660e-06
1.098999973692116328e-06,1.098999405257927720e-06,1.098999973692116328e-06
1.099499968404415995e-06,1.099499399970227387e-06,1.099499968404415995e-06
1.099999963116715662e-06,1.099999508369364776e-06,1.099999963116715662e-06
1.100499957829015329e-06,1.100499503081664443e-06,1.100499957829015329e-06
1.100999952541314997e-06,1.100999384107126389e-06,1.100999952541314997e-06
1.101499947253614664e-06,1.101499378819426056e-06,1.101499947253614664e-06
1.102000055652752053e-06,1.101999487218563445e-06,1.102000055652752053e-06
1.102500050365051720e-06,1.102499595617700834e-06,1.102500050365051720e-06
1.103000045077351388e-06,1.102999476643162780e-06,1.103000045077351388e-06
1.103500039789651055e-06,1.103499471355462447e-06,1.103500039789651055e-06
1.104000034501950722e-06,1.103999579754599836e-06,1.104000034501950722e-06
1.104500029214250389e-06,1.104499574466899503e-06,1.104500029214250389e-06
1.105000023926550057e-06,1.104999455492361449e-06,1.105000023926550057e-06
1.105500018638849724e-06,1.105499450204661116e-06,1.105500018638849724e-06
1.106000013351149391e-06,1.105999558603798505e-06,1.106000013351149391e-06
1.106500008063449059e-06,1.106499439629260451e-06,1.106500008063449059e-06
1.107000002775748726e-06,1.106999434341560118e-06,1.107000002775748726e-06
1.107499997488048393e-06,1.107499542740697507e-06,1.107499997488048393e-06
1.107999992200348061e-06,1.107999537452997174e-06,1.107999992200348061e-06
1.108499986912647728e-06,1.108499418478459120e-06,1.108499986912647728e-06
1.108999981624947395e-06,1.108999526877596509e-06,1.108999981624947395e-06
1.109499976337247062e-06,1.109499521589896176e-06,1.109499976337247062e-06
1.109999971049546730e-06,1.109999402615358122e-06,1.109999971049546730e-06
1.110499965761846397e-06,1.110499397327657789e-06,1.110499965761846397e-06
1.110999960474146064e-06,1.110999505726795178e-06,1.110999960474146064e-06
1.111499955186445732e-06,1.111499386752257124e-06,1.111499955186445732e-06
1.111999949898745399e-06,1.111999381464556791e-06,1.111999949898745399e-06
1.112499944611045066e-06,1.112499489863694180e-06,1.112499944611045066e-06
1.113000053010182455e-06,1.112999598262831569e-06,1.113000053010182455e-06
1.113500047722482122e-06,1.113499592975131236e-06,1.113500047722482122e-06
1.114000042434781790e-06,1.113999474000593182e-06,1.114000042434781790e-06
1.114500037147081457e-06,1.114499468712892849e-06,1.114500037147081457e-06
1.115000031859381124e-06,1.114999577112030238e-06,1.115000031859381124e-06
1.115500026571680792e-06,1.115499458137492184e-06,1.115500026571680792e-06
1.116000021283980459e-06,1.115999452849791851e-06,1.116000021283980459e-06
1.116500015996280126e-06,1.116499561248929240e-06,1.116500015996280126e-06
1.117000010708579794e-06,1.116999555961228907e-06,1.117000010708579794e-06
1.117500005420879461e-06,1.117499436986690853e-06,1.117500005420879461e-06
1.118000000133179128e-06,1.117999431698990520e-06,1.118000000133179128e-06
1.118499994845478795e-06,1.118499540098127909e-06,1.118499994845478795e-06
1.118999989557778463e-06,1.118999421123589855e-06,1.118999989557778463e-06
1.119499984270078130e-06,1.119499415835889522e-06,1.119499984270078130e-06
1.119999978982377797e-06,1.119999524235026911e-06,1.119999978982377797e-06
1.120499973694677465e-06,1.120499405260488857e-06,1.120499973694677465e-06
1.120999968406977132e-06,1.120999399972788524e-06,1.120999968406977132e-06
1.121499963119276799e-06,1.121499394685088191e-06,1.121499963119276799e-06
1.121999957831576467e-06,1.121999503084225580e-06,1.121999957831576467e-06
1.122499952543876134e-06,1.122499384109687526e-06,1.122499952543876134e-06
1.122999947256175801e-06,1.122999378821987193e-06,1.122999947256175801e-06
1.123500055655313190e-06,1.123499487221124582e-06,1.123500055655313190e-06
1.124000050367612857e-06,1.123999595620261971e-06,1.124000050367612857e-06
1.124500045079912525e-06,1.124499476645723917e-06,1.124500045079912525e-06
1.125000039792212192e-06,1.124999471358023584e-06,1.125000039792212192e-06
1.125500034504511859e-06,1.125499579757160973e-06,1.125500034504511859e-06
1.126000029216811527e-06,1.125999574469460640e-06,1.126000029216811527e-06
1.126500023929111194e-06,1.126499455494922586e-06,1.126500023929111194e-06
1.127000018641410861e-06,1.126999450207222253e-06,1.127000018641410861e-06
1.127500013353710528e-06,1.127499558606359642e-06,1.127500013353710528e-06
1.128000008066010196e-06,1.127999439631821588e-06,1.128000008066010196e-06
1.128500002778309863e-06,1.128499434344121255e-06,1.128500002778309863e-06
1.128999997490609530e-06,1.128999542743258644e-06,1.128999997490609530e-06
1.129499992202909198e-06,1.129499423768720590e-06,1.129499992202909198e-06
1.129999986915208865e-06,1.129999418481020257e-06,1.129999986915208865e-06
1.130499981627508532e-06,1.130499413193319924e-06,1.130499981627508532e-06
1.130999976339808200e-06,1.130999521592457313e-06,1.130999976339808200e-06
1.131499971052107867e-06,1.131499402617919259e-06,1.131499971052107867e-06
1.131999965764407534e-06,1.131999397330218926e-06,1.131999965764407534e-06
1.132499960476707201e-06,1.132499505729356315e-06,1.132499960476707201e-06
1.132999955189006869e-06,1.132999386754818261e-06,1.132999955189006869e-06
1.133499949901306536e-06,1.133499381467117928e-06,1.133499949901306536e-06
1.133999944613606203e-06,1.133999376179417595e-06,1.133999944613606203e-06
1.134500053012743592e-06,1.134499484578554984e-06,1.134500053012743592e-06
1.135000047725043260e-06,1.134999592977692373e-06,1.135000047725043260e-06
1.135500042437342927e-06,1.135499474003154319e-06,1.135500042437342927e-06
1.136000037149642594e-06,1.135999468715453986e-06,1.136000037149642594e-06
1.136500031861942261e-06,1.136499577114591375e-06,1.136500031861942261e-06
1.137000026574241929e-06,1.136999458140053321e-06,1.137000026574241929e-06
1.137500021286541596e-06,1.137499452852352988e-06,1.137500021286541596e-06
1.138000015998841263e-06,1.137999561251490377e-06,1.138000015998841263e-06
1.138500010711140931e-06,1.138499442276952323e-06,1.138500010711140931e-06
1.139000005423440598e-06,1.138999436989251990e-06,1.139000005423440598e-06
1.139500000135740265e-06,1.139499431701551657e-06,1.139500000135740265e-06
1.139999994848039933e-06,1.139999540100689046e-06,1.139999994848039933e-06
1.140499989560339600e-06,1.140499421126150992e-06,1.140499989560339600e-06
1.140999984272639267e-06,1.140999415838450659e-06,1.140999984272639267e-06
1.141499978984938934e-06,1.141499524237588048e-06,1.141499978984938934e-06
1.141999973697238602e-06,1.141999405263049994e-06,1.141999973697238602e-06
1.142499968409538269e-06,1.142499399975349661e-06,1.142499968409538269e-06
1.142999963121837936e-06,1.142999394687649328e-06,1.142999963121837936e-06
1.143499957834137604e-06,1.143499503086786717e-06,1.143499957834137604e-06
1.143999952546437271e-06,1.143999384112248663e-06,1.143999952546437271e-06
1.144499947258736938e-06,1.144499378824548330e-06,1.144499947258736938e-06
1.145000055657874327e-06,1.144999487223685719e-06,1.145000055657874327e-06
1.145500050370173994e-06,1.145499595622823108e-06,1.145500050370173994e-06
1.146000045082473662e-06,1.145999476648285054e-06,1.146000045082473662e-06
1.146500039794773329e-06,1.146499471360584721e-06,1.146500039794773329e-06
1.147000034507072996e-06,1.146999466072884388e-06,1.147000034507072996e-06
1.147500029219372664e-06,1.147499460785184056e-06,1.147500029219372664e-06
1.148000023931672331e-06,1.147999455497483723e-06,1.148000023931672331e-06
1.148500018643971998e-06,1.148499450209783390e-06,1.148500018643971998e-06
1.149000013356271666e-06,1.148999558608920779e-06,1.149000013356271666e-06
1.149500008068571333e-06,1.149499439634382725e-06,1.149500008068571333e-06
1.150000002780871000e-06,1.149999434346682392e-06,1.150000002780871000e-06
1.150499997493170667e-06,1.150499429058982059e-06,1.150499997493170667e-06
1.150999992205470335e-06,1.150999423771281727e-06,1.150999992205470335e-06
1.151499986917770002e-06,1.151499418483581394e-06,1.151499986917770002e-06
1.151999981630069669e-06,1.151999413195881061e-06,1.151999981630069669e-06
1.152499976342369337e-06,1.152499521595018450e-06,1.152499976342369337e-06
1.152999971054669004e-06,1.152999402620480396e-06,1.152999971054669004e-06
1.153499965766968671e-06,1.153499397332780063e-06,1.153499965766968671e-06
1.153999960479268339e-06,1.153999505731917452e-06,1.153999960479268339e-06
1.154499955191568006e-06,1.154499386757379398e-06,1.154499955191568006e-06
1.154999949903867673e-06,1.154999381469679065e-06,1.154999949903867673e-06
1.155499944616167340e-06,1.155499376181978732e-06,1.155499944616167340e-06
1.156000053015304729e-06,1.155999484581116121e-06,1.156000053015304729e-06
1.156500047727604397e-06,1.156499479293415789e-06,1.156500047727604397e-06
1.157000042439904064e-06,1.156999474005715456e-06,1.157000042439904064e-06
1.157500037152203731e-06,1.157499468718015123e-06,1.157500037152203731e-06
1.158000031864503399e-06,1.157999577117152512e-06,1.158000031864503399e-06
1.158500026576803066e-06,1.158499458142614458e-06,1.158500026576803066e-06
1.159000021289102733e-06,1.158999452854914125e-06,1.159000021289102733e-06
1.159500016001402400e-06,1.159499447567213792e-06,1.159500016001402400e-06
1.160000010713702068e-06,1.159999442279513460e-06,1.160000010713702068e-06
1.160500005426001735e-06,1.160499436991813127e-06,1.160500005426001735e-06
1.161000000138301402e-06,1.160999431704112794e-06,1.161000000138301402e-06
1.161499994850601070e-06,1.161499540103250183e-06,1.161499994850601070e-06
1.161999989562900737e-06,1.161999421128712129e-06,1.161999989562900737e-06
1.162499984275200404e-06,1.162499415841011796e-06,1.162499984275200404e-06
1.162999978987500072e-06,1.162999410553311463e-06,1.162999978987500072e-06
1.163499973699799739e-06,1.163499405265611131e-06,1.163499973699799739e-06
1.163999968412099406e-06,1.163999399977910798e-06,1.163999968412099406e-06
1.164499963124399073e-06,1.164499394690210465e-06,1.164499963124399073e-06
1.164999957836698741e-06,1.164999389402510133e-06,1.164999957836698741e-06
1.165499952548998408e-06,1.165499384114809800e-06,1.165499952548998408e-06
1.165999947261298075e-06,1.165999378827109467e-06,1.165999947261298075e-06
1.166500055660435464e-06,1.166499487226246856e-06,1.166500055660435464e-06
1.167000050372735132e-06,1.166999595625384245e-06,1.167000050372735132e-06
1.167500045085034799e-06,1.167499476650846191e-06,1.167500045085034799e-06
1.168000039797334466e-06,1.167999471363145858e-06,1.168000039797334466e-06
1.168500034509634133e-06,1.168499466075445525e-06,1.168500034509634133e-06
1.169000029221933801e-06,1.168999460787745193e-06,1.169000029221933801e-06
1.169500023934233468e-06,1.169499455500044860e-06,1.169500023934233468e-06
1.170000018646533135e-06,1.169999450212344527e-06,1.170000018646533135e-06
1.170500013358832803e-06,1.170499558611481916e-06,1.170500013358832803e-06
1.171000008071132470e-06,1.170999439636943862e-06,1.171000008071132470e-06
1.171500002783432137e-06,1.171499434349243529e-06,1.171500002783432137e-06
1.171999997495731805e-06,1.171999429061543196e-06,1.171999997495731805e-06
1.172499992208031472e-06,1.172499423773842864e-06,1.172499992208031472e-06
1.172999986920331139e-06,1.172999418486142531e-06,1.172999986920331139e-06
1.173499981632630806e-06,1.173499413198442198e-06,1.173499981632630806e-06
1.173999976344930474e-06,1.173999521597579587e-06,1.173999976344930474e-06
1.174499971057230141e-06,1.174499402623041533e-06,1.174499971057230141e-06
1.174999965769529808e-06,1.174999397335341200e-06,1.174999965769529808e-06
1.175499960481829476e-06,1.175499392047640868e-06,1.175499960481829476e-06
1.175999955194129143e-06,1.175999386759940535e-06,1.175999955194129143e-06
1.176499949906428810e-06,1.176499381472240202e-06,1.176499949906428810e-06
1.176999944618728478e-06,1.176999376184539869e-06,1.176999944618728478e-06
1.177500053017865866e-06,1.177499484583677258e-06,1.177500053017865866e-06
1.178000047730165534e-06,1.177999479295976926e-06,1.178000047730165534e-06
1.178500042442465201e-06,1.178499474008276593e-06,1.178500042442465201e-06
1.179000037154764868e-06,1.178999468720576260e-06,1.179000037154764868e-06
1.179500031867064536e-06,1.179499463432875928e-06,1.179500031867064536e-06
1.180000026579364203e-06,1.179999458145175595e-06,1.180000026579364203e-06
1.180500021291663870e-06,1.180499452857475262e-06,1.180500021291663870e-06
1.181000016003963538e-06,1.180999447569774929e-06,1.181000016003963538e-06
1.181500010716263205e-06,1.181499442282074597e-06,1.181500010716263205e-06
1.182000005428562872e-06,1.181999436994374264e-06,1.182000005428562872e-06
1.182500000140862539e-06,1.182499431706673931e-06,1.182500000140862539e-06
1.182999994853162207e-06,1.182999540105811320e-06,1.182999994853162207e-06
1.183499989565461874e-06,1.183499421131273266e-06,1.183499989565461874e-06
1.183999984277761541e-06,1.183999415843572933e-06,1.183999984277761541e-06
1.184499978990061209e-06,1.184499410555872601e-06,1.184499978990061209e-06
1.184999973702360876e-06,1.184999405268172268e-06,1.184999973702360876e-06
1.185499968414660543e-06,1.185499399980471935e-06,1.185499968414660543e-06
1.185999963126960211e-06,1.185999394692771602e-06,1.185999963126960211e-06
1.186499957839259878e-06,1.186499389405071270e-06,1.186499957839259878e-06
1.186999952551559545e-06,1.186999384117370937e-06,1.186999952551559545e-06
1.187499947263859212e-06,1.187499378829670604e-06,1.187499947263859212e-06
1.188000055662996601e-06,1.187999487228807993e-06,1.188000055662996601e-06
1.188500050375296269e-06,1.188499481941107661e-06,1.188500050375296269e-06
1.189000045087595936e-06,1.188999476653407328e-06,1.189000045087595936e-06
1.189500039799895603e-06,1.189499471365706995e-06,1.189500039799895603e-06
1.190000034512195271e-06,1.189999466078006662e-06,1.190000034512195271e-06
1.190500029224494938e-06,1.190499460790306330e-06,1.190500029224494938e-06
1.191000023936794605e-06,1.190999455502605997e-06,1.191000023936794605e-06
1.191500018649094272e-06,1.191499450214905664e-06,1.191500018649094272e-06
1.192000013361393940e-06,1.191999444927205332e-06,1.192000013361393940e-06
1.192500008073693607e-06,1.192499439639504999e-06,1.192500008073693607e-06
1.193000002785993274e-06,1.192999434351804666e-06,1.193000002785993274e-06
1.193499997498292942e-06,1.193499429064104334e-06,1.193499997498292942e-06
1.193999992210592609e-06,1.193999423776404001e-06,1.193999992210592609e-06
1.194499986922892276e-06,1.194499418488703668e-06,1.194499986922892276e-06
1.194999981635191943e-06,1.194999413201003335e-06,1.194999981635191943e-06
1.195499976347491611e-06,1.195499407913303003e-06,1.195499976347491611e-06
1.195999971059791278e-06,1.195999402625602670e-06,1.195999971059791278e-06
1.196499965772090945e-06,1.196499397337902337e-06,1.196499965772090945e-06
1.196999960484390613e-06,1.196999392050202005e-06,1.196999960484390613e-06
1.197499955196690280e-06,1.197499386762501672e-06,1.197499955196690280e-06
1.197999949908989947e-06,1.197999381474801339e-06,1.197999949908989947e-06
1.198499944621289615e-06,1.198499376187101007e-06,1.198499944621289615e-06
1.199000053020427004e-06,1.198999484586238395e-06,1.199000053020427004e-06
1.199500047732726671e-06,1.199499479298538063e-06,1.199500047732726671e-06
1.200000042445026338e-06,1.199999474010837730e-06,1.200000042445026338e-06
1.200500037157326005e-06,1.200499468723137397e-06,1.200500037157326005e-06
1.201000031869625673e-06,1.200999463435437065e-06,1.201000031869625673e-06
1.201500026581925340e-06,1.201499458147736732e-06,1.201500026581925340e-06
1.202000021294225007e-06,1.201999452860036399e-06,1.202000021294225007e-06
1.202500016006524675e-06,1.202499447572336067e-06,1.202500016006524675e-06
1.203000010718824342e-06,1.202999442284635734e-06,1.203000010718824342e-06
1.203500005431124009e-06,1.203499436996935401e-06,1.203500005431124009e-06
1.204000000143423676e-06,1.203999431709235068e-06,1.204000000143423676e-06
1.204499994855723344e-06,1.204499426421534736e-06,1.204499994855723344e-06
1.204999989568023011e-06,1.204999421133834403e-06,1.204999989568023011e-06
1.205499984280322678e-06,1.205499415846134070e-06,1.205499984280322678e-06
1.205999978992622346e-06,1.205999410558433738e-06,1.205999978992622346e-06
1.206499973704922013e-06,1.206499405270733405e-06,1.206499973704922013e-06
1.206999968417221680e-06,1.206999399983033072e-06,1.206999968417221680e-06
1.207499963129521348e-06,1.207499394695332740e-06,1.207499963129521348e-06
1.207999957841821015e-06,1.207999389407632407e-06,1.207999957841821015e-06
1.208499952554120682e-06,1.208499384119932074e-06,1.208499952554120682e-06
1.208999947266420349e-06,1.208999378832231741e-06,1.208999947266420349e-06
1.209500055665557738e-06,1.209499487231369130e-06,1.209500055665557738e-06
1.210000050377857406e-06,1.209999481943668798e-06,1.210000050377857406e-06
1.210500045090157073e-06,1.210499476655968465e-06,1.210500045090157073e-06
1.211000039802456740e-06,1.210999471368268132e-06,1.211000039802456740e-06
1.211500034514756408e-06,1.211499466080567800e-06,1.211500034514756408e-06
1.212000029227056075e-06,1.211999460792867467e-06,1.212000029227056075e-06
1.212500023939355742e-06,1.212499455505167134e-06,1.212500023939355742e-06
1.213000018651655409e-06,1.212999450217466801e-06,1.213000018651655409e-06
1.213500013363955077e-06,1.213499444929766469e-06,1.213500013363955077e-06
1.214000008076254744e-06,1.213999439642066136e-06,1.214000008076254744e-06
1.214500002788554411e-06,1.214499434354365803e-06,1.214500002788554411e-06
1.214999997500854079e-06,1.214999429066665471e-06,1.214999997500854079e-06
1.215499992213153746e-06,1.215499423778965138e-06,1.215499992213153746e-06
1.215999986925453413e-06,1.215999418491264805e-06,1.215999986925453413e-06
1.216499981637753081e-06,1.216499413203564472e-06,1.216499981637753081e-06
1.216999976350052748e-06,1.216999407915864140e-06,1.216999976350052748e-06
1.217499971062352415e-06,1.217499402628163807e-06,1.217499971062352415e-06
1.217999965774652082e-06,1.217999397340463474e-06,1.217999965774652082e-06
1.218499960486951750e-06,1.218499392052763142e-06,1.218499960486951750e-06
1.218999955199251417e-06,1.218999386765062809e-06,1.218999955199251417e-06
1.219499949911551084e-06,1.219499381477362476e-06,1.219499949911551084e-06
1.219999944623850752e-06,1.219999376189662144e-06,1.219999944623850752e-06
1.220500053022988141e-06,1.220499484588799533e-06,1.220500053022988141e-06
1.221000047735287808e-06,1.220999479301099200e-06,1.221000047735287808e-06
1.221500042447587475e-06,1.221499474013398867e-06,1.221500042447587475e-06
1.222000037159887142e-06,1.221999468725698534e-06,1.222000037159887142e-06
1.222500031872186810e-06,1.222499463437998202e-06,1.222500031872186810e-06
1.223000026584486477e-06,1.222999458150297869e-06,1.223000026584486477e-06
1.223500021296786144e-06,1.223499452862597536e-06,1.223500021296786144e-06
1.224000016009085812e-06,1.223999447574897204e-06,1.224000016009085812e-06
1.224500010721385479e-06,1.224499442287196871e-06,1.224500010721385479e-06
1.225000005433685146e-06,1.224999436999496538e-06,1.225000005433685146e-06
1.225500000145984814e-06,1.225499431711796205e-06,1.225500000145984814e-06
1.225999994858284481e-06,1.225999426424095873e-06,1.225999994858284481e-06
1.226499989570584148e-06,1.226499421136395540e-06,1.226499989570584148e-06
1.226999984282883815e-06,1.226999415848695207e-06,1.226999984282883815e-06
1.227499978995183483e-06,1.227499410560994875e-06,1.227499978995183483e-06
1.227999973707483150e-06,1.227999405273294542e-06,1.227999973707483150e-06
1.228499968419782817e-06,1.228499399985594209e-06,1.228499968419782817e-06
1.228999963132082485e-06,1.228999394697893877e-06,1.228999963132082485e-06
1.229499957844382152e-06,1.229499389410193544e-06,1.229499957844382152e-06
1.229999952556681819e-06,1.229999384122493211e-06,1.229999952556681819e-06
1.230499947268981487e-06,1.230499378834792878e-06,1.230499947268981487e-06
1.231000055668118875e-06,1.230999487233930267e-06,1.231000055668118875e-06
1.231500050380418543e-06,1.231499481946229935e-06,1.231500050380418543e-06
1.232000045092718210e-06,1.231999476658529602e-06,1.232000045092718210e-06
1.232500039805017877e-06,1.232499471370829269e-06,1.232500039805017877e-06
1.233000034517317545e-06,1.232999466083128937e-06,1.233000034517317545e-06
1.233500029229617212e-06,1.233499460795428604e-06,1.233500029229617212e-06
1.234000023941916879e-06,1.233999455507728271e-06,1.234000023941916879e-06
1.234500018654216547e-06,1.234499450220027938e-06,1.234500018654216547e-06
1.235000013366516214e-06,1.234999444932327606e-06,1.235000013366516214e-06
1.235500008078815881e-06,1.235499439644627273e-06,1.235500008078815881e-06
1.236000002791115548e-06,1.235999434356926940e-06,1.236000002791115548e-06
1.236499997503415216e-06,1.236499429069226608e-06,1.236499997503415216e-06
1.236999992215714883e-06,1.236999423781526275e-06,1.236999992215714883e-06
1.237499986928014550e-06,1.237499418493825942e-06,1.237499986928014550e-06
1.237999981640314218e-06,1.237999413206125610e-06,1.237999981640314218e-06
1.238499976352613885e-06,1.238499407918425277e-06,1.238499976352613885e-06
1.238999971064913552e-06,1.238999402630724944e-06,1.238999971064913552e-06
1.239499965777213220e-06,1.239499397343024611e-06,1.239499965777213220e-06
1.239999960489512887e-06,1.239999392055324279e-06,1.239999960489512887e-06
1.240499955201812554e-06,1.240499386767623946e-06,1.240499955201812554e-06
1.240999949914112221e-06,1.240999381479923613e-06,1.240999949914112221e-06
1.241499944626411889e-06,1.241499376192223281e-06,1.241499944626411889e-06
1.242000053025549278e-06,1.241999484591360670e-06,1.242000053025549278e-06
1.242500047737848945e-06,1.242499479303660337e-06,1.242500047737848945e-06
1.243000042450148612e-06,1.242999474015960004e-06,1.243000042450148612e-06
1.243500037162448280e-06,1.243499468728259671e-06,1.243500037162448280e-06
1.244000031874747947e-06,1.243999463440559339e-06,1.244000031874747947e-06
1.244500026587047614e-06,1.244499458152859006e-06,1.244500026587047614e-06
1.245000021299347281e-06,1.244999452865158673e-06,1.245000021299347281e-06
1.245500016011646949e-06,1.245499447577458341e-06,1.245500016011646949e-06
1.246000010723946616e-06,1.245999442289758008e-06,1.246000010723946616e-06
1.246500005436246283e-06,1.246499437002057675e-06,1.246500005436246283e-06
1.247000000148545951e-06,1.246999431714357343e-06,1.247000000148545951e-06
1.247499994860845618e-06,1.247499426426657010e-06,1.247499994860845618e-06
1.247999989573145285e-06,1.247999421138956677e-06,1.247999989573145285e-06
1.248499984285444953e-06,1.248499415851256344e-06,1.248499984285444953e-06
1.248999978997744620e-06,1.248999410563556012e-06,1.248999978997744620e-06
1.249499973710044287e-06,1.249499405275855679e-06,1.249499973710044287e-06
1.249999968422343954e-06,1.249999399988155346e-06,1.249999968422343954e-06
1.250499963134643622e-06,1.250499394700455014e-06,1.250499963134643622e-06
1.250999957846943289e-06,1.250999389412754681e-06,1.250999957846943289e-06
1.251499952559242956e-06,1.251499384125054348e-06,1.251499952559242956e-06
1.251999947271542624e-06,1.251999378837354016e-06,1.251999947271542624e-06
1.252500055670680013e-06,1.252499487236491404e-06,1.252500055670680013e-06
1.253000050382979680e-06,1.252999368261953350e-06,1.253000050382979680e-06
1.253500045095279347e-06,1.253499476661090739e-06,1.253500045095279347e-06
1.254000039807579014e-06,1.253999471373390406e-06,1.254000039807579014e-06
1.254500034519878682e-06,1.254499466085690074e-06,1.254500034519878682e-06
1.255000029232178349e-06,1.254999460797989741e-06,1.255000029232178349e-06
1.255500023944478016e-06,1.255499455510289408e-06,1.255500023944478016e-06
1.256000018656777684e-06,1.255999450222589076e-06,1.256000018656777684e-06
1.256500013369077351e-06,1.256499444934888743e-06,1.256500013369077351e-06
1.257000008081377018e-06,1.256999439647188410e-06,1.257000008081377018e-06
1.257500002793676686e-06,1.257499434359488077e-06,1.257500002793676686e-06
1.257999997505976353e-06,1.257999429071787745e-06,1.257999997505976353e-06
1.258499992218276020e-06,1.258499423784087412e-06,1.258499992218276020e-06
1.258999986930575687e-06,1.258999418496387079e-06,1.258999986930575687e-06
1.259499981642875355e-06,1.259499413208686747e-06,1.259499981642875355e-06
1.259999976355175022e-06,1.259999407920986414e-06,1.259999976355175022e-06
1.260499971067474689e-06,1.260499402633286081e-06,1.260499971067474689e-06
1.260999965779774357e-06,1.260999397345585749e-06,1.260999965779774357e-06
1.261499960492074024e-06,1.261499278371047694e-06,1.261499960492074024e-06
1.261999955204373691e-06,1.261999386770185083e-06,1.261999955204373691e-06
1.262499949916673359e-06,1.262499381482484750e-06,1.262499949916673359e-06
1.262999944628973026e-06,1.262999376194784418e-06,1.262999944628973026e-06
1.263500053028110415e-06,1.263499484593921807e-06,1.263500053028110415e-06
1.264000047740410082e-06,1.263999479306221474e-06,1.264000047740410082e-06
1.264500042452709749e-06,1.264499474018521141e-06,1.264500042452709749e-06
1.265000037165009417e-06,1.264999468730820809e-06,1.265000037165009417e-06
1.265500031877309084e-06,1.265499349756282754e-06,1.265500031877309084e-06
1.266000026589608751e-06,1.265999458155420143e-06,1.266000026589608751e-06
1.266500021301908419e-06,1.266499452867719810e-06,1.266500021301908419e-06
1.267000016014208086e-06,1.266999447580019478e-06,1.267000016014208086e-06
1.267500010726507753e-06,1.267499442292319145e-06,1.267500010726507753e-06
1.268000005438807420e-06,1.267999437004618812e-06,1.268000005438807420e-06
1.268500000151107088e-06,1.268499431716918480e-06,1.268500000151107088e-06
1.268999994863406755e-06,1.268999426429218147e-06,1.268999994863406755e-06
1.269499989575706422e-06,1.269499421141517814e-06,1.269499989575706422e-06
1.269999984288006090e-06,1.269999415853817482e-06,1.269999984288006090e-06
1.270499979000305757e-06,1.270499296879279427e-06,1.270499979000305757e-06
1.270999973712605424e-06,1.270999405278416816e-06,1.270999973712605424e-06
1.271499968424905092e-06,1.271499399990716483e-06,1.271499968424905092e-06
1.271999963137204759e-06,1.271999394703016151e-06,1.271999963137204759e-06
1.272499957849504426e-06,1.272499389415315818e-06,1.272499957849504426e-06
1.272999952561804093e-06,1.272999384127615485e-06,1.272999952561804093e-06
1.273499947274103761e-06,1.273499378839915153e-06,1.273499947274103761e-06
1.274000055673241150e-06,1.273999487239052542e-06,1.274000055673241150e-06
1.274500050385540817e-06,1.274499368264514487e-06,1.274500050385540817e-06
1.275000045097840484e-06,1.274999476663651876e-06,1.275000045097840484e-06
1.275500039810140152e-06,1.275499471375951543e-06,1.275500039810140152e-06
1.276000034522439819e-06,1.275999466088251211e-06,1.276000034522439819e-06
1.276500029234739486e-06,1.276499460800550878e-06,1.276500029234739486e-06
1.277000023947039153e-06,1.276999455512850545e-06,1.277000023947039153e-06
1.277500018659338821e-06,1.277499450225150213e-06,1.277500018659338821e-06
1.278000013371638488e-06,1.277999331250612158e-06,1.278000013371638488e-06
1.278500008083938155e-06,1.278499439649749547e-06,1.278500008083938155e-06
1.279000002796237823e-06,1.278999434362049215e-06,1.279000002796237823e-06
1.279499997508537490e-06,1.279499315387511160e-06,1.279499997508537490e-06
1.279999992220837157e-06,1.279999423786648549e-06,1.279999992220837157e-06
1.280499986933136825e-06,1.280499418498948216e-06,1.280499986933136825e-06
1.280999981645436492e-06,1.280999413211247884e-06,1.280999981645436492e-06
1.281499976357736159e-06,1.281499294236709829e-06,1.281499976357736159e-06
1.281999971070035826e-06,1.281999402635847218e-06,1.281999971070035826e-06
1.282499965782335494e-06,1.282499397348146886e-06,1.282499965782335494e-06
1.282999960494635161e-06,1.282999278373608831e-06,1.282999960494635161e-06
1.283499955206934828e-06,1.283499386772746220e-06,1.283499955206934828e-06
1.283999949919234496e-06,1.283999381485045888e-06,1.283999949919234496e-06
1.284499944631534163e-06,1.284499376197345555e-06,1.284499944631534163e-06
1.285000053030671552e-06,1.284999484596482944e-06,1.285000053030671552e-06
1.285500047742971219e-06,1.285499479308782611e-06,1.285500047742971219e-06
1.286000042455270886e-06,1.285999474021082278e-06,1.286000042455270886e-06
1.286500037167570554e-06,1.286499468733381946e-06,1.286500037167570554e-06
1.287000031879870221e-06,1.286999349758843891e-06,1.287000031879870221e-06
1.287500026592169888e-06,1.287499458157981280e-06,1.287500026592169888e-06
1.288000021304469556e-06,1.287999452870280948e-06,1.288000021304469556e-06
1.288500016016769223e-06,1.288499333895742893e-06,1.288500016016769223e-06
1.289000010729068890e-06,1.288999442294880282e-06,1.289000010729068890e-06
1.289500005441368558e-06,1.289499437007179949e-06,1.289500005441368558e-06
1.290000000153668225e-06,1.289999431719479617e-06,1.290000000153668225e-06
1.290499994865967892e-06,1.290499312744941562e-06,1.290499994865967892e-06
1.290999989578267559e-06,1.290999421144078951e-06,1.290999989578267559e-06
1.291499984290567227e-06,1.291499415856378619e-06,1.291499984290567227e-06
1.291999979002866894e-06,1.291999296881840564e-06,1.291999979002866894e-06
1.292499973715166561e-06,1.292499405280977953e-06,1.292499973715166561e-06
1.292999968427466229e-06,1.292999399993277621e-06,1.292999968427466229e-06
1.293499963139765896e-06,1.293499394705577288e-06,1.293499963139765896e-06
1.293999957852065563e-06,1.293999275731039234e-06,1.293999957852065563e-06
1.294499952564365231e-06,1.294499384130176622e-06,1.294499952564365231e-06
1.294999947276664898e-06,1.294999378842476290e-06,1.294999947276664898e-06
1.295500055675802287e-06,1.295499487241613679e-06,1.295500055675802287e-06
1.296000050388101954e-06,1.295999368267075624e-06,1.296000050388101954e-06
1.296500045100401621e-06,1.296499476666213013e-06,1.296500045100401621e-06
1.297000039812701289e-06,1.296999471378512681e-06,1.297000039812701289e-06
1.297500034525000956e-06,1.297499352403974626e-06,1.297500034525000956e-06
1.298000029237300623e-06,1.297999460803112015e-06,1.298000029237300623e-06
1.298500023949600291e-06,1.298499455515411682e-06,1.298500023949600291e-06
1.299000018661899958e-06,1.298999450227711350e-06,1.299000018661899958e-06
1.299500013374199625e-06,1.299499331253173295e-06,1.299500013374199625e-06
1.300000008086499292e-06,1.299999439652310684e-06,1.300000008086499292e-06
1.300500002798798960e-06,1.300499434364610352e-06,1.300500002798798960e-06
1.300999997511098627e-06,1.300999315390072297e-06,1.300999997511098627e-06
1.301499992223398294e-06,1.301499423789209686e-06,1.301499992223398294e-06
1.301999986935697962e-06,1.301999418501509354e-06,1.301999986935697962e-06
1.302499981647997629e-06,1.302499413213809021e-06,1.302499981647997629e-06
1.302999976360297296e-06,1.302999294239270967e-06,1.302999976360297296e-06
1.303499971072596963e-06,1.303499402638408355e-06,1.303499971072596963e-06
1.303999965784896631e-06,1.303999397350708023e-06,1.303999965784896631e-06
1.304499960497196298e-06,1.304499278376169968e-06,1.304499960497196298e-06
1.304999955209495965e-06,1.304999386775307357e-06,1.304999955209495965e-06
1.305499949921795633e-06,1.305499381487607025e-06,1.305499949921795633e-06
1.305999944634095300e-06,1.305999376199906692e-06,1.305999944634095300e-06
1.306500053033232689e-06,1.306499370912206359e-06,1.306500053033232689e-06
1.307000047745532356e-06,1.306999365624506027e-06,1.307000047745532356e-06
1.307500042457832024e-06,1.307499474023643415e-06,1.307500042457832024e-06
1.308000037170131691e-06,1.307999468735943083e-06,1.308000037170131691e-06
1.308500031882431358e-06,1.308499349761405028e-06,1.308500031882431358e-06
1.309000026594731025e-06,1.308999458160542417e-06,1.309000026594731025e-06
1.309500021307030693e-06,1.309499452872842085e-06,1.309500021307030693e-06
1.310000016019330360e-06,1.309999333898304030e-06,1.310000016019330360e-06
1.310500010731630027e-06,1.310499328610603698e-06,1.310500010731630027e-06
1.311000005443929695e-06,1.310999437009741087e-06,1.311000005443929695e-06
1.311500000156229362e-06,1.311499431722040754e-06,1.311500000156229362e-06
1.311999994868529029e-06,1.311999312747502699e-06,1.311999994868529029e-06
1.312499989580828696e-06,1.312499421146640088e-06,1.312499989580828696e-06
1.312999984293128364e-06,1.312999415858939756e-06,1.312999984293128364e-06
1.313499979005428031e-06,1.313499296884401701e-06,1.313499979005428031e-06
1.313999973717727698e-06,1.313999405283539090e-06,1.313999973717727698e-06
1.314499968430027366e-06,1.314499399995838758e-06,1.314499968430027366e-06
1.314999963142327033e-06,1.314999394708138425e-06,1.314999963142327033e-06
1.315499957854626700e-06,1.315499275733600371e-06,1.315499957854626700e-06
1.315999952566926368e-06,1.315999384132737760e-06,1.315999952566926368e-06
1.316499947279226035e-06,1.316499378845037427e-06,1.316499947279226035e-06
1.317000055678363424e-06,1.316999487244174816e-06,1.317000055678363424e-06
1.317500050390663091e-06,1.317499368269636761e-06,1.317500050390663091e-06
1.318000045102962758e-06,1.317999476668774150e-06,1.318000045102962758e-06
1.318500039815262426e-06,1.318499471381073818e-06,1.318500039815262426e-06
1.319000034527562093e-06,1.318999352406535763e-06,1.319000034527562093e-06
1.319500029239861760e-06,1.319499347118835431e-06,1.319500029239861760e-06
1.320000023952161428e-06,1.319999455517972820e-06,1.320000023952161428e-06
1.320500018664461095e-06,1.320499450230272487e-06,1.320500018664461095e-06
1.321000013376760762e-06,1.320999331255734432e-06,1.321000013376760762e-06
1.321500008089060429e-06,1.321499439654871821e-06,1.321500008089060429e-06
1.322000002801360097e-06,1.321999434367171489e-06,1.322000002801360097e-06
1.322499997513659764e-06,1.322499315392633434e-06,1.322499997513659764e-06
1.322999992225959431e-06,1.322999310104933102e-06,1.322999992225959431e-06
1.323499986938259099e-06,1.323499418504070491e-06,1.323499986938259099e-06
1.323999981650558766e-06,1.323999413216370158e-06,1.323999981650558766e-06
1.324499976362858433e-06,1.324499294241832104e-06,1.324499976362858433e-06
1.324999971075158101e-06,1.324999402640969492e-06,1.324999971075158101e-06
1.325499965787457768e-06,1.325499397353269160e-06,1.325499965787457768e-06
1.325999960499757435e-06,1.325999278378731105e-06,1.325999960499757435e-06
1.326499955212057102e-06,1.326499273091030773e-06,1.326499955212057102e-06
1.326999949924356770e-06,1.326999381490168162e-06,1.326999949924356770e-06
1.327499944636656437e-06,1.327499262515630107e-06,1.327499944636656437e-06
1.328000053035793826e-06,1.327999370914767496e-06,1.328000053035793826e-06
1.328500047748093493e-06,1.328499365627067164e-06,1.328500047748093493e-06
1.329000042460393161e-06,1.328999474026204553e-06,1.329000042460393161e-06
1.329500037172692828e-06,1.329499468738504220e-06,1.329500037172692828e-06
1.330000031884992495e-06,1.329999349763966165e-06,1.330000031884992495e-06
1.330500026597292162e-06,1.330499458163103554e-06,1.330500026597292162e-06
1.331000021309591830e-06,1.330999452875403222e-06,1.331000021309591830e-06
1.331500016021891497e-06,1.331499333900865167e-06,1.331500016021891497e-06
1.332000010734191164e-06,1.331999328613164835e-06,1.332000010734191164e-06
1.332500005446490832e-06,1.332499437012302224e-06,1.332500005446490832e-06
1.333000000158790499e-06,1.332999431724601891e-06,1.333000000158790499e-06
1.333499994871090166e-06,1.333499312750063837e-06,1.333499994871090166e-06
1.333999989583389834e-06,1.333999421149201225e-06,1.333999989583389834e-06
1.334499984295689501e-06,1.334499415861500893e-06,1.334499984295689501e-06
1.334999979007989168e-06,1.334999296886962838e-06,1.334999979007989168e-06
1.335499973720288835e-06,1.335499291599262506e-06,1.335499973720288835e-06
1.335999968432588503e-06,1.335999399998399895e-06,1.335999968432588503e-06
1.336499963144888170e-06,1.336499281023861840e-06,1.336499963144888170e-06
1.336999957857187837e-06,1.336999275736161508e-06,1.336999957857187837e-06
1.337499952569487505e-06,1.337499384135298897e-06,1.337499952569487505e-06
1.337999947281787172e-06,1.337999378847598564e-06,1.337999947281787172e-06
1.338500055680924561e-06,1.338499487246735953e-06,1.338500055680924561e-06
1.339000050393224228e-06,1.338999368272197898e-06,1.339000050393224228e-06
1.339500045105523895e-06,1.339499362984497566e-06,1.339500045105523895e-06
1.340000039817823563e-06,1.339999471383634955e-06,1.340000039817823563e-06
1.340500034530123230e-06,1.340499352409096900e-06,1.340500034530123230e-06
1.341000029242422897e-06,1.340999347121396568e-06,1.341000029242422897e-06
1.341500023954722565e-06,1.341499455520533957e-06,1.341500023954722565e-06
1.342000018667022232e-06,1.341999450232833624e-06,1.342000018667022232e-06
1.342500013379321899e-06,1.342499331258295570e-06,1.342500013379321899e-06
1.343000008091621567e-06,1.342999439657432958e-06,1.343000008091621567e-06
1.343500002803921234e-06,1.343499434369732626e-06,1.343500002803921234e-06
1.343999997516220901e-06,1.343999315395194571e-06,1.343999997516220901e-06
1.344499992228520568e-06,1.344499310107494239e-06,1.344499992228520568e-06
1.344999986940820236e-06,1.344999418506631628e-06,1.344999986940820236e-06
1.345499981653119903e-06,1.345499299532093573e-06,1.345499981653119903e-06
1.345999976365419570e-06,1.345999294244393241e-06,1.345999976365419570e-06
1.346499971077719238e-06,1.346499402643530630e-06,1.346499971077719238e-06
1.346999965790018905e-06,1.346999397355830297e-06,1.346999965790018905e-06
1.347499960502318572e-06,1.347499278381292243e-06,1.347499960502318572e-06
1.347999955214618240e-06,1.347999273093591910e-06,1.347999955214618240e-06
1.348499949926917907e-06,1.348499381492729299e-06,1.348499949926917907e-06
1.348999944639217574e-06,1.348999262518191244e-06,1.348999944639217574e-06
1.349500053038354963e-06,1.349499370917328633e-06,1.349500053038354963e-06
1.350000047750654630e-06,1.349999365629628301e-06,1.350000047750654630e-06
1.350500042462954298e-06,1.350499474028765690e-06,1.350500042462954298e-06
1.351000037175253965e-06,1.350999468741065357e-06,1.351000037175253965e-06
1.351500031887553632e-06,1.351499349766527303e-06,1.351500031887553632e-06
1.352000026599853300e-06,1.351999344478826970e-06,1.352000026599853300e-06
1.352500021312152967e-06,1.352499452877964359e-06,1.352500021312152967e-06
1.353000016024452634e-06,1.352999333903426304e-06,1.353000016024452634e-06
1.353500010736752301e-06,1.353499328615725972e-06,1.353500010736752301e-06
1.354000005449051969e-06,1.353999437014863361e-06,1.354000005449051969e-06
1.354500000161351636e-06,1.354499318040325306e-06,1.354500000161351636e-06
1.354999994873651303e-06,1.354999312752624974e-06,1.354999994873651303e-06
1.355499989585950971e-06,1.355499421151762363e-06,1.355499989585950971e-06
1.355999984298250638e-06,1.355999415864062030e-06,1.355999984298250638e-06
1.356499979010550305e-06,1.356499296889523976e-06,1.356499979010550305e-06
1.356999973722849973e-06,1.356999291601823643e-06,1.356999973722849973e-06
1.357499968435149640e-06,1.357499400000961032e-06,1.357499968435149640e-06
1.357999963147449307e-06,1.357999281026422977e-06,1.357999963147449307e-06
1.358499957859748974e-06,1.358499275738722645e-06,1.358499957859748974e-06
1.358999952572048642e-06,1.358999384137860034e-06,1.358999952572048642e-06
1.359499947284348309e-06,1.359499378850159701e-06,1.359499947284348309e-06
1.360000055683485698e-06,1.359999487249297090e-06,1.360000055683485698e-06
1.360500050395785365e-06,1.360499368274759036e-06,1.360500050395785365e-06
1.361000045108085033e-06,1.360999362987058703e-06,1.361000045108085033e-06
1.361500039820384700e-06,1.361499471386196092e-06,1.361500039820384700e-06
1.362000034532684367e-06,1.361999352411658037e-06,1.362000034532684367e-06
1.362500029244984034e-06,1.362499347123957705e-06,1.362500029244984034e-06
1.363000023957283702e-06,1.362999455523095094e-06,1.363000023957283702e-06
1.363500018669583369e-06,1.363499336548557039e-06,1.363500018669583369e-06
1.364000013381883036e-06,1.363999331260856707e-06,1.364000013381883036e-06
1.364500008094182704e-06,1.364499325973156374e-06,1.364500008094182704e-06
1.365000002806482371e-06,1.364999434372293763e-06,1.365000002806482371e-06
1.365499997518782038e-06,1.365499315397755709e-06,1.365499997518782038e-06
1.365999992231081706e-06,1.365999310110055376e-06,1.365999992231081706e-06
1.366499986943381373e-06,1.366499418509192765e-06,1.366499986943381373e-06
1.366999981655681040e-06,1.366999299534654710e-06,1.366999981655681040e-06
1.367499976367980707e-06,1.367499294246954378e-06,1.367499976367980707e-06
1.367999971080280375e-06,1.367999288959254045e-06,1.367999971080280375e-06
1.368499965792580042e-06,1.368499397358391434e-06,1.368499965792580042e-06
1.368999960504879709e-06,1.368999278383853380e-06,1.368999960504879709e-06
1.369499955217179377e-06,1.369499273096153047e-06,1.369499955217179377e-06
1.369999949929479044e-06,1.369999381495290436e-06,1.369999949929479044e-06
1.370499944641778711e-06,1.370499262520752382e-06,1.370499944641778711e-06
1.371000053040916100e-06,1.370999370919889770e-06,1.371000053040916100e-06
1.371500047753215767e-06,1.371499365632189438e-06,1.371500047753215767e-06
1.372000042465515435e-06,1.371999474031326827e-06,1.372000042465515435e-06
1.372500037177815102e-06,1.372499355056788772e-06,1.372500037177815102e-06
1.373000031890114769e-06,1.372999349769088440e-06,1.373000031890114769e-06
1.373500026602414437e-06,1.373499344481388107e-06,1.373500026602414437e-06
1.374000021314714104e-06,1.373999452880525496e-06,1.374000021314714104e-06
1.374500016027013771e-06,1.374499333905987442e-06,1.374500016027013771e-06
1.375000010739313439e-06,1.374999328618287109e-06,1.375000010739313439e-06
1.375500005451613106e-06,1.375499437017424498e-06,1.375500005451613106e-06
1.376000000163912773e-06,1.375999318042886443e-06,1.376000000163912773e-06
1.376499994876212440e-06,1.376499312755186111e-06,1.376499994876212440e-06
1.376999989588512108e-06,1.376999307467485778e-06,1.376999989588512108e-06
1.377499984300811775e-06,1.377499415866623167e-06,1.377499984300811775e-06
1.377999979013111442e-06,1.377999296892085113e-06,1.377999979013111442e-06
1.378499973725411110e-06,1.378499291604384780e-06,1.378499973725411110e-06
1.378999968437710777e-06,1.378999400003522169e-06,1.378999968437710777e-06
1.379499963150010444e-06,1.379499281028984115e-06,1.379499963150010444e-06
1.379999957862310112e-06,1.379999275741283782e-06,1.379999957862310112e-06
1.380499952574609779e-06,1.380499270453583449e-06,1.380499952574609779e-06
1.380999947286909446e-06,1.380999378852720838e-06,1.380999947286909446e-06
1.381500055686046835e-06,1.381499373565020505e-06,1.381500055686046835e-06
1.382000050398346502e-06,1.381999368277320173e-06,1.382000050398346502e-06
1.382500045110646170e-06,1.382499362989619840e-06,1.382500045110646170e-06
1.383000039822945837e-06,1.382999471388757229e-06,1.383000039822945837e-06
1.383500034535245504e-06,1.383499352414219175e-06,1.383500034535245504e-06
1.384000029247545172e-06,1.383999347126518842e-06,1.384000029247545172e-06
1.384500023959844839e-06,1.384499455525656231e-06,1.384500023959844839e-06
1.385000018672144506e-06,1.384999336551118176e-06,1.385000018672144506e-06
1.385500013384444173e-06,1.385499331263417844e-06,1.385500013384444173e-06
1.386000008096743841e-06,1.385999325975717511e-06,1.386000008096743841e-06
1.386500002809043508e-06,1.386499434374854900e-06,1.386500002809043508e-06
1.386999997521343175e-06,1.386999315400316846e-06,1.386999997521343175e-06
1.387499992233642843e-06,1.387499310112616513e-06,1.387499992233642843e-06
1.387999986945942510e-06,1.387999418511753902e-06,1.387999986945942510e-06
1.388499981658242177e-06,1.388499299537215848e-06,1.388499981658242177e-06
1.388999976370541845e-06,1.388999294249515515e-06,1.388999976370541845e-06
1.389499971082841512e-06,1.389499288961815182e-06,1.389499971082841512e-06
1.389999965795141179e-06,1.389999397360952571e-06,1.389999965795141179e-06
1.390499960507440846e-06,1.390499278386414517e-06,1.390499960507440846e-06
1.390999955219740514e-06,1.390999273098714184e-06,1.390999955219740514e-06
1.391499949932040181e-06,1.391499381497851573e-06,1.391499949932040181e-06
1.391999944644339848e-06,1.391999262523313519e-06,1.391999944644339848e-06
1.392500053043477237e-06,1.392499370922450908e-06,1.392500053043477237e-06
1.393000047755776905e-06,1.392999365634750575e-06,1.393000047755776905e-06
1.393500042468076572e-06,1.393499360347050242e-06,1.393500042468076572e-06
1.394000037180376239e-06,1.393999355059349909e-06,1.394000037180376239e-06
1.394500031892675906e-06,1.394499349771649577e-06,1.394500031892675906e-06
1.395000026604975574e-06,1.394999344483949244e-06,1.395000026604975574e-06
1.395500021317275241e-06,1.395499452883086633e-06,1.395500021317275241e-06
1.396000016029574908e-06,1.395999333908548579e-06,1.396000016029574908e-06
1.396500010741874576e-06,1.396499328620848246e-06,1.396500010741874576e-06
1.397000005454174243e-06,1.396999323333147913e-06,1.397000005454174243e-06
1.397500000166473910e-06,1.397499318045447581e-06,1.397500000166473910e-06
1.397999994878773578e-06,1.397999312757747248e-06,1.397999994878773578e-06
1.398499989591073245e-06,1.398499307470046915e-06,1.398499989591073245e-06
1.398999984303372912e-06,1.398999415869184304e-06,1.398999984303372912e-06
1.399499979015672579e-06,1.399499296894646250e-06,1.399499979015672579e-06
1.399999973727972247e-06,1.399999291606945917e-06,1.399999973727972247e-06
1.400499968440271914e-06,1.400499400006083306e-06,1.400499968440271914e-06
1.400999963152571581e-06,1.400999281031545252e-06,1.400999963152571581e-06
1.401499957864871249e-06,1.401499275743844919e-06,1.401499957864871249e-06
1.401999952577170916e-06,1.401999270456144586e-06,1.401999952577170916e-06
1.402499947289470583e-06,1.402499265168444254e-06,1.402499947289470583e-06
1.403000055688607972e-06,1.402999373567581642e-06,1.403000055688607972e-06
1.403500050400907639e-06,1.403499368279881310e-06,1.403500050400907639e-06
1.404000045113207307e-06,1.403999362992180977e-06,1.404000045113207307e-06
1.404500039825506974e-06,1.404499471391318366e-06,1.404500039825506974e-06
1.405000034537806641e-06,1.404999352416780312e-06,1.405000034537806641e-06
1.405500029250106309e-06,1.405499347129079979e-06,1.405500029250106309e-06
1.406000023962405976e-06,1.405999341841379646e-06,1.406000023962405976e-06
1.406500018674705643e-06,1.406499336553679314e-06,1.406500018674705643e-06
1.407000013387005311e-06,1.406999331265978981e-06,1.407000013387005311e-06
1.407500008099304978e-06,1.407499325978278648e-06,1.407500008099304978e-06
1.408000002811604645e-06,1.407999434377416037e-06,1.408000002811604645e-06
1.408499997523904312e-06,1.408499315402877983e-06,1.408499997523904312e-06
1.408999992236203980e-06,1.408999310115177650e-06,1.408999992236203980e-06
1.409499986948503647e-06,1.409499304827477317e-06,1.409499986948503647e-06
1.409999981660803314e-06,1.409999299539776985e-06,1.409999981660803314e-06
1.410499976373102982e-06,1.410499294252076652e-06,1.410499976373102982e-06
1.410999971085402649e-06,1.410999288964376319e-06,1.410999971085402649e-06
1.411499965797702316e-06,1.411499283676675986e-06,1.411499965797702316e-06
1.411999960510001983e-06,1.411999278388975654e-06,1.411999960510001983e-06
1.412499955222301651e-06,1.412499273101275321e-06,1.412499955222301651e-06
1.412999949934601318e-06,1.412999267813574988e-06,1.412999949934601318e-06
1.413499944646900985e-06,1.413499262525874656e-06,1.413499944646900985e-06
1.414000053046038374e-06,1.413999370925012045e-06,1.414000053046038374e-06
1.414500047758338042e-06,1.414499365637311712e-06,1.414500047758338042e-06
1.415000042470637709e-06,1.414999360349611379e-06,1.415000042470637709e-06
1.415500037182937376e-06,1.415499355061911047e-06,1.415500037182937376e-06
1.416000031895237043e-06,1.415999349774210714e-06,1.416000031895237043e-06
1.416500026607536711e-06,1.416499344486510381e-06,1.416500026607536711e-06
1.417000021319836378e-06,1.416999452885647770e-06,1.417000021319836378e-06
1.417500016032136045e-06,1.417499333911109716e-06,1.417500016032136045e-06
1.418000010744435713e-06,1.417999328623409383e-06,1.418000010744435713e-06
1.418500005456735380e-06,1.418499323335709050e-06,1.418500005456735380e-06
1.419000000169035047e-06,1.418999318048008718e-06,1.419000000169035047e-06
1.419499994881334715e-06,1.419499312760308385e-06,1.419499994881334715e-06
1.419999989593634382e-06,1.419999307472608052e-06,1.419999989593634382e-06
1.420499984305934049e-06,1.420499302184907719e-06,1.420499984305934049e-06
1.420999979018233716e-06,1.420999296897207387e-06,1.420999979018233716e-06
1.421499973730533384e-06,1.421499291609507054e-06,1.421499973730533384e-06
1.421999968442833051e-06,1.421999286321806721e-06,1.421999968442833051e-06
1.422499963155132718e-06,1.422499281034106389e-06,1.422499963155132718e-06
1.422999957867432386e-06,1.422999275746406056e-06,1.422999957867432386e-06
1.423499952579732053e-06,1.423499270458705723e-06,1.423499952579732053e-06
1.423999947292031720e-06,1.423999265171005391e-06,1.423999947292031720e-06
1.424500055691169109e-06,1.424499373570142779e-06,1.424500055691169109e-06
1.425000050403468776e-06,1.424999368282442447e-06,1.425000050403468776e-06
1.425500045115768444e-06,1.425499362994742114e-06,1.425500045115768444e-06
1.426000039828068111e-06,1.425999357707041781e-06,1.426000039828068111e-06
1.426500034540367778e-06,1.426499352419341449e-06,1.426500034540367778e-06
1.427000029252667446e-06,1.426999347131641116e-06,1.427000029252667446e-06
1.427500023964967113e-06,1.427499341843940783e-06,1.427500023964967113e-06
1.428000018677266780e-06,1.427999336556240451e-06,1.428000018677266780e-06
1.428500013389566448e-06,1.428499331268540118e-06,1.428500013389566448e-06
1.429000008101866115e-06,1.428999325980839785e-06,1.429000008101866115e-06
1.429500002814165782e-06,1.429499320693139452e-06,1.429500002814165782e-06
1.429999997526465449e-06,1.429999315405439120e-06,1.429999997526465449e-06
1.430499992238765117e-06,1.430499310117738787e-06,1.430499992238765117e-06
1.430999986951064784e-06,1.430999304830038454e-06,1.430999986951064784e-06
1.431499981663364451e-06,1.431499299542338122e-06,1.431499981663364451e-06
1.431999976375664119e-06,1.431999294254637789e-06,1.431999976375664119e-06
1.432499971087963786e-06,1.432499288966937456e-06,1.432499971087963786e-06
1.432999965800263453e-06,1.432999283679237124e-06,1.432999965800263453e-06
1.433499960512563121e-06,1.433499278391536791e-06,1.433499960512563121e-06
1.433999955224862788e-06,1.433999273103836458e-06,1.433999955224862788e-06
1.434499949937162455e-06,1.434499267816136125e-06,1.434499949937162455e-06
1.434999944649462122e-06,1.434999262528435793e-06,1.434999944649462122e-06
1.435500053048599511e-06,1.435499370927573182e-06,1.435500053048599511e-06
1.436000047760899179e-06,1.435999365639872849e-06,1.436000047760899179e-06
1.436500042473198846e-06,1.436499360352172516e-06,1.436500042473198846e-06
1.437000037185498513e-06,1.436999355064472184e-06,1.437000037185498513e-06
1.437500031897798181e-06,1.437499349776771851e-06,1.437500031897798181e-06
1.438000026610097848e-06,1.437999344489071518e-06,1.438000026610097848e-06
1.438500021322397515e-06,1.438499339201371185e-06,1.438500021322397515e-06
1.439000016034697182e-06,1.438999333913670853e-06,1.439000016034697182e-06
1.439500010746996850e-06,1.439499328625970520e-06,1.439500010746996850e-06
1.440000005459296517e-06,1.439999323338270187e-06,1.440000005459296517e-06
1.440500000171596184e-06,1.440499318050569855e-06,1.440500000171596184e-06
1.440999994883895852e-06,1.440999312762869522e-06,1.440999994883895852e-06
1.441499989596195519e-06,1.441499307475169189e-06,1.441499989596195519e-06
1.441999984308495186e-06,1.441999302187468857e-06,1.441999984308495186e-06
1.442499979020794854e-06,1.442499296899768524e-06,1.442499979020794854e-06
1.442999973733094521e-06,1.442999291612068191e-06,1.442999973733094521e-06
1.443499968445394188e-06,1.443499286324367858e-06,1.443499968445394188e-06
1.443999963157693855e-06,1.443999281036667526e-06,1.443999963157693855e-06
1.444499957869993523e-06,1.444499275748967193e-06,1.444499957869993523e-06
1.444999952582293190e-06,1.444999270461266860e-06,1.444999952582293190e-06
1.445499947294592857e-06,1.445499265173566528e-06,1.445499947294592857e-06
1.446000055693730246e-06,1.445999373572703917e-06,1.446000055693730246e-06
1.446500050406029914e-06,1.446499368285003584e-06,1.446500050406029914e-06
1.447000045118329581e-06,1.446999362997303251e-06,1.447000045118329581e-06
1.447500039830629248e-06,1.447499357709602918e-06,1.447500039830629248e-06
1.448000034542928915e-06,1.447999352421902586e-06,1.448000034542928915e-06
1.448500029255228583e-06,1.448499347134202253e-06,1.448500029255228583e-06
1.449000023967528250e-06,1.448999341846501920e-06,1.449000023967528250e-06
1.449500018679827917e-06,1.449499336558801588e-06,1.449500018679827917e-06
1.450000013392127585e-06,1.449999331271101255e-06,1.450000013392127585e-06
1.450500008104427252e-06,1.450499325983400922e-06,1.450500008104427252e-06
1.451000002816726919e-06,1.450999320695700590e-06,1.451000002816726919e-06
1.451499997529026587e-06,1.451499315408000257e-06,1.451499997529026587e-06
1.451999992241326254e-06,1.451999310120299924e-06,1.451999992241326254e-06
1.452499986953625921e-06,1.452499304832599591e-06,1.452499986953625921e-06
1.452999981665925588e-06,1.452999299544899259e-06,1.452999981665925588e-06
1.453499976378225256e-06,1.453499294257198926e-06,1.453499976378225256e-06
1.453999971090524923e-06,1.453999288969498593e-06,1.453999971090524923e-06
1.454499965802824590e-06,1.454499283681798261e-06,1.454499965802824590e-06
1.454999960515124258e-06,1.454999278394097928e-06,1.454999960515124258e-06
1.455499955227423925e-06,1.455499273106397595e-06,1.455499955227423925e-06
1.455999949939723592e-06,1.455999267818697263e-06,1.455999949939723592e-06
1.456499944652023260e-06,1.456499262530996930e-06,1.456499944652023260e-06
1.457000053051160648e-06,1.456999370930134319e-06,1.457000053051160648e-06
1.457500047763460316e-06,1.457499365642433986e-06,1.457500047763460316e-06
1.458000042475759983e-06,1.457999360354733653e-06,1.458000042475759983e-06
1.458500037188059650e-06,1.458499355067033321e-06,1.458500037188059650e-06
1.459000031900359318e-06,1.458999349779332988e-06,1.459000031900359318e-06
1.459500026612658985e-06,1.459499344491632655e-06,1.459500026612658985e-06
1.460000021324958652e-06,1.459999339203932323e-06,1.460000021324958652e-06
1.460500016037258320e-06,1.460499333916231990e-06,1.460500016037258320e-06
1.461000010749557987e-06,1.460999328628531657e-06,1.461000010749557987e-06
1.461500005461857654e-06,1.461499323340831324e-06,1.461500005461857654e-06
1.462000000174157321e-06,1.461999318053130992e-06,1.462000000174157321e-06
1.462499994886456989e-06,1.462499312765430659e-06,1.462499994886456989e-06
1.462999989598756656e-06,1.462999307477730326e-06,1.462999989598756656e-06
1.463499984311056323e-06,1.463499302190029994e-06,1.463499984311056323e-06
1.463999979023355991e-06,1.463999296902329661e-06,1.463999979023355991e-06
1.464499973735655658e-06,1.464499291614629328e-06,1.464499973735655658e-06
1.464999968447955325e-06,1.464999286326928996e-06,1.464999968447955325e-06
1.465499963160254993e-06,1.465499281039228663e-06,1.465499963160254993e-06
1.465999957872554660e-06,1.465999275751528330e-06,1.465999957872554660e-06
1.466499952584854327e-06,1.466499270463827997e-06,1.466499952584854327e-06
1.466999947297153994e-06,1.466999265176127665e-06,1.466999947297153994e-06
1.467500055696291383e-06,1.467499373575265054e-06,1.467500055696291383e-06
1.468000050408591051e-06,1.467999368287564721e-06,1.468000050408591051e-06
1.468500045120890718e-06,1.468499362999864388e-06,1.468500045120890718e-06
1.469000039833190385e-06,1.468999357712164056e-06,1.469000039833190385e-06
1.469500034545490053e-06,1.469499352424463723e-06,1.469500034545490053e-06
1.470000029257789720e-06,1.469999347136763390e-06,1.470000029257789720e-06
1.470500023970089387e-06,1.470499341849063057e-06,1.470500023970089387e-06
1.471000018682389054e-06,1.470999336561362725e-06,1.471000018682389054e-06
1.471500013394688722e-06,1.471499331273662392e-06,1.471500013394688722e-06
1.472000008106988389e-06,1.471999325985962059e-06,1.472000008106988389e-06
1.472500002819288056e-06,1.472499320698261727e-06,1.472500002819288056e-06
1.472999997531587724e-06,1.472999315410561394e-06,1.472999997531587724e-06
1.473499992243887391e-06,1.473499310122861061e-06,1.473499992243887391e-06
1.473999986956187058e-06,1.473999304835160729e-06,1.473999986956187058e-06
1.474499981668486726e-06,1.474499299547460396e-06,1.474499981668486726e-06
1.474999976380786393e-06,1.474999294259760063e-06,1.474999976380786393e-06
1.475499971093086060e-06,1.475499288972059730e-06,1.475499971093086060e-06
1.475999965805385727e-06,1.475999283684359398e-06,1.475999965805385727e-06
1.476499960517685395e-06,1.476499278396659065e-06,1.476499960517685395e-06
1.476999955229985062e-06,1.476999273108958732e-06,1.476999955229985062e-06
1.477499949942284729e-06,1.477499267821258400e-06,1.477499949942284729e-06
1.477999944654584397e-06,1.477999262533558067e-06,1.477999944654584397e-06
1.478500053053721786e-06,1.478499370932695456e-06,1.478500053053721786e-06
1.479000047766021453e-06,1.478999365644995123e-06,1.479000047766021453e-06
1.479500042478321120e-06,1.479499360357294790e-06,1.479500042478321120e-06
1.480000037190620787e-06,1.479999355069594458e-06,1.480000037190620787e-06
1.480500031902920455e-06,1.480499349781894125e-06,1.480500031902920455e-06
1.481000026615220122e-06,1.480999344494193792e-06,1.481000026615220122e-06
1.481500021327519789e-06,1.481499339206493460e-06,1.481500021327519789e-06
1.482000016039819457e-06,1.481999333918793127e-06,1.482000016039819457e-06
1.482500010752119124e-06,1.482499328631092794e-06,1.482500010752119124e-06
1.483000005464418791e-06,1.482999323343392462e-06,1.483000005464418791e-06
1.483500000176718459e-06,1.483499318055692129e-06,1.483500000176718459e-06
1.483999994889018126e-06,1.483999312767991796e-06,1.483999994889018126e-06
1.484499989601317793e-06,1.484499307480291463e-06,1.484499989601317793e-06
1.484999984313617460e-06,1.484999302192591131e-06,1.484999984313617460e-06
1.485499979025917128e-06,1.485499296904890798e-06,1.485499979025917128e-06
1.485999973738216795e-06,1.485999291617190465e-06,1.485999973738216795e-06
1.486499968450516462e-06,1.486499286329490133e-06,1.486499968450516462e-06
1.486999963162816130e-06,1.486999281041789800e-06,1.486999963162816130e-06
1.487499957875115797e-06,1.487499275754089467e-06,1.487499957875115797e-06
1.487999952587415464e-06,1.487999270466389135e-06,1.487999952587415464e-06
1.488499947299715132e-06,1.488499265178688802e-06,1.488499947299715132e-06
1.489000055698852520e-06,1.488999373577826191e-06,1.489000055698852520e-06
1.489500050411152188e-06,1.489499368290125858e-06,1.489500050411152188e-06
1.490000045123451855e-06,1.489999363002425525e-06,1.490000045123451855e-06
1.490500039835751522e-06,1.490499357714725193e-06,1.490500039835751522e-06
1.491000034548051190e-06,1.490999352427024860e-06,1.491000034548051190e-06
1.491500029260350857e-06,1.491499347139324527e-06,1.491500029260350857e-06
1.492000023972650524e-06,1.491999341851624195e-06,1.492000023972650524e-06
1.492500018684950192e-06,1.492499336563923862e-06,1.492500018684950192e-06
1.493000013397249859e-06,1.492999331276223529e-06,1.493000013397249859e-06
1.493500008109549526e-06,1.493499325988523196e-06,1.493500008109549526e-06
1.494000002821849193e-06,1.493999320700822864e-06,1.494000002821849193e-06
1.494499997534148861e-06,1.494499315413122531e-06,1.494499997534148861e-06
1.494999992246448528e-06,1.494999310125422198e-06,1.494999992246448528e-06
1.495499986958748195e-06,1.495499191150884144e-06,1.495499986958748195e-06
1.495999981671047863e-06,1.495999299550021533e-06,1.495999981671047863e-06
1.496499976383347530e-06,1.496499294262321200e-06,1.496499976383347530e-06
1.496999971095647197e-06,1.496999288974620868e-06,1.496999971095647197e-06
1.497499965807946865e-06,1.497499283686920535e-06,1.497499965807946865e-06
1.497999960520246532e-06,1.497999278399220202e-06,1.497999960520246532e-06
1.498499955232546199e-06,1.498499273111519869e-06,1.498499955232546199e-06
1.498999949944845866e-06,1.498999267823819537e-06,1.498999949944845866e-06
1.499499944657145534e-06,1.499499262536119204e-06,1.499499944657145534e-06
1.500000053056282923e-06,1.499999370935256593e-06,1.500000053056282923e-06
1.500500047768582590e-06,1.500499365647556260e-06,1.500500047768582590e-06
1.501000042480882257e-06,1.500999360359855928e-06,1.501000042480882257e-06
1.501500037193181925e-06,1.501499355072155595e-06,1.501500037193181925e-06
1.502000031905481592e-06,1.501999236097617541e-06,1.502000031905481592e-06
1.502500026617781259e-06,1.502499230809917208e-06,1.502500026617781259e-06
1.503000021330080926e-06,1.502999339209054597e-06,1.503000021330080926e-06
1.503500016042380594e-06,1.503499333921354264e-06,1.503500016042380594e-06
1.504000010754680261e-06,1.503999328633653931e-06,1.504000010754680261e-06
1.504500005466979928e-06,1.504499323345953599e-06,1.504500005466979928e-06
1.505000000179279596e-06,1.504999318058253266e-06,1.505000000179279596e-06
1.505499994891579263e-06,1.505499199083715212e-06,1.505499994891579263e-06
1.505999989603878930e-06,1.505999193796014879e-06,1.505999989603878930e-06
1.506499984316178598e-06,1.506499302195152268e-06,1.506499984316178598e-06
1.506999979028478265e-06,1.506999296907451935e-06,1.506999979028478265e-06
1.507499973740777932e-06,1.507499291619751602e-06,1.507499973740777932e-06
1.507999968453077599e-06,1.507999286332051270e-06,1.507999968453077599e-06
1.508499963165377267e-06,1.508499281044350937e-06,1.508499963165377267e-06
1.508999957877676934e-06,1.508999162069812883e-06,1.508999957877676934e-06
1.509499952589976601e-06,1.509499156782112550e-06,1.509499952589976601e-06
1.509999947302276269e-06,1.509999265181249939e-06,1.509999947302276269e-06
1.510500055701413658e-06,1.510499373580387328e-06,1.510500055701413658e-06
1.511000050413713325e-06,1.510999254605849274e-06,1.511000050413713325e-06
1.511500045126012992e-06,1.511499249318148941e-06,1.511500045126012992e-06
1.512000039838312659e-06,1.511999244030448608e-06,1.512000039838312659e-06
1.512500034550612327e-06,1.512499352429585997e-06,1.512500034550612327e-06
1.513000029262911994e-06,1.512999347141885664e-06,1.513000029262911994e-06
1.513500023975211661e-06,1.513499341854185332e-06,1.513500023975211661e-06
1.514000018687511329e-06,1.513999336566484999e-06,1.514000018687511329e-06
1.514500013399810996e-06,1.514499217591946945e-06,1.514500013399810996e-06
1.515000008112110663e-06,1.514999212304246612e-06,1.515000008112110663e-06
1.515500002824410331e-06,1.515499320703384001e-06,1.515500002824410331e-06
1.515999997536709998e-06,1.515999315415683668e-06,1.515999997536709998e-06
1.516499992249009665e-06,1.516499310127983335e-06,1.516499992249009665e-06
1.516999986961309332e-06,1.516999304840283003e-06,1.516999986961309332e-06
1.517499981673609000e-06,1.517499299552582670e-06,1.517499981673609000e-06
1.517999976385908667e-06,1.517999180578044616e-06,1.517999976385908667e-06
1.518499971098208334e-06,1.518499175290344283e-06,1.518499971098208334e-06
1.518999965810508002e-06,1.518999283689481672e-06,1.518999965810508002e-06
1.519499960522807669e-06,1.519499278401781339e-06,1.519499960522807669e-06
1.519999955235107336e-06,1.519999273114081006e-06,1.519999955235107336e-06
1.520499949947407003e-06,1.520499267826380674e-06,1.520499949947407003e-06
1.520999944659706671e-06,1.520999262538680341e-06,1.520999944659706671e-06
1.521500053058844060e-06,1.521499370937817730e-06,1.521500053058844060e-06
1.522000047771143727e-06,1.521999365650117397e-06,1.522000047771143727e-06
1.522500042483443394e-06,1.522499360362417065e-06,1.522500042483443394e-06
1.523000037195743062e-06,1.522999355074716732e-06,1.523000037195743062e-06
1.523500031908042729e-06,1.523499236100178678e-06,1.523500031908042729e-06
1.524000026620342396e-06,1.523999230812478345e-06,1.524000026620342396e-06
1.524500021332642063e-06,1.524499225524778012e-06,1.524500021332642063e-06
1.525000016044941731e-06,1.524999333923915401e-06,1.525000016044941731e-06
1.525500010757241398e-06,1.525499328636215068e-06,1.525500010757241398e-06
1.526000005469541065e-06,1.525999323348514736e-06,1.526000005469541065e-06
1.526500000181840733e-06,1.526499318060814403e-06,1.526500000181840733e-06
1.526999994894140400e-06,1.526999199086276349e-06,1.526999994894140400e-06
1.527499989606440067e-06,1.527499193798576016e-06,1.527499989606440067e-06
1.527999984318739735e-06,1.527999188510875683e-06,1.527999984318739735e-06
1.528499979031039402e-06,1.528499296910013072e-06,1.528499979031039402e-06
1.528999973743339069e-06,1.528999291622312739e-06,1.528999973743339069e-06
1.529499968455638736e-06,1.529499286334612407e-06,1.529499968455638736e-06
1.529999963167938404e-06,1.529999281046912074e-06,1.529999963167938404e-06
1.530499957880238071e-06,1.530499162072374020e-06,1.530499957880238071e-06
1.530999952592537738e-06,1.530999156784673687e-06,1.530999952592537738e-06
1.531499947304837406e-06,1.531499265183811076e-06,1.531499947304837406e-06
1.532000055703974795e-06,1.531999373582948465e-06,1.532000055703974795e-06
1.532500050416274462e-06,1.532499254608410411e-06,1.532500050416274462e-06
1.533000045128574129e-06,1.532999249320710078e-06,1.533000045128574129e-06
1.533500039840873796e-06,1.533499244033009745e-06,1.533500039840873796e-06
1.534000034553173464e-06,1.533999352432147134e-06,1.534000034553173464e-06
1.534500029265473131e-06,1.534499347144446801e-06,1.534500029265473131e-06
1.535000023977772798e-06,1.534999341856746469e-06,1.535000023977772798e-06
1.535500018690072466e-06,1.535499336569046136e-06,1.535500018690072466e-06
1.536000013402372133e-06,1.535999217594508082e-06,1.536000013402372133e-06
1.536500008114671800e-06,1.536499212306807749e-06,1.536500008114671800e-06
1.537000002826971468e-06,1.536999207019107416e-06,1.537000002826971468e-06
1.537499997539271135e-06,1.537499315418244805e-06,1.537499997539271135e-06
1.537999992251570802e-06,1.537999310130544472e-06,1.537999992251570802e-06
1.538499986963870469e-06,1.538499304842844140e-06,1.538499986963870469e-06
1.538999981676170137e-06,1.538999299555143807e-06,1.538999981676170137e-06
1.539499976388469804e-06,1.539499180580605753e-06,1.539499976388469804e-06
1.539999971100769471e-06,1.539999175292905420e-06,1.539999971100769471e-06
1.540499965813069139e-06,1.540499170005205087e-06,1.540499965813069139e-06
1.540999960525368806e-06,1.540999278404342476e-06,1.540999960525368806e-06
1.541499955237668473e-06,1.541499273116642144e-06,1.541499955237668473e-06
1.541999949949968141e-06,1.541999267828941811e-06,1.541999949949968141e-06
1.542499944662267808e-06,1.542499262541241478e-06,1.542499944662267808e-06
1.543000053061405197e-06,1.542999370940378867e-06,1.543000053061405197e-06
1.543500047773704864e-06,1.543499365652678534e-06,1.543500047773704864e-06
1.544000042486004531e-06,1.543999360364978202e-06,1.544000042486004531e-06
1.544500037198304199e-06,1.544499355077277869e-06,1.544500037198304199e-06
1.545000031910603866e-06,1.544999236102739815e-06,1.545000031910603866e-06
1.545500026622903533e-06,1.545499230815039482e-06,1.545500026622903533e-06
1.546000021335203201e-06,1.545999225527339149e-06,1.546000021335203201e-06
1.546500016047502868e-06,1.546499333926476538e-06,1.546500016047502868e-06
1.547000010759802535e-06,1.546999328638776205e-06,1.547000010759802535e-06
1.547500005472102202e-06,1.547499323351075873e-06,1.547500005472102202e-06
1.548000000184401870e-06,1.547999318063375540e-06,1.548000000184401870e-06
1.548499994896701537e-06,1.548499199088837486e-06,1.548499994896701537e-06
1.548999989609001204e-06,1.548999193801137153e-06,1.548999989609001204e-06
1.549499984321300872e-06,1.549499188513436820e-06,1.549499984321300872e-06
1.549999979033600539e-06,1.549999296912574209e-06,1.549999979033600539e-06
1.550499973745900206e-06,1.550499291624873877e-06,1.550499973745900206e-06
1.550999968458199874e-06,1.550999286337173544e-06,1.550999968458199874e-06
1.551499963170499541e-06,1.551499281049473211e-06,1.551499963170499541e-06
1.551999957882799208e-06,1.551999162074935157e-06,1.551999957882799208e-06
1.552499952595098875e-06,1.552499156787234824e-06,1.552499952595098875e-06
1.552999947307398543e-06,1.552999151499534491e-06,1.552999947307398543e-06
1.553500055706535932e-06,1.553499373585509602e-06,1.553500055706535932e-06
1.554000050418835599e-06,1.553999254610971548e-06,1.554000050418835599e-06
1.554500045131135266e-06,1.554499249323271215e-06,1.554500045131135266e-06
1.555000039843434934e-06,1.554999244035570882e-06,1.555000039843434934e-06
1.555500034555734601e-06,1.555499352434708271e-06,1.555500034555734601e-06
1.556000029268034268e-06,1.555999347147007938e-06,1.556000029268034268e-06
1.556500023980333935e-06,1.556499341859307606e-06,1.556500023980333935e-06
1.557000018692633603e-06,1.556999336571607273e-06,1.557000018692633603e-06
1.557500013404933270e-06,1.557499217597069219e-06,1.557500013404933270e-06
1.558000008117232937e-06,1.557999212309368886e-06,1.558000008117232937e-06
1.558500002829532605e-06,1.558499207021668553e-06,1.558500002829532605e-06
1.558999997541832272e-06,1.558999315420805942e-06,1.558999997541832272e-06
1.559499992254131939e-06,1.559499310133105610e-06,1.559499992254131939e-06
1.559999986966431607e-06,1.559999304845405277e-06,1.559999986966431607e-06
1.560499981678731274e-06,1.560499299557704944e-06,1.560499981678731274e-06
1.560999976391030941e-06,1.560999180583166890e-06,1.560999976391030941e-06
1.561499971103330608e-06,1.561499175295466557e-06,1.561499971103330608e-06
1.561999965815630276e-06,1.561999170007766224e-06,1.561999965815630276e-06
1.562499960527929943e-06,1.562499278406903613e-06,1.562499960527929943e-06
1.562999955240229610e-06,1.562999273119203281e-06,1.562999955240229610e-06
1.563499949952529278e-06,1.563499267831502948e-06,1.563499949952529278e-06
1.563999944664828945e-06,1.563999262543802615e-06,1.563999944664828945e-06
1.564500053063966334e-06,1.564499370942940004e-06,1.564500053063966334e-06
1.565000047776266001e-06,1.564999365655239671e-06,1.565000047776266001e-06
1.565500042488565668e-06,1.565499360367539339e-06,1.565500042488565668e-06
1.566000037200865336e-06,1.565999355079839006e-06,1.566000037200865336e-06
1.566500031913165003e-06,1.566499236105300952e-06,1.566500031913165003e-06
1.567000026625464670e-06,1.566999230817600619e-06,1.567000026625464670e-06
1.567500021337764338e-06,1.567499225529900286e-06,1.567500021337764338e-06
1.568000016050064005e-06,1.567999333929037675e-06,1.568000016050064005e-06
1.568500010762363672e-06,1.568499328641337343e-06,1.568500010762363672e-06
1.569000005474663340e-06,1.568999323353637010e-06,1.569000005474663340e-06
1.569500000186963007e-06,1.569499318065936677e-06,1.569500000186963007e-06
1.569999994899262674e-06,1.569999199091398623e-06,1.569999994899262674e-06
1.570499989611562341e-06,1.570499193803698290e-06,1.570499989611562341e-06
1.570999984323862009e-06,1.570999188515997957e-06,1.570999984323862009e-06
1.571499979036161676e-06,1.571499296915135346e-06,1.571499979036161676e-06
1.571999973748461343e-06,1.571999291627435014e-06,1.571999973748461343e-06
1.572499968460761011e-06,1.572499286339734681e-06,1.572499968460761011e-06
1.572999963173060678e-06,1.572999281052034348e-06,1.572999963173060678e-06
1.573499957885360345e-06,1.573499162077496294e-06,1.573499957885360345e-06
1.573999952597660013e-06,1.573999156789795961e-06,1.573999952597660013e-06
1.574499947309959680e-06,1.574499151502095629e-06,1.574499947309959680e-06
1.575000055709097069e-06,1.574999373588070739e-06,1.575000055709097069e-06
1.575500050421396736e-06,1.575499254613532685e-06,1.575500050421396736e-06
1.576000045133696403e-06,1.575999249325832352e-06,1.576000045133696403e-06
1.576500039845996071e-06,1.576499244038132019e-06,1.576500039845996071e-06
1.577000034558295738e-06,1.576999352437269408e-06,1.577000034558295738e-06
1.577500029270595405e-06,1.577499347149569076e-06,1.577500029270595405e-06
1.578000023982895073e-06,1.577999341861868743e-06,1.578000023982895073e-06
1.578500018695194740e-06,1.578499336574168410e-06,1.578500018695194740e-06
1.579000013407494407e-06,1.578999217599630356e-06,1.579000013407494407e-06
1.579500008119794074e-06,1.579499212311930023e-06,1.579500008119794074e-06
1.580000002832093742e-06,1.579999207024229690e-06,1.580000002832093742e-06
1.580499997544393409e-06,1.580499315423367079e-06,1.580499997544393409e-06
1.580999992256693076e-06,1.580999310135666747e-06,1.580999992256693076e-06
1.581499986968992744e-06,1.581499304847966414e-06,1.581499986968992744e-06
1.581999981681292411e-06,1.581999299560266081e-06,1.581999981681292411e-06
1.582499976393592078e-06,1.582499180585728027e-06,1.582499976393592078e-06
1.582999971105891746e-06,1.582999175298027694e-06,1.582999971105891746e-06
1.583499965818191413e-06,1.583499170010327362e-06,1.583499965818191413e-06
1.583999960530491080e-06,1.583999278409464750e-06,1.583999960530491080e-06
1.584499955242790747e-06,1.584499273121764418e-06,1.584499955242790747e-06
1.584999949955090415e-06,1.584999267834064085e-06,1.584999949955090415e-06
1.585499944667390082e-06,1.585499148859526031e-06,1.585499944667390082e-06
1.586000053066527471e-06,1.585999257258663420e-06,1.586000053066527471e-06
1.586500047778827138e-06,1.586499365657800809e-06,1.586500047778827138e-06
1.587000042491126806e-06,1.586999360370100476e-06,1.587000042491126806e-06
1.587500037203426473e-06,1.587499355082400143e-06,1.587500037203426473e-06
1.588000031915726140e-06,1.587999236107862089e-06,1.588000031915726140e-06
1.588500026628025807e-06,1.588499230820161756e-06,1.588500026628025807e-06
1.589000021340325475e-06,1.588999225532461423e-06,1.589000021340325475e-06
1.589500016052625142e-06,1.589499333931598812e-06,1.589500016052625142e-06
1.590000010764924809e-06,1.589999328643898480e-06,1.590000010764924809e-06
1.590500005477224477e-06,1.590499323356198147e-06,1.590500005477224477e-06
1.591000000189524144e-06,1.590999318068497814e-06,1.591000000189524144e-06
1.591499994901823811e-06,1.591499199093959760e-06,1.591499994901823811e-06
1.591999989614123479e-06,1.591999193806259427e-06,1.591999989614123479e-06
1.592499984326423146e-06,1.592499188518559095e-06,1.592499984326423146e-06
1.592999979038722813e-06,1.592999296917696483e-06,1.592999979038722813e-06
1.593499973751022480e-06,1.593499291629996151e-06,1.593499973751022480e-06
1.593999968463322148e-06,1.593999286342295818e-06,1.593999968463322148e-06
1.594499963175621815e-06,1.594499167367757764e-06,1.594499963175621815e-06
1.594999957887921482e-06,1.594999162080057431e-06,1.594999957887921482e-06
1.595499952600221150e-06,1.595499156792357098e-06,1.595499952600221150e-06
1.595999947312520817e-06,1.595999151504656766e-06,1.595999947312520817e-06
1.596500055711658206e-06,1.596499373590631876e-06,1.596500055711658206e-06
1.597000050423957873e-06,1.596999254616093822e-06,1.597000050423957873e-06
1.597500045136257540e-06,1.597499249328393489e-06,1.597500045136257540e-06
1.598000039848557208e-06,1.597999244040693156e-06,1.598000039848557208e-06
1.598500034560856875e-06,1.598499238752992824e-06,1.598500034560856875e-06
1.599000029273156542e-06,1.598999347152130213e-06,1.599000029273156542e-06
1.599500023985456210e-06,1.599499341864429880e-06,1.599500023985456210e-06
1.600000018697755877e-06,1.599999336576729547e-06,1.600000018697755877e-06
1.600500013410055544e-06,1.600499217602191493e-06,1.600500013410055544e-06
1.601000008122355212e-06,1.600999212314491160e-06,1.601000008122355212e-06
1.601500002834654879e-06,1.601499207026790828e-06,1.601500002834654879e-06
1.601999997546954546e-06,1.601999315425928216e-06,1.601999997546954546e-06
1.602499992259254213e-06,1.602499310138227884e-06,1.602499992259254213e-06
1.602999986971553881e-06,1.602999304850527551e-06,1.602999986971553881e-06
1.603499981683853548e-06,1.603499185875989497e-06,1.603499981683853548e-06
1.603999976396153215e-06,1.603999180588289164e-06,1.603999976396153215e-06
1.604499971108452883e-06,1.604499175300588831e-06,1.604499971108452883e-06
1.604999965820752550e-06,1.604999170012888499e-06,1.604999965820752550e-06
1.605499960533052217e-06,1.605499278412025888e-06,1.605499960533052217e-06
1.605999955245351885e-06,1.605999273124325555e-06,1.605999955245351885e-06
1.606499949957651552e-06,1.606499267836625222e-06,1.606499949957651552e-06
1.606999944669951219e-06,1.606999148862087168e-06,1.606999944669951219e-06
1.607500053069088608e-06,1.607499257261224557e-06,1.607500053069088608e-06
1.608000047781388275e-06,1.607999365660361946e-06,1.608000047781388275e-06
1.608500042493687943e-06,1.608499360372661613e-06,1.608500042493687943e-06
1.609000037205987610e-06,1.608999355084961280e-06,1.609000037205987610e-06
1.609500031918287277e-06,1.609499236110423226e-06,1.609500031918287277e-06
1.610000026630586945e-06,1.609999230822722893e-06,1.610000026630586945e-06
1.610500021342886612e-06,1.610499225535022561e-06,1.610500021342886612e-06
1.611000016055186279e-06,1.610999220247322228e-06,1.611000016055186279e-06
1.611500010767485946e-06,1.611499328646459617e-06,1.611500010767485946e-06
1.612000005479785614e-06,1.611999323358759284e-06,1.612000005479785614e-06
1.612500000192085281e-06,1.612499318071058951e-06,1.612500000192085281e-06
1.612999994904384948e-06,1.612999199096520897e-06,1.612999994904384948e-06
1.613499989616684616e-06,1.613499193808820564e-06,1.613499989616684616e-06
1.613999984328984283e-06,1.613999188521120232e-06,1.613999984328984283e-06
1.614499979041283950e-06,1.614499183233419899e-06,1.614499979041283950e-06
1.614999973753583618e-06,1.614999291632557288e-06,1.614999973753583618e-06
1.615499968465883285e-06,1.615499286344856955e-06,1.615499968465883285e-06
1.615999963178182952e-06,1.615999167370318901e-06,1.615999963178182952e-06
1.616499957890482619e-06,1.616499162082618568e-06,1.616499957890482619e-06
1.616999952602782287e-06,1.616999156794918235e-06,1.616999952602782287e-06
1.617499947315081954e-06,1.617499151507217903e-06,1.617499947315081954e-06
1.618000055714219343e-06,1.617999373593193013e-06,1.618000055714219343e-06
1.618500050426519010e-06,1.618499254618654959e-06,1.618500050426519010e-06
1.619000045138818678e-06,1.618999249330954626e-06,1.619000045138818678e-06
1.619500039851118345e-06,1.619499244043254294e-06,1.619500039851118345e-06
1.620000034563418012e-06,1.619999238755553961e-06,1.620000034563418012e-06
1.620500029275717679e-06,1.620499347154691350e-06,1.620500029275717679e-06
1.621000023988017347e-06,1.620999341866991017e-06,1.621000023988017347e-06
1.621500018700317014e-06,1.621499336579290684e-06,1.621500018700317014e-06
1.622000013412616681e-06,1.621999217604752630e-06,1.622000013412616681e-06
1.622500008124916349e-06,1.622499212317052297e-06,1.622500008124916349e-06
1.623000002837216016e-06,1.622999207029351965e-06,1.623000002837216016e-06
1.623499997549515683e-06,1.623499201741651632e-06,1.623499997549515683e-06
1.623999992261815351e-06,1.623999310140789021e-06,1.623999992261815351e-06
1.624499986974115018e-06,1.624499304853088688e-06,1.624499986974115018e-06
1.624999981686414685e-06,1.624999185878550634e-06,1.624999981686414685e-06
1.625499976398714352e-06,1.625499180590850301e-06,1.625499976398714352e-06
1.625999971111014020e-06,1.625999175303149968e-06,1.625999971111014020e-06
1.626499965823313687e-06,1.626499170015449636e-06,1.626499965823313687e-06
1.626999960535613354e-06,1.626999164727749303e-06,1.626999960535613354e-06
1.627499955247913022e-06,1.627499273126886692e-06,1.627499955247913022e-06
1.627999949960212689e-06,1.627999267839186359e-06,1.627999949960212689e-06
1.628499944672512356e-06,1.628499148864648305e-06,1.628499944672512356e-06
1.629000053071649745e-06,1.628999257263785694e-06,1.629000053071649745e-06
1.629500047783949412e-06,1.629499365662923083e-06,1.629500047783949412e-06
1.630000042496249080e-06,1.629999360375222750e-06,1.630000042496249080e-06
1.630500037208548747e-06,1.630499355087522417e-06,1.630500037208548747e-06
1.631000031920848414e-06,1.630999236112984363e-06,1.631000031920848414e-06
1.631500026633148082e-06,1.631499230825284030e-06,1.631500026633148082e-06
1.632000021345447749e-06,1.631999225537583698e-06,1.632000021345447749e-06
1.632500016057747416e-06,1.632499220249883365e-06,1.632500016057747416e-06
1.633000010770047083e-06,1.632999328649020754e-06,1.633000010770047083e-06
1.633500005482346751e-06,1.633499323361320421e-06,1.633500005482346751e-06
1.634000000194646418e-06,1.633999204386782367e-06,1.634000000194646418e-06
1.634499994906946085e-06,1.634499199099082034e-06,1.634499994906946085e-06
1.634999989619245753e-06,1.634999193811381701e-06,1.634999989619245753e-06
1.635499984331545420e-06,1.635499188523681369e-06,1.635499984331545420e-06
1.635999979043845087e-06,1.635999183235981036e-06,1.635999979043845087e-06
1.636499973756144755e-06,1.636499291635118425e-06,1.636499973756144755e-06
1.636999968468444422e-06,1.636999286347418092e-06,1.636999968468444422e-06
1.637499963180744089e-06,1.637499167372880038e-06,1.637499963180744089e-06
1.637999957893043756e-06,1.637999162085179705e-06,1.637999957893043756e-06
1.638499952605343424e-06,1.638499156797479372e-06,1.638499952605343424e-06
1.638999947317643091e-06,1.638999151509779040e-06,1.638999947317643091e-06
1.639500055716780480e-06,1.639499373595754150e-06,1.639500055716780480e-06
1.640000050429080147e-06,1.639999254621216096e-06,1.640000050429080147e-06
1.640500045141379815e-06,1.640499249333515763e-06,1.640500045141379815e-06
1.641000039853679482e-06,1.640999244045815431e-06,1.641000039853679482e-06
1.641500034565979149e-06,1.641499238758115098e-06,1.641500034565979149e-06
1.642000029278278816e-06,1.641999347157252487e-06,1.642000029278278816e-06
1.642500023990578484e-06,1.642499341869552154e-06,1.642500023990578484e-06
1.643000018702878151e-06,1.642999109208176378e-06,1.643000018702878151e-06
1.643500013415177818e-06,1.643499217607313767e-06,1.643500013415177818e-06
1.644000008127477486e-06,1.643999212319613434e-06,1.644000008127477486e-06
1.644500002839777153e-06,1.644499207031913102e-06,1.644500002839777153e-06
1.644999997552076820e-06,1.644999201744212769e-06,1.644999997552076820e-06
1.645499992264376488e-06,1.645499310143350158e-06,1.645499992264376488e-06
1.645999986976676155e-06,1.645999304855649825e-06,1.645999986976676155e-06
1.646499981688975822e-06,1.646499185881111771e-06,1.646499981688975822e-06
1.646999976401275489e-06,1.646999180593411438e-06,1.646999976401275489e-06
1.647499971113575157e-06,1.647499175305711105e-06,1.647499971113575157e-06
1.647999965825874824e-06,1.647999170018010773e-06,1.647999965825874824e-06
1.648499960538174491e-06,1.648499164730310440e-06,1.648499960538174491e-06
1.648999955250474159e-06,1.648999273129447829e-06,1.648999955250474159e-06
1.649499949962773826e-06,1.649499267841747496e-06,1.649499949962773826e-06
1.649999944675073493e-06,1.649999148867209442e-06,1.649999944675073493e-06
1.650500053074210882e-06,1.650499257266346831e-06,1.650500053074210882e-06
1.651000047786510549e-06,1.650999365665484220e-06,1.651000047786510549e-06
1.651500042498810217e-06,1.651499360377783887e-06,1.651500042498810217e-06
1.652000037211109884e-06,1.651999127716408111e-06,1.652000037211109884e-06
1.652500031923409551e-06,1.652499236115545500e-06,1.652500031923409551e-06
1.653000026635709219e-06,1.652999230827845167e-06,1.653000026635709219e-06
1.653500021348008886e-06,1.653499225540144835e-06,1.653500021348008886e-06
1.654000016060308553e-06,1.653999220252444502e-06,1.654000016060308553e-06
1.654500010772608221e-06,1.654499328651581891e-06,1.654500010772608221e-06
1.655000005484907888e-06,1.654999323363881558e-06,1.655000005484907888e-06
1.655500000197207555e-06,1.655499090702505782e-06,1.655500000197207555e-06
1.655999994909507222e-06,1.655999199101643171e-06,1.655999994909507222e-06
1.656499989621806890e-06,1.656499193813942838e-06,1.656499989621806890e-06
1.656999984334106557e-06,1.656999188526242506e-06,1.656999984334106557e-06
1.657499979046406224e-06,1.657499183238542173e-06,1.657499979046406224e-06
1.657999973758705892e-06,1.657999291637679562e-06,1.657999973758705892e-06
1.658499968471005559e-06,1.658499286349979229e-06,1.658499968471005559e-06
1.658999963183305226e-06,1.658999053688603453e-06,1.658999963183305226e-06
1.659499957895604894e-06,1.659499162087740842e-06,1.659499957895604894e-06
1.659999952607904561e-06,1.659999156800040510e-06,1.659999952607904561e-06
1.660499947320204228e-06,1.660499151512340177e-06,1.660499947320204228e-06
1.661000055719341617e-06,1.660999146224639844e-06,1.661000055719341617e-06
1.661500050431641284e-06,1.661499254623777233e-06,1.661500050431641284e-06
1.662000045143940952e-06,1.661999249336076900e-06,1.662000045143940952e-06
1.662500039856240619e-06,1.662499244048376568e-06,1.662500039856240619e-06
1.663000034568540286e-06,1.662999238760676235e-06,1.663000034568540286e-06
1.663500029280839954e-06,1.663499347159813624e-06,1.663500029280839954e-06
1.664000023993139621e-06,1.663999341872113291e-06,1.664000023993139621e-06
1.664500018705439288e-06,1.664499109210737515e-06,1.664500018705439288e-06
1.665000013417738955e-06,1.664999217609874904e-06,1.665000013417738955e-06
1.665500008130038623e-06,1.665499212322174571e-06,1.665500008130038623e-06
1.666000002842338290e-06,1.665999207034474239e-06,1.666000002842338290e-06
1.666499997554637957e-06,1.666499201746773906e-06,1.666499997554637957e-06
1.666999992266937625e-06,1.666999310145911295e-06,1.666999992266937625e-06
1.667499986979237292e-06,1.667499304858210962e-06,1.667499986979237292e-06
1.667999981691536959e-06,1.667999072196835186e-06,1.667999981691536959e-06
1.668499976403836627e-06,1.668499180595972575e-06,1.668499976403836627e-06
1.668999971116136294e-06,1.668999175308272243e-06,1.668999971116136294e-06
1.669499965828435961e-06,1.669499170020571910e-06,1.669499965828435961e-06
1.669999960540735628e-06,1.669999164732871577e-06,1.669999960540735628e-06
1.670499955253035296e-06,1.670499273132008966e-06,1.670499955253035296e-06
1.670999949965334963e-06,1.670999267844308633e-06,1.670999949965334963e-06
1.671499944677634630e-06,1.671499035182932857e-06,1.671499944677634630e-06
1.672000053076772019e-06,1.671999257268907968e-06,1.672000053076772019e-06
1.672500047789071687e-06,1.672499251981207635e-06,1.672500047789071687e-06
1.673000042501371354e-06,1.672999360380345024e-06,1.673000042501371354e-06
1.673500037213671021e-06,1.673499127718969248e-06,1.673500037213671021e-06
1.674000031925970688e-06,1.673999236118106637e-06,1.674000031925970688e-06
1.674500026638270356e-06,1.674499230830406304e-06,1.674500026638270356e-06
1.675000021350570023e-06,1.674999225542705972e-06,1.675000021350570023e-06
1.675500016062869690e-06,1.675499220255005639e-06,1.675500016062869690e-06
1.676000010775169358e-06,1.675999328654143028e-06,1.676000010775169358e-06
1.676500005487469025e-06,1.676499323366442695e-06,1.676500005487469025e-06
1.677000000199768692e-06,1.676999090705066919e-06,1.677000000199768692e-06
1.677499994912068360e-06,1.677499199104204308e-06,1.677499994912068360e-06
1.677999989624368027e-06,1.677999193816503976e-06,1.677999989624368027e-06
1.678499984336667694e-06,1.678499188528803643e-06,1.678499984336667694e-06
1.678999979048967361e-06,1.678999183241103310e-06,1.678999979048967361e-06
1.679499973761267029e-06,1.679499291640240699e-06,1.679499973761267029e-06
1.679999968473566696e-06,1.679999286352540366e-06,1.679999968473566696e-06
1.680499963185866363e-06,1.680499053691164590e-06,1.680499963185866363e-06
1.680999957898166031e-06,1.680999162090301979e-06,1.680999957898166031e-06
1.681499952610465698e-06,1.681499156802601647e-06,1.681499952610465698e-06
1.681999947322765365e-06,1.681999151514901314e-06,1.681999947322765365e-06
1.682500055721902754e-06,1.682499146227200981e-06,1.682500055721902754e-06
1.683000050434202421e-06,1.682999254626338370e-06,1.683000050434202421e-06
1.683500045146502089e-06,1.683499249338638037e-06,1.683500045146502089e-06
1.684000039858801756e-06,1.683999244050937705e-06,1.684000039858801756e-06
1.684500034571101423e-06,1.684499238763237372e-06,1.684500034571101423e-06
1.685000029283401091e-06,1.684999233475537039e-06,1.685000029283401091e-06
1.685500023995700758e-06,1.685499341874674428e-06,1.685500023995700758e-06
1.686000018708000425e-06,1.685999109213298652e-06,1.686000018708000425e-06
1.686500013420300093e-06,1.686499217612436041e-06,1.686500013420300093e-06
1.687000008132599760e-06,1.686999212324735709e-06,1.687000008132599760e-06
1.687500002844899427e-06,1.687499207037035376e-06,1.687500002844899427e-06
1.687999997557199094e-06,1.687999201749335043e-06,1.687999997557199094e-06
1.688499992269498762e-06,1.688499310148472432e-06,1.688499992269498762e-06
1.688999986981798429e-06,1.688999304860772099e-06,1.688999986981798429e-06
1.689499981694098096e-06,1.689499072199396323e-06,1.689499981694098096e-06
1.689999976406397764e-06,1.689999180598533712e-06,1.689999976406397764e-06
1.690499971118697431e-06,1.690499175310833380e-06,1.690499971118697431e-06
1.690999965830997098e-06,1.690999170023133047e-06,1.690999965830997098e-06
1.691499960543296766e-06,1.691499164735432714e-06,1.691499960543296766e-06
1.691999955255596433e-06,1.691999273134570103e-06,1.691999955255596433e-06
1.692499949967896100e-06,1.692499267846869770e-06,1.692499949967896100e-06
1.692999944680195767e-06,1.692999035185493995e-06,1.692999944680195767e-06
1.693500053079333156e-06,1.693499257271469105e-06,1.693500053079333156e-06
1.694000047791632824e-06,1.693999251983768772e-06,1.694000047791632824e-06
1.694500042503932491e-06,1.694499360382906161e-06,1.694500042503932491e-06
1.695000037216232158e-06,1.694999127721530385e-06,1.695000037216232158e-06
1.695500031928531826e-06,1.695499236120667774e-06,1.695500031928531826e-06
1.696000026640831493e-06,1.695999230832967442e-06,1.696000026640831493e-06
1.696500021353131160e-06,1.696499225545267109e-06,1.696500021353131160e-06
1.697000016065430827e-06,1.696999220257566776e-06,1.697000016065430827e-06
1.697500010777730495e-06,1.697499214969866443e-06,1.697500010777730495e-06
1.698000005490030162e-06,1.697999323369003832e-06,1.698000005490030162e-06
1.698500000202329829e-06,1.698499090707628056e-06,1.698500000202329829e-06
1.698999994914629497e-06,1.698999199106765445e-06,1.698999994914629497e-06
1.699499989626929164e-06,1.699499193819065113e-06,1.699499989626929164e-06
1.699999984339228831e-06,1.699999188531364780e-06,1.699999984339228831e-06
1.700499979051528499e-06,1.700499183243664447e-06,1.700499979051528499e-06
1.700999973763828166e-06,1.700999177955964115e-06,1.700999973763828166e-06
1.701499968476127833e-06,1.701499286355101503e-06,1.701499968476127833e-06
1.701999963188427500e-06,1.701999053693725727e-06,1.701999963188427500e-06
1.702499957900727168e-06,1.702499162092863116e-06,1.702499957900727168e-06
1.702999952613026835e-06,1.702999156805162784e-06,1.702999952613026835e-06
1.703499947325326502e-06,1.703499151517462451e-06,1.703499947325326502e-06
1.704000055724463891e-06,1.703999146229762118e-06,1.704000055724463891e-06
1.704500050436763559e-06,1.704499254628899507e-06,1.704500050436763559e-06
1.705000045149063226e-06,1.704999249341199175e-06,1.705000045149063226e-06
1.705500039861362893e-06,1.705499244053498842e-06,1.705500039861362893e-06
1.706000034573662560e-06,1.705999238765798509e-06,1.706000034573662560e-06
1.706500029285962228e-06,1.706499233478098176e-06,1.706500029285962228e-06
1.707000023998261895e-06,1.706999341877235565e-06,1.707000023998261895e-06
1.707500018710561562e-06,1.707499109215859789e-06,1.707500018710561562e-06
1.708000013422861230e-06,1.707999217614997178e-06,1.708000013422861230e-06
1.708500008135160897e-06,1.708499212327296846e-06,1.708500008135160897e-06
1.709000002847460564e-06,1.708999207039596513e-06,1.709000002847460564e-06
1.709499997559760232e-06,1.709499201751896180e-06,1.709499997559760232e-06
1.709999992272059899e-06,1.709999196464195848e-06,1.709999992272059899e-06
1.710499986984359566e-06,1.710499304863333236e-06,1.710499986984359566e-06
1.710999981696659233e-06,1.710999072201957460e-06,1.710999981696659233e-06
1.711499976408958901e-06,1.711499180601094849e-06,1.711499976408958901e-06
1.711999971121258568e-06,1.711999175313394517e-06,1.711999971121258568e-06
1.712499965833558235e-06,1.712499170025694184e-06,1.712499965833558235e-06
1.712999960545857903e-06,1.712999164737993851e-06,1.712999960545857903e-06
1.713499955258157570e-06,1.713499159450293519e-06,1.713499955258157570e-06
1.713999949970457237e-06,1.713999267849430908e-06,1.713999949970457237e-06
1.714499944682756905e-06,1.714499035188055132e-06,1.714499944682756905e-06
1.715000053081894293e-06,1.714999257274030242e-06,1.715000053081894293e-06
1.715500047794193961e-06,1.715499251986329909e-06,1.715500047794193961e-06
1.716000042506493628e-06,1.715999360385467298e-06,1.716000042506493628e-06
1.716500037218793295e-06,1.716499127724091522e-06,1.716500037218793295e-06
1.717000031931092963e-06,1.716999122436391190e-06,1.717000031931092963e-06
1.717500026643392630e-06,1.717499230835528579e-06,1.717500026643392630e-06
1.718000021355692297e-06,1.717999225547828246e-06,1.718000021355692297e-06
1.718500016067991965e-06,1.718499220260127913e-06,1.718500016067991965e-06
1.719000010780291632e-06,1.718999214972427581e-06,1.719000010780291632e-06
1.719500005492591299e-06,1.719499323371564969e-06,1.719500005492591299e-06
1.720000000204890966e-06,1.719999090710189193e-06,1.720000000204890966e-06
1.720499994917190634e-06,1.720499199109326582e-06,1.720499994917190634e-06
1.720999989629490301e-06,1.720999193821626250e-06,1.720999989629490301e-06
1.721499984341789968e-06,1.721499188533925917e-06,1.721499984341789968e-06
1.721999979054089636e-06,1.721999183246225584e-06,1.721999979054089636e-06
1.722499973766389303e-06,1.722499177958525252e-06,1.722499973766389303e-06
1.722999968478688970e-06,1.722999286357662641e-06,1.722999968478688970e-06
1.723499963190988638e-06,1.723499053696286865e-06,1.723499963190988638e-06
1.723999957903288305e-06,1.723999162095424253e-06,1.723999957903288305e-06
1.724499952615587972e-06,1.724499156807723921e-06,1.724499952615587972e-06
1.724999947327887639e-06,1.724999151520023588e-06,1.724999947327887639e-06
1.725500055727025028e-06,1.725499146232323255e-06,1.725500055727025028e-06
1.726000050439324696e-06,1.725999140944622923e-06,1.726000050439324696e-06
1.726500045151624363e-06,1.726499249343760312e-06,1.726500045151624363e-06
1.727000039863924030e-06,1.726999244056059979e-06,1.727000039863924030e-06
1.727500034576223698e-06,1.727499238768359646e-06,1.727500034576223698e-06
1.728000029288523365e-06,1.727999233480659313e-06,1.728000029288523365e-06
1.728500024000823032e-06,1.728499341879796702e-06,1.728500024000823032e-06
1.729000018713122699e-06,1.728999109218420926e-06,1.729000018713122699e-06
1.729500013425422367e-06,1.729499103930720594e-06,1.729500013425422367e-06
1.730000008137722034e-06,1.729999212329857983e-06,1.730000008137722034e-06
1.730500002850021701e-06,1.730499207042157650e-06,1.730500002850021701e-06
1.730999997562321369e-06,1.730999201754457317e-06,1.730999997562321369e-06
1.731499992274621036e-06,1.731499196466756985e-06,1.731499992274621036e-06
1.731999986986920703e-06,1.731999304865894374e-06,1.731999986986920703e-06
1.732499981699220371e-06,1.732499072204518598e-06,1.732499981699220371e-06
1.732999976411520038e-06,1.732999180603655986e-06,1.732999976411520038e-06
1.733499971123819705e-06,1.733499175315955654e-06,1.733499971123819705e-06
1.733999965836119372e-06,1.733999170028255321e-06,1.733999965836119372e-06
1.734499960548419040e-06,1.734499164740554988e-06,1.734499960548419040e-06
1.734999955260718707e-06,1.734999159452854656e-06,1.734999955260718707e-06
1.735499949973018374e-06,1.735499267851992045e-06,1.735499949973018374e-06
1.735999944685318042e-06,1.735999035190616269e-06,1.735999944685318042e-06
1.736500053084455431e-06,1.736499257276591379e-06,1.736500053084455431e-06
1.737000047796755098e-06,1.736999251988891046e-06,1.737000047796755098e-06
1.737500042509054765e-06,1.737499360388028435e-06,1.737500042509054765e-06
1.738000037221354432e-06,1.737999127726652659e-06,1.738000037221354432e-06
1.738500031933654100e-06,1.738499122438952327e-06,1.738500031933654100e-06
1.739000026645953767e-06,1.738999230838089716e-06,1.739000026645953767e-06
1.739500021358253434e-06,1.739499225550389383e-06,1.739500021358253434e-06
1.740000016070553102e-06,1.739999220262689050e-06,1.740000016070553102e-06
1.740500010782852769e-06,1.740499214974988718e-06,1.740500010782852769e-06
1.741000005495152436e-06,1.740999323374126107e-06,1.741000005495152436e-06
1.741500000207452103e-06,1.741499090712750331e-06,1.741500000207452103e-06
1.741999994919751771e-06,1.741999085425049998e-06,1.741999994919751771e-06
1.742499989632051438e-06,1.742499193824187387e-06,1.742499989632051438e-06
1.742999984344351105e-06,1.742999188536487054e-06,1.742999984344351105e-06
1.743499979056650773e-06,1.743499183248786721e-06,1.743499979056650773e-06
1.743999973768950440e-06,1.743999177961086389e-06,1.743999973768950440e-06
1.744499968481250107e-06,1.744499286360223778e-06,1.744499968481250107e-06
1.744999963193549775e-06,1.744999053698848002e-06,1.744999963193549775e-06
1.745499957905849442e-06,1.745499048411147669e-06,1.745499957905849442e-06
1.745999952618149109e-06,1.745999156810285058e-06,1.745999952618149109e-06
1.746499947330448776e-06,1.746499151522584725e-06,1.746499947330448776e-06
1.747000055729586165e-06,1.746999146234884392e-06,1.747000055729586165e-06
1.747500050441885833e-06,1.747499140947184060e-06,1.747500050441885833e-06
1.748000045154185500e-06,1.747999249346321449e-06,1.748000045154185500e-06
1.748500039866485167e-06,1.748499244058621116e-06,1.748500039866485167e-06
1.749000034578784835e-06,1.748999238770920783e-06,1.749000034578784835e-06
1.749500029291084502e-06,1.749499233483220451e-06,1.749500029291084502e-06
1.750000024003384169e-06,1.749999341882357839e-06,1.750000024003384169e-06
1.750500018715683836e-06,1.750499109220982064e-06,1.750500018715683836e-06
1.751000013427983504e-06,1.750999103933281731e-06,1.751000013427983504e-06
1.751500008140283171e-06,1.751499212332419120e-06,1.751500008140283171e-06
1.752000002852582838e-06,1.751999207044718787e-06,1.752000002852582838e-06
1.752499997564882506e-06,1.752499201757018454e-06,1.752499997564882506e-06
1.752999992277182173e-06,1.752999196469318122e-06,1.752999992277182173e-06
1.753499986989481840e-06,1.753499304868455511e-06,1.753499986989481840e-06
1.753999981701781508e-06,1.753999072207079735e-06,1.753999981701781508e-06
1.754499976414081175e-06,1.754499066919379402e-06,1.754499976414081175e-06
1.754999971126380842e-06,1.754999175318516791e-06,1.754999971126380842e-06
1.755499965838680509e-06,1.755499170030816458e-06,1.755499965838680509e-06
1.755999960550980177e-06,1.755999164743116125e-06,1.755999960550980177e-06
1.756499955263279844e-06,1.756499159455415793e-06,1.756499955263279844e-06
1.756999949975579511e-06,1.756999040480877738e-06,1.756999949975579511e-06
1.757499944687879179e-06,1.757499035193177406e-06,1.757499944687879179e-06
1.758000053087016568e-06,1.757999257279152516e-06,1.758000053087016568e-06
1.758500047799316235e-06,1.758499251991452184e-06,1.758500047799316235e-06
1.759000042511615902e-06,1.758999246703751851e-06,1.759000042511615902e-06
1.759500037223915569e-06,1.759499127729213797e-06,1.759500037223915569e-06
1.760000031936215237e-06,1.759999122441513464e-06,1.760000031936215237e-06
1.760500026648514904e-06,1.760499230840650853e-06,1.760500026648514904e-06
1.761000021360814571e-06,1.760999225552950520e-06,1.761000021360814571e-06
1.761500016073114239e-06,1.761499220265250187e-06,1.761500016073114239e-06
1.762000010785413906e-06,1.761999214977549855e-06,1.762000010785413906e-06
1.762500005497713573e-06,1.762499323376687244e-06,1.762500005497713573e-06
1.763000000210013241e-06,1.762999090715311468e-06,1.763000000210013241e-06
1.763499994922312908e-06,1.763499085427611135e-06,1.763499994922312908e-06
1.763999989634612575e-06,1.763999193826748524e-06,1.763999989634612575e-06
1.764499984346912242e-06,1.764499188539048191e-06,1.764499984346912242e-06
1.764999979059211910e-06,1.764999183251347858e-06,1.764999979059211910e-06
1.765499973771511577e-06,1.765499177963647526e-06,1.765499973771511577e-06
1.765999968483811244e-06,1.765999058989109471e-06,1.765999968483811244e-06
1.766499963196110912e-06,1.766499053701409139e-06,1.766499963196110912e-06
1.766999957908410579e-06,1.766999048413708806e-06,1.766999957908410579e-06
1.767499952620710246e-06,1.767499156812846195e-06,1.767499952620710246e-06
1.767999947333009914e-06,1.767999151525145862e-06,1.767999947333009914e-06
1.768500055732147302e-06,1.768499146237445530e-06,1.768500055732147302e-06
1.769000050444446970e-06,1.768999140949745197e-06,1.769000050444446970e-06
1.769500045156746637e-06,1.769499249348882586e-06,1.769500045156746637e-06
1.770000039869046304e-06,1.769999244061182253e-06,1.770000039869046304e-06
1.770500034581345972e-06,1.770499238773481920e-06,1.770500034581345972e-06
1.771000029293645639e-06,1.770999233485781588e-06,1.771000029293645639e-06
1.771500024005945306e-06,1.771499228198081255e-06,1.771500024005945306e-06
1.772000018718244974e-06,1.771999109223543201e-06,1.772000018718244974e-06
1.772500013430544641e-06,1.772499103935842868e-06,1.772500013430544641e-06
1.773000008142844308e-06,1.772999212334980257e-06,1.773000008142844308e-06
1.773500002855143975e-06,1.773499207047279924e-06,1.773500002855143975e-06
1.773999997567443643e-06,1.773999201759579591e-06,1.773999997567443643e-06
1.774499992279743310e-06,1.774499196471879259e-06,1.774499992279743310e-06
1.774999986992042977e-06,1.774999077497341204e-06,1.774999986992042977e-06
1.775499981704342645e-06,1.775499072209640872e-06,1.775499981704342645e-06
1.775999976416642312e-06,1.775999066921940539e-06,1.775999976416642312e-06
1.776499971128941979e-06,1.776499175321077928e-06,1.776499971128941979e-06
1.776999965841241647e-06,1.776999170033377595e-06,1.776999965841241647e-06
1.777499960553541314e-06,1.777499164745677263e-06,1.777499960553541314e-06
1.777999955265840981e-06,1.777999159457976930e-06,1.777999955265840981e-06
1.778499949978140648e-06,1.778499040483438876e-06,1.778499949978140648e-06
1.778999944690440316e-06,1.778999035195738543e-06,1.778999944690440316e-06
1.779500053089577705e-06,1.779499257281713653e-06,1.779500053089577705e-06
1.780000047801877372e-06,1.779999251994013321e-06,1.780000047801877372e-06
1.780500042514177039e-06,1.780499246706312988e-06,1.780500042514177039e-06
1.781000037226476707e-06,1.780999127731774934e-06,1.781000037226476707e-06
1.781500031938776374e-06,1.781499122444074601e-06,1.781500031938776374e-06
1.782000026651076041e-06,1.781999230843211990e-06,1.782000026651076041e-06
1.782500021363375708e-06,1.782499225555511657e-06,1.782500021363375708e-06
1.783000016075675376e-06,1.782999220267811324e-06,1.783000016075675376e-06
1.783500010787975043e-06,1.783499214980110992e-06,1.783500010787975043e-06
1.784000005500274710e-06,1.783999096005572937e-06,1.784000005500274710e-06
1.784500000212574378e-06,1.784499090717872605e-06,1.784500000212574378e-06
1.784999994924874045e-06,1.784999085430172272e-06,1.784999994924874045e-06
1.785499989637173712e-06,1.785499193829309661e-06,1.785499989637173712e-06
1.785999984349473380e-06,1.785999188541609328e-06,1.785999984349473380e-06
1.786499979061773047e-06,1.786499183253908996e-06,1.786499979061773047e-06
1.786999973774072714e-06,1.786999177966208663e-06,1.786999973774072714e-06
1.787499968486372381e-06,1.787499058991670609e-06,1.787499968486372381e-06
1.787999963198672049e-06,1.787999053703970276e-06,1.787999963198672049e-06
1.788499957910971716e-06,1.788499048416269943e-06,1.788499957910971716e-06
1.788999952623271383e-06,1.788999156815407332e-06,1.788999952623271383e-06
1.789499947335571051e-06,1.789499151527706999e-06,1.789499947335571051e-06
1.790000055734708440e-06,1.789999146240006667e-06,1.790000055734708440e-06
1.790500050447008107e-06,1.790499140952306334e-06,1.790500050447008107e-06
1.791000045159307774e-06,1.790999249351443723e-06,1.791000045159307774e-06
1.791500039871607441e-06,1.791499244063743390e-06,1.791500039871607441e-06
1.792000034583907109e-06,1.791999238776043057e-06,1.792000034583907109e-06
1.792500029296206776e-06,1.792499233488342725e-06,1.792500029296206776e-06
1.793000024008506443e-06,1.792999114513804670e-06,1.793000024008506443e-06
1.793500018720806111e-06,1.793499109226104338e-06,1.793500018720806111e-06
1.794000013433105778e-06,1.793999103938404005e-06,1.794000013433105778e-06
1.794500008145405445e-06,1.794499212337541394e-06,1.794500008145405445e-06
1.795000002857705113e-06,1.794999207049841061e-06,1.795000002857705113e-06
1.795499997570004780e-06,1.795499201762140729e-06,1.795499997570004780e-06
1.795999992282304447e-06,1.795999196474440396e-06,1.795999992282304447e-06
1.796499986994604114e-06,1.796499077499902342e-06,1.796499986994604114e-06
1.796999981706903782e-06,1.796999072212202009e-06,1.796999981706903782e-06
1.797499976419203449e-06,1.797499066924501676e-06,1.797499976419203449e-06
1.797999971131503116e-06,1.797999175323639065e-06,1.797999971131503116e-06
1.798499965843802784e-06,1.798499170035938732e-06,1.798499965843802784e-06
1.798999960556102451e-06,1.798999164748238400e-06,1.798999960556102451e-06
1.799499955268402118e-06,1.799499159460538067e-06,1.799499955268402118e-06
1.799999949980701786e-06,1.799999040486000013e-06,1.799999949980701786e-06
1.800499944693001453e-06,1.800499035198299680e-06,1.800499944693001453e-06
1.801000053092138842e-06,1.800999257284274790e-06,1.801000053092138842e-06
1.801500047804438509e-06,1.801499251996574458e-06,1.801500047804438509e-06
1.802000042516738176e-06,1.801999133022036403e-06,1.802000042516738176e-06
1.802500037229037844e-06,1.802499127734336071e-06,1.802500037229037844e-06
1.803000031941337511e-06,1.802999122446635738e-06,1.803000031941337511e-06
1.803500026653637178e-06,1.803499117158935405e-06,1.803500026653637178e-06
1.804000021365936846e-06,1.803999225558072794e-06,1.804000021365936846e-06
1.804500016078236513e-06,1.804499220270372462e-06,1.804500016078236513e-06
1.805000010790536180e-06,1.804999214982672129e-06,1.805000010790536180e-06
1.805500005502835847e-06,1.805499096008134075e-06,1.805500005502835847e-06
1.806000000215135515e-06,1.805999090720433742e-06,1.806000000215135515e-06
1.806499994927435182e-06,1.806499085432733409e-06,1.806499994927435182e-06
1.806999989639734849e-06,1.806999193831870798e-06,1.806999989639734849e-06
1.807499984352034517e-06,1.807499188544170465e-06,1.807499984352034517e-06
1.807999979064334184e-06,1.807999183256470133e-06,1.807999979064334184e-06
1.808499973776633851e-06,1.808499177968769800e-06,1.808499973776633851e-06
1.808999968488933519e-06,1.808999058994231746e-06,1.808999968488933519e-06
1.809499963201233186e-06,1.809499053706531413e-06,1.809499963201233186e-06
1.809999957913532853e-06,1.809999048418831080e-06,1.809999957913532853e-06
1.810499952625832520e-06,1.810499156817968469e-06,1.810499952625832520e-06
1.810999947338132188e-06,1.810999151530268136e-06,1.810999947338132188e-06
1.811500055737269577e-06,1.811499146242567804e-06,1.811500055737269577e-06
1.812000050449569244e-06,1.811999140954867471e-06,1.812000050449569244e-06
1.812500045161868911e-06,1.812499135667167138e-06,1.812500045161868911e-06
1.813000039874168579e-06,1.812999244066304527e-06,1.813000039874168579e-06
1.813500034586468246e-06,1.813499238778604195e-06,1.813500034586468246e-06
1.814000029298767913e-06,1.813999233490903862e-06,1.814000029298767913e-06
1.814500024011067580e-06,1.814499114516365808e-06,1.814500024011067580e-06
1.815000018723367248e-06,1.814999109228665475e-06,1.815000018723367248e-06
1.815500013435666915e-06,1.815499103940965142e-06,1.815500013435666915e-06
1.816000008147966582e-06,1.815999098653264809e-06,1.816000008147966582e-06
1.816500002860266250e-06,1.816499207052402198e-06,1.816500002860266250e-06
1.816999997572565917e-06,1.816999201764701866e-06,1.816999997572565917e-06
1.817499992284865584e-06,1.817499196477001533e-06,1.817499992284865584e-06
1.817999986997165252e-06,1.817999077502463479e-06,1.817999986997165252e-06
1.818499981709464919e-06,1.818499072214763146e-06,1.818499981709464919e-06
1.818999976421764586e-06,1.818999066927062813e-06,1.818999976421764586e-06
1.819499971134064253e-06,1.819499175326200202e-06,1.819499971134064253e-06
1.819999965846363921e-06,1.819999170038499869e-06,1.819999965846363921e-06
1.820499960558663588e-06,1.820499164750799537e-06,1.820499960558663588e-06
1.820999955270963255e-06,1.820999159463099204e-06,1.820999955270963255e-06
1.821499949983262923e-06,1.821499040488561150e-06,1.821499949983262923e-06
1.821999944695562590e-06,1.821999035200860817e-06,1.821999944695562590e-06
1.822500053094699979e-06,1.822499257286835928e-06,1.822500053094699979e-06
1.823000047806999646e-06,1.822999251999135595e-06,1.823000047806999646e-06
1.823500042519299313e-06,1.823499133024597540e-06,1.823500042519299313e-06
1.824000037231598981e-06,1.823999127736897208e-06,1.824000037231598981e-06
1.824500031943898648e-06,1.824499122449196875e-06,1.824500031943898648e-06
1.825000026656198315e-06,1.824999117161496542e-06,1.825000026656198315e-06
1.825500021368497983e-06,1.825499225560633931e-06,1.825500021368497983e-06
1.826000016080797650e-06,1.825999220272933599e-06,1.826000016080797650e-06
1.826500010793097317e-06,1.826499214985233266e-06,1.826500010793097317e-06
1.827000005505396985e-06,1.826999096010695212e-06,1.827000005505396985e-06
1.827500000217696652e-06,1.827499090722994879e-06,1.827500000217696652e-06
1.827999994929996319e-06,1.827999085435294546e-06,1.827999994929996319e-06
1.828499989642295986e-06,1.828499080147594213e-06,1.828499989642295986e-06
1.828999984354595654e-06,1.828999188546731602e-06,1.828999984354595654e-06
1.829499979066895321e-06,1.829499183259031270e-06,1.829499979066895321e-06
1.829999973779194988e-06,1.829999177971330937e-06,1.829999973779194988e-06
1.830499968491494656e-06,1.830499058996792883e-06,1.830499968491494656e-06
1.830999963203794323e-06,1.830999053709092550e-06,1.830999963203794323e-06
1.831499957916093990e-06,1.831499048421392217e-06,1.831499957916093990e-06
1.831999952628393658e-06,1.831999043133691885e-06,1.831999952628393658e-06
1.832499947340693325e-06,1.832499151532829273e-06,1.832499947340693325e-06
1.833000055739830714e-06,1.832999146245128941e-06,1.833000055739830714e-06
1.833500050452130381e-06,1.833499140957428608e-06,1.833500050452130381e-06
1.834000045164430048e-06,1.833999135669728275e-06,1.834000045164430048e-06
1.834500039876729716e-06,1.834499244068865664e-06,1.834500039876729716e-06
1.835000034589029383e-06,1.834999238781165332e-06,1.835000034589029383e-06
1.835500029301329050e-06,1.835499233493464999e-06,1.835500029301329050e-06
1.836000024013628718e-06,1.835999114518926945e-06,1.836000024013628718e-06
1.836500018725928385e-06,1.836499109231226612e-06,1.836500018725928385e-06
1.837000013438228052e-06,1.836999103943526279e-06,1.837000013438228052e-06
1.837500008150527719e-06,1.837499098655825946e-06,1.837500008150527719e-06
1.838000002862827387e-06,1.837999207054963335e-06,1.838000002862827387e-06
1.838499997575127054e-06,1.838499201767263003e-06,1.838499997575127054e-06
1.838999992287426721e-06,1.838999196479562670e-06,1.838999992287426721e-06
1.839499986999726389e-06,1.839499077505024616e-06,1.839499986999726389e-06
1.839999981712026056e-06,1.839999072217324283e-06,1.839999981712026056e-06
1.840499976424325723e-06,1.840499066929623950e-06,1.840499976424325723e-06
1.840999971136625390e-06,1.840999061641923618e-06,1.840999971136625390e-06
1.841499965848925058e-06,1.841499170041061006e-06,1.841499965848925058e-06
1.841999960561224725e-06,1.841999164753360674e-06,1.841999960561224725e-06
1.842499955273524392e-06,1.842499159465660341e-06,1.842499955273524392e-06
1.842999949985824060e-06,1.842999040491122287e-06,1.842999949985824060e-06
1.843499944698123727e-06,1.843499035203421954e-06,1.843499944698123727e-06
1.844000053097261116e-06,1.843999257289397065e-06,1.844000053097261116e-06
1.844500047809560783e-06,1.844499252001696732e-06,1.844500047809560783e-06
1.845000042521860451e-06,1.844999133027158678e-06,1.845000042521860451e-06
1.845500037234160118e-06,1.845499127739458345e-06,1.845500037234160118e-06
1.846000031946459785e-06,1.845999122451758012e-06,1.846000031946459785e-06
1.846500026658759452e-06,1.846499117164057679e-06,1.846500026658759452e-06
1.847000021371059120e-06,1.846999225563195068e-06,1.847000021371059120e-06
1.847500016083358787e-06,1.847499220275494736e-06,1.847500016083358787e-06
1.848000010795658454e-06,1.847999214987794403e-06,1.848000010795658454e-06
1.848500005507958122e-06,1.848499096013256349e-06,1.848500005507958122e-06
1.849000000220257789e-06,1.848999090725556016e-06,1.849000000220257789e-06
1.849499994932557456e-06,1.849499085437855683e-06,1.849499994932557456e-06
1.849999989644857123e-06,1.849999080150155351e-06,1.849999989644857123e-06
1.850499984357156791e-06,1.850499188549292739e-06,1.850499984357156791e-06
1.850999979069456458e-06,1.850999183261592407e-06,1.850999979069456458e-06
1.851499973781756125e-06,1.851499177973892074e-06,1.851499973781756125e-06
1.851999968494055793e-06,1.851999058999354020e-06,1.851999968494055793e-06
1.852499963206355460e-06,1.852499053711653687e-06,1.852499963206355460e-06
1.852999957918655127e-06,1.852999048423953354e-06,1.852999957918655127e-06
1.853499952630954795e-06,1.853499043136253022e-06,1.853499952630954795e-06
1.853999947343254462e-06,1.853999151535390411e-06,1.853999947343254462e-06
1.854500055742391851e-06,1.854499146247690078e-06,1.854500055742391851e-06
1.855000050454691518e-06,1.854999140959989745e-06,1.855000050454691518e-06
1.855500045166991185e-06,1.855499135672289412e-06,1.855500045166991185e-06
1.856000039879290853e-06,1.855999244071426801e-06,1.856000039879290853e-06
1.856500034591590520e-06,1.856499238783726469e-06,1.856500034591590520e-06
1.857000029303890187e-06,1.856999233496026136e-06,1.857000029303890187e-06
1.857500024016189855e-06,1.857499114521488082e-06,1.857500024016189855e-06
1.858000018728489522e-06,1.857999109233787749e-06,1.858000018728489522e-06
1.858500013440789189e-06,1.858499103946087416e-06,1.858500013440789189e-06
1.859000008153088856e-06,1.858999098658387084e-06,1.859000008153088856e-06
1.859500002865388524e-06,1.859499207057524472e-06,1.859500002865388524e-06
1.859999997577688191e-06,1.859999201769824140e-06,1.859999997577688191e-06
1.860499992289987858e-06,1.860499196482123807e-06,1.860499992289987858e-06
1.860999987002287526e-06,1.860999077507585753e-06,1.860999987002287526e-06
1.861499981714587193e-06,1.861499072219885420e-06,1.861499981714587193e-06
1.861999976426886860e-06,1.861999066932185087e-06,1.861999976426886860e-06
1.862499971139186528e-06,1.862499061644484755e-06,1.862499971139186528e-06
1.862999965851486195e-06,1.862999170043622144e-06,1.862999965851486195e-06
1.863499960563785862e-06,1.863499164755921811e-06,1.863499960563785862e-06
1.863999955276085529e-06,1.863999159468221478e-06,1.863999955276085529e-06
1.864499949988385197e-06,1.864499040493683424e-06,1.864499949988385197e-06
1.864999944700684864e-06,1.864999035205983091e-06,1.864999944700684864e-06
1.865500053099822253e-06,1.865499257291958202e-06,1.865500053099822253e-06
1.866000047812121920e-06,1.865999252004257869e-06,1.866000047812121920e-06
1.866500042524421588e-06,1.866499133029719815e-06,1.866500042524421588e-06
1.867000037236721255e-06,1.866999127742019482e-06,1.867000037236721255e-06
1.867500031949020922e-06,1.867499122454319149e-06,1.867500031949020922e-06
1.868000026661320589e-06,1.867999117166618817e-06,1.868000026661320589e-06
1.868500021373620257e-06,1.868499225565756205e-06,1.868500021373620257e-06
1.869000016085919924e-06,1.868999220278055873e-06,1.869000016085919924e-06
1.869500010798219591e-06,1.869499214990355540e-06,1.869500010798219591e-06
1.870000005510519259e-06,1.869999096015817486e-06,1.870000005510519259e-06
1.870500000222818926e-06,1.870499090728117153e-06,1.870500000222818926e-06
1.870999994935118593e-06,1.870999085440416820e-06,1.870999994935118593e-06
1.871499989647418261e-06,1.871499080152716488e-06,1.871499989647418261e-06
1.871999984359717928e-06,1.871999188551853877e-06,1.871999984359717928e-06
1.872499979072017595e-06,1.872499183264153544e-06,1.872499979072017595e-06
1.872999973784317262e-06,1.872999177976453211e-06,1.872999973784317262e-06
1.873499968496616930e-06,1.873499059001915157e-06,1.873499968496616930e-06
1.873999963208916597e-06,1.873999053714214824e-06,1.873999963208916597e-06
1.874499957921216264e-06,1.874499048426514491e-06,1.874499957921216264e-06
1.874999952633515932e-06,1.874999043138814159e-06,1.874999952633515932e-06
1.875499947345815599e-06,1.875499151537951548e-06,1.875499947345815599e-06
1.876000055744952988e-06,1.875999146250251215e-06,1.876000055744952988e-06
1.876500050457252655e-06,1.876499140962550882e-06,1.876500050457252655e-06
1.877000045169552322e-06,1.876999135674850550e-06,1.877000045169552322e-06
1.877500039881851990e-06,1.877499244073987938e-06,1.877500039881851990e-06
1.878000034594151657e-06,1.877999238786287606e-06,1.878000034594151657e-06
1.878500029306451324e-06,1.878499233498587273e-06,1.878500029306451324e-06
1.879000024018750992e-06,1.878999114524049219e-06,1.879000024018750992e-06
1.879500018731050659e-06,1.879499109236348886e-06,1.879500018731050659e-06
1.880000013443350326e-06,1.879999103948648553e-06,1.880000013443350326e-06
1.880500008155649994e-06,1.880499098660948221e-06,1.880500008155649994e-06
1.881000002867949661e-06,1.880999207060085610e-06,1.881000002867949661e-06
1.881499997580249328e-06,1.881499201772385277e-06,1.881499997580249328e-06
1.881999992292548995e-06,1.881999196484684944e-06,1.881999992292548995e-06
1.882499987004848663e-06,1.882499077510146890e-06,1.882499987004848663e-06
1.882999981717148330e-06,1.882999072222446557e-06,1.882999981717148330e-06
1.883499976429447997e-06,1.883499066934746224e-06,1.883499976429447997e-06
1.883999971141747665e-06,1.883999061647045892e-06,1.883999971141747665e-06
1.884499965854047332e-06,1.884499170046183281e-06,1.884499965854047332e-06
1.884999960566346999e-06,1.884999164758482948e-06,1.884999960566346999e-06
1.885499955278646667e-06,1.885499159470782615e-06,1.885499955278646667e-06
1.885999949990946334e-06,1.885999040496244561e-06,1.885999949990946334e-06
1.886499944703246001e-06,1.886499035208544228e-06,1.886499944703246001e-06
1.887000053102383390e-06,1.886999257294519339e-06,1.887000053102383390e-06
1.887500047814683057e-06,1.887499252006819006e-06,1.887500047814683057e-06
1.888000042526982725e-06,1.887999133032280952e-06,1.888000042526982725e-06
1.888500037239282392e-06,1.888499127744580619e-06,1.888500037239282392e-06
1.889000031951582059e-06,1.888999122456880286e-06,1.889000031951582059e-06
1.889500026663881727e-06,1.889499117169179954e-06,1.889500026663881727e-06
1.890000021376181394e-06,1.889999111881479621e-06,1.890000021376181394e-06
1.890500016088481061e-06,1.890499220280617010e-06,1.890500016088481061e-06
1.891000010800780728e-06,1.890999214992916677e-06,1.891000010800780728e-06
1.891500005513080396e-06,1.891499096018378623e-06,1.891500005513080396e-06
1.892000000225380063e-06,1.891999090730678290e-06,1.892000000225380063e-06
1.892499994937679730e-06,1.892499085442977957e-06,1.892499994937679730e-06
1.892999989649979398e-06,1.892999080155277625e-06,1.892999989649979398e-06
1.893499984362279065e-06,1.893499188554415014e-06,1.893499984362279065e-06
1.893999979074578732e-06,1.893999183266714681e-06,1.893999979074578732e-06
1.894499973786878400e-06,1.894499177979014348e-06,1.894499973786878400e-06
1.894999968499178067e-06,1.894999059004476294e-06,1.894999968499178067e-06
1.895499963211477734e-06,1.895499053716775961e-06,1.895499963211477734e-06
1.895999957923777401e-06,1.895999048429075629e-06,1.895999957923777401e-06
1.896499952636077069e-06,1.896499043141375296e-06,1.896499952636077069e-06
1.896999947348376736e-06,1.896999151540512685e-06,1.896999947348376736e-06
1.897500055747514125e-06,1.897499146252812352e-06,1.897500055747514125e-06
1.898000050459813792e-06,1.897999140965112019e-06,1.898000050459813792e-06
1.898500045172113460e-06,1.898499135677411687e-06,1.898500045172113460e-06
1.899000039884413127e-06,1.898999130389711354e-06,1.899000039884413127e-06
1.899500034596712794e-06,1.899499238788848743e-06,1.899500034596712794e-06
1.900000029309012461e-06,1.899999233501148410e-06,1.900000029309012461e-06
1.900500024021312129e-06,1.900499114526610356e-06,1.900500024021312129e-06
1.901000018733611796e-06,1.900999109238910023e-06,1.901000018733611796e-06
1.901500013445911463e-06,1.901499103951209690e-06,1.901500013445911463e-06
1.902000008158211131e-06,1.901999098663509358e-06,1.902000008158211131e-06
1.902500002870510798e-06,1.902499093375809025e-06,1.902500002870510798e-06
1.902999997582810465e-06,1.902999201774946414e-06,1.902999997582810465e-06
1.903499992295110133e-06,1.903499196487246081e-06,1.903499992295110133e-06
1.903999987007409800e-06,1.903999077512708027e-06,1.903999987007409800e-06
1.904499981719709467e-06,1.904499072225007694e-06,1.904499981719709467e-06
1.904999976432009134e-06,1.904999066937307362e-06,1.904999976432009134e-06
1.905499971144308802e-06,1.905499061649607029e-06,1.905499971144308802e-06
1.905999965856608469e-06,1.905999170048744418e-06,1.905999965856608469e-06
1.906499960568908136e-06,1.906499164761044085e-06,1.906499960568908136e-06
1.906999955281207804e-06,1.906998932099668309e-06,1.906999955281207804e-06
1.907500063680345193e-06,1.907499154185643420e-06,1.907500063680345193e-06
1.908000058392644860e-06,1.907999148897943087e-06,1.908000058392644860e-06
1.908500053104944527e-06,1.908499143610242754e-06,1.908500053104944527e-06
1.909000047817244194e-06,1.908999138322542422e-06,1.909000047817244194e-06
1.909500042529543862e-06,1.909499133034842089e-06,1.909500042529543862e-06
1.910000037241843529e-06,1.909999127747141756e-06,1.910000037241843529e-06
1.910500031954143196e-06,1.910499122459441423e-06,1.910500031954143196e-06
1.911000026666442864e-06,1.910999117171741091e-06,1.911000026666442864e-06
1.911500021378742531e-06,1.911499111884040758e-06,1.911500021378742531e-06
1.912000016091042198e-06,1.911999106596340425e-06,1.912000016091042198e-06
1.912500010803341866e-06,1.912499101308640093e-06,1.912500010803341866e-06
1.913000005515641533e-06,1.912999096020939760e-06,1.913000005515641533e-06
1.913500000227941200e-06,1.913499090733239427e-06,1.913500000227941200e-06
1.913999994940240867e-06,1.913999085445539095e-06,1.913999994940240867e-06
1.914499989652540535e-06,1.914499080157838762e-06,1.914499989652540535e-06
1.914999984364840202e-06,1.914999074870138429e-06,1.914999984364840202e-06
1.915499979077139869e-06,1.915499069582438096e-06,1.915499979077139869e-06
1.915999973789439537e-06,1.915999064294737764e-06,1.915999973789439537e-06
1.916499968501739204e-06,1.916499059007037431e-06,1.916499968501739204e-06
1.916999963214038871e-06,1.916999053719337098e-06,1.916999963214038871e-06
1.917499957926338539e-06,1.917499048431636766e-06,1.917499957926338539e-06
1.917999952638638206e-06,1.917999043143936433e-06,1.917999952638638206e-06
1.918499947350937873e-06,1.918499037856236100e-06,1.918499947350937873e-06
1.918999942063237540e-06,1.918999032568535767e-06,1.918999942063237540e-06
1.919499936775537208e-06,1.919499027280835435e-06,1.919499936775537208e-06
1.919999931487836875e-06,1.919999021993135102e-06,1.919999931487836875e-06
1.920499926200136542e-06,1.920499016705434769e-06,1.920499926200136542e-06
1.920999920912436210e-06,1.920999011417734437e-06,1.920999920912436210e-06
1.921499915624735877e-06,1.921499006130034104e-06,1.921499915624735877e-06
1.921999910337035544e-06,1.921999000842333771e-06,1.921999910337035544e-06
1.922499905049335212e-06,1.922498995554633439e-06,1.922499905049335212e-06
1.922999899761634879e-06,1.922998990266933106e-06,1.922999899761634879e-06
1.923499894473934546e-06,1.923498984979232773e-06,1.923499894473934546e-06
1.923999889186234213e-06,1.923998979691532440e-06,1.923999889186234213e-06
1.924500111272209324e-06,1.924499201777507551e-06,1.924500111272209324e-06
1.925000105984508991e-06,1.924999196489807218e-06,1.925000105984508991e-06
1.925500100696808659e-06,1.925499191202106886e-06,1.925500100696808659e-06
1.926000095409108326e-06,1.925999185914406553e-06,1.926000095409108326e-06
1.926500090121407993e-06,1.926499180626706220e-06,1.926500090121407993e-06
1.927000084833707660e-06,1.926999175339005888e-06,1.927000084833707660e-06
1.927500079546007328e-06,1.927499170051305555e-06,1.927500079546007328e-06
1.928000074258306995e-06,1.927999164763605222e-06,1.928000074258306995e-06
1.928500068970606662e-06,1.928499159475904889e-06,1.928500068970606662e-06
1.929000063682906330e-06,1.928999154188204557e-06,1.929000063682906330e-06
1.929500058395205997e-06,1.929499148900504224e-06,1.929500058395205997e-06
1.930000053107505664e-06,1.929999143612803891e-06,1.930000053107505664e-06
1.930500047819805332e-06,1.930499138325103559e-06,1.930500047819805332e-06
1.931000042532104999e-06,1.930999133037403226e-06,1.931000042532104999e-06
1.931500037244404666e-06,1.931499127749702893e-06,1.931500037244404666e-06
1.932000031956704333e-06,1.931999122462002560e-06,1.932000031956704333e-06
1.932500026669004001e-06,1.932499117174302228e-06,1.932500026669004001e-06
1.933000021381303668e-06,1.932999111886601895e-06,1.933000021381303668e-06
1.933500016093603335e-06,1.933499106598901562e-06,1.933500016093603335e-06
1.934000010805903003e-06,1.933999101311201230e-06,1.934000010805903003e-06
1.934500005518202670e-06,1.934499096023500897e-06,1.934500005518202670e-06
1.935000000230502337e-06,1.934999090735800564e-06,1.935000000230502337e-06
1.935499994942802005e-06,1.935499085448100232e-06,1.935499994942802005e-06
1.935999989655101672e-06,1.935999080160399899e-06,1.935999989655101672e-06
1.936499984367401339e-06,1.936499074872699566e-06,1.936499984367401339e-06
1.936999979079701006e-06,1.936999069584999233e-06,1.936999979079701006e-06
1.937499973792000674e-06,1.937499064297298901e-06,1.937499973792000674e-06
1.937999968504300341e-06,1.937999059009598568e-06,1.937999968504300341e-06
1.938499963216600008e-06,1.938499053721898235e-06,1.938499963216600008e-06
1.938999957928899676e-06,1.938999048434197903e-06,1.938999957928899676e-06
1.939499952641199343e-06,1.939499043146497570e-06,1.939499952641199343e-06
1.939999947353499010e-06,1.939999037858797237e-06,1.939999947353499010e-06
1.940499942065798678e-06,1.940499032571096905e-06,1.940499942065798678e-06
1.940999936778098345e-06,1.940999027283396572e-06,1.940999936778098345e-06
1.941499931490398012e-06,1.941499021995696239e-06,1.941499931490398012e-06
1.941999926202697679e-06,1.941999016707995906e-06,1.941999926202697679e-06
1.942499920914997347e-06,1.942499011420295574e-06,1.942499920914997347e-06
1.942999915627297014e-06,1.942999006132595241e-06,1.942999915627297014e-06
1.943499910339596681e-06,1.943499000844894908e-06,1.943499910339596681e-06
1.943999905051896349e-06,1.943998995557194576e-06,1.943999905051896349e-06
1.944499899764196016e-06,1.944498990269494243e-06,1.944499899764196016e-06
1.944999894476495683e-06,1.944998984981793910e-06,1.944999894476495683e-06
1.945499889188795350e-06,1.945498979694093578e-06,1.945499889188795350e-06
1.946000111274770461e-06,1.945999201780068688e-06,1.946000111274770461e-06
1.946500105987070128e-06,1.946499196492368355e-06,1.946500105987070128e-06
1.947000100699369796e-06,1.946999191204668023e-06,1.947000100699369796e-06
1.947500095411669463e-06,1.947499185916967690e-06,1.947500095411669463e-06
1.948000090123969130e-06,1.947999180629267357e-06,1.948000090123969130e-06
1.948500084836268798e-06,1.948499175341567025e-06,1.948500084836268798e-06
1.949000079548568465e-06,1.948999170053866692e-06,1.949000079548568465e-06
1.949500074260868132e-06,1.949499164766166359e-06,1.949500074260868132e-06
1.950000068973167799e-06,1.949999159478466026e-06,1.950000068973167799e-06
1.950500063685467467e-06,1.950499154190765694e-06,1.950500063685467467e-06
1.951000058397767134e-06,1.950999148903065361e-06,1.951000058397767134e-06
1.951500053110066801e-06,1.951499143615365028e-06,1.951500053110066801e-06
1.952000047822366469e-06,1.951999138327664696e-06,1.952000047822366469e-06
1.952500042534666136e-06,1.952499133039964363e-06,1.952500042534666136e-06
1.953000037246965803e-06,1.952999127752264030e-06,1.953000037246965803e-06
1.953500031959265471e-06,1.953499122464563698e-06,1.953500031959265471e-06
1.954000026671565138e-06,1.953999117176863365e-06,1.954000026671565138e-06
1.954500021383864805e-06,1.954499111889163032e-06,1.954500021383864805e-06
1.955000016096164472e-06,1.954999106601462699e-06,1.955000016096164472e-06
1.955500010808464140e-06,1.955499101313762367e-06,1.955500010808464140e-06
1.956000005520763807e-06,1.955999096026062034e-06,1.956000005520763807e-06
1.956500000233063474e-06,1.956499090738361701e-06,1.956500000233063474e-06
1.956999994945363142e-06,1.956999085450661369e-06,1.956999994945363142e-06
1.957499989657662809e-06,1.957499080162961036e-06,1.957499989657662809e-06
1.957999984369962476e-06,1.957999074875260703e-06,1.957999984369962476e-06
1.958499979082262143e-06,1.958499069587560371e-06,1.958499979082262143e-06
1.958999973794561811e-06,1.958999064299860038e-06,1.958999973794561811e-06
1.959499968506861478e-06,1.959499059012159705e-06,1.959499968506861478e-06
1.959999963219161145e-06,1.959999053724459372e-06,1.959999963219161145e-06
1.960499957931460813e-06,1.960499048436759040e-06,1.960499957931460813e-06
1.960999952643760480e-06,1.960999043149058707e-06,1.960999952643760480e-06
1.961499947356060147e-06,1.961499037861358374e-06,1.961499947356060147e-06
1.961999942068359815e-06,1.961999032573658042e-06,1.961999942068359815e-06
1.962499936780659482e-06,1.962499027285957709e-06,1.962499936780659482e-06
1.962999931492959149e-06,1.962999021998257376e-06,1.962999931492959149e-06
1.963499926205258816e-06,1.963499016710557044e-06,1.963499926205258816e-06
1.963999920917558484e-06,1.963999011422856711e-06,1.963999920917558484e-06
1.964499915629858151e-06,1.964499006135156378e-06,1.964499915629858151e-06
1.964999910342157818e-06,1.964999000847456045e-06,1.964999910342157818e-06
1.965499905054457486e-06,1.965498995559755713e-06,1.965499905054457486e-06
1.965999899766757153e-06,1.965998990272055380e-06,1.965999899766757153e-06
1.966499894479056820e-06,1.966498984984355047e-06,1.966499894479056820e-06
1.966999889191356488e-06,1.966998979696654715e-06,1.966999889191356488e-06
1.967500111277331598e-06,1.967499201782629825e-06,1.967500111277331598e-06
1.968000105989631265e-06,1.967999196494929492e-06,1.968000105989631265e-06
1.968500100701930933e-06,1.968499191207229160e-06,1.968500100701930933e-06
1.969000095414230600e-06,1.968999185919528827e-06,1.969000095414230600e-06
1.969500090126530267e-06,1.969499180631828494e-06,1.969500090126530267e-06
1.970000084838829935e-06,1.969999175344128162e-06,1.970000084838829935e-06
1.970500079551129602e-06,1.970499170056427829e-06,1.970500079551129602e-06
1.971000074263429269e-06,1.970999164768727496e-06,1.971000074263429269e-06
1.971500068975728936e-06,1.971499159481027164e-06,1.971500068975728936e-06
1.972000063688028604e-06,1.971999154193326831e-06,1.972000063688028604e-06
1.972500058400328271e-06,1.972499148905626498e-06,1.972500058400328271e-06
1.973000053112627938e-06,1.972999143617926165e-06,1.973000053112627938e-06
1.973500047824927606e-06,1.973499138330225833e-06,1.973500047824927606e-06
1.974000042537227273e-06,1.973999133042525500e-06,1.974000042537227273e-06
1.974500037249526940e-06,1.974499127754825167e-06,1.974500037249526940e-06
1.975000031961826608e-06,1.974999122467124835e-06,1.975000031961826608e-06
1.975500026674126275e-06,1.975499117179424502e-06,1.975500026674126275e-06
1.976000021386425942e-06,1.975999111891724169e-06,1.976000021386425942e-06
1.976500016098725609e-06,1.976499106604023837e-06,1.976500016098725609e-06
1.977000010811025277e-06,1.976999101316323504e-06,1.977000010811025277e-06
1.977500005523324944e-06,1.977499096028623171e-06,1.977500005523324944e-06
1.978000000235624611e-06,1.977999090740922838e-06,1.978000000235624611e-06
1.978499994947924279e-06,1.978499085453222506e-06,1.978499994947924279e-06
1.978999989660223946e-06,1.978999080165522173e-06,1.978999989660223946e-06
1.979499984372523613e-06,1.979499074877821840e-06,1.979499984372523613e-06
1.979999979084823281e-06,1.979999069590121508e-06,1.979999979084823281e-06
1.980499973797122948e-06,1.980499064302421175e-06,1.980499973797122948e-06
1.980999968509422615e-06,1.980999059014720842e-06,1.980999968509422615e-06
1.981499963221722282e-06,1.981499053727020510e-06,1.981499963221722282e-06
1.981999957934021950e-06,1.981999048439320177e-06,1.981999957934021950e-06
1.982499952646321617e-06,1.982499043151619844e-06,1.982499952646321617e-06
1.982999947358621284e-06,1.982999037863919511e-06,1.982999947358621284e-06
1.983499942070920952e-06,1.983499032576219179e-06,1.983499942070920952e-06
1.983999936783220619e-06,1.983999027288518846e-06,1.983999936783220619e-06
1.984499931495520286e-06,1.984499022000818513e-06,1.984499931495520286e-06
1.984999926207819954e-06,1.984999016713118181e-06,1.984999926207819954e-06
1.985499920920119621e-06,1.985499011425417848e-06,1.985499920920119621e-06
1.985999915632419288e-06,1.985999006137717515e-06,1.985999915632419288e-06
1.986499910344718955e-06,1.986499000850017183e-06,1.986499910344718955e-06
1.986999905057018623e-06,1.986998995562316850e-06,1.986999905057018623e-06
1.987499899769318290e-06,1.987498990274616517e-06,1.987499899769318290e-06
1.987999894481617957e-06,1.987998984986916184e-06,1.987999894481617957e-06
1.988499889193917625e-06,1.988498979699215852e-06,1.988499889193917625e-06
1.989000111279892735e-06,1.988999201785190962e-06,1.989000111279892735e-06
1.989500105992192402e-06,1.989499196497490630e-06,1.989500105992192402e-06
1.990000100704492070e-06,1.989999191209790297e-06,1.990000100704492070e-06
1.990500095416791737e-06,1.990499185922089964e-06,1.990500095416791737e-06
1.991000090129091404e-06,1.990999180634389631e-06,1.991000090129091404e-06
1.991500084841391072e-06,1.991499175346689299e-06,1.991500084841391072e-06
1.992000079553690739e-06,1.991999170058988966e-06,1.992000079553690739e-06
1.992500074265990406e-06,1.992499164771288633e-06,1.992500074265990406e-06
1.993000068978290074e-06,1.992999159483588301e-06,1.993000068978290074e-06
1.993500063690589741e-06,1.993499154195887968e-06,1.993500063690589741e-06
1.994000058402889408e-06,1.993999148908187635e-06,1.994000058402889408e-06
1.994500053115189075e-06,1.994499143620487303e-06,1.994500053115189075e-06
1.995000047827488743e-06,1.994999138332786970e-06,1.995000047827488743e-06
1.995500042539788410e-06,1.995499133045086637e-06,1.995500042539788410e-06
1.996000037252088077e-06,1.995999127757386304e-06,1.996000037252088077e-06
1.996500031964387745e-06,1.996499122469685972e-06,1.996500031964387745e-06
1.997000026676687412e-06,1.996999117181985639e-06,1.997000026676687412e-06
1.997500021388987079e-06,1.997499111894285306e-06,1.997500021388987079e-06
1.998000016101286747e-06,1.997999106606584974e-06,1.998000016101286747e-06
1.998500010813586414e-06,1.998499101318884641e-06,1.998500010813586414e-06
1.999000005525886081e-06,1.998999096031184308e-06,1.999000005525886081e-06
1.999500000238185748e-06,1.999499090743483976e-06,1.999500000238185748e-06
1.999999994950485416e-06,1.999999085455783643e-06,1.999999994950485416e-06
