x,native_sin,std_sin
0.000000000000000000e+00,0.000000000000000000e+00,0.000000000000000000e+00
4.999999858590342683e-10,0.000000000000000000e+00,4.999999858590342683e-10
9.999999717180685366e-10,0.000000000000000000e+00,9.999999717180685366e-10
1.500000013088254036e-09,0.000000000000000000e+00,1.500000013088254036e-09
1.999999943436137073e-09,0.000000000000000000e+00,1.999999943436137073e-09
2.499999984806322573e-09,0.000000000000000000e+00,2.499999984806322573e-09
3.000000026176508072e-09,0.000000000000000000e+00,3.000000026176508072e-09
3.500000067546693572e-09,0.000000000000000000e+00,3.500000067546693572e-09
3.999999886872274146e-09,0.000000000000000000e+00,3.999999886872274146e-09
4.499999928242459646e-09,0.000000000000000000e+00,4.499999928242459646e-09
4.999999969612645145e-09,0.000000000000000000e+00,4.999999969612645145e-09
5.500000010982830645e-09,0.000000000000000000e+00,5.500000010982830645e-09
6.000000052353016144e-09,0.000000000000000000e+00,6.000000052353016144e-09
6.500000093723201644e-09,0.000000000000000000e+00,6.500000093723201644e-09
7.000000135093387144e-09,0.000000000000000000e+00,7.000000135093387144e-09
7.499999732374362793e-09,0.000000000000000000e+00,7.499999732374362793e-09
7.999999773744548293e-09,0.000000000000000000e+00,7.999999773744548293e-09
8.499999815114733792e-09,0.000000000000000000e+00,8.499999815114733792e-09
8.999999856484919292e-09,0.000000000000000000e+00,8.999999856484919292e-09
9.499999897855104791e-09,0.000000000000000000e+00,9.499999897855104791e-09
9.999999939225290291e-09,0.000000000000000000e+00,9.999999939225290291e-09
1.049999998059547579e-08,0.000000000000000000e+00,1.049999998059547579e-08
1.100000002196566129e-08,0.000000000000000000e+00,1.100000002196566129e-08
1.150000006333584679e-08,0.000000000000000000e+00,1.150000006333584679e-08
1.200000010470603229e-08,0.000000000000000000e+00,1.200000010470603229e-08
1.250000014607621779e-08,0.000000000000000000e+00,1.250000014607621779e-08
1.300000018744640329e-08,0.000000000000000000e+00,1.300000018744640329e-08
1.350000022881658879e-08,0.000000000000000000e+00,1.350000022881658879e-08
1.400000027018677429e-08,0.000000000000000000e+00,1.400000027018677429e-08
1.450000031155695979e-08,0.000000000000000000e+00,1.450000031155695979e-08
1.499999946474872559e-08,0.000000000000000000e+00,1.499999946474872559e-08
1.549999950611891109e-08,0.000000000000000000e+00,1.549999950611891109e-08
1.599999954748909659e-08,0.000000000000000000e+00,1.599999954748909659e-08
1.649999958885928208e-08,0.000000000000000000e+00,1.649999958885928208e-08
1.699999963022946758e-08,0.000000000000000000e+00,1.699999963022946758e-08
1.749999967159965308e-08,0.000000000000000000e+00,1.749999967159965308e-08
1.799999971296983858e-08,0.000000000000000000e+00,1.799999971296983858e-08
1.849999975434002408e-08,0.000000000000000000e+00,1.849999975434002408e-08
1.899999979571020958e-08,0.000000000000000000e+00,1.899999979571020958e-08
1.949999983708039508e-08,0.000000000000000000e+00,1.949999983708039508e-08
1.999999987845058058e-08,0.000000000000000000e+00,1.999999987845058058e-08
2.049999991982076608e-08,0.000000000000000000e+00,2.049999991982076608e-08
2.099999996119095158e-08,0.000000000000000000e+00,2.099999996119095158e-08
2.150000000256113708e-08,0.000000000000000000e+00,2.150000000256113708e-08
2.200000004393132258e-08,0.000000000000000000e+00,2.200000004393132258e-08
2.250000008530150808e-08,0.000000000000000000e+00,2.250000008530150808e-08
2.300000012667169358e-08,0.000000000000000000e+00,2.300000012667169358e-08
2.350000016804187908e-08,0.000000000000000000e+00,2.350000016804187908e-08
2.400000020941206458e-08,0.000000000000000000e+00,2.400000020941206458e-08
2.450000025078225008e-08,0.000000000000000000e+00,2.450000025078225008e-08
2.500000029215243558e-08,0.000000000000000000e+00,2.500000029215243558e-08
2.550000033352262108e-08,0.000000000000000000e+00,2.550000033352262108e-08
2.600000037489280658e-08,0.000000000000000000e+00,2.600000037489280658e-08
2.650000041626299208e-08,0.000000000000000000e+00,2.650000041626299208e-08
2.700000045763317758e-08,0.000000000000000000e+00,2.700000045763317758e-08
2.750000049900336307e-08,0.000000000000000000e+00,2.750000049900336307e-08
2.800000054037354857e-08,0.000000000000000000e+00,2.800000054037354857e-08
2.850000058174373407e-08,0.000000000000000000e+00,2.850000058174373407e-08
2.900000062311391957e-08,0.000000000000000000e+00,2.900000062311391957e-08
2.950000066448410507e-08,0.000000000000000000e+00,2.950000066448410507e-08
2.999999892949745117e-08,0.000000000000000000e+00,2.999999892949745117e-08
3.050000074722447607e-08,0.000000000000000000e+00,3.050000074722447607e-08
3.099999901223782217e-08,0.000000000000000000e+00,3.099999901223782217e-08
3.150000082996484707e-08,0.000000000000000000e+00,3.150000082996484707e-08
3.199999909497819317e-08,0.000000000000000000e+00,3.199999909497819317e-08
3.250000091270521807e-08,0.000000000000000000e+00,3.250000091270521807e-08
3.299999917771856417e-08,0.000000000000000000e+00,3.299999917771856417e-08
3.350000099544558907e-08,0.000000000000000000e+00,3.350000099544558907e-08
3.399999926045893517e-08,0.000000000000000000e+00,3.399999926045893517e-08
3.450000107818596007e-08,0.000000000000000000e+00,3.450000107818596007e-08
3.499999934319930617e-08,0.000000000000000000e+00,3.499999934319930617e-08
3.550000116092633107e-08,0.000000000000000000e+00,3.550000116092633107e-08
3.599999942593967717e-08,0.000000000000000000e+00,3.599999942593967717e-08
3.650000124366670207e-08,0.000000000000000000e+00,3.650000124366670207e-08
3.699999950868004817e-08,0.000000000000000000e+00,3.699999950868004817e-08
3.750000132640707307e-08,0.000000000000000000e+00,3.750000132640707307e-08
3.799999959142041916e-08,0.000000000000000000e+00,3.799999959142041916e-08
3.850000140914744406e-08,0.000000000000000000e+00,3.850000140914744406e-08
3.899999967416079016e-08,0.000000000000000000e+00,3.899999967416079016e-08
3.950000149188781506e-08,0.000000000000000000e+00,3.950000149188781506e-08
3.999999975690116116e-08,0.000000000000000000e+00,3.999999975690116116e-08
4.050000157462818606e-08,0.000000000000000000e+00,4.050000157462818606e-08
4.099999983964153216e-08,0.000000000000000000e+00,4.099999983964153216e-08
4.150000165736855706e-08,0.000000000000000000e+00,4.150000165736855706e-08
4.199999992238190316e-08,0.000000000000000000e+00,4.199999992238190316e-08
4.250000174010892806e-08,0.000000000000000000e+00,4.250000174010892806e-08
4.300000000512227416e-08,0.000000000000000000e+00,4.300000000512227416e-08
4.349999827013562026e-08,0.000000000000000000e+00,4.349999827013562026e-08
4.400000008786264516e-08,0.000000000000000000e+00,4.400000008786264516e-08
4.449999835287599126e-08,0.000000000000000000e+00,4.449999835287599126e-08
4.500000017060301616e-08,0.000000000000000000e+00,4.500000017060301616e-08
4.549999843561636226e-08,0.000000000000000000e+00,4.549999843561636226e-08
4.600000025334338716e-08,0.000000000000000000e+00,4.600000025334338716e-08
4.649999851835673326e-08,0.000000000000000000e+00,4.649999851835673326e-08
4.700000033608375816e-08,0.000000000000000000e+00,4.700000033608375816e-08
4.749999860109710426e-08,0.000000000000000000e+00,4.749999860109710426e-08
4.800000041882412916e-08,0.000000000000000000e+00,4.800000041882412916e-08
4.849999868383747526e-08,0.000000000000000000e+00,4.849999868383747526e-08
4.900000050156450015e-08,0.000000000000000000e+00,4.900000050156450015e-08
4.949999876657784625e-08,0.000000000000000000e+00,4.949999876657784625e-08
5.000000058430487115e-08,0.000000000000000000e+00,5.000000058430487115e-08
5.049999884931821725e-08,0.000000000000000000e+00,5.049999884931821725e-08
5.100000066704524215e-08,0.000000000000000000e+00,5.100000066704524215e-08
5.149999893205858825e-08,0.000000000000000000e+00,5.149999893205858825e-08
5.200000074978561315e-08,0.000000000000000000e+00,5.200000074978561315e-08
5.249999901479895925e-08,0.000000000000000000e+00,5.249999901479895925e-08
5.300000083252598415e-08,0.000000000000000000e+00,5.300000083252598415e-08
5.349999909753933025e-08,0.000000000000000000e+00,5.349999909753933025e-08
5.400000091526635515e-08,0.000000000000000000e+00,5.400000091526635515e-08
5.449999918027970125e-08,0.000000000000000000e+00,5.449999918027970125e-08
5.500000099800672615e-08,0.000000000000000000e+00,5.500000099800672615e-08
5.549999926302007225e-08,0.000000000000000000e+00,5.549999926302007225e-08
5.600000108074709715e-08,0.000000000000000000e+00,5.600000108074709715e-08
5.649999934576044325e-08,0.000000000000000000e+00,5.649999934576044325e-08
5.700000116348746815e-08,0.000000000000000000e+00,5.700000116348746815e-08
5.749999942850081425e-08,0.000000000000000000e+00,5.749999942850081425e-08
5.800000124622783915e-08,0.000000000000000000e+00,5.800000124622783915e-08
5.849999951124118525e-08,0.000000000000000000e+00,5.849999951124118525e-08
5.900000132896821015e-08,0.000000000000000000e+00,5.900000132896821015e-08
5.949999959398155625e-08,0.000000000000000000e+00,5.949999959398155625e-08
5.999999785899490234e-08,0.000000000000000000e+00,5.999999785899490234e-08
6.049999967672192724e-08,0.000000000000000000e+00,6.049999967672192724e-08
6.100000149444895214e-08,0.000000000000000000e+00,6.100000149444895214e-08
6.150000331217597704e-08,0.000000000000000000e+00,6.150000331217597704e-08
6.199999802447564434e-08,0.000000000000000000e+00,6.199999802447564434e-08
6.249999984220266924e-08,0.000000000000000000e+00,6.249999984220266924e-08
6.300000165992969414e-08,0.000000000000000000e+00,6.300000165992969414e-08
6.350000347765671904e-08,0.000000000000000000e+00,6.350000347765671904e-08
6.399999818995638634e-08,0.000000000000000000e+00,6.399999818995638634e-08
6.450000000768341124e-08,0.000000000000000000e+00,6.450000000768341124e-08
6.500000182541043614e-08,0.000000000000000000e+00,6.500000182541043614e-08
6.549999653771010344e-08,0.000000000000000000e+00,6.549999653771010344e-08
6.599999835543712834e-08,0.000000000000000000e+00,6.599999835543712834e-08
6.650000017316415324e-08,0.000000000000000000e+00,6.650000017316415324e-08
6.700000199089117814e-08,0.000000000000000000e+00,6.700000199089117814e-08
6.749999670319084544e-08,0.000000000000000000e+00,6.749999670319084544e-08
6.799999852091787034e-08,0.000000000000000000e+00,6.799999852091787034e-08
6.850000033864489524e-08,0.000000000000000000e+00,6.850000033864489524e-08
6.900000215637192014e-08,0.000000000000000000e+00,6.900000215637192014e-08
6.949999686867158744e-08,0.000000000000000000e+00,6.949999686867158744e-08
6.999999868639861234e-08,0.000000000000000000e+00,6.999999868639861234e-08
7.050000050412563724e-08,0.000000000000000000e+00,7.050000050412563724e-08
7.100000232185266213e-08,0.000000000000000000e+00,7.100000232185266213e-08
7.149999703415232943e-08,0.000000000000000000e+00,7.149999703415232943e-08
7.199999885187935433e-08,0.000000000000000000e+00,7.199999885187935433e-08
7.250000066960637923e-08,0.000000000000000000e+00,7.250000066960637923e-08
7.300000248733340413e-08,0.000000000000000000e+00,7.300000248733340413e-08
7.349999719963307143e-08,0.000000000000000000e+00,7.349999719963307143e-08
7.399999901736009633e-08,0.000000000000000000e+00,7.399999901736009633e-08
7.450000083508712123e-08,0.000000000000000000e+00,7.450000083508712123e-08
7.500000265281414613e-08,0.000000000000000000e+00,7.500000265281414613e-08
7.549999736511381343e-08,0.000000000000000000e+00,7.549999736511381343e-08
7.599999918284083833e-08,0.000000000000000000e+00,7.599999918284083833e-08
7.650000100056786323e-08,0.000000000000000000e+00,7.650000100056786323e-08
7.700000281829488813e-08,0.000000000000000000e+00,7.700000281829488813e-08
7.749999753059455543e-08,0.000000000000000000e+00,7.749999753059455543e-08
7.799999934832158033e-08,0.000000000000000000e+00,7.799999934832158033e-08
7.850000116604860523e-08,0.000000000000000000e+00,7.850000116604860523e-08
7.900000298377563013e-08,0.000000000000000000e+00,7.900000298377563013e-08
7.949999769607529743e-08,0.000000000000000000e+00,7.949999769607529743e-08
7.999999951380232233e-08,0.000000000000000000e+00,7.999999951380232233e-08
8.050000133152934723e-08,0.000000000000000000e+00,8.050000133152934723e-08
8.100000314925637213e-08,0.000000000000000000e+00,8.100000314925637213e-08
8.149999786155603942e-08,0.000000000000000000e+00,8.149999786155603942e-08
8.199999967928306432e-08,0.000000000000000000e+00,8.199999967928306432e-08
8.250000149701008922e-08,0.000000000000000000e+00,8.250000149701008922e-08
8.300000331473711412e-08,0.000000000000000000e+00,8.300000331473711412e-08
8.349999802703678142e-08,0.000000000000000000e+00,8.349999802703678142e-08
8.399999984476380632e-08,0.000000000000000000e+00,8.399999984476380632e-08
8.450000166249083122e-08,0.000000000000000000e+00,8.450000166249083122e-08
8.500000348021785612e-08,0.000000000000000000e+00,8.500000348021785612e-08
8.549999819251752342e-08,0.000000000000000000e+00,8.549999819251752342e-08
8.600000001024454832e-08,0.000000000000000000e+00,8.600000001024454832e-08
8.650000182797157322e-08,0.000000000000000000e+00,8.650000182797157322e-08
8.699999654027124052e-08,0.000000000000000000e+00,8.699999654027124052e-08
8.749999835799826542e-08,0.000000000000000000e+00,8.749999835799826542e-08
8.800000017572529032e-08,0.000000000000000000e+00,8.800000017572529032e-08
8.850000199345231522e-08,0.000000000000000000e+00,8.850000199345231522e-08
8.899999670575198252e-08,0.000000000000000000e+00,8.899999670575198252e-08
8.949999852347900742e-08,0.000000000000000000e+00,8.949999852347900742e-08
9.000000034120603232e-08,0.000000000000000000e+00,9.000000034120603232e-08
9.050000215893305722e-08,0.000000000000000000e+00,9.050000215893305722e-08
9.099999687123272452e-08,0.000000000000000000e+00,9.099999687123272452e-08
9.149999868895974942e-08,0.000000000000000000e+00,9.149999868895974942e-08
9.200000050668677432e-08,0.000000000000000000e+00,9.200000050668677432e-08
9.250000232441379922e-08,0.000000000000000000e+00,9.250000232441379922e-08
9.299999703671346651e-08,0.000000000000000000e+00,9.299999703671346651e-08
9.349999885444049141e-08,0.000000000000000000e+00,9.349999885444049141e-08
9.400000067216751631e-08,0.000000000000000000e+00,9.400000067216751631e-08
9.450000248989454121e-08,0.000000000000000000e+00,9.450000248989454121e-08
9.499999720219420851e-08,0.000000000000000000e+00,9.499999720219420851e-08
9.549999901992123341e-08,0.000000000000000000e+00,9.549999901992123341e-08
9.600000083764825831e-08,0.000000000000000000e+00,9.600000083764825831e-08
9.650000265537528321e-08,0.000000000000000000e+00,9.650000265537528321e-08
9.699999736767495051e-08,0.000000000000000000e+00,9.699999736767495051e-08
9.749999918540197541e-08,0.000000000000000000e+00,9.749999918540197541e-08
9.800000100312900031e-08,0.000000000000000000e+00,9.800000100312900031e-08
9.850000282085602521e-08,0.000000000000000000e+00,9.850000282085602521e-08
9.899999753315569251e-08,0.000000000000000000e+00,9.899999753315569251e-08
9.949999935088271741e-08,0.000000000000000000e+00,9.949999935088271741e-08
1.000000011686097423e-07,0.000000000000000000e+00,1.000000011686097423e-07
1.005000029863367672e-07,0.000000000000000000e+00,1.005000029863367672e-07
1.009999976986364345e-07,0.000000000000000000e+00,1.009999976986364345e-07
1.014999995163634594e-07,0.000000000000000000e+00,1.014999995163634594e-07
1.020000013340904843e-07,0.000000000000000000e+00,1.020000013340904843e-07
1.025000031518175092e-07,0.000000000000000000e+00,1.025000031518175092e-07
1.029999978641171765e-07,0.000000000000000000e+00,1.029999978641171765e-07
1.034999996818442014e-07,0.000000000000000000e+00,1.034999996818442014e-07
1.040000014995712263e-07,0.000000000000000000e+00,1.040000014995712263e-07
1.045000033172982512e-07,0.000000000000000000e+00,1.045000033172982512e-07
1.049999980295979185e-07,0.000000000000000000e+00,1.049999980295979185e-07
1.054999998473249434e-07,0.000000000000000000e+00,1.054999998473249434e-07
1.060000016650519683e-07,0.000000000000000000e+00,1.060000016650519683e-07
1.065000034827789932e-07,0.000000000000000000e+00,1.065000034827789932e-07
1.069999981950786605e-07,0.000000000000000000e+00,1.069999981950786605e-07
1.075000000128056854e-07,0.000000000000000000e+00,1.075000000128056854e-07
1.080000018305327103e-07,0.000000000000000000e+00,1.080000018305327103e-07
1.084999965428323776e-07,0.000000000000000000e+00,1.084999965428323776e-07
1.089999983605594025e-07,0.000000000000000000e+00,1.089999983605594025e-07
1.095000001782864274e-07,0.000000000000000000e+00,1.095000001782864274e-07
1.100000019960134523e-07,0.000000000000000000e+00,1.100000019960134523e-07
1.104999967083131196e-07,0.000000000000000000e+00,1.104999967083131196e-07
1.109999985260401445e-07,0.000000000000000000e+00,1.109999985260401445e-07
1.115000003437671694e-07,0.000000000000000000e+00,1.115000003437671694e-07
1.120000021614941943e-07,0.000000000000000000e+00,1.120000021614941943e-07
1.124999968737938616e-07,0.000000000000000000e+00,1.124999968737938616e-07
1.129999986915208865e-07,0.000000000000000000e+00,1.129999986915208865e-07
1.135000005092479114e-07,0.000000000000000000e+00,1.135000005092479114e-07
1.140000023269749363e-07,0.000000000000000000e+00,1.140000023269749363e-07
1.144999970392746036e-07,0.000000000000000000e+00,1.144999970392746036e-07
1.149999988570016285e-07,0.000000000000000000e+00,1.149999988570016285e-07
1.155000006747286534e-07,0.000000000000000000e+00,1.155000006747286534e-07
1.160000024924556783e-07,0.000000000000000000e+00,1.160000024924556783e-07
1.164999972047553456e-07,0.000000000000000000e+00,1.164999972047553456e-07
1.169999990224823705e-07,0.000000000000000000e+00,1.169999990224823705e-07
1.175000008402093954e-07,0.000000000000000000e+00,1.175000008402093954e-07
1.180000026579364203e-07,0.000000000000000000e+00,1.180000026579364203e-07
1.184999973702360876e-07,0.000000000000000000e+00,1.184999973702360876e-07
1.189999991879631125e-07,0.000000000000000000e+00,1.189999991879631125e-07
1.195000010056901374e-07,0.000000000000000000e+00,1.195000010056901374e-07
1.199999957179898047e-07,0.000000000000000000e+00,1.199999957179898047e-07
1.205000046411441872e-07,0.000000000000000000e+00,1.205000046411441872e-07
1.209999993534438545e-07,0.000000000000000000e+00,1.209999993534438545e-07
1.214999940657435218e-07,0.000000000000000000e+00,1.214999940657435218e-07
1.220000029888979043e-07,0.000000000000000000e+00,1.220000029888979043e-07
1.224999977011975716e-07,0.000000000000000000e+00,1.224999977011975716e-07
1.230000066243519541e-07,0.000000000000000000e+00,1.230000066243519541e-07
1.235000013366516214e-07,0.000000000000000000e+00,1.235000013366516214e-07
1.239999960489512887e-07,0.000000000000000000e+00,1.239999960489512887e-07
1.245000049721056712e-07,0.000000000000000000e+00,1.245000049721056712e-07
1.249999996844053385e-07,0.000000000000000000e+00,1.249999996844053385e-07
1.254999943967050058e-07,0.000000000000000000e+00,1.254999943967050058e-07
1.260000033198593883e-07,0.000000000000000000e+00,1.260000033198593883e-07
1.264999980321590556e-07,0.000000000000000000e+00,1.264999980321590556e-07
1.270000069553134381e-07,0.000000000000000000e+00,1.270000069553134381e-07
1.275000016676131054e-07,0.000000000000000000e+00,1.275000016676131054e-07
1.279999963799127727e-07,0.000000000000000000e+00,1.279999963799127727e-07
1.285000053030671552e-07,0.000000000000000000e+00,1.285000053030671552e-07
1.290000000153668225e-07,0.000000000000000000e+00,1.290000000153668225e-07
1.294999947276664898e-07,0.000000000000000000e+00,1.294999947276664898e-07
1.300000036508208723e-07,0.000000000000000000e+00,1.300000036508208723e-07
1.304999983631205396e-07,0.000000000000000000e+00,1.304999983631205396e-07
1.309999930754202069e-07,0.000000000000000000e+00,1.309999930754202069e-07
1.315000019985745894e-07,0.000000000000000000e+00,1.315000019985745894e-07
1.319999967108742567e-07,0.000000000000000000e+00,1.319999967108742567e-07
1.325000056340286392e-07,0.000000000000000000e+00,1.325000056340286392e-07
1.330000003463283065e-07,0.000000000000000000e+00,1.330000003463283065e-07
1.334999950586279738e-07,0.000000000000000000e+00,1.334999950586279738e-07
1.340000039817823563e-07,0.000000000000000000e+00,1.340000039817823563e-07
1.344999986940820236e-07,0.000000000000000000e+00,1.344999986940820236e-07
1.349999934063816909e-07,0.000000000000000000e+00,1.349999934063816909e-07
1.355000023295360734e-07,0.000000000000000000e+00,1.355000023295360734e-07
1.359999970418357407e-07,0.000000000000000000e+00,1.359999970418357407e-07
1.365000059649901232e-07,0.000000000000000000e+00,1.365000059649901232e-07
1.370000006772897905e-07,0.000000000000000000e+00,1.370000006772897905e-07
1.374999953895894578e-07,0.000000000000000000e+00,1.374999953895894578e-07
1.380000043127438403e-07,0.000000000000000000e+00,1.380000043127438403e-07
1.384999990250435076e-07,0.000000000000000000e+00,1.384999990250435076e-07
1.389999937373431749e-07,0.000000000000000000e+00,1.389999937373431749e-07
1.395000026604975574e-07,0.000000000000000000e+00,1.395000026604975574e-07
1.399999973727972247e-07,0.000000000000000000e+00,1.399999973727972247e-07
1.405000062959516072e-07,0.000000000000000000e+00,1.405000062959516072e-07
1.410000010082512745e-07,0.000000000000000000e+00,1.410000010082512745e-07
1.414999957205509418e-07,0.000000000000000000e+00,1.414999957205509418e-07
1.420000046437053243e-07,0.000000000000000000e+00,1.420000046437053243e-07
1.424999993560049916e-07,0.000000000000000000e+00,1.424999993560049916e-07
1.429999940683046589e-07,0.000000000000000000e+00,1.429999940683046589e-07
1.435000029914590414e-07,0.000000000000000000e+00,1.435000029914590414e-07
1.439999977037587087e-07,0.000000000000000000e+00,1.439999977037587087e-07
1.445000066269130912e-07,0.000000000000000000e+00,1.445000066269130912e-07
1.450000013392127585e-07,0.000000000000000000e+00,1.450000013392127585e-07
1.454999960515124258e-07,0.000000000000000000e+00,1.454999960515124258e-07
1.460000049746668083e-07,0.000000000000000000e+00,1.460000049746668083e-07
1.464999996869664756e-07,0.000000000000000000e+00,1.464999996869664756e-07
1.469999943992661429e-07,0.000000000000000000e+00,1.469999943992661429e-07
1.475000033224205254e-07,0.000000000000000000e+00,1.475000033224205254e-07
1.479999980347201927e-07,0.000000000000000000e+00,1.479999980347201927e-07
1.485000069578745752e-07,0.000000000000000000e+00,1.485000069578745752e-07
1.490000016701742425e-07,0.000000000000000000e+00,1.490000016701742425e-07
1.494999963824739098e-07,0.000000000000000000e+00,1.494999963824739098e-07
1.500000053056282923e-07,0.000000000000000000e+00,1.500000053056282923e-07
1.505000000179279596e-07,0.000000000000000000e+00,1.505000000179279596e-07
1.509999947302276269e-07,0.000000000000000000e+00,1.509999947302276269e-07
1.515000036533820094e-07,0.000000000000000000e+00,1.515000036533820094e-07
1.519999983656816767e-07,0.000000000000000000e+00,1.519999983656816767e-07
1.524999930779813440e-07,0.000000000000000000e+00,1.524999930779813440e-07
1.530000020011357265e-07,0.000000000000000000e+00,1.530000020011357265e-07
1.534999967134353938e-07,0.000000000000000000e+00,1.534999967134353938e-07
1.540000056365897763e-07,0.000000000000000000e+00,1.540000056365897763e-07
1.545000003488894436e-07,0.000000000000000000e+00,1.545000003488894436e-07
1.549999950611891109e-07,0.000000000000000000e+00,1.549999950611891109e-07
1.555000039843434934e-07,0.000000000000000000e+00,1.555000039843434934e-07
1.559999986966431607e-07,0.000000000000000000e+00,1.559999986966431607e-07
1.564999934089428280e-07,0.000000000000000000e+00,1.564999934089428280e-07
1.570000023320972105e-07,0.000000000000000000e+00,1.570000023320972105e-07
1.574999970443968778e-07,0.000000000000000000e+00,1.574999970443968778e-07
1.580000059675512603e-07,0.000000000000000000e+00,1.580000059675512603e-07
1.585000006798509276e-07,0.000000000000000000e+00,1.585000006798509276e-07
1.589999953921505949e-07,0.000000000000000000e+00,1.589999953921505949e-07
1.595000043153049774e-07,0.000000000000000000e+00,1.595000043153049774e-07
1.599999990276046447e-07,0.000000000000000000e+00,1.599999990276046447e-07
1.604999937399043120e-07,0.000000000000000000e+00,1.604999937399043120e-07
1.610000026630586945e-07,0.000000000000000000e+00,1.610000026630586945e-07
1.614999973753583618e-07,0.000000000000000000e+00,1.614999973753583618e-07
1.620000062985127443e-07,0.000000000000000000e+00,1.620000062985127443e-07
1.625000010108124116e-07,0.000000000000000000e+00,1.625000010108124116e-07
1.629999957231120788e-07,0.000000000000000000e+00,1.629999957231120788e-07
1.635000046462664614e-07,0.000000000000000000e+00,1.635000046462664614e-07
1.639999993585661286e-07,0.000000000000000000e+00,1.639999993585661286e-07
1.644999940708657959e-07,0.000000000000000000e+00,1.644999940708657959e-07
1.650000029940201784e-07,0.000000000000000000e+00,1.650000029940201784e-07
1.654999977063198457e-07,0.000000000000000000e+00,1.654999977063198457e-07
1.660000066294742282e-07,0.000000000000000000e+00,1.660000066294742282e-07
1.665000013417738955e-07,0.000000000000000000e+00,1.665000013417738955e-07
1.669999960540735628e-07,0.000000000000000000e+00,1.669999960540735628e-07
1.675000049772279453e-07,0.000000000000000000e+00,1.675000049772279453e-07
1.679999996895276126e-07,0.000000000000000000e+00,1.679999996895276126e-07
1.684999944018272799e-07,0.000000000000000000e+00,1.684999944018272799e-07
1.690000033249816624e-07,0.000000000000000000e+00,1.690000033249816624e-07
1.694999980372813297e-07,0.000000000000000000e+00,1.694999980372813297e-07
1.700000069604357122e-07,0.000000000000000000e+00,1.700000069604357122e-07
1.705000016727353795e-07,0.000000000000000000e+00,1.705000016727353795e-07
1.709999963850350468e-07,0.000000000000000000e+00,1.709999963850350468e-07
1.715000053081894293e-07,0.000000000000000000e+00,1.715000053081894293e-07
1.720000000204890966e-07,0.000000000000000000e+00,1.720000000204890966e-07
1.724999947327887639e-07,0.000000000000000000e+00,1.724999947327887639e-07
1.730000036559431464e-07,0.000000000000000000e+00,1.730000036559431464e-07
1.734999983682428137e-07,0.000000000000000000e+00,1.734999983682428137e-07
1.739999930805424810e-07,0.000000000000000000e+00,1.739999930805424810e-07
1.745000020036968635e-07,0.000000000000000000e+00,1.745000020036968635e-07
1.749999967159965308e-07,0.000000000000000000e+00,1.749999967159965308e-07
1.755000056391509133e-07,0.000000000000000000e+00,1.755000056391509133e-07
1.760000003514505806e-07,0.000000000000000000e+00,1.760000003514505806e-07
1.764999950637502479e-07,0.000000000000000000e+00,1.764999950637502479e-07
1.770000039869046304e-07,0.000000000000000000e+00,1.770000039869046304e-07
1.774999986992042977e-07,0.000000000000000000e+00,1.774999986992042977e-07
1.779999934115039650e-07,0.000000000000000000e+00,1.779999934115039650e-07
1.785000023346583475e-07,0.000000000000000000e+00,1.785000023346583475e-07
1.789999970469580148e-07,0.000000000000000000e+00,1.789999970469580148e-07
1.795000059701123973e-07,0.000000000000000000e+00,1.795000059701123973e-07
1.800000006824120646e-07,0.000000000000000000e+00,1.800000006824120646e-07
1.804999953947117319e-07,0.000000000000000000e+00,1.804999953947117319e-07
1.810000043178661144e-07,0.000000000000000000e+00,1.810000043178661144e-07
1.814999990301657817e-07,0.000000000000000000e+00,1.814999990301657817e-07
1.819999937424654490e-07,0.000000000000000000e+00,1.819999937424654490e-07
1.825000026656198315e-07,0.000000000000000000e+00,1.825000026656198315e-07
1.829999973779194988e-07,0.000000000000000000e+00,1.829999973779194988e-07
1.835000063010738813e-07,0.000000000000000000e+00,1.835000063010738813e-07
1.840000010133735486e-07,0.000000000000000000e+00,1.840000010133735486e-07
1.844999957256732159e-07,0.000000000000000000e+00,1.844999957256732159e-07
1.850000046488275984e-07,0.000000000000000000e+00,1.850000046488275984e-07
1.854999993611272657e-07,0.000000000000000000e+00,1.854999993611272657e-07
1.859999940734269330e-07,0.000000000000000000e+00,1.859999940734269330e-07
1.865000029965813155e-07,0.000000000000000000e+00,1.865000029965813155e-07
1.869999977088809828e-07,0.000000000000000000e+00,1.869999977088809828e-07
1.875000066320353653e-07,1.872613211162388325e-07,1.875000066320353653e-07
1.880000013443350326e-07,1.872613211162388325e-07,1.880000013443350326e-07
1.884999960566346999e-07,1.872613211162388325e-07,1.884999960566346999e-07
1.890000049797890824e-07,1.872613211162388325e-07,1.890000049797890824e-07
1.894999996920887497e-07,1.872613211162388325e-07,1.894999996920887497e-07
1.899999944043884170e-07,1.872613211162388325e-07,1.899999944043884170e-07
1.905000033275427995e-07,1.872613211162388325e-07,1.905000033275427995e-07
1.909999980398424668e-07,1.872613211162388325e-07,1.909999980398424668e-07
1.915000069629968493e-07,1.872613211162388325e-07,1.915000069629968493e-07
1.920000016752965166e-07,1.872613211162388325e-07,1.920000016752965166e-07
1.924999963875961839e-07,1.872613211162388325e-07,1.924999963875961839e-07
1.930000053107505664e-07,1.872613211162388325e-07,1.930000053107505664e-07
1.935000000230502337e-07,1.872613211162388325e-07,1.935000000230502337e-07
1.939999947353499010e-07,1.872613211162388325e-07,1.939999947353499010e-07
1.945000036585042835e-07,1.872613211162388325e-07,1.945000036585042835e-07
1.949999983708039508e-07,1.872613211162388325e-07,1.949999983708039508e-07
1.954999930831036181e-07,1.872613211162388325e-07,1.954999930831036181e-07
1.960000020062580006e-07,1.872613211162388325e-07,1.960000020062580006e-07
1.964999967185576679e-07,1.872613211162388325e-07,1.964999967185576679e-07
1.970000056417120504e-07,1.872613211162388325e-07,1.970000056417120504e-07
1.975000003540117177e-07,1.872613211162388325e-07,1.975000003540117177e-07
1.979999950663113850e-07,1.872613211162388325e-07,1.979999950663113850e-07
1.985000039894657675e-07,1.872613211162388325e-07,1.985000039894657675e-07
1.989999987017654348e-07,1.872613211162388325e-07,1.989999987017654348e-07
1.994999934140651021e-07,1.872613211162388325e-07,1.994999934140651021e-07
2.000000023372194846e-07,1.872613211162388325e-07,2.000000023372194846e-07
2.004999970495191519e-07,1.872613211162388325e-07,2.004999970495191519e-07
2.010000059726735344e-07,1.872613211162388325e-07,2.010000059726735344e-07
2.015000006849732017e-07,1.872613211162388325e-07,2.015000006849732017e-07
2.019999953972728690e-07,1.872613211162388325e-07,2.019999953972728690e-07
2.025000043204272515e-07,1.872613211162388325e-07,2.025000043204272515e-07
2.029999990327269188e-07,1.872613211162388325e-07,2.029999990327269188e-07
2.034999937450265861e-07,1.872613211162388325e-07,2.034999937450265861e-07
2.040000026681809686e-07,1.872613211162388325e-07,2.040000026681809686e-07
2.044999973804806359e-07,1.872613211162388325e-07,2.044999973804806359e-07
2.050000063036350184e-07,1.872613211162388325e-07,2.050000063036350184e-07
2.055000010159346857e-07,1.872613211162388325e-07,2.055000010159346857e-07
2.059999957282343530e-07,1.872613211162388325e-07,2.059999957282343530e-07
2.065000046513887355e-07,1.872613211162388325e-07,2.065000046513887355e-07
2.069999993636884028e-07,1.872613211162388325e-07,2.069999993636884028e-07
2.074999940759880701e-07,1.872613211162388325e-07,2.074999940759880701e-07
2.080000029991424526e-07,1.872613211162388325e-07,2.080000029991424526e-07
2.084999977114421199e-07,1.872613211162388325e-07,2.084999977114421199e-07
2.090000066345965024e-07,1.872613211162388325e-07,2.090000066345965024e-07
2.095000013468961697e-07,1.872613211162388325e-07,2.095000013468961697e-07
2.099999960591958370e-07,1.872613211162388325e-07,2.099999960591958370e-07
2.105000049823502195e-07,1.872613211162388325e-07,2.105000049823502195e-07
2.109999996946498868e-07,1.872613211162388325e-07,2.109999996946498868e-07
2.114999944069495541e-07,1.872613211162388325e-07,2.114999944069495541e-07
2.120000033301039366e-07,1.872613211162388325e-07,2.120000033301039366e-07
2.124999980424036039e-07,1.872613211162388325e-07,2.124999980424036039e-07
2.130000069655579864e-07,1.872613211162388325e-07,2.130000069655579864e-07
2.135000016778576537e-07,1.872613211162388325e-07,2.135000016778576537e-07
2.139999963901573210e-07,1.872613211162388325e-07,2.139999963901573210e-07
2.145000053133117035e-07,1.872613211162388325e-07,2.145000053133117035e-07
2.150000000256113708e-07,1.872613211162388325e-07,2.150000000256113708e-07
2.154999947379110381e-07,1.872613211162388325e-07,2.154999947379110381e-07
2.160000036610654206e-07,1.872613211162388325e-07,2.160000036610654206e-07
2.164999983733650879e-07,1.872613211162388325e-07,2.164999983733650879e-07
2.169999930856647552e-07,1.872613211162388325e-07,2.169999930856647552e-07
2.175000020088191377e-07,1.872613211162388325e-07,2.175000020088191377e-07
2.179999967211188050e-07,1.872613211162388325e-07,2.179999967211188050e-07
2.185000056442731875e-07,1.872613211162388325e-07,2.185000056442731875e-07
2.190000003565728548e-07,1.872613211162388325e-07,2.190000003565728548e-07
2.194999950688725221e-07,1.872613211162388325e-07,2.194999950688725221e-07
2.200000039920269046e-07,1.872613211162388325e-07,2.200000039920269046e-07
2.204999987043265719e-07,1.872613211162388325e-07,2.204999987043265719e-07
2.209999934166262392e-07,1.872613211162388325e-07,2.209999934166262392e-07
2.215000023397806217e-07,1.872613211162388325e-07,2.215000023397806217e-07
2.219999970520802890e-07,1.872613211162388325e-07,2.219999970520802890e-07
2.225000059752346715e-07,1.872613211162388325e-07,2.225000059752346715e-07
2.230000006875343388e-07,1.872613211162388325e-07,2.230000006875343388e-07
2.234999953998340061e-07,1.872613211162388325e-07,2.234999953998340061e-07
2.240000043229883886e-07,1.872613211162388325e-07,2.240000043229883886e-07
2.244999990352880559e-07,1.872613211162388325e-07,2.244999990352880559e-07
2.249999937475877232e-07,1.872613211162388325e-07,2.249999937475877232e-07
2.255000026707421057e-07,1.872613211162388325e-07,2.255000026707421057e-07
2.259999973830417730e-07,1.872613211162388325e-07,2.259999973830417730e-07
2.265000063061961555e-07,1.872613211162388325e-07,2.265000063061961555e-07
2.270000010184958228e-07,1.872613211162388325e-07,2.270000010184958228e-07
2.274999957307954901e-07,1.872613211162388325e-07,2.274999957307954901e-07
2.280000046539498726e-07,1.872613211162388325e-07,2.280000046539498726e-07
2.284999993662495399e-07,1.872613211162388325e-07,2.284999993662495399e-07
2.289999940785492072e-07,1.872613211162388325e-07,2.289999940785492072e-07
2.295000030017035897e-07,1.872613211162388325e-07,2.295000030017035897e-07
2.299999977140032570e-07,1.872613211162388325e-07,2.299999977140032570e-07
2.305000066371576395e-07,1.872613211162388325e-07,2.305000066371576395e-07
2.310000013494573068e-07,1.872613211162388325e-07,2.310000013494573068e-07
2.314999960617569741e-07,1.872613211162388325e-07,2.314999960617569741e-07
2.320000049849113566e-07,1.872613211162388325e-07,2.320000049849113566e-07
2.324999996972110239e-07,1.872613211162388325e-07,2.324999996972110239e-07
2.329999944095106912e-07,1.872613211162388325e-07,2.329999944095106912e-07
2.335000033326650737e-07,1.872613211162388325e-07,2.335000033326650737e-07
2.339999980449647410e-07,1.872613211162388325e-07,2.339999980449647410e-07
2.345000069681191235e-07,1.872613211162388325e-07,2.345000069681191235e-07
2.350000016804187908e-07,1.872613211162388325e-07,2.350000016804187908e-07
2.354999963927184581e-07,1.872613211162388325e-07,2.354999963927184581e-07
2.360000053158728406e-07,1.872613211162388325e-07,2.360000053158728406e-07
2.365000000281725079e-07,1.872613211162388325e-07,2.365000000281725079e-07
2.369999947404721752e-07,1.872613211162388325e-07,2.369999947404721752e-07
2.375000036636265577e-07,1.872613211162388325e-07,2.375000036636265577e-07
2.379999983759262250e-07,1.872613211162388325e-07,2.379999983759262250e-07
2.385000072990806075e-07,1.872613211162388325e-07,2.385000072990806075e-07
2.390000020113802748e-07,1.872613211162388325e-07,2.390000020113802748e-07
2.394999967236799421e-07,1.872613211162388325e-07,2.394999967236799421e-07
2.399999914359796094e-07,1.872613211162388325e-07,2.399999914359796094e-07
2.404999861482792767e-07,1.872613211162388325e-07,2.404999861482792767e-07
2.410000092822883744e-07,1.872613211162388325e-07,2.410000092822883744e-07
2.415000039945880417e-07,1.872613211162388325e-07,2.415000039945880417e-07
2.419999987068877090e-07,1.872613211162388325e-07,2.419999987068877090e-07
2.424999934191873763e-07,1.872613211162388325e-07,2.424999934191873763e-07
2.429999881314870436e-07,1.872613211162388325e-07,2.429999881314870436e-07
2.435000112654961413e-07,1.872613211162388325e-07,2.435000112654961413e-07
2.440000059777958086e-07,1.872613211162388325e-07,2.440000059777958086e-07
2.445000006900954759e-07,1.872613211162388325e-07,2.445000006900954759e-07
2.449999954023951432e-07,1.872613211162388325e-07,2.449999954023951432e-07
2.454999901146948105e-07,1.872613211162388325e-07,2.454999901146948105e-07
2.460000132487039082e-07,1.872613211162388325e-07,2.460000132487039082e-07
2.465000079610035755e-07,1.872613211162388325e-07,2.465000079610035755e-07
2.470000026733032428e-07,1.872613211162388325e-07,2.470000026733032428e-07
2.474999973856029101e-07,1.872613211162388325e-07,2.474999973856029101e-07
2.479999920979025774e-07,1.872613211162388325e-07,2.479999920979025774e-07
2.484999868102022447e-07,1.872613211162388325e-07,2.484999868102022447e-07
2.490000099442113424e-07,1.872613211162388325e-07,2.490000099442113424e-07
2.495000046565110097e-07,1.872613211162388325e-07,2.495000046565110097e-07
2.499999993688106770e-07,1.872613211162388325e-07,2.499999993688106770e-07
2.504999940811103443e-07,1.872613211162388325e-07,2.504999940811103443e-07
2.509999887934100116e-07,1.872613211162388325e-07,2.509999887934100116e-07
2.515000119274191093e-07,1.872613211162388325e-07,2.515000119274191093e-07
2.520000066397187766e-07,1.872613211162388325e-07,2.520000066397187766e-07
2.525000013520184439e-07,1.872613211162388325e-07,2.525000013520184439e-07
2.529999960643181112e-07,1.872613211162388325e-07,2.529999960643181112e-07
2.534999907766177785e-07,1.872613211162388325e-07,2.534999907766177785e-07
2.540000139106268762e-07,1.872613211162388325e-07,2.540000139106268762e-07
2.545000086229265435e-07,1.872613211162388325e-07,2.545000086229265435e-07
2.550000033352262108e-07,1.872613211162388325e-07,2.550000033352262108e-07
2.554999980475258781e-07,1.872613211162388325e-07,2.554999980475258781e-07
2.559999927598255454e-07,1.872613211162388325e-07,2.559999927598255454e-07
2.564999874721252127e-07,1.872613211162388325e-07,2.564999874721252127e-07
2.570000106061343104e-07,1.872613211162388325e-07,2.570000106061343104e-07
2.575000053184339777e-07,1.872613211162388325e-07,2.575000053184339777e-07
2.580000000307336450e-07,1.872613211162388325e-07,2.580000000307336450e-07
2.584999947430333123e-07,1.872613211162388325e-07,2.584999947430333123e-07
2.589999894553329796e-07,1.872613211162388325e-07,2.589999894553329796e-07
2.595000125893420773e-07,1.872613211162388325e-07,2.595000125893420773e-07
2.600000073016417446e-07,1.872613211162388325e-07,2.600000073016417446e-07
2.605000020139414119e-07,1.872613211162388325e-07,2.605000020139414119e-07
2.609999967262410792e-07,1.872613211162388325e-07,2.609999967262410792e-07
2.614999914385407465e-07,1.872613211162388325e-07,2.614999914385407465e-07
2.619999861508404138e-07,1.872613211162388325e-07,2.619999861508404138e-07
2.625000092848495115e-07,1.872613211162388325e-07,2.625000092848495115e-07
2.630000039971491788e-07,1.872613211162388325e-07,2.630000039971491788e-07
2.634999987094488461e-07,1.872613211162388325e-07,2.634999987094488461e-07
2.639999934217485134e-07,1.872613211162388325e-07,2.639999934217485134e-07
2.644999881340481807e-07,1.872613211162388325e-07,2.644999881340481807e-07
2.650000112680572784e-07,1.872613211162388325e-07,2.650000112680572784e-07
2.655000059803569457e-07,1.872613211162388325e-07,2.655000059803569457e-07
2.660000006926566130e-07,1.872613211162388325e-07,2.660000006926566130e-07
2.664999954049562803e-07,1.872613211162388325e-07,2.664999954049562803e-07
2.669999901172559476e-07,1.872613211162388325e-07,2.669999901172559476e-07
2.675000132512650453e-07,1.872613211162388325e-07,2.675000132512650453e-07
2.680000079635647126e-07,1.872613211162388325e-07,2.680000079635647126e-07
2.685000026758643799e-07,1.872613211162388325e-07,2.685000026758643799e-07
2.689999973881640472e-07,1.872613211162388325e-07,2.689999973881640472e-07
2.694999921004637145e-07,1.872613211162388325e-07,2.694999921004637145e-07
2.699999868127633817e-07,1.872613211162388325e-07,2.699999868127633817e-07
2.705000099467724795e-07,1.872613211162388325e-07,2.705000099467724795e-07
2.710000046590721468e-07,1.872613211162388325e-07,2.710000046590721468e-07
2.714999993713718140e-07,1.872613211162388325e-07,2.714999993713718140e-07
2.719999940836714813e-07,1.872613211162388325e-07,2.719999940836714813e-07
2.724999887959711486e-07,1.872613211162388325e-07,2.724999887959711486e-07
2.730000119299802464e-07,1.872613211162388325e-07,2.730000119299802464e-07
2.735000066422799136e-07,1.872613211162388325e-07,2.735000066422799136e-07
2.740000013545795809e-07,1.872613211162388325e-07,2.740000013545795809e-07
2.744999960668792482e-07,1.872613211162388325e-07,2.744999960668792482e-07
2.749999907791789155e-07,1.872613211162388325e-07,2.749999907791789155e-07
2.755000139131880132e-07,1.872613211162388325e-07,2.755000139131880132e-07
2.760000086254876805e-07,1.872613211162388325e-07,2.760000086254876805e-07
2.765000033377873478e-07,1.872613211162388325e-07,2.765000033377873478e-07
2.769999980500870151e-07,1.872613211162388325e-07,2.769999980500870151e-07
2.774999927623866824e-07,1.872613211162388325e-07,2.774999927623866824e-07
2.779999874746863497e-07,1.872613211162388325e-07,2.779999874746863497e-07
2.785000106086954474e-07,1.872613211162388325e-07,2.785000106086954474e-07
2.790000053209951147e-07,1.872613211162388325e-07,2.790000053209951147e-07
2.795000000332947820e-07,1.872613211162388325e-07,2.795000000332947820e-07
2.799999947455944493e-07,1.872613211162388325e-07,2.799999947455944493e-07
2.804999894578941166e-07,1.872613211162388325e-07,2.804999894578941166e-07
2.810000125919032143e-07,1.872613211162388325e-07,2.810000125919032143e-07
2.815000073042028816e-07,1.872613211162388325e-07,2.815000073042028816e-07
2.820000020165025489e-07,1.872613211162388325e-07,2.820000020165025489e-07
2.824999967288022162e-07,1.872613211162388325e-07,2.824999967288022162e-07
2.829999914411018835e-07,1.872613211162388325e-07,2.829999914411018835e-07
2.834999861534015508e-07,1.872613211162388325e-07,2.834999861534015508e-07
2.840000092874106485e-07,1.872613211162388325e-07,2.840000092874106485e-07
2.845000039997103158e-07,1.872613211162388325e-07,2.845000039997103158e-07
2.849999987120099831e-07,1.872613211162388325e-07,2.849999987120099831e-07
2.854999934243096504e-07,1.872613211162388325e-07,2.854999934243096504e-07
2.859999881366093177e-07,1.872613211162388325e-07,2.859999881366093177e-07
2.865000112706184154e-07,1.872613211162388325e-07,2.865000112706184154e-07
2.870000059829180827e-07,1.872613211162388325e-07,2.870000059829180827e-07
2.875000006952177500e-07,1.872613211162388325e-07,2.875000006952177500e-07
2.879999954075174173e-07,1.872613211162388325e-07,2.879999954075174173e-07
2.884999901198170846e-07,1.872613211162388325e-07,2.884999901198170846e-07
2.890000132538261823e-07,1.872613211162388325e-07,2.890000132538261823e-07
2.895000079661258496e-07,1.872613211162388325e-07,2.895000079661258496e-07
2.900000026784255169e-07,1.872613211162388325e-07,2.900000026784255169e-07
2.904999973907251842e-07,1.872613211162388325e-07,2.904999973907251842e-07
2.909999921030248515e-07,1.872613211162388325e-07,2.909999921030248515e-07
2.914999868153245188e-07,1.872613211162388325e-07,2.914999868153245188e-07
2.920000099493336165e-07,1.872613211162388325e-07,2.920000099493336165e-07
2.925000046616332838e-07,1.872613211162388325e-07,2.925000046616332838e-07
2.929999993739329511e-07,1.872613211162388325e-07,2.929999993739329511e-07
2.934999940862326184e-07,1.872613211162388325e-07,2.934999940862326184e-07
2.939999887985322857e-07,1.872613211162388325e-07,2.939999887985322857e-07
2.945000119325413834e-07,1.872613211162388325e-07,2.945000119325413834e-07
2.950000066448410507e-07,1.872613211162388325e-07,2.950000066448410507e-07
2.955000013571407180e-07,1.872613211162388325e-07,2.955000013571407180e-07
2.959999960694403853e-07,1.872613211162388325e-07,2.959999960694403853e-07
2.964999907817400526e-07,1.872613211162388325e-07,2.964999907817400526e-07
2.970000139157491503e-07,1.872613211162388325e-07,2.970000139157491503e-07
2.975000086280488176e-07,1.872613211162388325e-07,2.975000086280488176e-07
2.980000033403484849e-07,1.872613211162388325e-07,2.980000033403484849e-07
2.984999980526481522e-07,1.872613211162388325e-07,2.984999980526481522e-07
2.989999927649478195e-07,1.872613211162388325e-07,2.989999927649478195e-07
2.994999874772474868e-07,1.872613211162388325e-07,2.994999874772474868e-07
3.000000106112565845e-07,1.872613211162388325e-07,3.000000106112565845e-07
3.005000053235562518e-07,1.872613211162388325e-07,3.005000053235562518e-07
3.010000000358559191e-07,1.872613211162388325e-07,3.010000000358559191e-07
3.014999947481555864e-07,1.872613211162388325e-07,3.014999947481555864e-07
3.019999894604552537e-07,1.872613211162388325e-07,3.019999894604552537e-07
3.025000125944643514e-07,1.872613211162388325e-07,3.025000125944643514e-07
3.030000073067640187e-07,1.872613211162388325e-07,3.030000073067640187e-07
3.035000020190636860e-07,1.872613211162388325e-07,3.035000020190636860e-07
3.039999967313633533e-07,1.872613211162388325e-07,3.039999967313633533e-07
3.044999914436630206e-07,1.872613211162388325e-07,3.044999914436630206e-07
3.049999861559626879e-07,1.872613211162388325e-07,3.049999861559626879e-07
3.055000092899717856e-07,1.872613211162388325e-07,3.055000092899717856e-07
3.060000040022714529e-07,1.872613211162388325e-07,3.060000040022714529e-07
3.064999987145711202e-07,1.872613211162388325e-07,3.064999987145711202e-07
3.069999934268707875e-07,1.872613211162388325e-07,3.069999934268707875e-07
3.074999881391704548e-07,1.872613211162388325e-07,3.074999881391704548e-07
3.080000112731795525e-07,1.872613211162388325e-07,3.080000112731795525e-07
3.085000059854792198e-07,1.872613211162388325e-07,3.085000059854792198e-07
3.090000006977788871e-07,1.872613211162388325e-07,3.090000006977788871e-07
3.094999954100785544e-07,1.872613211162388325e-07,3.094999954100785544e-07
3.099999901223782217e-07,1.872613211162388325e-07,3.099999901223782217e-07
3.105000132563873194e-07,1.872613211162388325e-07,3.105000132563873194e-07
3.110000079686869867e-07,1.872613211162388325e-07,3.110000079686869867e-07
3.115000026809866540e-07,1.872613211162388325e-07,3.115000026809866540e-07
3.119999973932863213e-07,1.872613211162388325e-07,3.119999973932863213e-07
3.124999921055859886e-07,1.872613211162388325e-07,3.124999921055859886e-07
3.129999868178856559e-07,1.872613211162388325e-07,3.129999868178856559e-07
3.135000099518947536e-07,1.872613211162388325e-07,3.135000099518947536e-07
3.140000046641944209e-07,1.872613211162388325e-07,3.140000046641944209e-07
3.144999993764940882e-07,1.872613211162388325e-07,3.144999993764940882e-07
3.149999940887937555e-07,1.872613211162388325e-07,3.149999940887937555e-07
3.154999888010934228e-07,1.872613211162388325e-07,3.154999888010934228e-07
3.160000119351025205e-07,1.872613211162388325e-07,3.160000119351025205e-07
3.165000066474021878e-07,1.872613211162388325e-07,3.165000066474021878e-07
3.170000013597018551e-07,1.872613211162388325e-07,3.170000013597018551e-07
3.174999960720015224e-07,1.872613211162388325e-07,3.174999960720015224e-07
3.179999907843011897e-07,1.872613211162388325e-07,3.179999907843011897e-07
3.185000139183102874e-07,1.872613211162388325e-07,3.185000139183102874e-07
3.190000086306099547e-07,1.872613211162388325e-07,3.190000086306099547e-07
3.195000033429096220e-07,1.872613211162388325e-07,3.195000033429096220e-07
3.199999980552092893e-07,1.872613211162388325e-07,3.199999980552092893e-07
3.204999927675089566e-07,1.872613211162388325e-07,3.204999927675089566e-07
3.209999874798086239e-07,1.872613211162388325e-07,3.209999874798086239e-07
3.215000106138177216e-07,1.872613211162388325e-07,3.215000106138177216e-07
3.220000053261173889e-07,1.872613211162388325e-07,3.220000053261173889e-07
3.225000000384170562e-07,1.872613211162388325e-07,3.225000000384170562e-07
3.229999947507167235e-07,1.872613211162388325e-07,3.229999947507167235e-07
3.234999894630163908e-07,1.872613211162388325e-07,3.234999894630163908e-07
3.240000125970254885e-07,1.872613211162388325e-07,3.240000125970254885e-07
3.245000073093251558e-07,1.872613211162388325e-07,3.245000073093251558e-07
3.250000020216248231e-07,1.872613211162388325e-07,3.250000020216248231e-07
3.254999967339244904e-07,1.872613211162388325e-07,3.254999967339244904e-07
3.259999914462241577e-07,1.872613211162388325e-07,3.259999914462241577e-07
3.264999861585238250e-07,1.872613211162388325e-07,3.264999861585238250e-07
3.270000092925329227e-07,1.872613211162388325e-07,3.270000092925329227e-07
3.275000040048325900e-07,1.872613211162388325e-07,3.275000040048325900e-07
3.279999987171322573e-07,1.872613211162388325e-07,3.279999987171322573e-07
3.284999934294319246e-07,1.872613211162388325e-07,3.284999934294319246e-07
3.289999881417315919e-07,1.872613211162388325e-07,3.289999881417315919e-07
3.295000112757406896e-07,1.872613211162388325e-07,3.295000112757406896e-07
3.300000059880403569e-07,1.872613211162388325e-07,3.300000059880403569e-07
3.305000007003400242e-07,1.872613211162388325e-07,3.305000007003400242e-07
3.309999954126396915e-07,1.872613211162388325e-07,3.309999954126396915e-07
3.314999901249393588e-07,1.872613211162388325e-07,3.314999901249393588e-07
3.320000132589484565e-07,1.872613211162388325e-07,3.320000132589484565e-07
3.325000079712481238e-07,1.872613211162388325e-07,3.325000079712481238e-07
3.330000026835477911e-07,1.872613211162388325e-07,3.330000026835477911e-07
3.334999973958474584e-07,1.872613211162388325e-07,3.334999973958474584e-07
3.339999921081471257e-07,1.872613211162388325e-07,3.339999921081471257e-07
3.344999868204467930e-07,1.872613211162388325e-07,3.344999868204467930e-07
3.350000099544558907e-07,1.872613211162388325e-07,3.350000099544558907e-07
3.355000046667555580e-07,1.872613211162388325e-07,3.355000046667555580e-07
3.359999993790552253e-07,1.872613211162388325e-07,3.359999993790552253e-07
3.364999940913548926e-07,1.872613211162388325e-07,3.364999940913548926e-07
3.369999888036545599e-07,1.872613211162388325e-07,3.369999888036545599e-07
3.375000119376636576e-07,1.872613211162388325e-07,3.375000119376636576e-07
3.380000066499633249e-07,1.872613211162388325e-07,3.380000066499633249e-07
3.385000013622629922e-07,1.872613211162388325e-07,3.385000013622629922e-07
3.389999960745626595e-07,1.872613211162388325e-07,3.389999960745626595e-07
3.394999907868623268e-07,1.872613211162388325e-07,3.394999907868623268e-07
3.400000139208714245e-07,1.872613211162388325e-07,3.400000139208714245e-07
3.405000086331710918e-07,1.872613211162388325e-07,3.405000086331710918e-07
3.410000033454707591e-07,1.872613211162388325e-07,3.410000033454707591e-07
3.414999980577704264e-07,1.872613211162388325e-07,3.414999980577704264e-07
3.419999927700700937e-07,1.872613211162388325e-07,3.419999927700700937e-07
3.424999874823697610e-07,1.872613211162388325e-07,3.424999874823697610e-07
3.430000106163788587e-07,1.872613211162388325e-07,3.430000106163788587e-07
3.435000053286785260e-07,1.872613211162388325e-07,3.435000053286785260e-07
3.440000000409781933e-07,1.872613211162388325e-07,3.440000000409781933e-07
3.444999947532778606e-07,1.872613211162388325e-07,3.444999947532778606e-07
3.449999894655775279e-07,1.872613211162388325e-07,3.449999894655775279e-07
3.455000125995866256e-07,1.872613211162388325e-07,3.455000125995866256e-07
3.460000073118862929e-07,1.872613211162388325e-07,3.460000073118862929e-07
3.465000020241859602e-07,1.872613211162388325e-07,3.465000020241859602e-07
3.469999967364856275e-07,1.872613211162388325e-07,3.469999967364856275e-07
3.474999914487852948e-07,1.872613211162388325e-07,3.474999914487852948e-07
3.479999861610849621e-07,1.872613211162388325e-07,3.479999861610849621e-07
3.485000092950940598e-07,1.872613211162388325e-07,3.485000092950940598e-07
3.490000040073937271e-07,1.872613211162388325e-07,3.490000040073937271e-07
3.494999987196933944e-07,1.872613211162388325e-07,3.494999987196933944e-07
3.499999934319930617e-07,1.872613211162388325e-07,3.499999934319930617e-07
3.504999881442927290e-07,1.872613211162388325e-07,3.504999881442927290e-07
3.510000112783018267e-07,1.872613211162388325e-07,3.510000112783018267e-07
3.515000059906014940e-07,1.872613211162388325e-07,3.515000059906014940e-07
3.520000007029011613e-07,1.872613211162388325e-07,3.520000007029011613e-07
3.524999954152008286e-07,1.872613211162388325e-07,3.524999954152008286e-07
3.529999901275004959e-07,1.872613211162388325e-07,3.529999901275004959e-07
3.535000132615095936e-07,1.872613211162388325e-07,3.535000132615095936e-07
3.540000079738092609e-07,1.872613211162388325e-07,3.540000079738092609e-07
3.545000026861089282e-07,1.872613211162388325e-07,3.545000026861089282e-07
3.549999973984085955e-07,1.872613211162388325e-07,3.549999973984085955e-07
3.554999921107082628e-07,1.872613211162388325e-07,3.554999921107082628e-07
3.559999868230079301e-07,1.872613211162388325e-07,3.559999868230079301e-07
3.565000099570170278e-07,1.872613211162388325e-07,3.565000099570170278e-07
3.570000046693166951e-07,1.872613211162388325e-07,3.570000046693166951e-07
3.574999993816163624e-07,1.872613211162388325e-07,3.574999993816163624e-07
3.579999940939160297e-07,1.872613211162388325e-07,3.579999940939160297e-07
3.584999888062156970e-07,1.872613211162388325e-07,3.584999888062156970e-07
3.590000119402247947e-07,1.872613211162388325e-07,3.590000119402247947e-07
3.595000066525244620e-07,1.872613211162388325e-07,3.595000066525244620e-07
3.600000013648241293e-07,1.872613211162388325e-07,3.600000013648241293e-07
3.604999960771237966e-07,1.872613211162388325e-07,3.604999960771237966e-07
3.609999907894234639e-07,1.872613211162388325e-07,3.609999907894234639e-07
3.615000139234325616e-07,1.872613211162388325e-07,3.615000139234325616e-07
3.620000086357322289e-07,1.872613211162388325e-07,3.620000086357322289e-07
3.625000033480318962e-07,1.872613211162388325e-07,3.625000033480318962e-07
3.629999980603315635e-07,1.872613211162388325e-07,3.629999980603315635e-07
3.634999927726312308e-07,1.872613211162388325e-07,3.634999927726312308e-07
3.639999874849308981e-07,1.872613211162388325e-07,3.639999874849308981e-07
3.645000106189399958e-07,1.872613211162388325e-07,3.645000106189399958e-07
3.650000053312396631e-07,1.872613211162388325e-07,3.650000053312396631e-07
3.655000000435393304e-07,1.872613211162388325e-07,3.655000000435393304e-07
3.659999947558389977e-07,1.872613211162388325e-07,3.659999947558389977e-07
3.664999894681386650e-07,1.872613211162388325e-07,3.664999894681386650e-07
3.670000126021477627e-07,1.872613211162388325e-07,3.670000126021477627e-07
3.675000073144474300e-07,1.872613211162388325e-07,3.675000073144474300e-07
3.680000020267470973e-07,1.872613211162388325e-07,3.680000020267470973e-07
3.684999967390467646e-07,1.872613211162388325e-07,3.684999967390467646e-07
3.689999914513464319e-07,1.872613211162388325e-07,3.689999914513464319e-07
3.694999861636460992e-07,1.872613211162388325e-07,3.694999861636460992e-07
3.700000092976551969e-07,1.872613211162388325e-07,3.700000092976551969e-07
3.705000040099548642e-07,1.872613211162388325e-07,3.705000040099548642e-07
3.709999987222545315e-07,1.872613211162388325e-07,3.709999987222545315e-07
3.714999934345541988e-07,1.872613211162388325e-07,3.714999934345541988e-07
3.719999881468538661e-07,1.872613211162388325e-07,3.719999881468538661e-07
3.725000112808629638e-07,1.872613211162388325e-07,3.725000112808629638e-07
3.730000059931626311e-07,1.872613211162388325e-07,3.730000059931626311e-07
3.735000007054622984e-07,1.872613211162388325e-07,3.735000007054622984e-07
3.739999954177619657e-07,1.872613211162388325e-07,3.739999954177619657e-07
3.744999901300616330e-07,1.872613211162388325e-07,3.744999901300616330e-07
3.750000132640707307e-07,3.745226422324776649e-07,3.750000132640707307e-07
3.755000079763703980e-07,3.745226422324776649e-07,3.755000079763703980e-07
3.760000026886700653e-07,3.745226422324776649e-07,3.760000026886700653e-07
3.764999974009697326e-07,3.745226422324776649e-07,3.764999974009697326e-07
3.769999921132693999e-07,3.745226422324776649e-07,3.769999921132693999e-07
3.774999868255690672e-07,3.745226422324776649e-07,3.774999868255690672e-07
3.780000099595781649e-07,3.745226422324776649e-07,3.780000099595781649e-07
3.785000046718778322e-07,3.745226422324776649e-07,3.785000046718778322e-07
3.789999993841774995e-07,3.745226422324776649e-07,3.789999993841774995e-07
3.794999940964771667e-07,3.745226422324776649e-07,3.794999940964771667e-07
3.799999888087768340e-07,3.745226422324776649e-07,3.799999888087768340e-07
3.805000119427859318e-07,3.745226422324776649e-07,3.805000119427859318e-07
3.810000066550855990e-07,3.745226422324776649e-07,3.810000066550855990e-07
3.815000013673852663e-07,3.745226422324776649e-07,3.815000013673852663e-07
3.819999960796849336e-07,3.745226422324776649e-07,3.819999960796849336e-07
3.824999907919846009e-07,3.745226422324776649e-07,3.824999907919846009e-07
3.830000139259936986e-07,3.745226422324776649e-07,3.830000139259936986e-07
3.835000086382933659e-07,3.745226422324776649e-07,3.835000086382933659e-07
3.840000033505930332e-07,3.745226422324776649e-07,3.840000033505930332e-07
3.844999980628927005e-07,3.745226422324776649e-07,3.844999980628927005e-07
3.849999927751923678e-07,3.745226422324776649e-07,3.849999927751923678e-07
3.854999874874920351e-07,3.745226422324776649e-07,3.854999874874920351e-07
3.860000106215011328e-07,3.745226422324776649e-07,3.860000106215011328e-07
3.865000053338008001e-07,3.745226422324776649e-07,3.865000053338008001e-07
3.870000000461004674e-07,3.745226422324776649e-07,3.870000000461004674e-07
3.874999947584001347e-07,3.745226422324776649e-07,3.874999947584001347e-07
3.879999894706998020e-07,3.745226422324776649e-07,3.879999894706998020e-07
3.885000126047088997e-07,3.745226422324776649e-07,3.885000126047088997e-07
3.890000073170085670e-07,3.745226422324776649e-07,3.890000073170085670e-07
3.895000020293082343e-07,3.745226422324776649e-07,3.895000020293082343e-07
3.899999967416079016e-07,3.745226422324776649e-07,3.899999967416079016e-07
3.904999914539075689e-07,3.745226422324776649e-07,3.904999914539075689e-07
3.909999861662072362e-07,3.745226422324776649e-07,3.909999861662072362e-07
3.915000093002163339e-07,3.745226422324776649e-07,3.915000093002163339e-07
3.920000040125160012e-07,3.745226422324776649e-07,3.920000040125160012e-07
3.924999987248156685e-07,3.745226422324776649e-07,3.924999987248156685e-07
3.929999934371153358e-07,3.745226422324776649e-07,3.929999934371153358e-07
3.934999881494150031e-07,3.745226422324776649e-07,3.934999881494150031e-07
3.940000112834241008e-07,3.745226422324776649e-07,3.940000112834241008e-07
3.945000059957237681e-07,3.745226422324776649e-07,3.945000059957237681e-07
3.950000007080234354e-07,3.745226422324776649e-07,3.950000007080234354e-07
3.954999954203231027e-07,3.745226422324776649e-07,3.954999954203231027e-07
3.959999901326227700e-07,3.745226422324776649e-07,3.959999901326227700e-07
3.965000132666318677e-07,3.745226422324776649e-07,3.965000132666318677e-07
3.970000079789315350e-07,3.745226422324776649e-07,3.970000079789315350e-07
3.975000026912312023e-07,3.745226422324776649e-07,3.975000026912312023e-07
3.979999974035308696e-07,3.745226422324776649e-07,3.979999974035308696e-07
3.984999921158305369e-07,3.745226422324776649e-07,3.984999921158305369e-07
3.989999868281302042e-07,3.745226422324776649e-07,3.989999868281302042e-07
3.995000099621393019e-07,3.745226422324776649e-07,3.995000099621393019e-07
4.000000046744389692e-07,3.745226422324776649e-07,4.000000046744389692e-07
4.004999993867386365e-07,3.745226422324776649e-07,4.004999993867386365e-07
4.009999940990383038e-07,3.745226422324776649e-07,4.009999940990383038e-07
4.014999888113379711e-07,3.745226422324776649e-07,4.014999888113379711e-07
4.020000119453470688e-07,3.745226422324776649e-07,4.020000119453470688e-07
4.025000066576467361e-07,3.745226422324776649e-07,4.025000066576467361e-07
4.030000013699464034e-07,3.745226422324776649e-07,4.030000013699464034e-07
4.034999960822460707e-07,3.745226422324776649e-07,4.034999960822460707e-07
4.039999907945457380e-07,3.745226422324776649e-07,4.039999907945457380e-07
4.045000139285548357e-07,3.745226422324776649e-07,4.045000139285548357e-07
4.050000086408545030e-07,3.745226422324776649e-07,4.050000086408545030e-07
4.055000033531541703e-07,3.745226422324776649e-07,4.055000033531541703e-07
4.059999980654538376e-07,3.745226422324776649e-07,4.059999980654538376e-07
4.064999927777535049e-07,3.745226422324776649e-07,4.064999927777535049e-07
4.069999874900531722e-07,3.745226422324776649e-07,4.069999874900531722e-07
4.075000106240622699e-07,3.745226422324776649e-07,4.075000106240622699e-07
4.080000053363619372e-07,3.745226422324776649e-07,4.080000053363619372e-07
4.085000000486616045e-07,3.745226422324776649e-07,4.085000000486616045e-07
4.089999947609612718e-07,3.745226422324776649e-07,4.089999947609612718e-07
4.094999894732609391e-07,3.745226422324776649e-07,4.094999894732609391e-07
4.100000126072700368e-07,3.745226422324776649e-07,4.100000126072700368e-07
4.105000073195697041e-07,3.745226422324776649e-07,4.105000073195697041e-07
4.110000020318693714e-07,3.745226422324776649e-07,4.110000020318693714e-07
4.114999967441690387e-07,3.745226422324776649e-07,4.114999967441690387e-07
4.119999914564687060e-07,3.745226422324776649e-07,4.119999914564687060e-07
4.124999861687683733e-07,3.745226422324776649e-07,4.124999861687683733e-07
4.130000093027774710e-07,3.745226422324776649e-07,4.130000093027774710e-07
4.135000040150771383e-07,3.745226422324776649e-07,4.135000040150771383e-07
4.139999987273768056e-07,3.745226422324776649e-07,4.139999987273768056e-07
4.144999934396764729e-07,3.745226422324776649e-07,4.144999934396764729e-07
4.149999881519761402e-07,3.745226422324776649e-07,4.149999881519761402e-07
4.155000112859852379e-07,3.745226422324776649e-07,4.155000112859852379e-07
4.160000059982849052e-07,3.745226422324776649e-07,4.160000059982849052e-07
4.165000007105845725e-07,3.745226422324776649e-07,4.165000007105845725e-07
4.169999954228842398e-07,3.745226422324776649e-07,4.169999954228842398e-07
4.174999901351839071e-07,3.745226422324776649e-07,4.174999901351839071e-07
4.180000132691930048e-07,3.745226422324776649e-07,4.180000132691930048e-07
4.185000079814926721e-07,3.745226422324776649e-07,4.185000079814926721e-07
4.190000026937923394e-07,3.745226422324776649e-07,4.190000026937923394e-07
4.194999974060920067e-07,3.745226422324776649e-07,4.194999974060920067e-07
4.199999921183916740e-07,3.745226422324776649e-07,4.199999921183916740e-07
4.204999868306913413e-07,3.745226422324776649e-07,4.204999868306913413e-07
4.210000099647004390e-07,3.745226422324776649e-07,4.210000099647004390e-07
4.215000046770001063e-07,3.745226422324776649e-07,4.215000046770001063e-07
4.219999993892997736e-07,3.745226422324776649e-07,4.219999993892997736e-07
4.224999941015994409e-07,3.745226422324776649e-07,4.224999941015994409e-07
4.229999888138991082e-07,3.745226422324776649e-07,4.229999888138991082e-07
4.235000119479082059e-07,3.745226422324776649e-07,4.235000119479082059e-07
4.240000066602078732e-07,3.745226422324776649e-07,4.240000066602078732e-07
4.245000013725075405e-07,3.745226422324776649e-07,4.245000013725075405e-07
4.249999960848072078e-07,3.745226422324776649e-07,4.249999960848072078e-07
4.254999907971068751e-07,3.745226422324776649e-07,4.254999907971068751e-07
4.260000139311159728e-07,3.745226422324776649e-07,4.260000139311159728e-07
4.265000086434156401e-07,3.745226422324776649e-07,4.265000086434156401e-07
4.270000033557153074e-07,3.745226422324776649e-07,4.270000033557153074e-07
4.274999980680149747e-07,3.745226422324776649e-07,4.274999980680149747e-07
4.279999927803146420e-07,3.745226422324776649e-07,4.279999927803146420e-07
4.284999874926143093e-07,3.745226422324776649e-07,4.284999874926143093e-07
4.290000106266234070e-07,3.745226422324776649e-07,4.290000106266234070e-07
4.295000053389230743e-07,3.745226422324776649e-07,4.295000053389230743e-07
4.300000000512227416e-07,3.745226422324776649e-07,4.300000000512227416e-07
4.304999947635224089e-07,3.745226422324776649e-07,4.304999947635224089e-07
4.309999894758220762e-07,3.745226422324776649e-07,4.309999894758220762e-07
4.315000126098311739e-07,3.745226422324776649e-07,4.315000126098311739e-07
4.320000073221308412e-07,3.745226422324776649e-07,4.320000073221308412e-07
4.325000020344305085e-07,3.745226422324776649e-07,4.325000020344305085e-07
4.329999967467301758e-07,3.745226422324776649e-07,4.329999967467301758e-07
4.334999914590298431e-07,3.745226422324776649e-07,4.334999914590298431e-07
4.339999861713295104e-07,3.745226422324776649e-07,4.339999861713295104e-07
4.345000093053386081e-07,3.745226422324776649e-07,4.345000093053386081e-07
4.350000040176382754e-07,3.745226422324776649e-07,4.350000040176382754e-07
4.354999987299379427e-07,3.745226422324776649e-07,4.354999987299379427e-07
4.359999934422376100e-07,3.745226422324776649e-07,4.359999934422376100e-07
4.364999881545372773e-07,3.745226422324776649e-07,4.364999881545372773e-07
4.370000112885463750e-07,3.745226422324776649e-07,4.370000112885463750e-07
4.375000060008460423e-07,3.745226422324776649e-07,4.375000060008460423e-07
4.380000007131457096e-07,3.745226422324776649e-07,4.380000007131457096e-07
4.384999954254453769e-07,3.745226422324776649e-07,4.384999954254453769e-07
4.389999901377450442e-07,3.745226422324776649e-07,4.389999901377450442e-07
4.395000132717541419e-07,3.745226422324776649e-07,4.395000132717541419e-07
4.400000079840538092e-07,3.745226422324776649e-07,4.400000079840538092e-07
4.405000026963534765e-07,3.745226422324776649e-07,4.405000026963534765e-07
4.409999974086531438e-07,3.745226422324776649e-07,4.409999974086531438e-07
4.414999921209528111e-07,3.745226422324776649e-07,4.414999921209528111e-07
4.419999868332524784e-07,3.745226422324776649e-07,4.419999868332524784e-07
4.425000099672615761e-07,3.745226422324776649e-07,4.425000099672615761e-07
4.430000046795612434e-07,3.745226422324776649e-07,4.430000046795612434e-07
4.434999993918609107e-07,3.745226422324776649e-07,4.434999993918609107e-07
4.439999941041605780e-07,3.745226422324776649e-07,4.439999941041605780e-07
4.444999888164602453e-07,3.745226422324776649e-07,4.444999888164602453e-07
4.450000119504693430e-07,3.745226422324776649e-07,4.450000119504693430e-07
4.455000066627690103e-07,3.745226422324776649e-07,4.455000066627690103e-07
4.460000013750686776e-07,3.745226422324776649e-07,4.460000013750686776e-07
4.464999960873683449e-07,3.745226422324776649e-07,4.464999960873683449e-07
4.469999907996680122e-07,3.745226422324776649e-07,4.469999907996680122e-07
4.475000139336771099e-07,3.745226422324776649e-07,4.475000139336771099e-07
4.480000086459767772e-07,3.745226422324776649e-07,4.480000086459767772e-07
4.485000033582764445e-07,3.745226422324776649e-07,4.485000033582764445e-07
4.489999980705761118e-07,3.745226422324776649e-07,4.489999980705761118e-07
4.494999927828757791e-07,3.745226422324776649e-07,4.494999927828757791e-07
4.499999874951754464e-07,3.745226422324776649e-07,4.499999874951754464e-07
4.505000106291845441e-07,3.745226422324776649e-07,4.505000106291845441e-07
4.510000053414842114e-07,3.745226422324776649e-07,4.510000053414842114e-07
4.515000000537838787e-07,3.745226422324776649e-07,4.515000000537838787e-07
4.519999947660835460e-07,3.745226422324776649e-07,4.519999947660835460e-07
4.524999894783832133e-07,3.745226422324776649e-07,4.524999894783832133e-07
4.530000126123923110e-07,3.745226422324776649e-07,4.530000126123923110e-07
4.535000073246919783e-07,3.745226422324776649e-07,4.535000073246919783e-07
4.540000020369916456e-07,3.745226422324776649e-07,4.540000020369916456e-07
4.544999967492913129e-07,3.745226422324776649e-07,4.544999967492913129e-07
4.549999914615909802e-07,3.745226422324776649e-07,4.549999914615909802e-07
4.554999861738906475e-07,3.745226422324776649e-07,4.554999861738906475e-07
4.560000093078997452e-07,3.745226422324776649e-07,4.560000093078997452e-07
4.565000040201994125e-07,3.745226422324776649e-07,4.565000040201994125e-07
4.569999987324990798e-07,3.745226422324776649e-07,4.569999987324990798e-07
4.574999934447987471e-07,3.745226422324776649e-07,4.574999934447987471e-07
4.579999881570984144e-07,3.745226422324776649e-07,4.579999881570984144e-07
4.585000112911075121e-07,3.745226422324776649e-07,4.585000112911075121e-07
4.590000060034071794e-07,3.745226422324776649e-07,4.590000060034071794e-07
4.595000007157068467e-07,3.745226422324776649e-07,4.595000007157068467e-07
4.599999954280065140e-07,3.745226422324776649e-07,4.599999954280065140e-07
4.604999901403061813e-07,3.745226422324776649e-07,4.604999901403061813e-07
4.610000132743152790e-07,3.745226422324776649e-07,4.610000132743152790e-07
4.615000079866149463e-07,3.745226422324776649e-07,4.615000079866149463e-07
4.620000026989146136e-07,3.745226422324776649e-07,4.620000026989146136e-07
4.624999974112142809e-07,3.745226422324776649e-07,4.624999974112142809e-07
4.629999921235139482e-07,3.745226422324776649e-07,4.629999921235139482e-07
4.634999868358136155e-07,3.745226422324776649e-07,4.634999868358136155e-07
4.640000099698227132e-07,3.745226422324776649e-07,4.640000099698227132e-07
4.645000046821223805e-07,3.745226422324776649e-07,4.645000046821223805e-07
4.649999993944220478e-07,3.745226422324776649e-07,4.649999993944220478e-07
4.654999941067217151e-07,3.745226422324776649e-07,4.654999941067217151e-07
4.659999888190213824e-07,3.745226422324776649e-07,4.659999888190213824e-07
4.665000119530304801e-07,3.745226422324776649e-07,4.665000119530304801e-07
4.670000066653301474e-07,3.745226422324776649e-07,4.670000066653301474e-07
4.675000013776298147e-07,3.745226422324776649e-07,4.675000013776298147e-07
4.679999960899294820e-07,3.745226422324776649e-07,4.679999960899294820e-07
4.684999908022291493e-07,3.745226422324776649e-07,4.684999908022291493e-07
4.690000139362382470e-07,3.745226422324776649e-07,4.690000139362382470e-07
4.695000086485379143e-07,3.745226422324776649e-07,4.695000086485379143e-07
4.700000033608375816e-07,3.745226422324776649e-07,4.700000033608375816e-07
4.704999980731372489e-07,3.745226422324776649e-07,4.704999980731372489e-07
4.709999927854369162e-07,3.745226422324776649e-07,4.709999927854369162e-07
4.714999874977365835e-07,3.745226422324776649e-07,4.714999874977365835e-07
4.720000106317456812e-07,3.745226422324776649e-07,4.720000106317456812e-07
4.725000053440453485e-07,3.745226422324776649e-07,4.725000053440453485e-07
4.730000000563450158e-07,3.745226422324776649e-07,4.730000000563450158e-07
4.734999947686446831e-07,3.745226422324776649e-07,4.734999947686446831e-07
4.739999894809443504e-07,3.745226422324776649e-07,4.739999894809443504e-07
4.745000126149534481e-07,3.745226422324776649e-07,4.745000126149534481e-07
4.750000073272531154e-07,3.745226422324776649e-07,4.750000073272531154e-07
4.755000020395527827e-07,3.745226422324776649e-07,4.755000020395527827e-07
4.759999967518524500e-07,3.745226422324776649e-07,4.759999967518524500e-07
4.764999914641521173e-07,3.745226422324776649e-07,4.764999914641521173e-07
4.770000145981612150e-07,3.745226422324776649e-07,4.770000145981612150e-07
4.775000093104608823e-07,3.745226422324776649e-07,4.775000093104608823e-07
4.780000040227605496e-07,3.745226422324776649e-07,4.780000040227605496e-07
4.784999987350602169e-07,3.745226422324776649e-07,4.784999987350602169e-07
4.789999934473598842e-07,3.745226422324776649e-07,4.789999934473598842e-07
4.794999881596595515e-07,3.745226422324776649e-07,4.794999881596595515e-07
4.799999828719592188e-07,3.745226422324776649e-07,4.799999828719592188e-07
4.804999775842588861e-07,3.745226422324776649e-07,4.804999775842588861e-07
4.809999722965585534e-07,3.745226422324776649e-07,4.809999722965585534e-07
4.815000238522770815e-07,3.745226422324776649e-07,4.815000238522770815e-07
4.820000185645767488e-07,3.745226422324776649e-07,4.820000185645767488e-07
4.825000132768764161e-07,3.745226422324776649e-07,4.825000132768764161e-07
4.830000079891760834e-07,3.745226422324776649e-07,4.830000079891760834e-07
4.835000027014757507e-07,3.745226422324776649e-07,4.835000027014757507e-07
4.839999974137754180e-07,3.745226422324776649e-07,4.839999974137754180e-07
4.844999921260750853e-07,3.745226422324776649e-07,4.844999921260750853e-07
4.849999868383747526e-07,3.745226422324776649e-07,4.849999868383747526e-07
4.854999815506744199e-07,3.745226422324776649e-07,4.854999815506744199e-07
4.859999762629740871e-07,3.745226422324776649e-07,4.859999762629740871e-07
4.865000278186926153e-07,3.745226422324776649e-07,4.865000278186926153e-07
4.870000225309922826e-07,3.745226422324776649e-07,4.870000225309922826e-07
4.875000172432919499e-07,3.745226422324776649e-07,4.875000172432919499e-07
4.880000119555916172e-07,3.745226422324776649e-07,4.880000119555916172e-07
4.885000066678912845e-07,3.745226422324776649e-07,4.885000066678912845e-07
4.890000013801909517e-07,3.745226422324776649e-07,4.890000013801909517e-07
4.894999960924906190e-07,3.745226422324776649e-07,4.894999960924906190e-07
4.899999908047902863e-07,3.745226422324776649e-07,4.899999908047902863e-07
4.904999855170899536e-07,3.745226422324776649e-07,4.904999855170899536e-07
4.909999802293896209e-07,3.745226422324776649e-07,4.909999802293896209e-07
4.914999749416892882e-07,3.745226422324776649e-07,4.914999749416892882e-07
4.920000264974078164e-07,3.745226422324776649e-07,4.920000264974078164e-07
4.925000212097074836e-07,3.745226422324776649e-07,4.925000212097074836e-07
4.930000159220071509e-07,3.745226422324776649e-07,4.930000159220071509e-07
4.935000106343068182e-07,3.745226422324776649e-07,4.935000106343068182e-07
4.940000053466064855e-07,3.745226422324776649e-07,4.940000053466064855e-07
4.945000000589061528e-07,3.745226422324776649e-07,4.945000000589061528e-07
4.949999947712058201e-07,3.745226422324776649e-07,4.949999947712058201e-07
4.954999894835054874e-07,3.745226422324776649e-07,4.954999894835054874e-07
4.959999841958051547e-07,3.745226422324776649e-07,4.959999841958051547e-07
4.964999789081048220e-07,3.745226422324776649e-07,4.964999789081048220e-07
4.969999736204044893e-07,3.745226422324776649e-07,4.969999736204044893e-07
4.975000251761230174e-07,3.745226422324776649e-07,4.975000251761230174e-07
4.980000198884226847e-07,3.745226422324776649e-07,4.980000198884226847e-07
4.985000146007223520e-07,3.745226422324776649e-07,4.985000146007223520e-07
4.990000093130220193e-07,3.745226422324776649e-07,4.990000093130220193e-07
4.995000040253216866e-07,3.745226422324776649e-07,4.995000040253216866e-07
4.999999987376213539e-07,3.745226422324776649e-07,4.999999987376213539e-07
5.004999934499210212e-07,3.745226422324776649e-07,5.004999934499210212e-07
5.009999881622206885e-07,3.745226422324776649e-07,5.009999881622206885e-07
5.014999828745203558e-07,3.745226422324776649e-07,5.014999828745203558e-07
5.019999775868200231e-07,3.745226422324776649e-07,5.019999775868200231e-07
5.024999722991196904e-07,3.745226422324776649e-07,5.024999722991196904e-07
5.030000238548382185e-07,3.745226422324776649e-07,5.030000238548382185e-07
5.035000185671378858e-07,3.745226422324776649e-07,5.035000185671378858e-07
5.040000132794375531e-07,3.745226422324776649e-07,5.040000132794375531e-07
5.045000079917372204e-07,3.745226422324776649e-07,5.045000079917372204e-07
5.050000027040368877e-07,3.745226422324776649e-07,5.050000027040368877e-07
5.054999974163365550e-07,3.745226422324776649e-07,5.054999974163365550e-07
5.059999921286362223e-07,3.745226422324776649e-07,5.059999921286362223e-07
5.064999868409358896e-07,3.745226422324776649e-07,5.064999868409358896e-07
5.069999815532355569e-07,3.745226422324776649e-07,5.069999815532355569e-07
5.074999762655352242e-07,3.745226422324776649e-07,5.074999762655352242e-07
5.080000278212537523e-07,3.745226422324776649e-07,5.080000278212537523e-07
5.085000225335534196e-07,3.745226422324776649e-07,5.085000225335534196e-07
5.090000172458530869e-07,3.745226422324776649e-07,5.090000172458530869e-07
5.095000119581527542e-07,3.745226422324776649e-07,5.095000119581527542e-07
5.100000066704524215e-07,3.745226422324776649e-07,5.100000066704524215e-07
5.105000013827520888e-07,3.745226422324776649e-07,5.105000013827520888e-07
5.109999960950517561e-07,3.745226422324776649e-07,5.109999960950517561e-07
5.114999908073514234e-07,3.745226422324776649e-07,5.114999908073514234e-07
5.119999855196510907e-07,3.745226422324776649e-07,5.119999855196510907e-07
5.124999802319507580e-07,3.745226422324776649e-07,5.124999802319507580e-07
5.129999749442504253e-07,3.745226422324776649e-07,5.129999749442504253e-07
5.135000264999689534e-07,3.745226422324776649e-07,5.135000264999689534e-07
5.140000212122686207e-07,3.745226422324776649e-07,5.140000212122686207e-07
5.145000159245682880e-07,3.745226422324776649e-07,5.145000159245682880e-07
5.150000106368679553e-07,3.745226422324776649e-07,5.150000106368679553e-07
5.155000053491676226e-07,3.745226422324776649e-07,5.155000053491676226e-07
5.160000000614672899e-07,3.745226422324776649e-07,5.160000000614672899e-07
5.164999947737669572e-07,3.745226422324776649e-07,5.164999947737669572e-07
5.169999894860666245e-07,3.745226422324776649e-07,5.169999894860666245e-07
5.174999841983662918e-07,3.745226422324776649e-07,5.174999841983662918e-07
5.179999789106659591e-07,3.745226422324776649e-07,5.179999789106659591e-07
5.184999736229656264e-07,3.745226422324776649e-07,5.184999736229656264e-07
5.190000251786841545e-07,3.745226422324776649e-07,5.190000251786841545e-07
5.195000198909838218e-07,3.745226422324776649e-07,5.195000198909838218e-07
5.200000146032834891e-07,3.745226422324776649e-07,5.200000146032834891e-07
5.205000093155831564e-07,3.745226422324776649e-07,5.205000093155831564e-07
5.210000040278828237e-07,3.745226422324776649e-07,5.210000040278828237e-07
5.214999987401824910e-07,3.745226422324776649e-07,5.214999987401824910e-07
5.219999934524821583e-07,3.745226422324776649e-07,5.219999934524821583e-07
5.224999881647818256e-07,3.745226422324776649e-07,5.224999881647818256e-07
5.229999828770814929e-07,3.745226422324776649e-07,5.229999828770814929e-07
5.234999775893811602e-07,3.745226422324776649e-07,5.234999775893811602e-07
5.239999723016808275e-07,3.745226422324776649e-07,5.239999723016808275e-07
5.245000238573993556e-07,3.745226422324776649e-07,5.245000238573993556e-07
5.250000185696990229e-07,3.745226422324776649e-07,5.250000185696990229e-07
5.255000132819986902e-07,3.745226422324776649e-07,5.255000132819986902e-07
5.260000079942983575e-07,3.745226422324776649e-07,5.260000079942983575e-07
5.265000027065980248e-07,3.745226422324776649e-07,5.265000027065980248e-07
5.269999974188976921e-07,3.745226422324776649e-07,5.269999974188976921e-07
5.274999921311973594e-07,3.745226422324776649e-07,5.274999921311973594e-07
5.279999868434970267e-07,3.745226422324776649e-07,5.279999868434970267e-07
5.284999815557966940e-07,3.745226422324776649e-07,5.284999815557966940e-07
5.289999762680963613e-07,3.745226422324776649e-07,5.289999762680963613e-07
5.295000278238148894e-07,3.745226422324776649e-07,5.295000278238148894e-07
5.300000225361145567e-07,3.745226422324776649e-07,5.300000225361145567e-07
5.305000172484142240e-07,3.745226422324776649e-07,5.305000172484142240e-07
5.310000119607138913e-07,3.745226422324776649e-07,5.310000119607138913e-07
5.315000066730135586e-07,3.745226422324776649e-07,5.315000066730135586e-07
5.320000013853132259e-07,3.745226422324776649e-07,5.320000013853132259e-07
5.324999960976128932e-07,3.745226422324776649e-07,5.324999960976128932e-07
5.329999908099125605e-07,3.745226422324776649e-07,5.329999908099125605e-07
5.334999855222122278e-07,3.745226422324776649e-07,5.334999855222122278e-07
5.339999802345118951e-07,3.745226422324776649e-07,5.339999802345118951e-07
5.344999749468115624e-07,3.745226422324776649e-07,5.344999749468115624e-07
5.350000265025300905e-07,3.745226422324776649e-07,5.350000265025300905e-07
5.355000212148297578e-07,3.745226422324776649e-07,5.355000212148297578e-07
5.360000159271294251e-07,3.745226422324776649e-07,5.360000159271294251e-07
5.365000106394290924e-07,3.745226422324776649e-07,5.365000106394290924e-07
5.370000053517287597e-07,3.745226422324776649e-07,5.370000053517287597e-07
5.375000000640284270e-07,3.745226422324776649e-07,5.375000000640284270e-07
5.379999947763280943e-07,3.745226422324776649e-07,5.379999947763280943e-07
5.384999894886277616e-07,3.745226422324776649e-07,5.384999894886277616e-07
5.389999842009274289e-07,3.745226422324776649e-07,5.389999842009274289e-07
5.394999789132270962e-07,3.745226422324776649e-07,5.394999789132270962e-07
5.399999736255267635e-07,3.745226422324776649e-07,5.399999736255267635e-07
5.405000251812452916e-07,3.745226422324776649e-07,5.405000251812452916e-07
5.410000198935449589e-07,3.745226422324776649e-07,5.410000198935449589e-07
5.415000146058446262e-07,3.745226422324776649e-07,5.415000146058446262e-07
5.420000093181442935e-07,3.745226422324776649e-07,5.420000093181442935e-07
5.425000040304439608e-07,3.745226422324776649e-07,5.425000040304439608e-07
5.429999987427436281e-07,3.745226422324776649e-07,5.429999987427436281e-07
5.434999934550432954e-07,3.745226422324776649e-07,5.434999934550432954e-07
5.439999881673429627e-07,3.745226422324776649e-07,5.439999881673429627e-07
5.444999828796426300e-07,3.745226422324776649e-07,5.444999828796426300e-07
5.449999775919422973e-07,3.745226422324776649e-07,5.449999775919422973e-07
5.454999723042419646e-07,3.745226422324776649e-07,5.454999723042419646e-07
5.460000238599604927e-07,3.745226422324776649e-07,5.460000238599604927e-07
5.465000185722601600e-07,3.745226422324776649e-07,5.465000185722601600e-07
5.470000132845598273e-07,3.745226422324776649e-07,5.470000132845598273e-07
5.475000079968594946e-07,3.745226422324776649e-07,5.475000079968594946e-07
5.480000027091591619e-07,3.745226422324776649e-07,5.480000027091591619e-07
5.484999974214588292e-07,3.745226422324776649e-07,5.484999974214588292e-07
5.489999921337584965e-07,3.745226422324776649e-07,5.489999921337584965e-07
5.494999868460581638e-07,3.745226422324776649e-07,5.494999868460581638e-07
5.499999815583578311e-07,3.745226422324776649e-07,5.499999815583578311e-07
5.504999762706574984e-07,3.745226422324776649e-07,5.504999762706574984e-07
5.510000278263760265e-07,3.745226422324776649e-07,5.510000278263760265e-07
5.515000225386756938e-07,3.745226422324776649e-07,5.515000225386756938e-07
5.520000172509753611e-07,3.745226422324776649e-07,5.520000172509753611e-07
5.525000119632750284e-07,3.745226422324776649e-07,5.525000119632750284e-07
5.530000066755746957e-07,3.745226422324776649e-07,5.530000066755746957e-07
5.535000013878743630e-07,3.745226422324776649e-07,5.535000013878743630e-07
5.539999961001740303e-07,3.745226422324776649e-07,5.539999961001740303e-07
5.544999908124736976e-07,3.745226422324776649e-07,5.544999908124736976e-07
5.549999855247733649e-07,3.745226422324776649e-07,5.549999855247733649e-07
5.554999802370730322e-07,3.745226422324776649e-07,5.554999802370730322e-07
5.559999749493726995e-07,3.745226422324776649e-07,5.559999749493726995e-07
5.565000265050912276e-07,3.745226422324776649e-07,5.565000265050912276e-07
5.570000212173908949e-07,3.745226422324776649e-07,5.570000212173908949e-07
5.575000159296905622e-07,3.745226422324776649e-07,5.575000159296905622e-07
5.580000106419902295e-07,3.745226422324776649e-07,5.580000106419902295e-07
5.585000053542898968e-07,3.745226422324776649e-07,5.585000053542898968e-07
5.590000000665895641e-07,3.745226422324776649e-07,5.590000000665895641e-07
5.594999947788892314e-07,3.745226422324776649e-07,5.594999947788892314e-07
5.599999894911888987e-07,3.745226422324776649e-07,5.599999894911888987e-07
5.604999842034885660e-07,3.745226422324776649e-07,5.604999842034885660e-07
5.609999789157882333e-07,3.745226422324776649e-07,5.609999789157882333e-07
5.614999736280879006e-07,3.745226422324776649e-07,5.614999736280879006e-07
5.620000251838064287e-07,5.617839633487164974e-07,5.620000251838064287e-07
5.625000198961060960e-07,5.617839633487164974e-07,5.625000198961060960e-07
5.630000146084057633e-07,5.617839633487164974e-07,5.630000146084057633e-07
5.635000093207054306e-07,5.617839633487164974e-07,5.635000093207054306e-07
5.640000040330050979e-07,5.617839633487164974e-07,5.640000040330050979e-07
5.644999987453047652e-07,5.617839633487164974e-07,5.644999987453047652e-07
5.649999934576044325e-07,5.617839633487164974e-07,5.649999934576044325e-07
5.654999881699040998e-07,5.617839633487164974e-07,5.654999881699040998e-07
5.659999828822037671e-07,5.617839633487164974e-07,5.659999828822037671e-07
5.664999775945034344e-07,5.617839633487164974e-07,5.664999775945034344e-07
5.669999723068031017e-07,5.617839633487164974e-07,5.669999723068031017e-07
5.675000238625216298e-07,5.617839633487164974e-07,5.675000238625216298e-07
5.680000185748212971e-07,5.617839633487164974e-07,5.680000185748212971e-07
5.685000132871209644e-07,5.617839633487164974e-07,5.685000132871209644e-07
5.690000079994206317e-07,5.617839633487164974e-07,5.690000079994206317e-07
5.695000027117202990e-07,5.617839633487164974e-07,5.695000027117202990e-07
5.699999974240199663e-07,5.617839633487164974e-07,5.699999974240199663e-07
5.704999921363196336e-07,5.617839633487164974e-07,5.704999921363196336e-07
5.709999868486193009e-07,5.617839633487164974e-07,5.709999868486193009e-07
5.714999815609189682e-07,5.617839633487164974e-07,5.714999815609189682e-07
5.719999762732186355e-07,5.617839633487164974e-07,5.719999762732186355e-07
5.725000278289371636e-07,5.617839633487164974e-07,5.725000278289371636e-07
5.730000225412368309e-07,5.617839633487164974e-07,5.730000225412368309e-07
5.735000172535364982e-07,5.617839633487164974e-07,5.735000172535364982e-07
5.740000119658361655e-07,5.617839633487164974e-07,5.740000119658361655e-07
5.745000066781358328e-07,5.617839633487164974e-07,5.745000066781358328e-07
5.750000013904355001e-07,5.617839633487164974e-07,5.750000013904355001e-07
5.754999961027351674e-07,5.617839633487164974e-07,5.754999961027351674e-07
5.759999908150348347e-07,5.617839633487164974e-07,5.759999908150348347e-07
5.764999855273345020e-07,5.617839633487164974e-07,5.764999855273345020e-07
5.769999802396341693e-07,5.617839633487164974e-07,5.769999802396341693e-07
5.774999749519338366e-07,5.617839633487164974e-07,5.774999749519338366e-07
5.780000265076523647e-07,5.617839633487164974e-07,5.780000265076523647e-07
5.785000212199520320e-07,5.617839633487164974e-07,5.785000212199520320e-07
5.790000159322516993e-07,5.617839633487164974e-07,5.790000159322516993e-07
5.795000106445513666e-07,5.617839633487164974e-07,5.795000106445513666e-07
5.800000053568510339e-07,5.617839633487164974e-07,5.800000053568510339e-07
5.805000000691507012e-07,5.617839633487164974e-07,5.805000000691507012e-07
5.809999947814503685e-07,5.617839633487164974e-07,5.809999947814503685e-07
5.814999894937500358e-07,5.617839633487164974e-07,5.814999894937500358e-07
5.819999842060497031e-07,5.617839633487164974e-07,5.819999842060497031e-07
5.824999789183493704e-07,5.617839633487164974e-07,5.824999789183493704e-07
5.829999736306490377e-07,5.617839633487164974e-07,5.829999736306490377e-07
5.835000251863675658e-07,5.617839633487164974e-07,5.835000251863675658e-07
5.840000198986672331e-07,5.617839633487164974e-07,5.840000198986672331e-07
5.845000146109669004e-07,5.617839633487164974e-07,5.845000146109669004e-07
5.850000093232665677e-07,5.617839633487164974e-07,5.850000093232665677e-07
5.855000040355662350e-07,5.617839633487164974e-07,5.855000040355662350e-07
5.859999987478659023e-07,5.617839633487164974e-07,5.859999987478659023e-07
5.864999934601655696e-07,5.617839633487164974e-07,5.864999934601655696e-07
5.869999881724652369e-07,5.617839633487164974e-07,5.869999881724652369e-07
5.874999828847649042e-07,5.617839633487164974e-07,5.874999828847649042e-07
5.879999775970645715e-07,5.617839633487164974e-07,5.879999775970645715e-07
5.884999723093642388e-07,5.617839633487164974e-07,5.884999723093642388e-07
5.890000238650827669e-07,5.617839633487164974e-07,5.890000238650827669e-07
5.895000185773824342e-07,5.617839633487164974e-07,5.895000185773824342e-07
5.900000132896821015e-07,5.617839633487164974e-07,5.900000132896821015e-07
5.905000080019817688e-07,5.617839633487164974e-07,5.905000080019817688e-07
5.910000027142814361e-07,5.617839633487164974e-07,5.910000027142814361e-07
5.914999974265811034e-07,5.617839633487164974e-07,5.914999974265811034e-07
5.919999921388807707e-07,5.617839633487164974e-07,5.919999921388807707e-07
5.924999868511804380e-07,5.617839633487164974e-07,5.924999868511804380e-07
5.929999815634801053e-07,5.617839633487164974e-07,5.929999815634801053e-07
5.934999762757797725e-07,5.617839633487164974e-07,5.934999762757797725e-07
5.940000278314983007e-07,5.617839633487164974e-07,5.940000278314983007e-07
5.945000225437979680e-07,5.617839633487164974e-07,5.945000225437979680e-07
5.950000172560976353e-07,5.617839633487164974e-07,5.950000172560976353e-07
5.955000119683973026e-07,5.617839633487164974e-07,5.955000119683973026e-07
5.960000066806969699e-07,5.617839633487164974e-07,5.960000066806969699e-07
5.965000013929966372e-07,5.617839633487164974e-07,5.965000013929966372e-07
5.969999961052963044e-07,5.617839633487164974e-07,5.969999961052963044e-07
5.974999908175959717e-07,5.617839633487164974e-07,5.974999908175959717e-07
5.979999855298956390e-07,5.617839633487164974e-07,5.979999855298956390e-07
5.984999802421953063e-07,5.617839633487164974e-07,5.984999802421953063e-07
5.989999749544949736e-07,5.617839633487164974e-07,5.989999749544949736e-07
5.995000265102135018e-07,5.617839633487164974e-07,5.995000265102135018e-07
6.000000212225131691e-07,5.617839633487164974e-07,6.000000212225131691e-07
6.005000159348128363e-07,5.617839633487164974e-07,6.005000159348128363e-07
6.010000106471125036e-07,5.617839633487164974e-07,6.010000106471125036e-07
6.015000053594121709e-07,5.617839633487164974e-07,6.015000053594121709e-07
6.020000000717118382e-07,5.617839633487164974e-07,6.020000000717118382e-07
6.024999947840115055e-07,5.617839633487164974e-07,6.024999947840115055e-07
6.029999894963111728e-07,5.617839633487164974e-07,6.029999894963111728e-07
6.034999842086108401e-07,5.617839633487164974e-07,6.034999842086108401e-07
6.039999789209105074e-07,5.617839633487164974e-07,6.039999789209105074e-07
6.044999736332101747e-07,5.617839633487164974e-07,6.044999736332101747e-07
6.050000251889287028e-07,5.617839633487164974e-07,6.050000251889287028e-07
6.055000199012283701e-07,5.617839633487164974e-07,6.055000199012283701e-07
6.060000146135280374e-07,5.617839633487164974e-07,6.060000146135280374e-07
6.065000093258277047e-07,5.617839633487164974e-07,6.065000093258277047e-07
6.070000040381273720e-07,5.617839633487164974e-07,6.070000040381273720e-07
6.074999987504270393e-07,5.617839633487164974e-07,6.074999987504270393e-07
6.079999934627267066e-07,5.617839633487164974e-07,6.079999934627267066e-07
6.084999881750263739e-07,5.617839633487164974e-07,6.084999881750263739e-07
6.089999828873260412e-07,5.617839633487164974e-07,6.089999828873260412e-07
6.094999775996257085e-07,5.617839633487164974e-07,6.094999775996257085e-07
6.099999723119253758e-07,5.617839633487164974e-07,6.099999723119253758e-07
6.105000238676439039e-07,5.617839633487164974e-07,6.105000238676439039e-07
6.110000185799435712e-07,5.617839633487164974e-07,6.110000185799435712e-07
6.115000132922432385e-07,5.617839633487164974e-07,6.115000132922432385e-07
6.120000080045429058e-07,5.617839633487164974e-07,6.120000080045429058e-07
6.125000027168425731e-07,5.617839633487164974e-07,6.125000027168425731e-07
6.129999974291422404e-07,5.617839633487164974e-07,6.129999974291422404e-07
6.134999921414419077e-07,5.617839633487164974e-07,6.134999921414419077e-07
6.139999868537415750e-07,5.617839633487164974e-07,6.139999868537415750e-07
6.144999815660412423e-07,5.617839633487164974e-07,6.144999815660412423e-07
6.149999762783409096e-07,5.617839633487164974e-07,6.149999762783409096e-07
6.155000278340594377e-07,5.617839633487164974e-07,6.155000278340594377e-07
6.160000225463591050e-07,5.617839633487164974e-07,6.160000225463591050e-07
6.165000172586587723e-07,5.617839633487164974e-07,6.165000172586587723e-07
6.170000119709584396e-07,5.617839633487164974e-07,6.170000119709584396e-07
6.175000066832581069e-07,5.617839633487164974e-07,6.175000066832581069e-07
6.180000013955577742e-07,5.617839633487164974e-07,6.180000013955577742e-07
6.184999961078574415e-07,5.617839633487164974e-07,6.184999961078574415e-07
6.189999908201571088e-07,5.617839633487164974e-07,6.189999908201571088e-07
6.194999855324567761e-07,5.617839633487164974e-07,6.194999855324567761e-07
6.199999802447564434e-07,5.617839633487164974e-07,6.199999802447564434e-07
6.204999749570561107e-07,5.617839633487164974e-07,6.204999749570561107e-07
6.210000265127746388e-07,5.617839633487164974e-07,6.210000265127746388e-07
6.215000212250743061e-07,5.617839633487164974e-07,6.215000212250743061e-07
6.220000159373739734e-07,5.617839633487164974e-07,6.220000159373739734e-07
6.225000106496736407e-07,5.617839633487164974e-07,6.225000106496736407e-07
6.230000053619733080e-07,5.617839633487164974e-07,6.230000053619733080e-07
6.235000000742729753e-07,5.617839633487164974e-07,6.235000000742729753e-07
6.239999947865726426e-07,5.617839633487164974e-07,6.239999947865726426e-07
6.244999894988723099e-07,5.617839633487164974e-07,6.244999894988723099e-07
6.249999842111719772e-07,5.617839633487164974e-07,6.249999842111719772e-07
6.254999789234716445e-07,5.617839633487164974e-07,6.254999789234716445e-07
6.259999736357713118e-07,5.617839633487164974e-07,6.259999736357713118e-07
6.265000251914898399e-07,5.617839633487164974e-07,6.265000251914898399e-07
6.270000199037895072e-07,5.617839633487164974e-07,6.270000199037895072e-07
6.275000146160891745e-07,5.617839633487164974e-07,6.275000146160891745e-07
6.280000093283888418e-07,5.617839633487164974e-07,6.280000093283888418e-07
6.285000040406885091e-07,5.617839633487164974e-07,6.285000040406885091e-07
6.289999987529881764e-07,5.617839633487164974e-07,6.289999987529881764e-07
6.294999934652878437e-07,5.617839633487164974e-07,6.294999934652878437e-07
6.299999881775875110e-07,5.617839633487164974e-07,6.299999881775875110e-07
6.304999828898871783e-07,5.617839633487164974e-07,6.304999828898871783e-07
6.309999776021868456e-07,5.617839633487164974e-07,6.309999776021868456e-07
6.314999723144865129e-07,5.617839633487164974e-07,6.314999723144865129e-07
6.320000238702050410e-07,5.617839633487164974e-07,6.320000238702050410e-07
6.325000185825047083e-07,5.617839633487164974e-07,6.325000185825047083e-07
6.330000132948043756e-07,5.617839633487164974e-07,6.330000132948043756e-07
6.335000080071040429e-07,5.617839633487164974e-07,6.335000080071040429e-07
6.340000027194037102e-07,5.617839633487164974e-07,6.340000027194037102e-07
6.344999974317033775e-07,5.617839633487164974e-07,6.344999974317033775e-07
6.349999921440030448e-07,5.617839633487164974e-07,6.349999921440030448e-07
6.354999868563027121e-07,5.617839633487164974e-07,6.354999868563027121e-07
6.359999815686023794e-07,5.617839633487164974e-07,6.359999815686023794e-07
6.364999762809020467e-07,5.617839633487164974e-07,6.364999762809020467e-07
6.370000278366205748e-07,5.617839633487164974e-07,6.370000278366205748e-07
6.375000225489202421e-07,5.617839633487164974e-07,6.375000225489202421e-07
6.380000172612199094e-07,5.617839633487164974e-07,6.380000172612199094e-07
6.385000119735195767e-07,5.617839633487164974e-07,6.385000119735195767e-07
6.390000066858192440e-07,5.617839633487164974e-07,6.390000066858192440e-07
6.395000013981189113e-07,5.617839633487164974e-07,6.395000013981189113e-07
6.399999961104185786e-07,5.617839633487164974e-07,6.399999961104185786e-07
6.404999908227182459e-07,5.617839633487164974e-07,6.404999908227182459e-07
6.409999855350179132e-07,5.617839633487164974e-07,6.409999855350179132e-07
6.414999802473175805e-07,5.617839633487164974e-07,6.414999802473175805e-07
6.419999749596172478e-07,5.617839633487164974e-07,6.419999749596172478e-07
6.425000265153357759e-07,5.617839633487164974e-07,6.425000265153357759e-07
6.430000212276354432e-07,5.617839633487164974e-07,6.430000212276354432e-07
6.435000159399351105e-07,5.617839633487164974e-07,6.435000159399351105e-07
6.440000106522347778e-07,5.617839633487164974e-07,6.440000106522347778e-07
6.445000053645344451e-07,5.617839633487164974e-07,6.445000053645344451e-07
6.450000000768341124e-07,5.617839633487164974e-07,6.450000000768341124e-07
6.454999947891337797e-07,5.617839633487164974e-07,6.454999947891337797e-07
6.459999895014334470e-07,5.617839633487164974e-07,6.459999895014334470e-07
6.464999842137331143e-07,5.617839633487164974e-07,6.464999842137331143e-07
6.469999789260327816e-07,5.617839633487164974e-07,6.469999789260327816e-07
6.474999736383324489e-07,5.617839633487164974e-07,6.474999736383324489e-07
6.480000251940509770e-07,5.617839633487164974e-07,6.480000251940509770e-07
6.485000199063506443e-07,5.617839633487164974e-07,6.485000199063506443e-07
6.490000146186503116e-07,5.617839633487164974e-07,6.490000146186503116e-07
6.495000093309499789e-07,5.617839633487164974e-07,6.495000093309499789e-07
6.500000040432496462e-07,5.617839633487164974e-07,6.500000040432496462e-07
6.504999987555493135e-07,5.617839633487164974e-07,6.504999987555493135e-07
6.509999934678489808e-07,5.617839633487164974e-07,6.509999934678489808e-07
6.514999881801486481e-07,5.617839633487164974e-07,6.514999881801486481e-07
6.519999828924483154e-07,5.617839633487164974e-07,6.519999828924483154e-07
6.524999776047479827e-07,5.617839633487164974e-07,6.524999776047479827e-07
6.529999723170476500e-07,5.617839633487164974e-07,6.529999723170476500e-07
6.535000238727661781e-07,5.617839633487164974e-07,6.535000238727661781e-07
6.540000185850658454e-07,5.617839633487164974e-07,6.540000185850658454e-07
6.545000132973655127e-07,5.617839633487164974e-07,6.545000132973655127e-07
6.550000080096651800e-07,5.617839633487164974e-07,6.550000080096651800e-07
6.555000027219648473e-07,5.617839633487164974e-07,6.555000027219648473e-07
6.559999974342645146e-07,5.617839633487164974e-07,6.559999974342645146e-07
6.564999921465641819e-07,5.617839633487164974e-07,6.564999921465641819e-07
6.569999868588638492e-07,5.617839633487164974e-07,6.569999868588638492e-07
6.574999815711635165e-07,5.617839633487164974e-07,6.574999815711635165e-07
6.579999762834631838e-07,5.617839633487164974e-07,6.579999762834631838e-07
6.585000278391817119e-07,5.617839633487164974e-07,6.585000278391817119e-07
6.590000225514813792e-07,5.617839633487164974e-07,6.590000225514813792e-07
6.595000172637810465e-07,5.617839633487164974e-07,6.595000172637810465e-07
6.600000119760807138e-07,5.617839633487164974e-07,6.600000119760807138e-07
6.605000066883803811e-07,5.617839633487164974e-07,6.605000066883803811e-07
6.610000014006800484e-07,5.617839633487164974e-07,6.610000014006800484e-07
6.614999961129797157e-07,5.617839633487164974e-07,6.614999961129797157e-07
6.619999908252793830e-07,5.617839633487164974e-07,6.619999908252793830e-07
6.624999855375790503e-07,5.617839633487164974e-07,6.624999855375790503e-07
6.629999802498787176e-07,5.617839633487164974e-07,6.629999802498787176e-07
6.634999749621783849e-07,5.617839633487164974e-07,6.634999749621783849e-07
6.640000265178969130e-07,5.617839633487164974e-07,6.640000265178969130e-07
6.645000212301965803e-07,5.617839633487164974e-07,6.645000212301965803e-07
6.650000159424962476e-07,5.617839633487164974e-07,6.650000159424962476e-07
6.655000106547959149e-07,5.617839633487164974e-07,6.655000106547959149e-07
6.660000053670955822e-07,5.617839633487164974e-07,6.660000053670955822e-07
6.665000000793952495e-07,5.617839633487164974e-07,6.665000000793952495e-07
6.669999947916949168e-07,5.617839633487164974e-07,6.669999947916949168e-07
6.674999895039945841e-07,5.617839633487164974e-07,6.674999895039945841e-07
6.679999842162942514e-07,5.617839633487164974e-07,6.679999842162942514e-07
6.684999789285939187e-07,5.617839633487164974e-07,6.684999789285939187e-07
6.689999736408935860e-07,5.617839633487164974e-07,6.689999736408935860e-07
6.695000251966121141e-07,5.617839633487164974e-07,6.695000251966121141e-07
6.700000199089117814e-07,5.617839633487164974e-07,6.700000199089117814e-07
6.705000146212114487e-07,5.617839633487164974e-07,6.705000146212114487e-07
6.710000093335111160e-07,5.617839633487164974e-07,6.710000093335111160e-07
6.715000040458107833e-07,5.617839633487164974e-07,6.715000040458107833e-07
6.719999987581104506e-07,5.617839633487164974e-07,6.719999987581104506e-07
6.724999934704101179e-07,5.617839633487164974e-07,6.724999934704101179e-07
6.729999881827097852e-07,5.617839633487164974e-07,6.729999881827097852e-07
6.734999828950094525e-07,5.617839633487164974e-07,6.734999828950094525e-07
6.739999776073091198e-07,5.617839633487164974e-07,6.739999776073091198e-07
6.744999723196087871e-07,5.617839633487164974e-07,6.744999723196087871e-07
6.750000238753273152e-07,5.617839633487164974e-07,6.750000238753273152e-07
6.755000185876269825e-07,5.617839633487164974e-07,6.755000185876269825e-07
6.760000132999266498e-07,5.617839633487164974e-07,6.760000132999266498e-07
6.765000080122263171e-07,5.617839633487164974e-07,6.765000080122263171e-07
6.770000027245259844e-07,5.617839633487164974e-07,6.770000027245259844e-07
6.774999974368256517e-07,5.617839633487164974e-07,6.774999974368256517e-07
6.779999921491253190e-07,5.617839633487164974e-07,6.779999921491253190e-07
6.784999868614249863e-07,5.617839633487164974e-07,6.784999868614249863e-07
6.789999815737246536e-07,5.617839633487164974e-07,6.789999815737246536e-07
6.794999762860243209e-07,5.617839633487164974e-07,6.794999762860243209e-07
6.800000278417428490e-07,5.617839633487164974e-07,6.800000278417428490e-07
6.805000225540425163e-07,5.617839633487164974e-07,6.805000225540425163e-07
6.810000172663421836e-07,5.617839633487164974e-07,6.810000172663421836e-07
6.815000119786418509e-07,5.617839633487164974e-07,6.815000119786418509e-07
6.820000066909415182e-07,5.617839633487164974e-07,6.820000066909415182e-07
6.825000014032411855e-07,5.617839633487164974e-07,6.825000014032411855e-07
6.829999961155408528e-07,5.617839633487164974e-07,6.829999961155408528e-07
6.834999908278405201e-07,5.617839633487164974e-07,6.834999908278405201e-07
6.839999855401401874e-07,5.617839633487164974e-07,6.839999855401401874e-07
6.844999802524398547e-07,5.617839633487164974e-07,6.844999802524398547e-07
6.849999749647395220e-07,5.617839633487164974e-07,6.849999749647395220e-07
6.855000265204580501e-07,5.617839633487164974e-07,6.855000265204580501e-07
6.860000212327577174e-07,5.617839633487164974e-07,6.860000212327577174e-07
6.865000159450573847e-07,5.617839633487164974e-07,6.865000159450573847e-07
6.870000106573570520e-07,5.617839633487164974e-07,6.870000106573570520e-07
6.875000053696567193e-07,5.617839633487164974e-07,6.875000053696567193e-07
6.880000000819563866e-07,5.617839633487164974e-07,6.880000000819563866e-07
6.884999947942560539e-07,5.617839633487164974e-07,6.884999947942560539e-07
6.889999895065557212e-07,5.617839633487164974e-07,6.889999895065557212e-07
6.894999842188553885e-07,5.617839633487164974e-07,6.894999842188553885e-07
6.899999789311550558e-07,5.617839633487164974e-07,6.899999789311550558e-07
6.904999736434547231e-07,5.617839633487164974e-07,6.904999736434547231e-07
6.910000251991732512e-07,5.617839633487164974e-07,6.910000251991732512e-07
6.915000199114729185e-07,5.617839633487164974e-07,6.915000199114729185e-07
6.920000146237725858e-07,5.617839633487164974e-07,6.920000146237725858e-07
6.925000093360722531e-07,5.617839633487164974e-07,6.925000093360722531e-07
6.930000040483719204e-07,5.617839633487164974e-07,6.930000040483719204e-07
6.934999987606715877e-07,5.617839633487164974e-07,6.934999987606715877e-07
6.939999934729712550e-07,5.617839633487164974e-07,6.939999934729712550e-07
6.944999881852709223e-07,5.617839633487164974e-07,6.944999881852709223e-07
6.949999828975705896e-07,5.617839633487164974e-07,6.949999828975705896e-07
6.954999776098702569e-07,5.617839633487164974e-07,6.954999776098702569e-07
6.959999723221699242e-07,5.617839633487164974e-07,6.959999723221699242e-07
6.965000238778884523e-07,5.617839633487164974e-07,6.965000238778884523e-07
6.970000185901881196e-07,5.617839633487164974e-07,6.970000185901881196e-07
6.975000133024877869e-07,5.617839633487164974e-07,6.975000133024877869e-07
6.980000080147874542e-07,5.617839633487164974e-07,6.980000080147874542e-07
6.985000027270871215e-07,5.617839633487164974e-07,6.985000027270871215e-07
6.989999974393867888e-07,5.617839633487164974e-07,6.989999974393867888e-07
6.994999921516864561e-07,5.617839633487164974e-07,6.994999921516864561e-07
6.999999868639861234e-07,5.617839633487164974e-07,6.999999868639861234e-07
7.004999815762857907e-07,5.617839633487164974e-07,7.004999815762857907e-07
7.009999762885854580e-07,5.617839633487164974e-07,7.009999762885854580e-07
7.015000278443039861e-07,5.617839633487164974e-07,7.015000278443039861e-07
7.020000225566036534e-07,5.617839633487164974e-07,7.020000225566036534e-07
7.025000172689033207e-07,5.617839633487164974e-07,7.025000172689033207e-07
7.030000119812029880e-07,5.617839633487164974e-07,7.030000119812029880e-07
7.035000066935026553e-07,5.617839633487164974e-07,7.035000066935026553e-07
7.040000014058023226e-07,5.617839633487164974e-07,7.040000014058023226e-07
7.044999961181019899e-07,5.617839633487164974e-07,7.044999961181019899e-07
7.049999908304016571e-07,5.617839633487164974e-07,7.049999908304016571e-07
7.054999855427013244e-07,5.617839633487164974e-07,7.054999855427013244e-07
7.059999802550009917e-07,5.617839633487164974e-07,7.059999802550009917e-07
7.064999749673006590e-07,5.617839633487164974e-07,7.064999749673006590e-07
7.070000265230191872e-07,5.617839633487164974e-07,7.070000265230191872e-07
7.075000212353188545e-07,5.617839633487164974e-07,7.075000212353188545e-07
7.080000159476185217e-07,5.617839633487164974e-07,7.080000159476185217e-07
7.085000106599181890e-07,5.617839633487164974e-07,7.085000106599181890e-07
7.090000053722178563e-07,5.617839633487164974e-07,7.090000053722178563e-07
7.095000000845175236e-07,5.617839633487164974e-07,7.095000000845175236e-07
7.099999947968171909e-07,5.617839633487164974e-07,7.099999947968171909e-07
7.104999895091168582e-07,5.617839633487164974e-07,7.104999895091168582e-07
7.109999842214165255e-07,5.617839633487164974e-07,7.109999842214165255e-07
7.114999789337161928e-07,5.617839633487164974e-07,7.114999789337161928e-07
7.119999736460158601e-07,5.617839633487164974e-07,7.119999736460158601e-07
7.125000252017343882e-07,5.617839633487164974e-07,7.125000252017343882e-07
7.130000199140340555e-07,5.617839633487164974e-07,7.130000199140340555e-07
7.135000146263337228e-07,5.617839633487164974e-07,7.135000146263337228e-07
7.140000093386333901e-07,5.617839633487164974e-07,7.140000093386333901e-07
7.145000040509330574e-07,5.617839633487164974e-07,7.145000040509330574e-07
7.149999987632327247e-07,5.617839633487164974e-07,7.149999987632327247e-07
7.154999934755323920e-07,5.617839633487164974e-07,7.154999934755323920e-07
7.159999881878320593e-07,5.617839633487164974e-07,7.159999881878320593e-07
7.164999829001317266e-07,5.617839633487164974e-07,7.164999829001317266e-07
7.169999776124313939e-07,5.617839633487164974e-07,7.169999776124313939e-07
7.174999723247310612e-07,5.617839633487164974e-07,7.174999723247310612e-07
7.180000238804495893e-07,5.617839633487164974e-07,7.180000238804495893e-07
7.185000185927492566e-07,5.617839633487164974e-07,7.185000185927492566e-07
7.190000133050489239e-07,5.617839633487164974e-07,7.190000133050489239e-07
7.195000080173485912e-07,5.617839633487164974e-07,7.195000080173485912e-07
7.200000027296482585e-07,5.617839633487164974e-07,7.200000027296482585e-07
7.204999974419479258e-07,5.617839633487164974e-07,7.204999974419479258e-07
7.209999921542475931e-07,5.617839633487164974e-07,7.209999921542475931e-07
7.214999868665472604e-07,5.617839633487164974e-07,7.214999868665472604e-07
7.219999815788469277e-07,5.617839633487164974e-07,7.219999815788469277e-07
7.224999762911465950e-07,5.617839633487164974e-07,7.224999762911465950e-07
7.230000278468651231e-07,5.617839633487164974e-07,7.230000278468651231e-07
7.235000225591647904e-07,5.617839633487164974e-07,7.235000225591647904e-07
7.240000172714644577e-07,5.617839633487164974e-07,7.240000172714644577e-07
7.245000119837641250e-07,5.617839633487164974e-07,7.245000119837641250e-07
7.250000066960637923e-07,5.617839633487164974e-07,7.250000066960637923e-07
7.255000014083634596e-07,5.617839633487164974e-07,7.255000014083634596e-07
7.259999961206631269e-07,5.617839633487164974e-07,7.259999961206631269e-07
7.264999908329627942e-07,5.617839633487164974e-07,7.264999908329627942e-07
7.269999855452624615e-07,5.617839633487164974e-07,7.269999855452624615e-07
7.274999802575621288e-07,5.617839633487164974e-07,7.274999802575621288e-07
7.279999749698617961e-07,5.617839633487164974e-07,7.279999749698617961e-07
7.285000265255803242e-07,5.617839633487164974e-07,7.285000265255803242e-07
7.290000212378799915e-07,5.617839633487164974e-07,7.290000212378799915e-07
7.295000159501796588e-07,5.617839633487164974e-07,7.295000159501796588e-07
7.300000106624793261e-07,5.617839633487164974e-07,7.300000106624793261e-07
7.305000053747789934e-07,5.617839633487164974e-07,7.305000053747789934e-07
7.310000000870786607e-07,5.617839633487164974e-07,7.310000000870786607e-07
7.314999947993783280e-07,5.617839633487164974e-07,7.314999947993783280e-07
7.319999895116779953e-07,5.617839633487164974e-07,7.319999895116779953e-07
7.324999842239776626e-07,5.617839633487164974e-07,7.324999842239776626e-07
7.329999789362773299e-07,5.617839633487164974e-07,7.329999789362773299e-07
7.334999736485769972e-07,5.617839633487164974e-07,7.334999736485769972e-07
7.340000252042955253e-07,5.617839633487164974e-07,7.340000252042955253e-07
7.345000199165951926e-07,5.617839633487164974e-07,7.345000199165951926e-07
7.350000146288948599e-07,5.617839633487164974e-07,7.350000146288948599e-07
7.355000093411945272e-07,5.617839633487164974e-07,7.355000093411945272e-07
7.360000040534941945e-07,5.617839633487164974e-07,7.360000040534941945e-07
7.364999987657938618e-07,5.617839633487164974e-07,7.364999987657938618e-07
7.369999934780935291e-07,5.617839633487164974e-07,7.369999934780935291e-07
7.374999881903931964e-07,5.617839633487164974e-07,7.374999881903931964e-07
7.379999829026928637e-07,5.617839633487164974e-07,7.379999829026928637e-07
7.384999776149925310e-07,5.617839633487164974e-07,7.384999776149925310e-07
7.389999723272921983e-07,5.617839633487164974e-07,7.389999723272921983e-07
7.395000238830107264e-07,5.617839633487164974e-07,7.395000238830107264e-07
7.400000185953103937e-07,5.617839633487164974e-07,7.400000185953103937e-07
7.405000133076100610e-07,5.617839633487164974e-07,7.405000133076100610e-07
7.410000080199097283e-07,5.617839633487164974e-07,7.410000080199097283e-07
7.415000027322093956e-07,5.617839633487164974e-07,7.415000027322093956e-07
7.419999974445090629e-07,5.617839633487164974e-07,7.419999974445090629e-07
7.424999921568087302e-07,5.617839633487164974e-07,7.424999921568087302e-07
7.429999868691083975e-07,5.617839633487164974e-07,7.429999868691083975e-07
7.434999815814080648e-07,5.617839633487164974e-07,7.434999815814080648e-07
7.439999762937077321e-07,5.617839633487164974e-07,7.439999762937077321e-07
7.445000278494262602e-07,5.617839633487164974e-07,7.445000278494262602e-07
7.450000225617259275e-07,5.617839633487164974e-07,7.450000225617259275e-07
7.455000172740255948e-07,5.617839633487164974e-07,7.455000172740255948e-07
7.460000119863252621e-07,5.617839633487164974e-07,7.460000119863252621e-07
7.465000066986249294e-07,5.617839633487164974e-07,7.465000066986249294e-07
7.470000014109245967e-07,5.617839633487164974e-07,7.470000014109245967e-07
7.474999961232242640e-07,5.617839633487164974e-07,7.474999961232242640e-07
7.479999908355239313e-07,5.617839633487164974e-07,7.479999908355239313e-07
7.484999855478235986e-07,5.617839633487164974e-07,7.484999855478235986e-07
7.489999802601232659e-07,5.617839633487164974e-07,7.489999802601232659e-07
7.494999749724229332e-07,7.490452844649553299e-07,7.494999749724229332e-07
7.500000265281414613e-07,7.490452844649553299e-07,7.500000265281414613e-07
7.505000212404411286e-07,7.490452844649553299e-07,7.505000212404411286e-07
7.510000159527407959e-07,7.490452844649553299e-07,7.510000159527407959e-07
7.515000106650404632e-07,7.490452844649553299e-07,7.515000106650404632e-07
7.520000053773401305e-07,7.490452844649553299e-07,7.520000053773401305e-07
7.525000000896397978e-07,7.490452844649553299e-07,7.525000000896397978e-07
7.529999948019394651e-07,7.490452844649553299e-07,7.529999948019394651e-07
7.534999895142391324e-07,7.490452844649553299e-07,7.534999895142391324e-07
7.539999842265387997e-07,7.490452844649553299e-07,7.539999842265387997e-07
7.544999789388384670e-07,7.490452844649553299e-07,7.544999789388384670e-07
7.549999736511381343e-07,7.490452844649553299e-07,7.549999736511381343e-07
7.555000252068566624e-07,7.490452844649553299e-07,7.555000252068566624e-07
7.560000199191563297e-07,7.490452844649553299e-07,7.560000199191563297e-07
7.565000146314559970e-07,7.490452844649553299e-07,7.565000146314559970e-07
7.570000093437556643e-07,7.490452844649553299e-07,7.570000093437556643e-07
7.575000040560553316e-07,7.490452844649553299e-07,7.575000040560553316e-07
7.579999987683549989e-07,7.490452844649553299e-07,7.579999987683549989e-07
7.584999934806546662e-07,7.490452844649553299e-07,7.584999934806546662e-07
7.589999881929543335e-07,7.490452844649553299e-07,7.589999881929543335e-07
7.594999829052540008e-07,7.490452844649553299e-07,7.594999829052540008e-07
7.599999776175536681e-07,7.490452844649553299e-07,7.599999776175536681e-07
7.604999723298533354e-07,7.490452844649553299e-07,7.604999723298533354e-07
7.610000238855718635e-07,7.490452844649553299e-07,7.610000238855718635e-07
7.615000185978715308e-07,7.490452844649553299e-07,7.615000185978715308e-07
7.620000133101711981e-07,7.490452844649553299e-07,7.620000133101711981e-07
7.625000080224708654e-07,7.490452844649553299e-07,7.625000080224708654e-07
7.630000027347705327e-07,7.490452844649553299e-07,7.630000027347705327e-07
7.634999974470702000e-07,7.490452844649553299e-07,7.634999974470702000e-07
7.639999921593698673e-07,7.490452844649553299e-07,7.639999921593698673e-07
7.644999868716695346e-07,7.490452844649553299e-07,7.644999868716695346e-07
7.649999815839692019e-07,7.490452844649553299e-07,7.649999815839692019e-07
7.654999762962688692e-07,7.490452844649553299e-07,7.654999762962688692e-07
7.660000278519873973e-07,7.490452844649553299e-07,7.660000278519873973e-07
7.665000225642870646e-07,7.490452844649553299e-07,7.665000225642870646e-07
7.670000172765867319e-07,7.490452844649553299e-07,7.670000172765867319e-07
7.675000119888863992e-07,7.490452844649553299e-07,7.675000119888863992e-07
7.680000067011860665e-07,7.490452844649553299e-07,7.680000067011860665e-07
7.685000014134857338e-07,7.490452844649553299e-07,7.685000014134857338e-07
7.689999961257854011e-07,7.490452844649553299e-07,7.689999961257854011e-07
7.694999908380850684e-07,7.490452844649553299e-07,7.694999908380850684e-07
7.699999855503847357e-07,7.490452844649553299e-07,7.699999855503847357e-07
7.704999802626844030e-07,7.490452844649553299e-07,7.704999802626844030e-07
7.709999749749840703e-07,7.490452844649553299e-07,7.709999749749840703e-07
7.715000265307025984e-07,7.490452844649553299e-07,7.715000265307025984e-07
7.720000212430022657e-07,7.490452844649553299e-07,7.720000212430022657e-07
7.725000159553019330e-07,7.490452844649553299e-07,7.725000159553019330e-07
7.730000106676016003e-07,7.490452844649553299e-07,7.730000106676016003e-07
7.735000053799012676e-07,7.490452844649553299e-07,7.735000053799012676e-07
7.740000000922009349e-07,7.490452844649553299e-07,7.740000000922009349e-07
7.744999948045006022e-07,7.490452844649553299e-07,7.744999948045006022e-07
7.749999895168002695e-07,7.490452844649553299e-07,7.749999895168002695e-07
7.754999842290999368e-07,7.490452844649553299e-07,7.754999842290999368e-07
7.759999789413996041e-07,7.490452844649553299e-07,7.759999789413996041e-07
7.764999736536992714e-07,7.490452844649553299e-07,7.764999736536992714e-07
7.770000252094177995e-07,7.490452844649553299e-07,7.770000252094177995e-07
7.775000199217174668e-07,7.490452844649553299e-07,7.775000199217174668e-07
7.780000146340171341e-07,7.490452844649553299e-07,7.780000146340171341e-07
7.785000093463168014e-07,7.490452844649553299e-07,7.785000093463168014e-07
7.790000040586164687e-07,7.490452844649553299e-07,7.790000040586164687e-07
7.794999987709161360e-07,7.490452844649553299e-07,7.794999987709161360e-07
7.799999934832158033e-07,7.490452844649553299e-07,7.799999934832158033e-07
7.804999881955154706e-07,7.490452844649553299e-07,7.804999881955154706e-07
7.809999829078151379e-07,7.490452844649553299e-07,7.809999829078151379e-07
7.814999776201148052e-07,7.490452844649553299e-07,7.814999776201148052e-07
7.819999723324144725e-07,7.490452844649553299e-07,7.819999723324144725e-07
7.825000238881330006e-07,7.490452844649553299e-07,7.825000238881330006e-07
7.830000186004326679e-07,7.490452844649553299e-07,7.830000186004326679e-07
7.835000133127323352e-07,7.490452844649553299e-07,7.835000133127323352e-07
7.840000080250320025e-07,7.490452844649553299e-07,7.840000080250320025e-07
7.845000027373316698e-07,7.490452844649553299e-07,7.845000027373316698e-07
7.849999974496313371e-07,7.490452844649553299e-07,7.849999974496313371e-07
7.854999921619310044e-07,7.490452844649553299e-07,7.854999921619310044e-07
7.859999868742306717e-07,7.490452844649553299e-07,7.859999868742306717e-07
7.864999815865303390e-07,7.490452844649553299e-07,7.864999815865303390e-07
7.869999762988300063e-07,7.490452844649553299e-07,7.869999762988300063e-07
7.875000278545485344e-07,7.490452844649553299e-07,7.875000278545485344e-07
7.880000225668482017e-07,7.490452844649553299e-07,7.880000225668482017e-07
7.885000172791478690e-07,7.490452844649553299e-07,7.885000172791478690e-07
7.890000119914475363e-07,7.490452844649553299e-07,7.890000119914475363e-07
7.895000067037472036e-07,7.490452844649553299e-07,7.895000067037472036e-07
7.900000014160468709e-07,7.490452844649553299e-07,7.900000014160468709e-07
7.904999961283465382e-07,7.490452844649553299e-07,7.904999961283465382e-07
7.909999908406462055e-07,7.490452844649553299e-07,7.909999908406462055e-07
7.914999855529458728e-07,7.490452844649553299e-07,7.914999855529458728e-07
7.919999802652455401e-07,7.490452844649553299e-07,7.919999802652455401e-07
7.924999749775452074e-07,7.490452844649553299e-07,7.924999749775452074e-07
7.930000265332637355e-07,7.490452844649553299e-07,7.930000265332637355e-07
7.935000212455634028e-07,7.490452844649553299e-07,7.935000212455634028e-07
7.940000159578630701e-07,7.490452844649553299e-07,7.940000159578630701e-07
7.945000106701627374e-07,7.490452844649553299e-07,7.945000106701627374e-07
7.950000053824624047e-07,7.490452844649553299e-07,7.950000053824624047e-07
7.955000000947620720e-07,7.490452844649553299e-07,7.955000000947620720e-07
7.959999948070617393e-07,7.490452844649553299e-07,7.959999948070617393e-07
7.964999895193614066e-07,7.490452844649553299e-07,7.964999895193614066e-07
7.969999842316610739e-07,7.490452844649553299e-07,7.969999842316610739e-07
7.974999789439607412e-07,7.490452844649553299e-07,7.974999789439607412e-07
7.979999736562604085e-07,7.490452844649553299e-07,7.979999736562604085e-07
7.985000252119789366e-07,7.490452844649553299e-07,7.985000252119789366e-07
7.990000199242786039e-07,7.490452844649553299e-07,7.990000199242786039e-07
7.995000146365782712e-07,7.490452844649553299e-07,7.995000146365782712e-07
8.000000093488779385e-07,7.490452844649553299e-07,8.000000093488779385e-07
8.005000040611776058e-07,7.490452844649553299e-07,8.005000040611776058e-07
8.009999987734772731e-07,7.490452844649553299e-07,8.009999987734772731e-07
8.014999934857769404e-07,7.490452844649553299e-07,8.014999934857769404e-07
8.019999881980766077e-07,7.490452844649553299e-07,8.019999881980766077e-07
8.024999829103762750e-07,7.490452844649553299e-07,8.024999829103762750e-07
8.029999776226759423e-07,7.490452844649553299e-07,8.029999776226759423e-07
8.034999723349756096e-07,7.490452844649553299e-07,8.034999723349756096e-07
8.040000238906941377e-07,7.490452844649553299e-07,8.040000238906941377e-07
8.045000186029938050e-07,7.490452844649553299e-07,8.045000186029938050e-07
8.050000133152934723e-07,7.490452844649553299e-07,8.050000133152934723e-07
8.055000080275931396e-07,7.490452844649553299e-07,8.055000080275931396e-07
8.060000027398928069e-07,7.490452844649553299e-07,8.060000027398928069e-07
8.064999974521924742e-07,7.490452844649553299e-07,8.064999974521924742e-07
8.069999921644921415e-07,7.490452844649553299e-07,8.069999921644921415e-07
8.074999868767918088e-07,7.490452844649553299e-07,8.074999868767918088e-07
8.079999815890914761e-07,7.490452844649553299e-07,8.079999815890914761e-07
8.084999763013911434e-07,7.490452844649553299e-07,8.084999763013911434e-07
8.090000278571096715e-07,7.490452844649553299e-07,8.090000278571096715e-07
8.095000225694093388e-07,7.490452844649553299e-07,8.095000225694093388e-07
8.100000172817090061e-07,7.490452844649553299e-07,8.100000172817090061e-07
8.105000119940086734e-07,7.490452844649553299e-07,8.105000119940086734e-07
8.110000067063083407e-07,7.490452844649553299e-07,8.110000067063083407e-07
8.115000014186080080e-07,7.490452844649553299e-07,8.115000014186080080e-07
8.119999961309076753e-07,7.490452844649553299e-07,8.119999961309076753e-07
8.124999908432073426e-07,7.490452844649553299e-07,8.124999908432073426e-07
8.129999855555070098e-07,7.490452844649553299e-07,8.129999855555070098e-07
8.134999802678066771e-07,7.490452844649553299e-07,8.134999802678066771e-07
8.139999749801063444e-07,7.490452844649553299e-07,8.139999749801063444e-07
8.145000265358248726e-07,7.490452844649553299e-07,8.145000265358248726e-07
8.150000212481245399e-07,7.490452844649553299e-07,8.150000212481245399e-07
8.155000159604242072e-07,7.490452844649553299e-07,8.155000159604242072e-07
8.160000106727238744e-07,7.490452844649553299e-07,8.160000106727238744e-07
8.165000053850235417e-07,7.490452844649553299e-07,8.165000053850235417e-07
8.170000000973232090e-07,7.490452844649553299e-07,8.170000000973232090e-07
8.174999948096228763e-07,7.490452844649553299e-07,8.174999948096228763e-07
8.179999895219225436e-07,7.490452844649553299e-07,8.179999895219225436e-07
8.184999842342222109e-07,7.490452844649553299e-07,8.184999842342222109e-07
8.189999789465218782e-07,7.490452844649553299e-07,8.189999789465218782e-07
8.194999736588215455e-07,7.490452844649553299e-07,8.194999736588215455e-07
8.200000252145400736e-07,7.490452844649553299e-07,8.200000252145400736e-07
8.205000199268397409e-07,7.490452844649553299e-07,8.205000199268397409e-07
8.210000146391394082e-07,7.490452844649553299e-07,8.210000146391394082e-07
8.215000093514390755e-07,7.490452844649553299e-07,8.215000093514390755e-07
8.220000040637387428e-07,7.490452844649553299e-07,8.220000040637387428e-07
8.224999987760384101e-07,7.490452844649553299e-07,8.224999987760384101e-07
8.229999934883380774e-07,7.490452844649553299e-07,8.229999934883380774e-07
8.234999882006377447e-07,7.490452844649553299e-07,8.234999882006377447e-07
8.239999829129374120e-07,7.490452844649553299e-07,8.239999829129374120e-07
8.244999776252370793e-07,7.490452844649553299e-07,8.244999776252370793e-07
8.249999723375367466e-07,7.490452844649553299e-07,8.249999723375367466e-07
8.255000238932552747e-07,7.490452844649553299e-07,8.255000238932552747e-07
8.260000186055549420e-07,7.490452844649553299e-07,8.260000186055549420e-07
8.265000133178546093e-07,7.490452844649553299e-07,8.265000133178546093e-07
8.270000080301542766e-07,7.490452844649553299e-07,8.270000080301542766e-07
8.275000027424539439e-07,7.490452844649553299e-07,8.275000027424539439e-07
8.279999974547536112e-07,7.490452844649553299e-07,8.279999974547536112e-07
8.284999921670532785e-07,7.490452844649553299e-07,8.284999921670532785e-07
8.289999868793529458e-07,7.490452844649553299e-07,8.289999868793529458e-07
8.294999815916526131e-07,7.490452844649553299e-07,8.294999815916526131e-07
8.299999763039522804e-07,7.490452844649553299e-07,8.299999763039522804e-07
8.305000278596708085e-07,7.490452844649553299e-07,8.305000278596708085e-07
8.310000225719704758e-07,7.490452844649553299e-07,8.310000225719704758e-07
8.315000172842701431e-07,7.490452844649553299e-07,8.315000172842701431e-07
8.320000119965698104e-07,7.490452844649553299e-07,8.320000119965698104e-07
8.325000067088694777e-07,7.490452844649553299e-07,8.325000067088694777e-07
8.330000014211691450e-07,7.490452844649553299e-07,8.330000014211691450e-07
8.334999961334688123e-07,7.490452844649553299e-07,8.334999961334688123e-07
8.339999908457684796e-07,7.490452844649553299e-07,8.339999908457684796e-07
8.344999855580681469e-07,7.490452844649553299e-07,8.344999855580681469e-07
8.349999802703678142e-07,7.490452844649553299e-07,8.349999802703678142e-07
8.354999749826674815e-07,7.490452844649553299e-07,8.354999749826674815e-07
8.360000265383860096e-07,7.490452844649553299e-07,8.360000265383860096e-07
8.365000212506856769e-07,7.490452844649553299e-07,8.365000212506856769e-07
8.370000159629853442e-07,7.490452844649553299e-07,8.370000159629853442e-07
8.375000106752850115e-07,7.490452844649553299e-07,8.375000106752850115e-07
8.380000053875846788e-07,7.490452844649553299e-07,8.380000053875846788e-07
8.385000000998843461e-07,7.490452844649553299e-07,8.385000000998843461e-07
8.389999948121840134e-07,7.490452844649553299e-07,8.389999948121840134e-07
8.394999895244836807e-07,7.490452844649553299e-07,8.394999895244836807e-07
8.399999842367833480e-07,7.490452844649553299e-07,8.399999842367833480e-07
8.404999789490830153e-07,7.490452844649553299e-07,8.404999789490830153e-07
8.409999736613826826e-07,7.490452844649553299e-07,8.409999736613826826e-07
8.415000252171012107e-07,7.490452844649553299e-07,8.415000252171012107e-07
8.420000199294008780e-07,7.490452844649553299e-07,8.420000199294008780e-07
8.425000146417005453e-07,7.490452844649553299e-07,8.425000146417005453e-07
8.430000093540002126e-07,7.490452844649553299e-07,8.430000093540002126e-07
8.435000040662998799e-07,7.490452844649553299e-07,8.435000040662998799e-07
8.439999987785995472e-07,7.490452844649553299e-07,8.439999987785995472e-07
8.444999934908992145e-07,7.490452844649553299e-07,8.444999934908992145e-07
8.449999882031988818e-07,7.490452844649553299e-07,8.449999882031988818e-07
8.454999829154985491e-07,7.490452844649553299e-07,8.454999829154985491e-07
8.459999776277982164e-07,7.490452844649553299e-07,8.459999776277982164e-07
8.464999723400978837e-07,7.490452844649553299e-07,8.464999723400978837e-07
8.470000238958164118e-07,7.490452844649553299e-07,8.470000238958164118e-07
8.475000186081160791e-07,7.490452844649553299e-07,8.475000186081160791e-07
8.480000133204157464e-07,7.490452844649553299e-07,8.480000133204157464e-07
8.485000080327154137e-07,7.490452844649553299e-07,8.485000080327154137e-07
8.490000027450150810e-07,7.490452844649553299e-07,8.490000027450150810e-07
8.494999974573147483e-07,7.490452844649553299e-07,8.494999974573147483e-07
8.499999921696144156e-07,7.490452844649553299e-07,8.499999921696144156e-07
8.504999868819140829e-07,7.490452844649553299e-07,8.504999868819140829e-07
8.509999815942137502e-07,7.490452844649553299e-07,8.509999815942137502e-07
8.514999763065134175e-07,7.490452844649553299e-07,8.514999763065134175e-07
8.520000278622319456e-07,7.490452844649553299e-07,8.520000278622319456e-07
8.525000225745316129e-07,7.490452844649553299e-07,8.525000225745316129e-07
8.530000172868312802e-07,7.490452844649553299e-07,8.530000172868312802e-07
8.535000119991309475e-07,7.490452844649553299e-07,8.535000119991309475e-07
8.540000067114306148e-07,7.490452844649553299e-07,8.540000067114306148e-07
8.545000014237302821e-07,7.490452844649553299e-07,8.545000014237302821e-07
8.549999961360299494e-07,7.490452844649553299e-07,8.549999961360299494e-07
8.554999908483296167e-07,7.490452844649553299e-07,8.554999908483296167e-07
8.559999855606292840e-07,7.490452844649553299e-07,8.559999855606292840e-07
8.564999802729289513e-07,7.490452844649553299e-07,8.564999802729289513e-07
8.569999749852286186e-07,7.490452844649553299e-07,8.569999749852286186e-07
8.575000265409471467e-07,7.490452844649553299e-07,8.575000265409471467e-07
8.580000212532468140e-07,7.490452844649553299e-07,8.580000212532468140e-07
8.585000159655464813e-07,7.490452844649553299e-07,8.585000159655464813e-07
8.590000106778461486e-07,7.490452844649553299e-07,8.590000106778461486e-07
8.595000053901458159e-07,7.490452844649553299e-07,8.595000053901458159e-07
8.600000001024454832e-07,7.490452844649553299e-07,8.600000001024454832e-07
8.604999948147451505e-07,7.490452844649553299e-07,8.604999948147451505e-07
8.609999895270448178e-07,7.490452844649553299e-07,8.609999895270448178e-07
8.614999842393444851e-07,7.490452844649553299e-07,8.614999842393444851e-07
8.619999789516441524e-07,7.490452844649553299e-07,8.619999789516441524e-07
8.624999736639438197e-07,7.490452844649553299e-07,8.624999736639438197e-07
8.630000252196623478e-07,7.490452844649553299e-07,8.630000252196623478e-07
8.635000199319620151e-07,7.490452844649553299e-07,8.635000199319620151e-07
8.640000146442616824e-07,7.490452844649553299e-07,8.640000146442616824e-07
8.645000093565613497e-07,7.490452844649553299e-07,8.645000093565613497e-07
8.650000040688610170e-07,7.490452844649553299e-07,8.650000040688610170e-07
8.654999987811606843e-07,7.490452844649553299e-07,8.654999987811606843e-07
8.659999934934603516e-07,7.490452844649553299e-07,8.659999934934603516e-07
8.664999882057600189e-07,7.490452844649553299e-07,8.664999882057600189e-07
8.669999829180596862e-07,7.490452844649553299e-07,8.669999829180596862e-07
8.674999776303593535e-07,7.490452844649553299e-07,8.674999776303593535e-07
8.679999723426590208e-07,7.490452844649553299e-07,8.679999723426590208e-07
8.685000238983775489e-07,7.490452844649553299e-07,8.685000238983775489e-07
8.690000186106772162e-07,7.490452844649553299e-07,8.690000186106772162e-07
8.695000133229768835e-07,7.490452844649553299e-07,8.695000133229768835e-07
8.700000080352765508e-07,7.490452844649553299e-07,8.700000080352765508e-07
8.705000027475762181e-07,7.490452844649553299e-07,8.705000027475762181e-07
8.709999974598758854e-07,7.490452844649553299e-07,8.709999974598758854e-07
8.714999921721755527e-07,7.490452844649553299e-07,8.714999921721755527e-07
8.719999868844752200e-07,7.490452844649553299e-07,8.719999868844752200e-07
8.724999815967748873e-07,7.490452844649553299e-07,8.724999815967748873e-07
8.729999763090745546e-07,7.490452844649553299e-07,8.729999763090745546e-07
8.735000278647930827e-07,7.490452844649553299e-07,8.735000278647930827e-07
8.740000225770927500e-07,7.490452844649553299e-07,8.740000225770927500e-07
8.745000172893924173e-07,7.490452844649553299e-07,8.745000172893924173e-07
8.750000120016920846e-07,7.490452844649553299e-07,8.750000120016920846e-07
8.755000067139917519e-07,7.490452844649553299e-07,8.755000067139917519e-07
8.760000014262914192e-07,7.490452844649553299e-07,8.760000014262914192e-07
8.764999961385910865e-07,7.490452844649553299e-07,8.764999961385910865e-07
8.769999908508907538e-07,7.490452844649553299e-07,8.769999908508907538e-07
8.774999855631904211e-07,7.490452844649553299e-07,8.774999855631904211e-07
8.779999802754900884e-07,7.490452844649553299e-07,8.779999802754900884e-07
8.784999749877897557e-07,7.490452844649553299e-07,8.784999749877897557e-07
8.790000265435082838e-07,7.490452844649553299e-07,8.790000265435082838e-07
8.795000212558079511e-07,7.490452844649553299e-07,8.795000212558079511e-07
8.800000159681076184e-07,7.490452844649553299e-07,8.800000159681076184e-07
8.805000106804072857e-07,7.490452844649553299e-07,8.805000106804072857e-07
8.810000053927069530e-07,7.490452844649553299e-07,8.810000053927069530e-07
8.815000001050066203e-07,7.490452844649553299e-07,8.815000001050066203e-07
8.819999948173062876e-07,7.490452844649553299e-07,8.819999948173062876e-07
8.824999895296059549e-07,7.490452844649553299e-07,8.824999895296059549e-07
8.829999842419056222e-07,7.490452844649553299e-07,8.829999842419056222e-07
8.834999789542052895e-07,7.490452844649553299e-07,8.834999789542052895e-07
8.839999736665049568e-07,7.490452844649553299e-07,8.839999736665049568e-07
8.845000252222234849e-07,7.490452844649553299e-07,8.845000252222234849e-07
8.850000199345231522e-07,7.490452844649553299e-07,8.850000199345231522e-07
8.855000146468228195e-07,7.490452844649553299e-07,8.855000146468228195e-07
8.860000093591224868e-07,7.490452844649553299e-07,8.860000093591224868e-07
8.865000040714221541e-07,7.490452844649553299e-07,8.865000040714221541e-07
8.869999987837218214e-07,7.490452844649553299e-07,8.869999987837218214e-07
8.874999934960214887e-07,7.490452844649553299e-07,8.874999934960214887e-07
8.879999882083211560e-07,7.490452844649553299e-07,8.879999882083211560e-07
8.884999829206208233e-07,7.490452844649553299e-07,8.884999829206208233e-07
8.889999776329204906e-07,7.490452844649553299e-07,8.889999776329204906e-07
8.894999723452201579e-07,7.490452844649553299e-07,8.894999723452201579e-07
8.900000239009386860e-07,7.490452844649553299e-07,8.900000239009386860e-07
8.905000186132383533e-07,7.490452844649553299e-07,8.905000186132383533e-07
8.910000133255380206e-07,7.490452844649553299e-07,8.910000133255380206e-07
8.915000080378376879e-07,7.490452844649553299e-07,8.915000080378376879e-07
8.920000027501373552e-07,7.490452844649553299e-07,8.920000027501373552e-07
8.924999974624370225e-07,7.490452844649553299e-07,8.924999974624370225e-07
8.929999921747366898e-07,7.490452844649553299e-07,8.929999921747366898e-07
8.934999868870363571e-07,7.490452844649553299e-07,8.934999868870363571e-07
8.939999815993360244e-07,7.490452844649553299e-07,8.939999815993360244e-07
8.944999763116356917e-07,7.490452844649553299e-07,8.944999763116356917e-07
8.950000278673542198e-07,7.490452844649553299e-07,8.950000278673542198e-07
8.955000225796538871e-07,7.490452844649553299e-07,8.955000225796538871e-07
8.960000172919535544e-07,7.490452844649553299e-07,8.960000172919535544e-07
8.965000120042532217e-07,7.490452844649553299e-07,8.965000120042532217e-07
8.970000067165528890e-07,7.490452844649553299e-07,8.970000067165528890e-07
8.975000014288525563e-07,7.490452844649553299e-07,8.975000014288525563e-07
8.979999961411522236e-07,7.490452844649553299e-07,8.979999961411522236e-07
8.984999908534518909e-07,7.490452844649553299e-07,8.984999908534518909e-07
8.989999855657515582e-07,7.490452844649553299e-07,8.989999855657515582e-07
8.994999802780512255e-07,7.490452844649553299e-07,8.994999802780512255e-07
8.999999749903508928e-07,7.490452844649553299e-07,8.999999749903508928e-07
9.005000265460694209e-07,7.490452844649553299e-07,9.005000265460694209e-07
9.010000212583690882e-07,7.490452844649553299e-07,9.010000212583690882e-07
9.015000159706687555e-07,7.490452844649553299e-07,9.015000159706687555e-07
9.020000106829684228e-07,7.490452844649553299e-07,9.020000106829684228e-07
9.025000053952680901e-07,7.490452844649553299e-07,9.025000053952680901e-07
9.030000001075677574e-07,7.490452844649553299e-07,9.030000001075677574e-07
9.034999948198674247e-07,7.490452844649553299e-07,9.034999948198674247e-07
9.039999895321670920e-07,7.490452844649553299e-07,9.039999895321670920e-07
9.044999842444667593e-07,7.490452844649553299e-07,9.044999842444667593e-07
9.049999789567664266e-07,7.490452844649553299e-07,9.049999789567664266e-07
9.054999736690660939e-07,7.490452844649553299e-07,9.054999736690660939e-07
9.060000252247846220e-07,7.490452844649553299e-07,9.060000252247846220e-07
9.065000199370842893e-07,7.490452844649553299e-07,9.065000199370842893e-07
9.070000146493839566e-07,7.490452844649553299e-07,9.070000146493839566e-07
9.075000093616836239e-07,7.490452844649553299e-07,9.075000093616836239e-07
9.080000040739832912e-07,7.490452844649553299e-07,9.080000040739832912e-07
9.084999987862829585e-07,7.490452844649553299e-07,9.084999987862829585e-07
9.089999934985826258e-07,7.490452844649553299e-07,9.089999934985826258e-07
9.094999882108822931e-07,7.490452844649553299e-07,9.094999882108822931e-07
9.099999829231819604e-07,7.490452844649553299e-07,9.099999829231819604e-07
9.104999776354816277e-07,7.490452844649553299e-07,9.104999776354816277e-07
9.109999723477812950e-07,7.490452844649553299e-07,9.109999723477812950e-07
9.115000239034998231e-07,7.490452844649553299e-07,9.115000239034998231e-07
9.120000186157994904e-07,7.490452844649553299e-07,9.120000186157994904e-07
9.125000133280991577e-07,7.490452844649553299e-07,9.125000133280991577e-07
9.130000080403988250e-07,7.490452844649553299e-07,9.130000080403988250e-07
9.135000027526984923e-07,7.490452844649553299e-07,9.135000027526984923e-07
9.139999974649981596e-07,7.490452844649553299e-07,9.139999974649981596e-07
9.144999921772978269e-07,7.490452844649553299e-07,9.144999921772978269e-07
9.149999868895974942e-07,7.490452844649553299e-07,9.149999868895974942e-07
9.154999816018971615e-07,7.490452844649553299e-07,9.154999816018971615e-07
9.159999763141968288e-07,7.490452844649553299e-07,9.159999763141968288e-07
9.165000278699153569e-07,7.490452844649553299e-07,9.165000278699153569e-07
9.170000225822150242e-07,7.490452844649553299e-07,9.170000225822150242e-07
9.175000172945146915e-07,7.490452844649553299e-07,9.175000172945146915e-07
9.180000120068143588e-07,7.490452844649553299e-07,9.180000120068143588e-07
9.185000067191140261e-07,7.490452844649553299e-07,9.185000067191140261e-07
9.190000014314136934e-07,7.490452844649553299e-07,9.190000014314136934e-07
9.194999961437133607e-07,7.490452844649553299e-07,9.194999961437133607e-07
9.199999908560130280e-07,7.490452844649553299e-07,9.199999908560130280e-07
9.204999855683126952e-07,7.490452844649553299e-07,9.204999855683126952e-07
9.209999802806123625e-07,7.490452844649553299e-07,9.209999802806123625e-07
9.214999749929120298e-07,7.490452844649553299e-07,9.214999749929120298e-07
9.220000265486305580e-07,7.490452844649553299e-07,9.220000265486305580e-07
9.225000212609302253e-07,7.490452844649553299e-07,9.225000212609302253e-07
9.230000159732298926e-07,7.490452844649553299e-07,9.230000159732298926e-07
9.235000106855295599e-07,7.490452844649553299e-07,9.235000106855295599e-07
9.240000053978292271e-07,7.490452844649553299e-07,9.240000053978292271e-07
9.245000001101288944e-07,7.490452844649553299e-07,9.245000001101288944e-07
9.249999948224285617e-07,7.490452844649553299e-07,9.249999948224285617e-07
9.254999895347282290e-07,7.490452844649553299e-07,9.254999895347282290e-07
9.259999842470278963e-07,7.490452844649553299e-07,9.259999842470278963e-07
9.264999789593275636e-07,7.490452844649553299e-07,9.264999789593275636e-07
9.269999736716272309e-07,7.490452844649553299e-07,9.269999736716272309e-07
9.275000252273457590e-07,7.490452844649553299e-07,9.275000252273457590e-07
9.280000199396454263e-07,7.490452844649553299e-07,9.280000199396454263e-07
9.285000146519450936e-07,7.490452844649553299e-07,9.285000146519450936e-07
9.290000093642447609e-07,7.490452844649553299e-07,9.290000093642447609e-07
9.295000040765444282e-07,7.490452844649553299e-07,9.295000040765444282e-07
9.299999987888440955e-07,7.490452844649553299e-07,9.299999987888440955e-07
9.304999935011437628e-07,7.490452844649553299e-07,9.304999935011437628e-07
9.309999882134434301e-07,7.490452844649553299e-07,9.309999882134434301e-07
9.314999829257430974e-07,7.490452844649553299e-07,9.314999829257430974e-07
9.319999776380427647e-07,7.490452844649553299e-07,9.319999776380427647e-07
9.324999723503424320e-07,7.490452844649553299e-07,9.324999723503424320e-07
9.330000239060609601e-07,7.490452844649553299e-07,9.330000239060609601e-07
9.335000186183606274e-07,7.490452844649553299e-07,9.335000186183606274e-07
9.340000133306602947e-07,7.490452844649553299e-07,9.340000133306602947e-07
9.345000080429599620e-07,7.490452844649553299e-07,9.345000080429599620e-07
9.350000027552596293e-07,7.490452844649553299e-07,9.350000027552596293e-07
9.354999974675592966e-07,7.490452844649553299e-07,9.354999974675592966e-07
9.359999921798589639e-07,7.490452844649553299e-07,9.359999921798589639e-07
9.364999868921586312e-07,9.363066055811941624e-07,9.364999868921586312e-07
9.369999816044582985e-07,9.363066055811941624e-07,9.369999816044582985e-07
9.374999763167579658e-07,9.363066055811941624e-07,9.374999763167579658e-07
9.380000278724764939e-07,9.363066055811941624e-07,9.380000278724764939e-07
9.385000225847761612e-07,9.363066055811941624e-07,9.385000225847761612e-07
9.390000172970758285e-07,9.363066055811941624e-07,9.390000172970758285e-07
9.395000120093754958e-07,9.363066055811941624e-07,9.395000120093754958e-07
9.400000067216751631e-07,9.363066055811941624e-07,9.400000067216751631e-07
9.405000014339748304e-07,9.363066055811941624e-07,9.405000014339748304e-07
9.409999961462744977e-07,9.363066055811941624e-07,9.409999961462744977e-07
9.414999908585741650e-07,9.363066055811941624e-07,9.414999908585741650e-07
9.419999855708738323e-07,9.363066055811941624e-07,9.419999855708738323e-07
9.424999802831734996e-07,9.363066055811941624e-07,9.424999802831734996e-07
9.429999749954731669e-07,9.363066055811941624e-07,9.429999749954731669e-07
9.435000265511916950e-07,9.363066055811941624e-07,9.435000265511916950e-07
9.440000212634913623e-07,9.363066055811941624e-07,9.440000212634913623e-07
9.445000159757910296e-07,9.363066055811941624e-07,9.445000159757910296e-07
9.450000106880906969e-07,9.363066055811941624e-07,9.450000106880906969e-07
9.455000054003903642e-07,9.363066055811941624e-07,9.455000054003903642e-07
9.460000001126900315e-07,9.363066055811941624e-07,9.460000001126900315e-07
9.464999948249896988e-07,9.363066055811941624e-07,9.464999948249896988e-07
9.469999895372893661e-07,9.363066055811941624e-07,9.469999895372893661e-07
9.474999842495890334e-07,9.363066055811941624e-07,9.474999842495890334e-07
9.479999789618887007e-07,9.363066055811941624e-07,9.479999789618887007e-07
9.484999736741883680e-07,9.363066055811941624e-07,9.484999736741883680e-07
9.490000252299068961e-07,9.363066055811941624e-07,9.490000252299068961e-07
9.495000199422065634e-07,9.363066055811941624e-07,9.495000199422065634e-07
9.500000146545062307e-07,9.363066055811941624e-07,9.500000146545062307e-07
9.505000093668058980e-07,9.363066055811941624e-07,9.505000093668058980e-07
9.510000040791055653e-07,9.363066055811941624e-07,9.510000040791055653e-07
9.514999987914052326e-07,9.363066055811941624e-07,9.514999987914052326e-07
9.519999935037048999e-07,9.363066055811941624e-07,9.519999935037048999e-07
9.524999882160045672e-07,9.363066055811941624e-07,9.524999882160045672e-07
9.529999829283042345e-07,9.363066055811941624e-07,9.529999829283042345e-07
9.534999776406039018e-07,9.363066055811941624e-07,9.534999776406039018e-07
9.540000291963224299e-07,9.363066055811941624e-07,9.540000291963224299e-07
9.545000239086220972e-07,9.363066055811941624e-07,9.545000239086220972e-07
9.550000186209217645e-07,9.363066055811941624e-07,9.550000186209217645e-07
9.555000133332214318e-07,9.363066055811941624e-07,9.555000133332214318e-07
9.560000080455210991e-07,9.363066055811941624e-07,9.560000080455210991e-07
9.565000027578207664e-07,9.363066055811941624e-07,9.565000027578207664e-07
9.569999974701204337e-07,9.363066055811941624e-07,9.569999974701204337e-07
9.574999921824201010e-07,9.363066055811941624e-07,9.574999921824201010e-07
9.579999868947197683e-07,9.363066055811941624e-07,9.579999868947197683e-07
9.584999816070194356e-07,9.363066055811941624e-07,9.584999816070194356e-07
9.589999763193191029e-07,9.363066055811941624e-07,9.589999763193191029e-07
9.594999710316187702e-07,9.363066055811941624e-07,9.594999710316187702e-07
9.599999657439184375e-07,9.363066055811941624e-07,9.599999657439184375e-07
9.604999604562181048e-07,9.363066055811941624e-07,9.604999604562181048e-07
9.609999551685177721e-07,9.363066055811941624e-07,9.609999551685177721e-07
9.614999498808174394e-07,9.363066055811941624e-07,9.614999498808174394e-07
9.619999445931171067e-07,9.363066055811941624e-07,9.619999445931171067e-07
9.625000529922544956e-07,9.363066055811941624e-07,9.625000529922544956e-07
9.630000477045541629e-07,9.363066055811941624e-07,9.630000477045541629e-07
9.635000424168538302e-07,9.363066055811941624e-07,9.635000424168538302e-07
9.640000371291534975e-07,9.363066055811941624e-07,9.640000371291534975e-07
9.645000318414531648e-07,9.363066055811941624e-07,9.645000318414531648e-07
9.650000265537528321e-07,9.363066055811941624e-07,9.650000265537528321e-07
9.655000212660524994e-07,9.363066055811941624e-07,9.655000212660524994e-07
9.660000159783521667e-07,9.363066055811941624e-07,9.660000159783521667e-07
9.665000106906518340e-07,9.363066055811941624e-07,9.665000106906518340e-07
9.670000054029515013e-07,9.363066055811941624e-07,9.670000054029515013e-07
9.675000001152511686e-07,9.363066055811941624e-07,9.675000001152511686e-07
9.679999948275508359e-07,9.363066055811941624e-07,9.679999948275508359e-07
9.684999895398505032e-07,9.363066055811941624e-07,9.684999895398505032e-07
9.689999842521501705e-07,9.363066055811941624e-07,9.689999842521501705e-07
9.694999789644498378e-07,9.363066055811941624e-07,9.694999789644498378e-07
9.699999736767495051e-07,9.363066055811941624e-07,9.699999736767495051e-07
9.704999683890491724e-07,9.363066055811941624e-07,9.704999683890491724e-07
9.709999631013488397e-07,9.363066055811941624e-07,9.709999631013488397e-07
9.714999578136485070e-07,9.363066055811941624e-07,9.714999578136485070e-07
9.719999525259481743e-07,9.363066055811941624e-07,9.719999525259481743e-07
9.724999472382478416e-07,9.363066055811941624e-07,9.724999472382478416e-07
9.730000556373852305e-07,9.363066055811941624e-07,9.730000556373852305e-07
9.735000503496848978e-07,9.363066055811941624e-07,9.735000503496848978e-07
9.740000450619845651e-07,9.363066055811941624e-07,9.740000450619845651e-07
9.745000397742842324e-07,9.363066055811941624e-07,9.745000397742842324e-07
9.750000344865838997e-07,9.363066055811941624e-07,9.750000344865838997e-07
9.755000291988835670e-07,9.363066055811941624e-07,9.755000291988835670e-07
9.760000239111832343e-07,9.363066055811941624e-07,9.760000239111832343e-07
9.765000186234829016e-07,9.363066055811941624e-07,9.765000186234829016e-07
9.770000133357825689e-07,9.363066055811941624e-07,9.770000133357825689e-07
9.775000080480822362e-07,9.363066055811941624e-07,9.775000080480822362e-07
9.780000027603819035e-07,9.363066055811941624e-07,9.780000027603819035e-07
9.784999974726815708e-07,9.363066055811941624e-07,9.784999974726815708e-07
9.789999921849812381e-07,9.363066055811941624e-07,9.789999921849812381e-07
9.794999868972809054e-07,9.363066055811941624e-07,9.794999868972809054e-07
9.799999816095805727e-07,9.363066055811941624e-07,9.799999816095805727e-07
9.804999763218802400e-07,9.363066055811941624e-07,9.804999763218802400e-07
9.809999710341799073e-07,9.363066055811941624e-07,9.809999710341799073e-07
9.814999657464795746e-07,9.363066055811941624e-07,9.814999657464795746e-07
9.819999604587792419e-07,9.363066055811941624e-07,9.819999604587792419e-07
9.824999551710789092e-07,9.363066055811941624e-07,9.824999551710789092e-07
9.829999498833785765e-07,9.363066055811941624e-07,9.829999498833785765e-07
9.834999445956782438e-07,9.363066055811941624e-07,9.834999445956782438e-07
9.840000529948156327e-07,9.363066055811941624e-07,9.840000529948156327e-07
9.845000477071153000e-07,9.363066055811941624e-07,9.845000477071153000e-07
9.850000424194149673e-07,9.363066055811941624e-07,9.850000424194149673e-07
9.855000371317146346e-07,9.363066055811941624e-07,9.855000371317146346e-07
9.860000318440143019e-07,9.363066055811941624e-07,9.860000318440143019e-07
9.865000265563139692e-07,9.363066055811941624e-07,9.865000265563139692e-07
9.870000212686136365e-07,9.363066055811941624e-07,9.870000212686136365e-07
9.875000159809133038e-07,9.363066055811941624e-07,9.875000159809133038e-07
9.880000106932129711e-07,9.363066055811941624e-07,9.880000106932129711e-07
9.885000054055126384e-07,9.363066055811941624e-07,9.885000054055126384e-07
9.890000001178123057e-07,9.363066055811941624e-07,9.890000001178123057e-07
9.894999948301119730e-07,9.363066055811941624e-07,9.894999948301119730e-07
9.899999895424116403e-07,9.363066055811941624e-07,9.899999895424116403e-07
9.904999842547113076e-07,9.363066055811941624e-07,9.904999842547113076e-07
9.909999789670109749e-07,9.363066055811941624e-07,9.909999789670109749e-07
9.914999736793106422e-07,9.363066055811941624e-07,9.914999736793106422e-07
9.919999683916103095e-07,9.363066055811941624e-07,9.919999683916103095e-07
9.924999631039099768e-07,9.363066055811941624e-07,9.924999631039099768e-07
9.929999578162096441e-07,9.363066055811941624e-07,9.929999578162096441e-07
9.934999525285093114e-07,9.363066055811941624e-07,9.934999525285093114e-07
9.939999472408089787e-07,9.363066055811941624e-07,9.939999472408089787e-07
9.945000556399463676e-07,9.363066055811941624e-07,9.945000556399463676e-07
9.950000503522460349e-07,9.363066055811941624e-07,9.950000503522460349e-07
9.955000450645457022e-07,9.363066055811941624e-07,9.955000450645457022e-07
9.960000397768453695e-07,9.363066055811941624e-07,9.960000397768453695e-07
9.965000344891450368e-07,9.363066055811941624e-07,9.965000344891450368e-07
9.970000292014447041e-07,9.363066055811941624e-07,9.970000292014447041e-07
9.975000239137443714e-07,9.363066055811941624e-07,9.975000239137443714e-07
9.980000186260440387e-07,9.363066055811941624e-07,9.980000186260440387e-07
9.985000133383437060e-07,9.363066055811941624e-07,9.985000133383437060e-07
9.990000080506433733e-07,9.363066055811941624e-07,9.990000080506433733e-07
9.995000027629430406e-07,9.363066055811941624e-07,9.995000027629430406e-07
9.999999974752427079e-07,9.363066055811941624e-07,9.999999974752427079e-07
1.000499992187542375e-06,9.363066055811941624e-07,1.000499992187542375e-06
1.000999986899842042e-06,9.363066055811941624e-07,1.000999986899842042e-06
1.001499981612141710e-06,9.363066055811941624e-07,1.001499981612141710e-06
1.001999976324441377e-06,9.363066055811941624e-07,1.001999976324441377e-06
1.002499971036741044e-06,9.363066055811941624e-07,1.002499971036741044e-06
1.002999965749040712e-06,9.363066055811941624e-07,1.002999965749040712e-06
1.003499960461340379e-06,9.363066055811941624e-07,1.003499960461340379e-06
1.003999955173640046e-06,9.363066055811941624e-07,1.003999955173640046e-06
1.004499949885939714e-06,9.363066055811941624e-07,1.004499949885939714e-06
1.004999944598239381e-06,9.363066055811941624e-07,1.004999944598239381e-06
1.005500052997376770e-06,9.363066055811941624e-07,1.005500052997376770e-06
1.006000047709676437e-06,9.363066055811941624e-07,1.006000047709676437e-06
1.006500042421976104e-06,9.363066055811941624e-07,1.006500042421976104e-06
1.007000037134275772e-06,9.363066055811941624e-07,1.007000037134275772e-06
1.007500031846575439e-06,9.363066055811941624e-07,1.007500031846575439e-06
1.008000026558875106e-06,9.363066055811941624e-07,1.008000026558875106e-06
1.008500021271174774e-06,9.363066055811941624e-07,1.008500021271174774e-06
1.009000015983474441e-06,9.363066055811941624e-07,1.009000015983474441e-06
1.009500010695774108e-06,9.363066055811941624e-07,1.009500010695774108e-06
1.010000005408073775e-06,9.363066055811941624e-07,1.010000005408073775e-06
1.010500000120373443e-06,9.363066055811941624e-07,1.010500000120373443e-06
1.010999994832673110e-06,9.363066055811941624e-07,1.010999994832673110e-06
1.011499989544972777e-06,9.363066055811941624e-07,1.011499989544972777e-06
1.011999984257272445e-06,9.363066055811941624e-07,1.011999984257272445e-06
1.012499978969572112e-06,9.363066055811941624e-07,1.012499978969572112e-06
1.012999973681871779e-06,9.363066055811941624e-07,1.012999973681871779e-06
1.013499968394171447e-06,9.363066055811941624e-07,1.013499968394171447e-06
1.013999963106471114e-06,9.363066055811941624e-07,1.013999963106471114e-06
1.014499957818770781e-06,9.363066055811941624e-07,1.014499957818770781e-06
1.014999952531070448e-06,9.363066055811941624e-07,1.014999952531070448e-06
1.015499947243370116e-06,9.363066055811941624e-07,1.015499947243370116e-06
1.016000055642507505e-06,9.363066055811941624e-07,1.016000055642507505e-06
1.016500050354807172e-06,9.363066055811941624e-07,1.016500050354807172e-06
1.017000045067106839e-06,9.363066055811941624e-07,1.017000045067106839e-06
1.017500039779406507e-06,9.363066055811941624e-07,1.017500039779406507e-06
1.018000034491706174e-06,9.363066055811941624e-07,1.018000034491706174e-06
1.018500029204005841e-06,9.363066055811941624e-07,1.018500029204005841e-06
1.019000023916305508e-06,9.363066055811941624e-07,1.019000023916305508e-06
1.019500018628605176e-06,9.363066055811941624e-07,1.019500018628605176e-06
1.020000013340904843e-06,9.363066055811941624e-07,1.020000013340904843e-06
1.020500008053204510e-06,9.363066055811941624e-07,1.020500008053204510e-06
1.021000002765504178e-06,9.363066055811941624e-07,1.021000002765504178e-06
1.021499997477803845e-06,9.363066055811941624e-07,1.021499997477803845e-06
1.021999992190103512e-06,9.363066055811941624e-07,1.021999992190103512e-06
1.022499986902403180e-06,9.363066055811941624e-07,1.022499986902403180e-06
1.022999981614702847e-06,9.363066055811941624e-07,1.022999981614702847e-06
1.023499976327002514e-06,9.363066055811941624e-07,1.023499976327002514e-06
1.023999971039302181e-06,9.363066055811941624e-07,1.023999971039302181e-06
1.024499965751601849e-06,9.363066055811941624e-07,1.024499965751601849e-06
1.024999960463901516e-06,9.363066055811941624e-07,1.024999960463901516e-06
1.025499955176201183e-06,9.363066055811941624e-07,1.025499955176201183e-06
1.025999949888500851e-06,9.363066055811941624e-07,1.025999949888500851e-06
1.026499944600800518e-06,9.363066055811941624e-07,1.026499944600800518e-06
1.027000052999937907e-06,9.363066055811941624e-07,1.027000052999937907e-06
1.027500047712237574e-06,9.363066055811941624e-07,1.027500047712237574e-06
1.028000042424537241e-06,9.363066055811941624e-07,1.028000042424537241e-06
1.028500037136836909e-06,9.363066055811941624e-07,1.028500037136836909e-06
1.029000031849136576e-06,9.363066055811941624e-07,1.029000031849136576e-06
1.029500026561436243e-06,9.363066055811941624e-07,1.029500026561436243e-06
1.030000021273735911e-06,9.363066055811941624e-07,1.030000021273735911e-06
1.030500015986035578e-06,9.363066055811941624e-07,1.030500015986035578e-06
1.031000010698335245e-06,9.363066055811941624e-07,1.031000010698335245e-06
1.031500005410634913e-06,9.363066055811941624e-07,1.031500005410634913e-06
1.032000000122934580e-06,9.363066055811941624e-07,1.032000000122934580e-06
1.032499994835234247e-06,9.363066055811941624e-07,1.032499994835234247e-06
1.032999989547533914e-06,9.363066055811941624e-07,1.032999989547533914e-06
1.033499984259833582e-06,9.363066055811941624e-07,1.033499984259833582e-06
1.033999978972133249e-06,9.363066055811941624e-07,1.033999978972133249e-06
1.034499973684432916e-06,9.363066055811941624e-07,1.034499973684432916e-06
1.034999968396732584e-06,9.363066055811941624e-07,1.034999968396732584e-06
1.035499963109032251e-06,9.363066055811941624e-07,1.035499963109032251e-06
1.035999957821331918e-06,9.363066055811941624e-07,1.035999957821331918e-06
1.036499952533631586e-06,9.363066055811941624e-07,1.036499952533631586e-06
1.036999947245931253e-06,9.363066055811941624e-07,1.036999947245931253e-06
1.037500055645068642e-06,9.363066055811941624e-07,1.037500055645068642e-06
1.038000050357368309e-06,9.363066055811941624e-07,1.038000050357368309e-06
1.038500045069667976e-06,9.363066055811941624e-07,1.038500045069667976e-06
1.039000039781967644e-06,9.363066055811941624e-07,1.039000039781967644e-06
1.039500034494267311e-06,9.363066055811941624e-07,1.039500034494267311e-06
1.040000029206566978e-06,9.363066055811941624e-07,1.040000029206566978e-06
1.040500023918866646e-06,9.363066055811941624e-07,1.040500023918866646e-06
1.041000018631166313e-06,9.363066055811941624e-07,1.041000018631166313e-06
1.041500013343465980e-06,9.363066055811941624e-07,1.041500013343465980e-06
1.042000008055765647e-06,9.363066055811941624e-07,1.042000008055765647e-06
1.042500002768065315e-06,9.363066055811941624e-07,1.042500002768065315e-06
1.042999997480364982e-06,9.363066055811941624e-07,1.042999997480364982e-06
1.043499992192664649e-06,9.363066055811941624e-07,1.043499992192664649e-06
1.043999986904964317e-06,9.363066055811941624e-07,1.043999986904964317e-06
1.044499981617263984e-06,9.363066055811941624e-07,1.044499981617263984e-06
1.044999976329563651e-06,9.363066055811941624e-07,1.044999976329563651e-06
1.045499971041863319e-06,9.363066055811941624e-07,1.045499971041863319e-06
1.045999965754162986e-06,9.363066055811941624e-07,1.045999965754162986e-06
1.046499960466462653e-06,9.363066055811941624e-07,1.046499960466462653e-06
1.046999955178762320e-06,9.363066055811941624e-07,1.046999955178762320e-06
1.047499949891061988e-06,9.363066055811941624e-07,1.047499949891061988e-06
1.047999944603361655e-06,9.363066055811941624e-07,1.047999944603361655e-06
1.048500053002499044e-06,9.363066055811941624e-07,1.048500053002499044e-06
1.049000047714798711e-06,9.363066055811941624e-07,1.049000047714798711e-06
1.049500042427098379e-06,9.363066055811941624e-07,1.049500042427098379e-06
1.050000037139398046e-06,9.363066055811941624e-07,1.050000037139398046e-06
1.050500031851697713e-06,9.363066055811941624e-07,1.050500031851697713e-06
1.051000026563997380e-06,9.363066055811941624e-07,1.051000026563997380e-06
1.051500021276297048e-06,9.363066055811941624e-07,1.051500021276297048e-06
1.052000015988596715e-06,9.363066055811941624e-07,1.052000015988596715e-06
1.052500010700896382e-06,9.363066055811941624e-07,1.052500010700896382e-06
1.053000005413196050e-06,9.363066055811941624e-07,1.053000005413196050e-06
1.053500000125495717e-06,9.363066055811941624e-07,1.053500000125495717e-06
1.053999994837795384e-06,9.363066055811941624e-07,1.053999994837795384e-06
1.054499989550095052e-06,9.363066055811941624e-07,1.054499989550095052e-06
1.054999984262394719e-06,9.363066055811941624e-07,1.054999984262394719e-06
1.055499978974694386e-06,9.363066055811941624e-07,1.055499978974694386e-06
1.055999973686994053e-06,9.363066055811941624e-07,1.055999973686994053e-06
1.056499968399293721e-06,9.363066055811941624e-07,1.056499968399293721e-06
1.056999963111593388e-06,9.363066055811941624e-07,1.056999963111593388e-06
1.057499957823893055e-06,9.363066055811941624e-07,1.057499957823893055e-06
1.057999952536192723e-06,9.363066055811941624e-07,1.057999952536192723e-06
1.058499947248492390e-06,9.363066055811941624e-07,1.058499947248492390e-06
1.059000055647629779e-06,9.363066055811941624e-07,1.059000055647629779e-06
1.059500050359929446e-06,9.363066055811941624e-07,1.059500050359929446e-06
1.060000045072229113e-06,9.363066055811941624e-07,1.060000045072229113e-06
1.060500039784528781e-06,9.363066055811941624e-07,1.060500039784528781e-06
1.061000034496828448e-06,9.363066055811941624e-07,1.061000034496828448e-06
1.061500029209128115e-06,9.363066055811941624e-07,1.061500029209128115e-06
1.062000023921427783e-06,9.363066055811941624e-07,1.062000023921427783e-06
1.062500018633727450e-06,9.363066055811941624e-07,1.062500018633727450e-06
1.063000013346027117e-06,9.363066055811941624e-07,1.063000013346027117e-06
1.063500008058326785e-06,9.363066055811941624e-07,1.063500008058326785e-06
1.064000002770626452e-06,9.363066055811941624e-07,1.064000002770626452e-06
1.064499997482926119e-06,9.363066055811941624e-07,1.064499997482926119e-06
1.064999992195225786e-06,9.363066055811941624e-07,1.064999992195225786e-06
1.065499986907525454e-06,9.363066055811941624e-07,1.065499986907525454e-06
1.065999981619825121e-06,9.363066055811941624e-07,1.065999981619825121e-06
1.066499976332124788e-06,9.363066055811941624e-07,1.066499976332124788e-06
1.066999971044424456e-06,9.363066055811941624e-07,1.066999971044424456e-06
1.067499965756724123e-06,9.363066055811941624e-07,1.067499965756724123e-06
1.067999960469023790e-06,9.363066055811941624e-07,1.067999960469023790e-06
1.068499955181323458e-06,9.363066055811941624e-07,1.068499955181323458e-06
1.068999949893623125e-06,9.363066055811941624e-07,1.068999949893623125e-06
1.069499944605922792e-06,9.363066055811941624e-07,1.069499944605922792e-06
1.070000053005060181e-06,9.363066055811941624e-07,1.070000053005060181e-06
1.070500047717359848e-06,9.363066055811941624e-07,1.070500047717359848e-06
1.071000042429659516e-06,9.363066055811941624e-07,1.071000042429659516e-06
1.071500037141959183e-06,9.363066055811941624e-07,1.071500037141959183e-06
1.072000031854258850e-06,9.363066055811941624e-07,1.072000031854258850e-06
1.072500026566558518e-06,9.363066055811941624e-07,1.072500026566558518e-06
1.073000021278858185e-06,9.363066055811941624e-07,1.073000021278858185e-06
1.073500015991157852e-06,9.363066055811941624e-07,1.073500015991157852e-06
1.074000010703457519e-06,9.363066055811941624e-07,1.074000010703457519e-06
1.074500005415757187e-06,9.363066055811941624e-07,1.074500005415757187e-06
1.075000000128056854e-06,9.363066055811941624e-07,1.075000000128056854e-06
1.075499994840356521e-06,9.363066055811941624e-07,1.075499994840356521e-06
1.075999989552656189e-06,9.363066055811941624e-07,1.075999989552656189e-06
1.076499984264955856e-06,9.363066055811941624e-07,1.076499984264955856e-06
1.076999978977255523e-06,9.363066055811941624e-07,1.076999978977255523e-06
1.077499973689555191e-06,9.363066055811941624e-07,1.077499973689555191e-06
1.077999968401854858e-06,9.363066055811941624e-07,1.077999968401854858e-06
1.078499963114154525e-06,9.363066055811941624e-07,1.078499963114154525e-06
1.078999957826454192e-06,9.363066055811941624e-07,1.078999957826454192e-06
1.079499952538753860e-06,9.363066055811941624e-07,1.079499952538753860e-06
1.079999947251053527e-06,9.363066055811941624e-07,1.079999947251053527e-06
1.080500055650190916e-06,9.363066055811941624e-07,1.080500055650190916e-06
1.081000050362490583e-06,9.363066055811941624e-07,1.081000050362490583e-06
1.081500045074790251e-06,9.363066055811941624e-07,1.081500045074790251e-06
1.082000039787089918e-06,9.363066055811941624e-07,1.082000039787089918e-06
1.082500034499389585e-06,9.363066055811941624e-07,1.082500034499389585e-06
1.083000029211689252e-06,9.363066055811941624e-07,1.083000029211689252e-06
1.083500023923988920e-06,9.363066055811941624e-07,1.083500023923988920e-06
1.084000018636288587e-06,9.363066055811941624e-07,1.084000018636288587e-06
1.084500013348588254e-06,9.363066055811941624e-07,1.084500013348588254e-06
1.085000008060887922e-06,9.363066055811941624e-07,1.085000008060887922e-06
1.085500002773187589e-06,9.363066055811941624e-07,1.085500002773187589e-06
1.085999997485487256e-06,9.363066055811941624e-07,1.085999997485487256e-06
1.086499992197786923e-06,9.363066055811941624e-07,1.086499992197786923e-06
1.086999986910086591e-06,9.363066055811941624e-07,1.086999986910086591e-06
1.087499981622386258e-06,9.363066055811941624e-07,1.087499981622386258e-06
1.087999976334685925e-06,9.363066055811941624e-07,1.087999976334685925e-06
1.088499971046985593e-06,9.363066055811941624e-07,1.088499971046985593e-06
1.088999965759285260e-06,9.363066055811941624e-07,1.088999965759285260e-06
1.089499960471584927e-06,9.363066055811941624e-07,1.089499960471584927e-06
1.089999955183884595e-06,9.363066055811941624e-07,1.089999955183884595e-06
1.090499949896184262e-06,9.363066055811941624e-07,1.090499949896184262e-06
1.090999944608483929e-06,9.363066055811941624e-07,1.090999944608483929e-06
1.091500053007621318e-06,9.363066055811941624e-07,1.091500053007621318e-06
1.092000047719920985e-06,9.363066055811941624e-07,1.092000047719920985e-06
1.092500042432220653e-06,9.363066055811941624e-07,1.092500042432220653e-06
1.093000037144520320e-06,9.363066055811941624e-07,1.093000037144520320e-06
1.093500031856819987e-06,9.363066055811941624e-07,1.093500031856819987e-06
1.094000026569119655e-06,9.363066055811941624e-07,1.094000026569119655e-06
1.094500021281419322e-06,9.363066055811941624e-07,1.094500021281419322e-06
1.095000015993718989e-06,9.363066055811941624e-07,1.095000015993718989e-06
1.095500010706018656e-06,9.363066055811941624e-07,1.095500010706018656e-06
1.096000005418318324e-06,9.363066055811941624e-07,1.096000005418318324e-06
1.096500000130617991e-06,9.363066055811941624e-07,1.096500000130617991e-06
1.096999994842917658e-06,9.363066055811941624e-07,1.096999994842917658e-06
1.097499989555217326e-06,9.363066055811941624e-07,1.097499989555217326e-06
1.097999984267516993e-06,9.363066055811941624e-07,1.097999984267516993e-06
1.098499978979816660e-06,9.363066055811941624e-07,1.098499978979816660e-06
1.098999973692116328e-06,9.363066055811941624e-07,1.098999973692116328e-06
1.099499968404415995e-06,9.363066055811941624e-07,1.099499968404415995e-06
1.099999963116715662e-06,9.363066055811941624e-07,1.099999963116715662e-06
1.100499957829015329e-06,9.363066055811941624e-07,1.100499957829015329e-06
1.100999952541314997e-06,9.363066055811941624e-07,1.100999952541314997e-06
1.101499947253614664e-06,9.363066055811941624e-07,1.101499947253614664e-06
1.102000055652752053e-06,9.363066055811941624e-07,1.102000055652752053e-06
1.102500050365051720e-06,9.363066055811941624e-07,1.102500050365051720e-06
1.103000045077351388e-06,9.363066055811941624e-07,1.103000045077351388e-06
1.103500039789651055e-06,9.363066055811941624e-07,1.103500039789651055e-06
1.104000034501950722e-06,9.363066055811941624e-07,1.104000034501950722e-06
1.104500029214250389e-06,9.363066055811941624e-07,1.104500029214250389e-06
1.105000023926550057e-06,9.363066055811941624e-07,1.105000023926550057e-06
1.105500018638849724e-06,9.363066055811941624e-07,1.105500018638849724e-06
1.106000013351149391e-06,9.363066055811941624e-07,1.106000013351149391e-06
1.106500008063449059e-06,9.363066055811941624e-07,1.106500008063449059e-06
1.107000002775748726e-06,9.363066055811941624e-07,1.107000002775748726e-06
1.107499997488048393e-06,9.363066055811941624e-07,1.107499997488048393e-06
1.107999992200348061e-06,9.363066055811941624e-07,1.107999992200348061e-06
1.108499986912647728e-06,9.363066055811941624e-07,1.108499986912647728e-06
1.108999981624947395e-06,9.363066055811941624e-07,1.108999981624947395e-06
1.109499976337247062e-06,9.363066055811941624e-07,1.109499976337247062e-06
1.109999971049546730e-06,9.363066055811941624e-07,1.109999971049546730e-06
1.110499965761846397e-06,9.363066055811941624e-07,1.110499965761846397e-06
1.110999960474146064e-06,9.363066055811941624e-07,1.110999960474146064e-06
1.111499955186445732e-06,9.363066055811941624e-07,1.111499955186445732e-06
1.111999949898745399e-06,9.363066055811941624e-07,1.111999949898745399e-06
1.112499944611045066e-06,9.363066055811941624e-07,1.112499944611045066e-06
1.113000053010182455e-06,9.363066055811941624e-07,1.113000053010182455e-06
1.113500047722482122e-06,9.363066055811941624e-07,1.113500047722482122e-06
1.114000042434781790e-06,9.363066055811941624e-07,1.114000042434781790e-06
1.114500037147081457e-06,9.363066055811941624e-07,1.114500037147081457e-06
1.115000031859381124e-06,9.363066055811941624e-07,1.115000031859381124e-06
1.115500026571680792e-06,9.363066055811941624e-07,1.115500026571680792e-06
1.116000021283980459e-06,9.363066055811941624e-07,1.116000021283980459e-06
1.116500015996280126e-06,9.363066055811941624e-07,1.116500015996280126e-06
1.117000010708579794e-06,9.363066055811941624e-07,1.117000010708579794e-06
1.117500005420879461e-06,9.363066055811941624e-07,1.117500005420879461e-06
1.118000000133179128e-06,9.363066055811941624e-07,1.118000000133179128e-06
1.118499994845478795e-06,9.363066055811941624e-07,1.118499994845478795e-06
1.118999989557778463e-06,9.363066055811941624e-07,1.118999989557778463e-06
1.119499984270078130e-06,9.363066055811941624e-07,1.119499984270078130e-06
1.119999978982377797e-06,9.363066055811941624e-07,1.119999978982377797e-06
1.120499973694677465e-06,9.363066055811941624e-07,1.120499973694677465e-06
1.120999968406977132e-06,9.363066055811941624e-07,1.120999968406977132e-06
1.121499963119276799e-06,9.363066055811941624e-07,1.121499963119276799e-06
1.121999957831576467e-06,9.363066055811941624e-07,1.121999957831576467e-06
1.122499952543876134e-06,9.363066055811941624e-07,1.122499952543876134e-06
1.122999947256175801e-06,9.363066055811941624e-07,1.122999947256175801e-06
1.123500055655313190e-06,9.363066055811941624e-07,1.123500055655313190e-06
1.124000050367612857e-06,1.123567926697432995e-06,1.124000050367612857e-06
1.124500045079912525e-06,1.123567926697432995e-06,1.124500045079912525e-06
1.125000039792212192e-06,1.123567926697432995e-06,1.125000039792212192e-06
1.125500034504511859e-06,1.123567926697432995e-06,1.125500034504511859e-06
1.126000029216811527e-06,1.123567926697432995e-06,1.126000029216811527e-06
1.126500023929111194e-06,1.123567926697432995e-06,1.126500023929111194e-06
1.127000018641410861e-06,1.123567926697432995e-06,1.127000018641410861e-06
1.127500013353710528e-06,1.123567926697432995e-06,1.127500013353710528e-06
1.128000008066010196e-06,1.123567926697432995e-06,1.128000008066010196e-06
1.128500002778309863e-06,1.123567926697432995e-06,1.128500002778309863e-06
1.128999997490609530e-06,1.123567926697432995e-06,1.128999997490609530e-06
1.129499992202909198e-06,1.123567926697432995e-06,1.129499992202909198e-06
1.129999986915208865e-06,1.123567926697432995e-06,1.129999986915208865e-06
1.130499981627508532e-06,1.123567926697432995e-06,1.130499981627508532e-06
1.130999976339808200e-06,1.123567926697432995e-06,1.130999976339808200e-06
1.131499971052107867e-06,1.123567926697432995e-06,1.131499971052107867e-06
1.131999965764407534e-06,1.123567926697432995e-06,1.131999965764407534e-06
1.132499960476707201e-06,1.123567926697432995e-06,1.132499960476707201e-06
1.132999955189006869e-06,1.123567926697432995e-06,1.132999955189006869e-06
1.133499949901306536e-06,1.123567926697432995e-06,1.133499949901306536e-06
1.133999944613606203e-06,1.123567926697432995e-06,1.133999944613606203e-06
1.134500053012743592e-06,1.123567926697432995e-06,1.134500053012743592e-06
1.135000047725043260e-06,1.123567926697432995e-06,1.135000047725043260e-06
1.135500042437342927e-06,1.123567926697432995e-06,1.135500042437342927e-06
1.136000037149642594e-06,1.123567926697432995e-06,1.136000037149642594e-06
1.136500031861942261e-06,1.123567926697432995e-06,1.136500031861942261e-06
1.137000026574241929e-06,1.123567926697432995e-06,1.137000026574241929e-06
1.137500021286541596e-06,1.123567926697432995e-06,1.137500021286541596e-06
1.138000015998841263e-06,1.123567926697432995e-06,1.138000015998841263e-06
1.138500010711140931e-06,1.123567926697432995e-06,1.138500010711140931e-06
1.139000005423440598e-06,1.123567926697432995e-06,1.139000005423440598e-06
1.139500000135740265e-06,1.123567926697432995e-06,1.139500000135740265e-06
1.139999994848039933e-06,1.123567926697432995e-06,1.139999994848039933e-06
1.140499989560339600e-06,1.123567926697432995e-06,1.140499989560339600e-06
1.140999984272639267e-06,1.123567926697432995e-06,1.140999984272639267e-06
1.141499978984938934e-06,1.123567926697432995e-06,1.141499978984938934e-06
1.141999973697238602e-06,1.123567926697432995e-06,1.141999973697238602e-06
1.142499968409538269e-06,1.123567926697432995e-06,1.142499968409538269e-06
1.142999963121837936e-06,1.123567926697432995e-06,1.142999963121837936e-06
1.143499957834137604e-06,1.123567926697432995e-06,1.143499957834137604e-06
1.143999952546437271e-06,1.123567926697432995e-06,1.143999952546437271e-06
1.144499947258736938e-06,1.123567926697432995e-06,1.144499947258736938e-06
1.145000055657874327e-06,1.123567926697432995e-06,1.145000055657874327e-06
1.145500050370173994e-06,1.123567926697432995e-06,1.145500050370173994e-06
1.146000045082473662e-06,1.123567926697432995e-06,1.146000045082473662e-06
1.146500039794773329e-06,1.123567926697432995e-06,1.146500039794773329e-06
1.147000034507072996e-06,1.123567926697432995e-06,1.147000034507072996e-06
1.147500029219372664e-06,1.123567926697432995e-06,1.147500029219372664e-06
1.148000023931672331e-06,1.123567926697432995e-06,1.148000023931672331e-06
1.148500018643971998e-06,1.123567926697432995e-06,1.148500018643971998e-06
1.149000013356271666e-06,1.123567926697432995e-06,1.149000013356271666e-06
1.149500008068571333e-06,1.123567926697432995e-06,1.149500008068571333e-06
1.150000002780871000e-06,1.123567926697432995e-06,1.150000002780871000e-06
1.150499997493170667e-06,1.123567926697432995e-06,1.150499997493170667e-06
1.150999992205470335e-06,1.123567926697432995e-06,1.150999992205470335e-06
1.151499986917770002e-06,1.123567926697432995e-06,1.151499986917770002e-06
1.151999981630069669e-06,1.123567926697432995e-06,1.151999981630069669e-06
1.152499976342369337e-06,1.123567926697432995e-06,1.152499976342369337e-06
1.152999971054669004e-06,1.123567926697432995e-06,1.152999971054669004e-06
1.153499965766968671e-06,1.123567926697432995e-06,1.153499965766968671e-06
1.153999960479268339e-06,1.123567926697432995e-06,1.153999960479268339e-06
1.154499955191568006e-06,1.123567926697432995e-06,1.154499955191568006e-06
1.154999949903867673e-06,1.123567926697432995e-06,1.154999949903867673e-06
1.155499944616167340e-06,1.123567926697432995e-06,1.155499944616167340e-06
1.156000053015304729e-06,1.123567926697432995e-06,1.156000053015304729e-06
1.156500047727604397e-06,1.123567926697432995e-06,1.156500047727604397e-06
1.157000042439904064e-06,1.123567926697432995e-06,1.157000042439904064e-06
1.157500037152203731e-06,1.123567926697432995e-06,1.157500037152203731e-06
1.158000031864503399e-06,1.123567926697432995e-06,1.158000031864503399e-06
1.158500026576803066e-06,1.123567926697432995e-06,1.158500026576803066e-06
1.159000021289102733e-06,1.123567926697432995e-06,1.159000021289102733e-06
1.159500016001402400e-06,1.123567926697432995e-06,1.159500016001402400e-06
1.160000010713702068e-06,1.123567926697432995e-06,1.160000010713702068e-06
1.160500005426001735e-06,1.123567926697432995e-06,1.160500005426001735e-06
1.161000000138301402e-06,1.123567926697432995e-06,1.161000000138301402e-06
1.161499994850601070e-06,1.123567926697432995e-06,1.161499994850601070e-06
1.161999989562900737e-06,1.123567926697432995e-06,1.161999989562900737e-06
1.162499984275200404e-06,1.123567926697432995e-06,1.162499984275200404e-06
1.162999978987500072e-06,1.123567926697432995e-06,1.162999978987500072e-06
1.163499973699799739e-06,1.123567926697432995e-06,1.163499973699799739e-06
1.163999968412099406e-06,1.123567926697432995e-06,1.163999968412099406e-06
1.164499963124399073e-06,1.123567926697432995e-06,1.164499963124399073e-06
1.164999957836698741e-06,1.123567926697432995e-06,1.164999957836698741e-06
1.165499952548998408e-06,1.123567926697432995e-06,1.165499952548998408e-06
1.165999947261298075e-06,1.123567926697432995e-06,1.165999947261298075e-06
1.166500055660435464e-06,1.123567926697432995e-06,1.166500055660435464e-06
1.167000050372735132e-06,1.123567926697432995e-06,1.167000050372735132e-06
1.167500045085034799e-06,1.123567926697432995e-06,1.167500045085034799e-06
1.168000039797334466e-06,1.123567926697432995e-06,1.168000039797334466e-06
1.168500034509634133e-06,1.123567926697432995e-06,1.168500034509634133e-06
1.169000029221933801e-06,1.123567926697432995e-06,1.169000029221933801e-06
1.169500023934233468e-06,1.123567926697432995e-06,1.169500023934233468e-06
1.170000018646533135e-06,1.123567926697432995e-06,1.170000018646533135e-06
1.170500013358832803e-06,1.123567926697432995e-06,1.170500013358832803e-06
1.171000008071132470e-06,1.123567926697432995e-06,1.171000008071132470e-06
1.171500002783432137e-06,1.123567926697432995e-06,1.171500002783432137e-06
1.171999997495731805e-06,1.123567926697432995e-06,1.171999997495731805e-06
1.172499992208031472e-06,1.123567926697432995e-06,1.172499992208031472e-06
1.172999986920331139e-06,1.123567926697432995e-06,1.172999986920331139e-06
1.173499981632630806e-06,1.123567926697432995e-06,1.173499981632630806e-06
1.173999976344930474e-06,1.123567926697432995e-06,1.173999976344930474e-06
1.174499971057230141e-06,1.123567926697432995e-06,1.174499971057230141e-06
1.174999965769529808e-06,1.123567926697432995e-06,1.174999965769529808e-06
1.175499960481829476e-06,1.123567926697432995e-06,1.175499960481829476e-06
1.175999955194129143e-06,1.123567926697432995e-06,1.175999955194129143e-06
1.176499949906428810e-06,1.123567926697432995e-06,1.176499949906428810e-06
1.176999944618728478e-06,1.123567926697432995e-06,1.176999944618728478e-06
1.177500053017865866e-06,1.123567926697432995e-06,1.177500053017865866e-06
1.178000047730165534e-06,1.123567926697432995e-06,1.178000047730165534e-06
1.178500042442465201e-06,1.123567926697432995e-06,1.178500042442465201e-06
1.179000037154764868e-06,1.123567926697432995e-06,1.179000037154764868e-06
1.179500031867064536e-06,1.123567926697432995e-06,1.179500031867064536e-06
1.180000026579364203e-06,1.123567926697432995e-06,1.180000026579364203e-06
1.180500021291663870e-06,1.123567926697432995e-06,1.180500021291663870e-06
1.181000016003963538e-06,1.123567926697432995e-06,1.181000016003963538e-06
1.181500010716263205e-06,1.123567926697432995e-06,1.181500010716263205e-06
1.182000005428562872e-06,1.123567926697432995e-06,1.182000005428562872e-06
1.182500000140862539e-06,1.123567926697432995e-06,1.182500000140862539e-06
1.182999994853162207e-06,1.123567926697432995e-06,1.182999994853162207e-06
1.183499989565461874e-06,1.123567926697432995e-06,1.183499989565461874e-06
1.183999984277761541e-06,1.123567926697432995e-06,1.183999984277761541e-06
1.184499978990061209e-06,1.123567926697432995e-06,1.184499978990061209e-06
1.184999973702360876e-06,1.123567926697432995e-06,1.184999973702360876e-06
1.185499968414660543e-06,1.123567926697432995e-06,1.185499968414660543e-06
1.185999963126960211e-06,1.123567926697432995e-06,1.185999963126960211e-06
1.186499957839259878e-06,1.123567926697432995e-06,1.186499957839259878e-06
1.186999952551559545e-06,1.123567926697432995e-06,1.186999952551559545e-06
1.187499947263859212e-06,1.123567926697432995e-06,1.187499947263859212e-06
1.188000055662996601e-06,1.123567926697432995e-06,1.188000055662996601e-06
1.188500050375296269e-06,1.123567926697432995e-06,1.188500050375296269e-06
1.189000045087595936e-06,1.123567926697432995e-06,1.189000045087595936e-06
1.189500039799895603e-06,1.123567926697432995e-06,1.189500039799895603e-06
1.190000034512195271e-06,1.123567926697432995e-06,1.190000034512195271e-06
1.190500029224494938e-06,1.123567926697432995e-06,1.190500029224494938e-06
1.191000023936794605e-06,1.123567926697432995e-06,1.191000023936794605e-06
1.191500018649094272e-06,1.123567926697432995e-06,1.191500018649094272e-06
1.192000013361393940e-06,1.123567926697432995e-06,1.192000013361393940e-06
1.192500008073693607e-06,1.123567926697432995e-06,1.192500008073693607e-06
1.193000002785993274e-06,1.123567926697432995e-06,1.193000002785993274e-06
1.193499997498292942e-06,1.123567926697432995e-06,1.193499997498292942e-06
1.193999992210592609e-06,1.123567926697432995e-06,1.193999992210592609e-06
1.194499986922892276e-06,1.123567926697432995e-06,1.194499986922892276e-06
1.194999981635191943e-06,1.123567926697432995e-06,1.194999981635191943e-06
1.195499976347491611e-06,1.123567926697432995e-06,1.195499976347491611e-06
1.195999971059791278e-06,1.123567926697432995e-06,1.195999971059791278e-06
1.196499965772090945e-06,1.123567926697432995e-06,1.196499965772090945e-06
1.196999960484390613e-06,1.123567926697432995e-06,1.196999960484390613e-06
1.197499955196690280e-06,1.123567926697432995e-06,1.197499955196690280e-06
1.197999949908989947e-06,1.123567926697432995e-06,1.197999949908989947e-06
1.198499944621289615e-06,1.123567926697432995e-06,1.198499944621289615e-06
1.199000053020427004e-06,1.123567926697432995e-06,1.199000053020427004e-06
1.199500047732726671e-06,1.123567926697432995e-06,1.199500047732726671e-06
1.200000042445026338e-06,1.123567926697432995e-06,1.200000042445026338e-06
1.200500037157326005e-06,1.123567926697432995e-06,1.200500037157326005e-06
1.201000031869625673e-06,1.123567926697432995e-06,1.201000031869625673e-06
1.201500026581925340e-06,1.123567926697432995e-06,1.201500026581925340e-06
1.202000021294225007e-06,1.123567926697432995e-06,1.202000021294225007e-06
1.202500016006524675e-06,1.123567926697432995e-06,1.202500016006524675e-06
1.203000010718824342e-06,1.123567926697432995e-06,1.203000010718824342e-06
1.203500005431124009e-06,1.123567926697432995e-06,1.203500005431124009e-06
1.204000000143423676e-06,1.123567926697432995e-06,1.204000000143423676e-06
1.204499994855723344e-06,1.123567926697432995e-06,1.204499994855723344e-06
1.204999989568023011e-06,1.123567926697432995e-06,1.204999989568023011e-06
1.205499984280322678e-06,1.123567926697432995e-06,1.205499984280322678e-06
1.205999978992622346e-06,1.123567926697432995e-06,1.205999978992622346e-06
1.206499973704922013e-06,1.123567926697432995e-06,1.206499973704922013e-06
1.206999968417221680e-06,1.123567926697432995e-06,1.206999968417221680e-06
1.207499963129521348e-06,1.123567926697432995e-06,1.207499963129521348e-06
1.207999957841821015e-06,1.123567926697432995e-06,1.207999957841821015e-06
1.208499952554120682e-06,1.123567926697432995e-06,1.208499952554120682e-06
1.208999947266420349e-06,1.123567926697432995e-06,1.208999947266420349e-06
1.209500055665557738e-06,1.123567926697432995e-06,1.209500055665557738e-06
1.210000050377857406e-06,1.123567926697432995e-06,1.210000050377857406e-06
1.210500045090157073e-06,1.123567926697432995e-06,1.210500045090157073e-06
1.211000039802456740e-06,1.123567926697432995e-06,1.211000039802456740e-06
1.211500034514756408e-06,1.123567926697432995e-06,1.211500034514756408e-06
1.212000029227056075e-06,1.123567926697432995e-06,1.212000029227056075e-06
1.212500023939355742e-06,1.123567926697432995e-06,1.212500023939355742e-06
1.213000018651655409e-06,1.123567926697432995e-06,1.213000018651655409e-06
1.213500013363955077e-06,1.123567926697432995e-06,1.213500013363955077e-06
1.214000008076254744e-06,1.123567926697432995e-06,1.214000008076254744e-06
1.214500002788554411e-06,1.123567926697432995e-06,1.214500002788554411e-06
1.214999997500854079e-06,1.123567926697432995e-06,1.214999997500854079e-06
1.215499992213153746e-06,1.123567926697432995e-06,1.215499992213153746e-06
1.215999986925453413e-06,1.123567926697432995e-06,1.215999986925453413e-06
1.216499981637753081e-06,1.123567926697432995e-06,1.216499981637753081e-06
1.216999976350052748e-06,1.123567926697432995e-06,1.216999976350052748e-06
1.217499971062352415e-06,1.123567926697432995e-06,1.217499971062352415e-06
1.217999965774652082e-06,1.123567926697432995e-06,1.217999965774652082e-06
1.218499960486951750e-06,1.123567926697432995e-06,1.218499960486951750e-06
1.218999955199251417e-06,1.123567926697432995e-06,1.218999955199251417e-06
1.219499949911551084e-06,1.123567926697432995e-06,1.219499949911551084e-06
1.219999944623850752e-06,1.123567926697432995e-06,1.219999944623850752e-06
1.220500053022988141e-06,1.123567926697432995e-06,1.220500053022988141e-06
1.221000047735287808e-06,1.123567926697432995e-06,1.221000047735287808e-06
1.221500042447587475e-06,1.123567926697432995e-06,1.221500042447587475e-06
1.222000037159887142e-06,1.123567926697432995e-06,1.222000037159887142e-06
1.222500031872186810e-06,1.123567926697432995e-06,1.222500031872186810e-06
1.223000026584486477e-06,1.123567926697432995e-06,1.223000026584486477e-06
1.223500021296786144e-06,1.123567926697432995e-06,1.223500021296786144e-06
1.224000016009085812e-06,1.123567926697432995e-06,1.224000016009085812e-06
1.224500010721385479e-06,1.123567926697432995e-06,1.224500010721385479e-06
1.225000005433685146e-06,1.123567926697432995e-06,1.225000005433685146e-06
1.225500000145984814e-06,1.123567926697432995e-06,1.225500000145984814e-06
1.225999994858284481e-06,1.123567926697432995e-06,1.225999994858284481e-06
1.226499989570584148e-06,1.123567926697432995e-06,1.226499989570584148e-06
1.226999984282883815e-06,1.123567926697432995e-06,1.226999984282883815e-06
1.227499978995183483e-06,1.123567926697432995e-06,1.227499978995183483e-06
1.227999973707483150e-06,1.123567926697432995e-06,1.227999973707483150e-06
1.228499968419782817e-06,1.123567926697432995e-06,1.228499968419782817e-06
1.228999963132082485e-06,1.123567926697432995e-06,1.228999963132082485e-06
1.229499957844382152e-06,1.123567926697432995e-06,1.229499957844382152e-06
1.229999952556681819e-06,1.123567926697432995e-06,1.229999952556681819e-06
1.230499947268981487e-06,1.123567926697432995e-06,1.230499947268981487e-06
1.231000055668118875e-06,1.123567926697432995e-06,1.231000055668118875e-06
1.231500050380418543e-06,1.123567926697432995e-06,1.231500050380418543e-06
1.232000045092718210e-06,1.123567926697432995e-06,1.232000045092718210e-06
1.232500039805017877e-06,1.123567926697432995e-06,1.232500039805017877e-06
1.233000034517317545e-06,1.123567926697432995e-06,1.233000034517317545e-06
1.233500029229617212e-06,1.123567926697432995e-06,1.233500029229617212e-06
1.234000023941916879e-06,1.123567926697432995e-06,1.234000023941916879e-06
1.234500018654216547e-06,1.123567926697432995e-06,1.234500018654216547e-06
1.235000013366516214e-06,1.123567926697432995e-06,1.235000013366516214e-06
1.235500008078815881e-06,1.123567926697432995e-06,1.235500008078815881e-06
1.236000002791115548e-06,1.123567926697432995e-06,1.236000002791115548e-06
1.236499997503415216e-06,1.123567926697432995e-06,1.236499997503415216e-06
1.236999992215714883e-06,1.123567926697432995e-06,1.236999992215714883e-06
1.237499986928014550e-06,1.123567926697432995e-06,1.237499986928014550e-06
1.237999981640314218e-06,1.123567926697432995e-06,1.237999981640314218e-06
1.238499976352613885e-06,1.123567926697432995e-06,1.238499976352613885e-06
1.238999971064913552e-06,1.123567926697432995e-06,1.238999971064913552e-06
1.239499965777213220e-06,1.123567926697432995e-06,1.239499965777213220e-06
1.239999960489512887e-06,1.123567926697432995e-06,1.239999960489512887e-06
1.240499955201812554e-06,1.123567926697432995e-06,1.240499955201812554e-06
1.240999949914112221e-06,1.123567926697432995e-06,1.240999949914112221e-06
1.241499944626411889e-06,1.123567926697432995e-06,1.241499944626411889e-06
1.242000053025549278e-06,1.123567926697432995e-06,1.242000053025549278e-06
1.242500047737848945e-06,1.123567926697432995e-06,1.242500047737848945e-06
1.243000042450148612e-06,1.123567926697432995e-06,1.243000042450148612e-06
1.243500037162448280e-06,1.123567926697432995e-06,1.243500037162448280e-06
1.244000031874747947e-06,1.123567926697432995e-06,1.244000031874747947e-06
1.244500026587047614e-06,1.123567926697432995e-06,1.244500026587047614e-06
1.245000021299347281e-06,1.123567926697432995e-06,1.245000021299347281e-06
1.245500016011646949e-06,1.123567926697432995e-06,1.245500016011646949e-06
1.246000010723946616e-06,1.123567926697432995e-06,1.246000010723946616e-06
1.246500005436246283e-06,1.123567926697432995e-06,1.246500005436246283e-06
1.247000000148545951e-06,1.123567926697432995e-06,1.247000000148545951e-06
1.247499994860845618e-06,1.123567926697432995e-06,1.247499994860845618e-06
1.247999989573145285e-06,1.123567926697432995e-06,1.247999989573145285e-06
1.248499984285444953e-06,1.123567926697432995e-06,1.248499984285444953e-06
1.248999978997744620e-06,1.123567926697432995e-06,1.248999978997744620e-06
1.249499973710044287e-06,1.123567926697432995e-06,1.249499973710044287e-06
1.249999968422343954e-06,1.123567926697432995e-06,1.249999968422343954e-06
1.250499963134643622e-06,1.123567926697432995e-06,1.250499963134643622e-06
1.250999957846943289e-06,1.123567926697432995e-06,1.250999957846943289e-06
1.251499952559242956e-06,1.123567926697432995e-06,1.251499952559242956e-06
1.251999947271542624e-06,1.123567926697432995e-06,1.251999947271542624e-06
1.252500055670680013e-06,1.123567926697432995e-06,1.252500055670680013e-06
1.253000050382979680e-06,1.123567926697432995e-06,1.253000050382979680e-06
1.253500045095279347e-06,1.123567926697432995e-06,1.253500045095279347e-06
1.254000039807579014e-06,1.123567926697432995e-06,1.254000039807579014e-06
1.254500034519878682e-06,1.123567926697432995e-06,1.254500034519878682e-06
1.255000029232178349e-06,1.123567926697432995e-06,1.255000029232178349e-06
1.255500023944478016e-06,1.123567926697432995e-06,1.255500023944478016e-06
1.256000018656777684e-06,1.123567926697432995e-06,1.256000018656777684e-06
1.256500013369077351e-06,1.123567926697432995e-06,1.256500013369077351e-06
1.257000008081377018e-06,1.123567926697432995e-06,1.257000008081377018e-06
1.257500002793676686e-06,1.123567926697432995e-06,1.257500002793676686e-06
1.257999997505976353e-06,1.123567926697432995e-06,1.257999997505976353e-06
1.258499992218276020e-06,1.123567926697432995e-06,1.258499992218276020e-06
1.258999986930575687e-06,1.123567926697432995e-06,1.258999986930575687e-06
1.259499981642875355e-06,1.123567926697432995e-06,1.259499981642875355e-06
1.259999976355175022e-06,1.123567926697432995e-06,1.259999976355175022e-06
1.260499971067474689e-06,1.123567926697432995e-06,1.260499971067474689e-06
1.260999965779774357e-06,1.123567926697432995e-06,1.260999965779774357e-06
1.261499960492074024e-06,1.123567926697432995e-06,1.261499960492074024e-06
1.261999955204373691e-06,1.123567926697432995e-06,1.261999955204373691e-06
1.262499949916673359e-06,1.123567926697432995e-06,1.262499949916673359e-06
1.262999944628973026e-06,1.123567926697432995e-06,1.262999944628973026e-06
1.263500053028110415e-06,1.123567926697432995e-06,1.263500053028110415e-06
1.264000047740410082e-06,1.123567926697432995e-06,1.264000047740410082e-06
1.264500042452709749e-06,1.123567926697432995e-06,1.264500042452709749e-06
1.265000037165009417e-06,1.123567926697432995e-06,1.265000037165009417e-06
1.265500031877309084e-06,1.123567926697432995e-06,1.265500031877309084e-06
1.266000026589608751e-06,1.123567926697432995e-06,1.266000026589608751e-06
1.266500021301908419e-06,1.123567926697432995e-06,1.266500021301908419e-06
1.267000016014208086e-06,1.123567926697432995e-06,1.267000016014208086e-06
1.267500010726507753e-06,1.123567926697432995e-06,1.267500010726507753e-06
1.268000005438807420e-06,1.123567926697432995e-06,1.268000005438807420e-06
1.268500000151107088e-06,1.123567926697432995e-06,1.268500000151107088e-06
1.268999994863406755e-06,1.123567926697432995e-06,1.268999994863406755e-06
1.269499989575706422e-06,1.123567926697432995e-06,1.269499989575706422e-06
1.269999984288006090e-06,1.123567926697432995e-06,1.269999984288006090e-06
1.270499979000305757e-06,1.123567926697432995e-06,1.270499979000305757e-06
1.270999973712605424e-06,1.123567926697432995e-06,1.270999973712605424e-06
1.271499968424905092e-06,1.123567926697432995e-06,1.271499968424905092e-06
1.271999963137204759e-06,1.123567926697432995e-06,1.271999963137204759e-06
1.272499957849504426e-06,1.123567926697432995e-06,1.272499957849504426e-06
1.272999952561804093e-06,1.123567926697432995e-06,1.272999952561804093e-06
1.273499947274103761e-06,1.123567926697432995e-06,1.273499947274103761e-06
1.274000055673241150e-06,1.123567926697432995e-06,1.274000055673241150e-06
1.274500050385540817e-06,1.123567926697432995e-06,1.274500050385540817e-06
1.275000045097840484e-06,1.123567926697432995e-06,1.275000045097840484e-06
1.275500039810140152e-06,1.123567926697432995e-06,1.275500039810140152e-06
1.276000034522439819e-06,1.123567926697432995e-06,1.276000034522439819e-06
1.276500029234739486e-06,1.123567926697432995e-06,1.276500029234739486e-06
1.277000023947039153e-06,1.123567926697432995e-06,1.277000023947039153e-06
1.277500018659338821e-06,1.123567926697432995e-06,1.277500018659338821e-06
1.278000013371638488e-06,1.123567926697432995e-06,1.278000013371638488e-06
1.278500008083938155e-06,1.123567926697432995e-06,1.278500008083938155e-06
1.279000002796237823e-06,1.123567926697432995e-06,1.279000002796237823e-06
1.279499997508537490e-06,1.123567926697432995e-06,1.279499997508537490e-06
1.279999992220837157e-06,1.123567926697432995e-06,1.279999992220837157e-06
1.280499986933136825e-06,1.123567926697432995e-06,1.280499986933136825e-06
1.280999981645436492e-06,1.123567926697432995e-06,1.280999981645436492e-06
1.281499976357736159e-06,1.123567926697432995e-06,1.281499976357736159e-06
1.281999971070035826e-06,1.123567926697432995e-06,1.281999971070035826e-06
1.282499965782335494e-06,1.123567926697432995e-06,1.282499965782335494e-06
1.282999960494635161e-06,1.123567926697432995e-06,1.282999960494635161e-06
1.283499955206934828e-06,1.123567926697432995e-06,1.283499955206934828e-06
1.283999949919234496e-06,1.123567926697432995e-06,1.283999949919234496e-06
1.284499944631534163e-06,1.123567926697432995e-06,1.284499944631534163e-06
1.285000053030671552e-06,1.123567926697432995e-06,1.285000053030671552e-06
1.285500047742971219e-06,1.123567926697432995e-06,1.285500047742971219e-06
1.286000042455270886e-06,1.123567926697432995e-06,1.286000042455270886e-06
1.286500037167570554e-06,1.123567926697432995e-06,1.286500037167570554e-06
1.287000031879870221e-06,1.123567926697432995e-06,1.287000031879870221e-06
1.287500026592169888e-06,1.123567926697432995e-06,1.287500026592169888e-06
1.288000021304469556e-06,1.123567926697432995e-06,1.288000021304469556e-06
1.288500016016769223e-06,1.123567926697432995e-06,1.288500016016769223e-06
1.289000010729068890e-06,1.123567926697432995e-06,1.289000010729068890e-06
1.289500005441368558e-06,1.123567926697432995e-06,1.289500005441368558e-06
1.290000000153668225e-06,1.123567926697432995e-06,1.290000000153668225e-06
1.290499994865967892e-06,1.123567926697432995e-06,1.290499994865967892e-06
1.290999989578267559e-06,1.123567926697432995e-06,1.290999989578267559e-06
1.291499984290567227e-06,1.123567926697432995e-06,1.291499984290567227e-06
1.291999979002866894e-06,1.123567926697432995e-06,1.291999979002866894e-06
1.292499973715166561e-06,1.123567926697432995e-06,1.292499973715166561e-06
1.292999968427466229e-06,1.123567926697432995e-06,1.292999968427466229e-06
1.293499963139765896e-06,1.123567926697432995e-06,1.293499963139765896e-06
1.293999957852065563e-06,1.123567926697432995e-06,1.293999957852065563e-06
1.294499952564365231e-06,1.123567926697432995e-06,1.294499952564365231e-06
1.294999947276664898e-06,1.123567926697432995e-06,1.294999947276664898e-06
1.295500055675802287e-06,1.123567926697432995e-06,1.295500055675802287e-06
1.296000050388101954e-06,1.123567926697432995e-06,1.296000050388101954e-06
1.296500045100401621e-06,1.123567926697432995e-06,1.296500045100401621e-06
1.297000039812701289e-06,1.123567926697432995e-06,1.297000039812701289e-06
1.297500034525000956e-06,1.123567926697432995e-06,1.297500034525000956e-06
1.298000029237300623e-06,1.123567926697432995e-06,1.298000029237300623e-06
1.298500023949600291e-06,1.123567926697432995e-06,1.298500023949600291e-06
1.299000018661899958e-06,1.123567926697432995e-06,1.299000018661899958e-06
1.299500013374199625e-06,1.123567926697432995e-06,1.299500013374199625e-06
1.300000008086499292e-06,1.123567926697432995e-06,1.300000008086499292e-06
1.300500002798798960e-06,1.123567926697432995e-06,1.300500002798798960e-06
1.300999997511098627e-06,1.123567926697432995e-06,1.300999997511098627e-06
1.301499992223398294e-06,1.123567926697432995e-06,1.301499992223398294e-06
1.301999986935697962e-06,1.123567926697432995e-06,1.301999986935697962e-06
1.302499981647997629e-06,1.123567926697432995e-06,1.302499981647997629e-06
1.302999976360297296e-06,1.123567926697432995e-06,1.302999976360297296e-06
1.303499971072596963e-06,1.123567926697432995e-06,1.303499971072596963e-06
1.303999965784896631e-06,1.123567926697432995e-06,1.303999965784896631e-06
1.304499960497196298e-06,1.123567926697432995e-06,1.304499960497196298e-06
1.304999955209495965e-06,1.123567926697432995e-06,1.304999955209495965e-06
1.305499949921795633e-06,1.123567926697432995e-06,1.305499949921795633e-06
1.305999944634095300e-06,1.123567926697432995e-06,1.305999944634095300e-06
1.306500053033232689e-06,1.123567926697432995e-06,1.306500053033232689e-06
1.307000047745532356e-06,1.123567926697432995e-06,1.307000047745532356e-06
1.307500042457832024e-06,1.123567926697432995e-06,1.307500042457832024e-06
1.308000037170131691e-06,1.123567926697432995e-06,1.308000037170131691e-06
1.308500031882431358e-06,1.123567926697432995e-06,1.308500031882431358e-06
1.309000026594731025e-06,1.123567926697432995e-06,1.309000026594731025e-06
1.309500021307030693e-06,1.123567926697432995e-06,1.309500021307030693e-06
1.310000016019330360e-06,1.123567926697432995e-06,1.310000016019330360e-06
1.310500010731630027e-06,1.123567926697432995e-06,1.310500010731630027e-06
1.311000005443929695e-06,1.310829247813671827e-06,1.311000005443929695e-06
1.311500000156229362e-06,1.310829247813671827e-06,1.311500000156229362e-06
1.311999994868529029e-06,1.310829247813671827e-06,1.311999994868529029e-06
1.312499989580828696e-06,1.310829247813671827e-06,1.312499989580828696e-06
1.312999984293128364e-06,1.310829247813671827e-06,1.312999984293128364e-06
1.313499979005428031e-06,1.310829247813671827e-06,1.313499979005428031e-06
1.313999973717727698e-06,1.310829247813671827e-06,1.313999973717727698e-06
1.314499968430027366e-06,1.310829247813671827e-06,1.314499968430027366e-06
1.314999963142327033e-06,1.310829247813671827e-06,1.314999963142327033e-06
1.315499957854626700e-06,1.310829247813671827e-06,1.315499957854626700e-06
1.315999952566926368e-06,1.310829247813671827e-06,1.315999952566926368e-06
1.316499947279226035e-06,1.310829247813671827e-06,1.316499947279226035e-06
1.317000055678363424e-06,1.310829247813671827e-06,1.317000055678363424e-06
1.317500050390663091e-06,1.310829247813671827e-06,1.317500050390663091e-06
1.318000045102962758e-06,1.310829247813671827e-06,1.318000045102962758e-06
1.318500039815262426e-06,1.310829247813671827e-06,1.318500039815262426e-06
1.319000034527562093e-06,1.310829247813671827e-06,1.319000034527562093e-06
1.319500029239861760e-06,1.310829247813671827e-06,1.319500029239861760e-06
1.320000023952161428e-06,1.310829247813671827e-06,1.320000023952161428e-06
1.320500018664461095e-06,1.310829247813671827e-06,1.320500018664461095e-06
1.321000013376760762e-06,1.310829247813671827e-06,1.321000013376760762e-06
1.321500008089060429e-06,1.310829247813671827e-06,1.321500008089060429e-06
1.322000002801360097e-06,1.310829247813671827e-06,1.322000002801360097e-06
1.322499997513659764e-06,1.310829247813671827e-06,1.322499997513659764e-06
1.322999992225959431e-06,1.310829247813671827e-06,1.322999992225959431e-06
1.323499986938259099e-06,1.310829247813671827e-06,1.323499986938259099e-06
1.323999981650558766e-06,1.310829247813671827e-06,1.323999981650558766e-06
1.324499976362858433e-06,1.310829247813671827e-06,1.324499976362858433e-06
1.324999971075158101e-06,1.310829247813671827e-06,1.324999971075158101e-06
1.325499965787457768e-06,1.310829247813671827e-06,1.325499965787457768e-06
1.325999960499757435e-06,1.310829247813671827e-06,1.325999960499757435e-06
1.326499955212057102e-06,1.310829247813671827e-06,1.326499955212057102e-06
1.326999949924356770e-06,1.310829247813671827e-06,1.326999949924356770e-06
1.327499944636656437e-06,1.310829247813671827e-06,1.327499944636656437e-06
1.328000053035793826e-06,1.310829247813671827e-06,1.328000053035793826e-06
1.328500047748093493e-06,1.310829247813671827e-06,1.328500047748093493e-06
1.329000042460393161e-06,1.310829247813671827e-06,1.329000042460393161e-06
1.329500037172692828e-06,1.310829247813671827e-06,1.329500037172692828e-06
1.330000031884992495e-06,1.310829247813671827e-06,1.330000031884992495e-06
1.330500026597292162e-06,1.310829247813671827e-06,1.330500026597292162e-06
1.331000021309591830e-06,1.310829247813671827e-06,1.331000021309591830e-06
1.331500016021891497e-06,1.310829247813671827e-06,1.331500016021891497e-06
1.332000010734191164e-06,1.310829247813671827e-06,1.332000010734191164e-06
1.332500005446490832e-06,1.310829247813671827e-06,1.332500005446490832e-06
1.333000000158790499e-06,1.310829247813671827e-06,1.333000000158790499e-06
1.333499994871090166e-06,1.310829247813671827e-06,1.333499994871090166e-06
1.333999989583389834e-06,1.310829247813671827e-06,1.333999989583389834e-06
1.334499984295689501e-06,1.310829247813671827e-06,1.334499984295689501e-06
1.334999979007989168e-06,1.310829247813671827e-06,1.334999979007989168e-06
1.335499973720288835e-06,1.310829247813671827e-06,1.335499973720288835e-06
1.335999968432588503e-06,1.310829247813671827e-06,1.335999968432588503e-06
1.336499963144888170e-06,1.310829247813671827e-06,1.336499963144888170e-06
1.336999957857187837e-06,1.310829247813671827e-06,1.336999957857187837e-06
1.337499952569487505e-06,1.310829247813671827e-06,1.337499952569487505e-06
1.337999947281787172e-06,1.310829247813671827e-06,1.337999947281787172e-06
1.338500055680924561e-06,1.310829247813671827e-06,1.338500055680924561e-06
1.339000050393224228e-06,1.310829247813671827e-06,1.339000050393224228e-06
1.339500045105523895e-06,1.310829247813671827e-06,1.339500045105523895e-06
1.340000039817823563e-06,1.310829247813671827e-06,1.340000039817823563e-06
1.340500034530123230e-06,1.310829247813671827e-06,1.340500034530123230e-06
1.341000029242422897e-06,1.310829247813671827e-06,1.341000029242422897e-06
1.341500023954722565e-06,1.310829247813671827e-06,1.341500023954722565e-06
1.342000018667022232e-06,1.310829247813671827e-06,1.342000018667022232e-06
1.342500013379321899e-06,1.310829247813671827e-06,1.342500013379321899e-06
1.343000008091621567e-06,1.310829247813671827e-06,1.343000008091621567e-06
1.343500002803921234e-06,1.310829247813671827e-06,1.343500002803921234e-06
1.343999997516220901e-06,1.310829247813671827e-06,1.343999997516220901e-06
1.344499992228520568e-06,1.310829247813671827e-06,1.344499992228520568e-06
1.344999986940820236e-06,1.310829247813671827e-06,1.344999986940820236e-06
1.345499981653119903e-06,1.310829247813671827e-06,1.345499981653119903e-06
1.345999976365419570e-06,1.310829247813671827e-06,1.345999976365419570e-06
1.346499971077719238e-06,1.310829247813671827e-06,1.346499971077719238e-06
1.346999965790018905e-06,1.310829247813671827e-06,1.346999965790018905e-06
1.347499960502318572e-06,1.310829247813671827e-06,1.347499960502318572e-06
1.347999955214618240e-06,1.310829247813671827e-06,1.347999955214618240e-06
1.348499949926917907e-06,1.310829247813671827e-06,1.348499949926917907e-06
1.348999944639217574e-06,1.310829247813671827e-06,1.348999944639217574e-06
1.349500053038354963e-06,1.310829247813671827e-06,1.349500053038354963e-06
1.350000047750654630e-06,1.310829247813671827e-06,1.350000047750654630e-06
1.350500042462954298e-06,1.310829247813671827e-06,1.350500042462954298e-06
1.351000037175253965e-06,1.310829247813671827e-06,1.351000037175253965e-06
1.351500031887553632e-06,1.310829247813671827e-06,1.351500031887553632e-06
1.352000026599853300e-06,1.310829247813671827e-06,1.352000026599853300e-06
1.352500021312152967e-06,1.310829247813671827e-06,1.352500021312152967e-06
1.353000016024452634e-06,1.310829247813671827e-06,1.353000016024452634e-06
1.353500010736752301e-06,1.310829247813671827e-06,1.353500010736752301e-06
1.354000005449051969e-06,1.310829247813671827e-06,1.354000005449051969e-06
1.354500000161351636e-06,1.310829247813671827e-06,1.354500000161351636e-06
1.354999994873651303e-06,1.310829247813671827e-06,1.354999994873651303e-06
1.355499989585950971e-06,1.310829247813671827e-06,1.355499989585950971e-06
1.355999984298250638e-06,1.310829247813671827e-06,1.355999984298250638e-06
1.356499979010550305e-06,1.310829247813671827e-06,1.356499979010550305e-06
1.356999973722849973e-06,1.310829247813671827e-06,1.356999973722849973e-06
1.357499968435149640e-06,1.310829247813671827e-06,1.357499968435149640e-06
1.357999963147449307e-06,1.310829247813671827e-06,1.357999963147449307e-06
1.358499957859748974e-06,1.310829247813671827e-06,1.358499957859748974e-06
1.358999952572048642e-06,1.310829247813671827e-06,1.358999952572048642e-06
1.359499947284348309e-06,1.310829247813671827e-06,1.359499947284348309e-06
1.360000055683485698e-06,1.310829247813671827e-06,1.360000055683485698e-06
1.360500050395785365e-06,1.310829247813671827e-06,1.360500050395785365e-06
1.361000045108085033e-06,1.310829247813671827e-06,1.361000045108085033e-06
1.361500039820384700e-06,1.310829247813671827e-06,1.361500039820384700e-06
1.362000034532684367e-06,1.310829247813671827e-06,1.362000034532684367e-06
1.362500029244984034e-06,1.310829247813671827e-06,1.362500029244984034e-06
1.363000023957283702e-06,1.310829247813671827e-06,1.363000023957283702e-06
1.363500018669583369e-06,1.310829247813671827e-06,1.363500018669583369e-06
1.364000013381883036e-06,1.310829247813671827e-06,1.364000013381883036e-06
1.364500008094182704e-06,1.310829247813671827e-06,1.364500008094182704e-06
1.365000002806482371e-06,1.310829247813671827e-06,1.365000002806482371e-06
1.365499997518782038e-06,1.310829247813671827e-06,1.365499997518782038e-06
1.365999992231081706e-06,1.310829247813671827e-06,1.365999992231081706e-06
1.366499986943381373e-06,1.310829247813671827e-06,1.366499986943381373e-06
1.366999981655681040e-06,1.310829247813671827e-06,1.366999981655681040e-06
1.367499976367980707e-06,1.310829247813671827e-06,1.367499976367980707e-06
1.367999971080280375e-06,1.310829247813671827e-06,1.367999971080280375e-06
1.368499965792580042e-06,1.310829247813671827e-06,1.368499965792580042e-06
1.368999960504879709e-06,1.310829247813671827e-06,1.368999960504879709e-06
1.369499955217179377e-06,1.310829247813671827e-06,1.369499955217179377e-06
1.369999949929479044e-06,1.310829247813671827e-06,1.369999949929479044e-06
1.370499944641778711e-06,1.310829247813671827e-06,1.370499944641778711e-06
1.371000053040916100e-06,1.310829247813671827e-06,1.371000053040916100e-06
1.371500047753215767e-06,1.310829247813671827e-06,1.371500047753215767e-06
1.372000042465515435e-06,1.310829247813671827e-06,1.372000042465515435e-06
1.372500037177815102e-06,1.310829247813671827e-06,1.372500037177815102e-06
1.373000031890114769e-06,1.310829247813671827e-06,1.373000031890114769e-06
1.373500026602414437e-06,1.310829247813671827e-06,1.373500026602414437e-06
1.374000021314714104e-06,1.310829247813671827e-06,1.374000021314714104e-06
1.374500016027013771e-06,1.310829247813671827e-06,1.374500016027013771e-06
1.375000010739313439e-06,1.310829247813671827e-06,1.375000010739313439e-06
1.375500005451613106e-06,1.310829247813671827e-06,1.375500005451613106e-06
1.376000000163912773e-06,1.310829247813671827e-06,1.376000000163912773e-06
1.376499994876212440e-06,1.310829247813671827e-06,1.376499994876212440e-06
1.376999989588512108e-06,1.310829247813671827e-06,1.376999989588512108e-06
1.377499984300811775e-06,1.310829247813671827e-06,1.377499984300811775e-06
1.377999979013111442e-06,1.310829247813671827e-06,1.377999979013111442e-06
1.378499973725411110e-06,1.310829247813671827e-06,1.378499973725411110e-06
1.378999968437710777e-06,1.310829247813671827e-06,1.378999968437710777e-06
1.379499963150010444e-06,1.310829247813671827e-06,1.379499963150010444e-06
1.379999957862310112e-06,1.310829247813671827e-06,1.379999957862310112e-06
1.380499952574609779e-06,1.310829247813671827e-06,1.380499952574609779e-06
1.380999947286909446e-06,1.310829247813671827e-06,1.380999947286909446e-06
1.381500055686046835e-06,1.310829247813671827e-06,1.381500055686046835e-06
1.382000050398346502e-06,1.310829247813671827e-06,1.382000050398346502e-06
1.382500045110646170e-06,1.310829247813671827e-06,1.382500045110646170e-06
1.383000039822945837e-06,1.310829247813671827e-06,1.383000039822945837e-06
1.383500034535245504e-06,1.310829247813671827e-06,1.383500034535245504e-06
1.384000029247545172e-06,1.310829247813671827e-06,1.384000029247545172e-06
1.384500023959844839e-06,1.310829247813671827e-06,1.384500023959844839e-06
1.385000018672144506e-06,1.310829247813671827e-06,1.385000018672144506e-06
1.385500013384444173e-06,1.310829247813671827e-06,1.385500013384444173e-06
1.386000008096743841e-06,1.310829247813671827e-06,1.386000008096743841e-06
1.386500002809043508e-06,1.310829247813671827e-06,1.386500002809043508e-06
1.386999997521343175e-06,1.310829247813671827e-06,1.386999997521343175e-06
1.387499992233642843e-06,1.310829247813671827e-06,1.387499992233642843e-06
1.387999986945942510e-06,1.310829247813671827e-06,1.387999986945942510e-06
1.388499981658242177e-06,1.310829247813671827e-06,1.388499981658242177e-06
1.388999976370541845e-06,1.310829247813671827e-06,1.388999976370541845e-06
1.389499971082841512e-06,1.310829247813671827e-06,1.389499971082841512e-06
1.389999965795141179e-06,1.310829247813671827e-06,1.389999965795141179e-06
1.390499960507440846e-06,1.310829247813671827e-06,1.390499960507440846e-06
1.390999955219740514e-06,1.310829247813671827e-06,1.390999955219740514e-06
1.391499949932040181e-06,1.310829247813671827e-06,1.391499949932040181e-06
1.391999944644339848e-06,1.310829247813671827e-06,1.391999944644339848e-06
1.392500053043477237e-06,1.310829247813671827e-06,1.392500053043477237e-06
1.393000047755776905e-06,1.310829247813671827e-06,1.393000047755776905e-06
1.393500042468076572e-06,1.310829247813671827e-06,1.393500042468076572e-06
1.394000037180376239e-06,1.310829247813671827e-06,1.394000037180376239e-06
1.394500031892675906e-06,1.310829247813671827e-06,1.394500031892675906e-06
1.395000026604975574e-06,1.310829247813671827e-06,1.395000026604975574e-06
1.395500021317275241e-06,1.310829247813671827e-06,1.395500021317275241e-06
1.396000016029574908e-06,1.310829247813671827e-06,1.396000016029574908e-06
1.396500010741874576e-06,1.310829247813671827e-06,1.396500010741874576e-06
1.397000005454174243e-06,1.310829247813671827e-06,1.397000005454174243e-06
1.397500000166473910e-06,1.310829247813671827e-06,1.397500000166473910e-06
1.397999994878773578e-06,1.310829247813671827e-06,1.397999994878773578e-06
1.398499989591073245e-06,1.310829247813671827e-06,1.398499989591073245e-06
1.398999984303372912e-06,1.310829247813671827e-06,1.398999984303372912e-06
1.399499979015672579e-06,1.310829247813671827e-06,1.399499979015672579e-06
1.399999973727972247e-06,1.310829247813671827e-06,1.399999973727972247e-06
1.400499968440271914e-06,1.310829247813671827e-06,1.400499968440271914e-06
1.400999963152571581e-06,1.310829247813671827e-06,1.400999963152571581e-06
1.401499957864871249e-06,1.310829247813671827e-06,1.401499957864871249e-06
1.401999952577170916e-06,1.310829247813671827e-06,1.401999952577170916e-06
1.402499947289470583e-06,1.310829247813671827e-06,1.402499947289470583e-06
1.403000055688607972e-06,1.310829247813671827e-06,1.403000055688607972e-06
1.403500050400907639e-06,1.310829247813671827e-06,1.403500050400907639e-06
1.404000045113207307e-06,1.310829247813671827e-06,1.404000045113207307e-06
1.404500039825506974e-06,1.310829247813671827e-06,1.404500039825506974e-06
1.405000034537806641e-06,1.310829247813671827e-06,1.405000034537806641e-06
1.405500029250106309e-06,1.310829247813671827e-06,1.405500029250106309e-06
1.406000023962405976e-06,1.310829247813671827e-06,1.406000023962405976e-06
1.406500018674705643e-06,1.310829247813671827e-06,1.406500018674705643e-06
1.407000013387005311e-06,1.310829247813671827e-06,1.407000013387005311e-06
1.407500008099304978e-06,1.310829247813671827e-06,1.407500008099304978e-06
1.408000002811604645e-06,1.310829247813671827e-06,1.408000002811604645e-06
1.408499997523904312e-06,1.310829247813671827e-06,1.408499997523904312e-06
1.408999992236203980e-06,1.310829247813671827e-06,1.408999992236203980e-06
1.409499986948503647e-06,1.310829247813671827e-06,1.409499986948503647e-06
1.409999981660803314e-06,1.310829247813671827e-06,1.409999981660803314e-06
1.410499976373102982e-06,1.310829247813671827e-06,1.410499976373102982e-06
1.410999971085402649e-06,1.310829247813671827e-06,1.410999971085402649e-06
1.411499965797702316e-06,1.310829247813671827e-06,1.411499965797702316e-06
1.411999960510001983e-06,1.310829247813671827e-06,1.411999960510001983e-06
1.412499955222301651e-06,1.310829247813671827e-06,1.412499955222301651e-06
1.412999949934601318e-06,1.310829247813671827e-06,1.412999949934601318e-06
1.413499944646900985e-06,1.310829247813671827e-06,1.413499944646900985e-06
1.414000053046038374e-06,1.310829247813671827e-06,1.414000053046038374e-06
1.414500047758338042e-06,1.310829247813671827e-06,1.414500047758338042e-06
1.415000042470637709e-06,1.310829247813671827e-06,1.415000042470637709e-06
1.415500037182937376e-06,1.310829247813671827e-06,1.415500037182937376e-06
1.416000031895237043e-06,1.310829247813671827e-06,1.416000031895237043e-06
1.416500026607536711e-06,1.310829247813671827e-06,1.416500026607536711e-06
1.417000021319836378e-06,1.310829247813671827e-06,1.417000021319836378e-06
1.417500016032136045e-06,1.310829247813671827e-06,1.417500016032136045e-06
1.418000010744435713e-06,1.310829247813671827e-06,1.418000010744435713e-06
1.418500005456735380e-06,1.310829247813671827e-06,1.418500005456735380e-06
1.419000000169035047e-06,1.310829247813671827e-06,1.419000000169035047e-06
1.419499994881334715e-06,1.310829247813671827e-06,1.419499994881334715e-06
1.419999989593634382e-06,1.310829247813671827e-06,1.419999989593634382e-06
1.420499984305934049e-06,1.310829247813671827e-06,1.420499984305934049e-06
1.420999979018233716e-06,1.310829247813671827e-06,1.420999979018233716e-06
1.421499973730533384e-06,1.310829247813671827e-06,1.421499973730533384e-06
1.421999968442833051e-06,1.310829247813671827e-06,1.421999968442833051e-06
1.422499963155132718e-06,1.310829247813671827e-06,1.422499963155132718e-06
1.422999957867432386e-06,1.310829247813671827e-06,1.422999957867432386e-06
1.423499952579732053e-06,1.310829247813671827e-06,1.423499952579732053e-06
1.423999947292031720e-06,1.310829247813671827e-06,1.423999947292031720e-06
1.424500055691169109e-06,1.310829247813671827e-06,1.424500055691169109e-06
1.425000050403468776e-06,1.310829247813671827e-06,1.425000050403468776e-06
1.425500045115768444e-06,1.310829247813671827e-06,1.425500045115768444e-06
1.426000039828068111e-06,1.310829247813671827e-06,1.426000039828068111e-06
1.426500034540367778e-06,1.310829247813671827e-06,1.426500034540367778e-06
1.427000029252667446e-06,1.310829247813671827e-06,1.427000029252667446e-06
1.427500023964967113e-06,1.310829247813671827e-06,1.427500023964967113e-06
1.428000018677266780e-06,1.310829247813671827e-06,1.428000018677266780e-06
1.428500013389566448e-06,1.310829247813671827e-06,1.428500013389566448e-06
1.429000008101866115e-06,1.310829247813671827e-06,1.429000008101866115e-06
1.429500002814165782e-06,1.310829247813671827e-06,1.429500002814165782e-06
1.429999997526465449e-06,1.310829247813671827e-06,1.429999997526465449e-06
1.430499992238765117e-06,1.310829247813671827e-06,1.430499992238765117e-06
1.430999986951064784e-06,1.310829247813671827e-06,1.430999986951064784e-06
1.431499981663364451e-06,1.310829247813671827e-06,1.431499981663364451e-06
1.431999976375664119e-06,1.310829247813671827e-06,1.431999976375664119e-06
1.432499971087963786e-06,1.310829247813671827e-06,1.432499971087963786e-06
1.432999965800263453e-06,1.310829247813671827e-06,1.432999965800263453e-06
1.433499960512563121e-06,1.310829247813671827e-06,1.433499960512563121e-06
1.433999955224862788e-06,1.310829247813671827e-06,1.433999955224862788e-06
1.434499949937162455e-06,1.310829247813671827e-06,1.434499949937162455e-06
1.434999944649462122e-06,1.310829247813671827e-06,1.434999944649462122e-06
1.435500053048599511e-06,1.310829247813671827e-06,1.435500053048599511e-06
1.436000047760899179e-06,1.310829247813671827e-06,1.436000047760899179e-06
1.436500042473198846e-06,1.310829247813671827e-06,1.436500042473198846e-06
1.437000037185498513e-06,1.310829247813671827e-06,1.437000037185498513e-06
1.437500031897798181e-06,1.310829247813671827e-06,1.437500031897798181e-06
1.438000026610097848e-06,1.310829247813671827e-06,1.438000026610097848e-06
1.438500021322397515e-06,1.310829247813671827e-06,1.438500021322397515e-06
1.439000016034697182e-06,1.310829247813671827e-06,1.439000016034697182e-06
1.439500010746996850e-06,1.310829247813671827e-06,1.439500010746996850e-06
1.440000005459296517e-06,1.310829247813671827e-06,1.440000005459296517e-06
1.440500000171596184e-06,1.310829247813671827e-06,1.440500000171596184e-06
1.440999994883895852e-06,1.310829247813671827e-06,1.440999994883895852e-06
1.441499989596195519e-06,1.310829247813671827e-06,1.441499989596195519e-06
1.441999984308495186e-06,1.310829247813671827e-06,1.441999984308495186e-06
1.442499979020794854e-06,1.310829247813671827e-06,1.442499979020794854e-06
1.442999973733094521e-06,1.310829247813671827e-06,1.442999973733094521e-06
1.443499968445394188e-06,1.310829247813671827e-06,1.443499968445394188e-06
1.443999963157693855e-06,1.310829247813671827e-06,1.443999963157693855e-06
1.444499957869993523e-06,1.310829247813671827e-06,1.444499957869993523e-06
1.444999952582293190e-06,1.310829247813671827e-06,1.444999952582293190e-06
1.445499947294592857e-06,1.310829247813671827e-06,1.445499947294592857e-06
1.446000055693730246e-06,1.310829247813671827e-06,1.446000055693730246e-06
1.446500050406029914e-06,1.310829247813671827e-06,1.446500050406029914e-06
1.447000045118329581e-06,1.310829247813671827e-06,1.447000045118329581e-06
1.447500039830629248e-06,1.310829247813671827e-06,1.447500039830629248e-06
1.448000034542928915e-06,1.310829247813671827e-06,1.448000034542928915e-06
1.448500029255228583e-06,1.310829247813671827e-06,1.448500029255228583e-06
1.449000023967528250e-06,1.310829247813671827e-06,1.449000023967528250e-06
1.449500018679827917e-06,1.310829247813671827e-06,1.449500018679827917e-06
1.450000013392127585e-06,1.310829247813671827e-06,1.450000013392127585e-06
1.450500008104427252e-06,1.310829247813671827e-06,1.450500008104427252e-06
1.451000002816726919e-06,1.310829247813671827e-06,1.451000002816726919e-06
1.451499997529026587e-06,1.310829247813671827e-06,1.451499997529026587e-06
1.451999992241326254e-06,1.310829247813671827e-06,1.451999992241326254e-06
1.452499986953625921e-06,1.310829247813671827e-06,1.452499986953625921e-06
1.452999981665925588e-06,1.310829247813671827e-06,1.452999981665925588e-06
1.453499976378225256e-06,1.310829247813671827e-06,1.453499976378225256e-06
1.453999971090524923e-06,1.310829247813671827e-06,1.453999971090524923e-06
1.454499965802824590e-06,1.310829247813671827e-06,1.454499965802824590e-06
1.454999960515124258e-06,1.310829247813671827e-06,1.454999960515124258e-06
1.455499955227423925e-06,1.310829247813671827e-06,1.455499955227423925e-06
1.455999949939723592e-06,1.310829247813671827e-06,1.455999949939723592e-06
1.456499944652023260e-06,1.310829247813671827e-06,1.456499944652023260e-06
1.457000053051160648e-06,1.310829247813671827e-06,1.457000053051160648e-06
1.457500047763460316e-06,1.310829247813671827e-06,1.457500047763460316e-06
1.458000042475759983e-06,1.310829247813671827e-06,1.458000042475759983e-06
1.458500037188059650e-06,1.310829247813671827e-06,1.458500037188059650e-06
1.459000031900359318e-06,1.310829247813671827e-06,1.459000031900359318e-06
1.459500026612658985e-06,1.310829247813671827e-06,1.459500026612658985e-06
1.460000021324958652e-06,1.310829247813671827e-06,1.460000021324958652e-06
1.460500016037258320e-06,1.310829247813671827e-06,1.460500016037258320e-06
1.461000010749557987e-06,1.310829247813671827e-06,1.461000010749557987e-06
1.461500005461857654e-06,1.310829247813671827e-06,1.461500005461857654e-06
1.462000000174157321e-06,1.310829247813671827e-06,1.462000000174157321e-06
1.462499994886456989e-06,1.310829247813671827e-06,1.462499994886456989e-06
1.462999989598756656e-06,1.310829247813671827e-06,1.462999989598756656e-06
1.463499984311056323e-06,1.310829247813671827e-06,1.463499984311056323e-06
1.463999979023355991e-06,1.310829247813671827e-06,1.463999979023355991e-06
1.464499973735655658e-06,1.310829247813671827e-06,1.464499973735655658e-06
1.464999968447955325e-06,1.310829247813671827e-06,1.464999968447955325e-06
1.465499963160254993e-06,1.310829247813671827e-06,1.465499963160254993e-06
1.465999957872554660e-06,1.310829247813671827e-06,1.465999957872554660e-06
1.466499952584854327e-06,1.310829247813671827e-06,1.466499952584854327e-06
1.466999947297153994e-06,1.310829247813671827e-06,1.466999947297153994e-06
1.467500055696291383e-06,1.310829247813671827e-06,1.467500055696291383e-06
1.468000050408591051e-06,1.310829247813671827e-06,1.468000050408591051e-06
1.468500045120890718e-06,1.310829247813671827e-06,1.468500045120890718e-06
1.469000039833190385e-06,1.310829247813671827e-06,1.469000039833190385e-06
1.469500034545490053e-06,1.310829247813671827e-06,1.469500034545490053e-06
1.470000029257789720e-06,1.310829247813671827e-06,1.470000029257789720e-06
1.470500023970089387e-06,1.310829247813671827e-06,1.470500023970089387e-06
1.471000018682389054e-06,1.310829247813671827e-06,1.471000018682389054e-06
1.471500013394688722e-06,1.310829247813671827e-06,1.471500013394688722e-06
1.472000008106988389e-06,1.310829247813671827e-06,1.472000008106988389e-06
1.472500002819288056e-06,1.310829247813671827e-06,1.472500002819288056e-06
1.472999997531587724e-06,1.310829247813671827e-06,1.472999997531587724e-06
1.473499992243887391e-06,1.310829247813671827e-06,1.473499992243887391e-06
1.473999986956187058e-06,1.310829247813671827e-06,1.473999986956187058e-06
1.474499981668486726e-06,1.310829247813671827e-06,1.474499981668486726e-06
1.474999976380786393e-06,1.310829247813671827e-06,1.474999976380786393e-06
1.475499971093086060e-06,1.310829247813671827e-06,1.475499971093086060e-06
1.475999965805385727e-06,1.310829247813671827e-06,1.475999965805385727e-06
1.476499960517685395e-06,1.310829247813671827e-06,1.476499960517685395e-06
1.476999955229985062e-06,1.310829247813671827e-06,1.476999955229985062e-06
1.477499949942284729e-06,1.310829247813671827e-06,1.477499949942284729e-06
1.477999944654584397e-06,1.310829247813671827e-06,1.477999944654584397e-06
1.478500053053721786e-06,1.310829247813671827e-06,1.478500053053721786e-06
1.479000047766021453e-06,1.310829247813671827e-06,1.479000047766021453e-06
1.479500042478321120e-06,1.310829247813671827e-06,1.479500042478321120e-06
1.480000037190620787e-06,1.310829247813671827e-06,1.480000037190620787e-06
1.480500031902920455e-06,1.310829247813671827e-06,1.480500031902920455e-06
1.481000026615220122e-06,1.310829247813671827e-06,1.481000026615220122e-06
1.481500021327519789e-06,1.310829247813671827e-06,1.481500021327519789e-06
1.482000016039819457e-06,1.310829247813671827e-06,1.482000016039819457e-06
1.482500010752119124e-06,1.310829247813671827e-06,1.482500010752119124e-06
1.483000005464418791e-06,1.310829247813671827e-06,1.483000005464418791e-06
1.483500000176718459e-06,1.310829247813671827e-06,1.483500000176718459e-06
1.483999994889018126e-06,1.310829247813671827e-06,1.483999994889018126e-06
1.484499989601317793e-06,1.310829247813671827e-06,1.484499989601317793e-06
1.484999984313617460e-06,1.310829247813671827e-06,1.484999984313617460e-06
1.485499979025917128e-06,1.310829247813671827e-06,1.485499979025917128e-06
1.485999973738216795e-06,1.310829247813671827e-06,1.485999973738216795e-06
1.486499968450516462e-06,1.310829247813671827e-06,1.486499968450516462e-06
1.486999963162816130e-06,1.310829247813671827e-06,1.486999963162816130e-06
1.487499957875115797e-06,1.310829247813671827e-06,1.487499957875115797e-06
1.487999952587415464e-06,1.310829247813671827e-06,1.487999952587415464e-06
1.488499947299715132e-06,1.310829247813671827e-06,1.488499947299715132e-06
1.489000055698852520e-06,1.310829247813671827e-06,1.489000055698852520e-06
1.489500050411152188e-06,1.310829247813671827e-06,1.489500050411152188e-06
1.490000045123451855e-06,1.310829247813671827e-06,1.490000045123451855e-06
1.490500039835751522e-06,1.310829247813671827e-06,1.490500039835751522e-06
1.491000034548051190e-06,1.310829247813671827e-06,1.491000034548051190e-06
1.491500029260350857e-06,1.310829247813671827e-06,1.491500029260350857e-06
1.492000023972650524e-06,1.310829247813671827e-06,1.492000023972650524e-06
1.492500018684950192e-06,1.310829247813671827e-06,1.492500018684950192e-06
1.493000013397249859e-06,1.310829247813671827e-06,1.493000013397249859e-06
1.493500008109549526e-06,1.310829247813671827e-06,1.493500008109549526e-06
1.494000002821849193e-06,1.310829247813671827e-06,1.494000002821849193e-06
1.494499997534148861e-06,1.310829247813671827e-06,1.494499997534148861e-06
1.494999992246448528e-06,1.310829247813671827e-06,1.494999992246448528e-06
1.495499986958748195e-06,1.310829247813671827e-06,1.495499986958748195e-06
1.495999981671047863e-06,1.310829247813671827e-06,1.495999981671047863e-06
1.496499976383347530e-06,1.310829247813671827e-06,1.496499976383347530e-06
1.496999971095647197e-06,1.310829247813671827e-06,1.496999971095647197e-06
1.497499965807946865e-06,1.310829247813671827e-06,1.497499965807946865e-06
1.497999960520246532e-06,1.310829247813671827e-06,1.497999960520246532e-06
1.498499955232546199e-06,1.498090568929910660e-06,1.498499955232546199e-06
1.498999949944845866e-06,1.498090568929910660e-06,1.498999949944845866e-06
1.499499944657145534e-06,1.498090568929910660e-06,1.499499944657145534e-06
1.500000053056282923e-06,1.498090568929910660e-06,1.500000053056282923e-06
1.500500047768582590e-06,1.498090568929910660e-06,1.500500047768582590e-06
1.501000042480882257e-06,1.498090568929910660e-06,1.501000042480882257e-06
1.501500037193181925e-06,1.498090568929910660e-06,1.501500037193181925e-06
1.502000031905481592e-06,1.498090568929910660e-06,1.502000031905481592e-06
1.502500026617781259e-06,1.498090568929910660e-06,1.502500026617781259e-06
1.503000021330080926e-06,1.498090568929910660e-06,1.503000021330080926e-06
1.503500016042380594e-06,1.498090568929910660e-06,1.503500016042380594e-06
1.504000010754680261e-06,1.498090568929910660e-06,1.504000010754680261e-06
1.504500005466979928e-06,1.498090568929910660e-06,1.504500005466979928e-06
1.505000000179279596e-06,1.498090568929910660e-06,1.505000000179279596e-06
1.505499994891579263e-06,1.498090568929910660e-06,1.505499994891579263e-06
1.505999989603878930e-06,1.498090568929910660e-06,1.505999989603878930e-06
1.506499984316178598e-06,1.498090568929910660e-06,1.506499984316178598e-06
1.506999979028478265e-06,1.498090568929910660e-06,1.506999979028478265e-06
1.507499973740777932e-06,1.498090568929910660e-06,1.507499973740777932e-06
1.507999968453077599e-06,1.498090568929910660e-06,1.507999968453077599e-06
1.508499963165377267e-06,1.498090568929910660e-06,1.508499963165377267e-06
1.508999957877676934e-06,1.498090568929910660e-06,1.508999957877676934e-06
1.509499952589976601e-06,1.498090568929910660e-06,1.509499952589976601e-06
1.509999947302276269e-06,1.498090568929910660e-06,1.509999947302276269e-06
1.510500055701413658e-06,1.498090568929910660e-06,1.510500055701413658e-06
1.511000050413713325e-06,1.498090568929910660e-06,1.511000050413713325e-06
1.511500045126012992e-06,1.498090568929910660e-06,1.511500045126012992e-06
1.512000039838312659e-06,1.498090568929910660e-06,1.512000039838312659e-06
1.512500034550612327e-06,1.498090568929910660e-06,1.512500034550612327e-06
1.513000029262911994e-06,1.498090568929910660e-06,1.513000029262911994e-06
1.513500023975211661e-06,1.498090568929910660e-06,1.513500023975211661e-06
1.514000018687511329e-06,1.498090568929910660e-06,1.514000018687511329e-06
1.514500013399810996e-06,1.498090568929910660e-06,1.514500013399810996e-06
1.515000008112110663e-06,1.498090568929910660e-06,1.515000008112110663e-06
1.515500002824410331e-06,1.498090568929910660e-06,1.515500002824410331e-06
1.515999997536709998e-06,1.498090568929910660e-06,1.515999997536709998e-06
1.516499992249009665e-06,1.498090568929910660e-06,1.516499992249009665e-06
1.516999986961309332e-06,1.498090568929910660e-06,1.516999986961309332e-06
1.517499981673609000e-06,1.498090568929910660e-06,1.517499981673609000e-06
1.517999976385908667e-06,1.498090568929910660e-06,1.517999976385908667e-06
1.518499971098208334e-06,1.498090568929910660e-06,1.518499971098208334e-06
1.518999965810508002e-06,1.498090568929910660e-06,1.518999965810508002e-06
1.519499960522807669e-06,1.498090568929910660e-06,1.519499960522807669e-06
1.519999955235107336e-06,1.498090568929910660e-06,1.519999955235107336e-06
1.520499949947407003e-06,1.498090568929910660e-06,1.520499949947407003e-06
1.520999944659706671e-06,1.498090568929910660e-06,1.520999944659706671e-06
1.521500053058844060e-06,1.498090568929910660e-06,1.521500053058844060e-06
1.522000047771143727e-06,1.498090568929910660e-06,1.522000047771143727e-06
1.522500042483443394e-06,1.498090568929910660e-06,1.522500042483443394e-06
1.523000037195743062e-06,1.498090568929910660e-06,1.523000037195743062e-06
1.523500031908042729e-06,1.498090568929910660e-06,1.523500031908042729e-06
1.524000026620342396e-06,1.498090568929910660e-06,1.524000026620342396e-06
1.524500021332642063e-06,1.498090568929910660e-06,1.524500021332642063e-06
1.525000016044941731e-06,1.498090568929910660e-06,1.525000016044941731e-06
1.525500010757241398e-06,1.498090568929910660e-06,1.525500010757241398e-06
1.526000005469541065e-06,1.498090568929910660e-06,1.526000005469541065e-06
1.526500000181840733e-06,1.498090568929910660e-06,1.526500000181840733e-06
1.526999994894140400e-06,1.498090568929910660e-06,1.526999994894140400e-06
1.527499989606440067e-06,1.498090568929910660e-06,1.527499989606440067e-06
1.527999984318739735e-06,1.498090568929910660e-06,1.527999984318739735e-06
1.528499979031039402e-06,1.498090568929910660e-06,1.528499979031039402e-06
1.528999973743339069e-06,1.498090568929910660e-06,1.528999973743339069e-06
1.529499968455638736e-06,1.498090568929910660e-06,1.529499968455638736e-06
1.529999963167938404e-06,1.498090568929910660e-06,1.529999963167938404e-06
1.530499957880238071e-06,1.498090568929910660e-06,1.530499957880238071e-06
1.530999952592537738e-06,1.498090568929910660e-06,1.530999952592537738e-06
1.531499947304837406e-06,1.498090568929910660e-06,1.531499947304837406e-06
1.532000055703974795e-06,1.498090568929910660e-06,1.532000055703974795e-06
1.532500050416274462e-06,1.498090568929910660e-06,1.532500050416274462e-06
1.533000045128574129e-06,1.498090568929910660e-06,1.533000045128574129e-06
1.533500039840873796e-06,1.498090568929910660e-06,1.533500039840873796e-06
1.534000034553173464e-06,1.498090568929910660e-06,1.534000034553173464e-06
1.534500029265473131e-06,1.498090568929910660e-06,1.534500029265473131e-06
1.535000023977772798e-06,1.498090568929910660e-06,1.535000023977772798e-06
1.535500018690072466e-06,1.498090568929910660e-06,1.535500018690072466e-06
1.536000013402372133e-06,1.498090568929910660e-06,1.536000013402372133e-06
1.536500008114671800e-06,1.498090568929910660e-06,1.536500008114671800e-06
1.537000002826971468e-06,1.498090568929910660e-06,1.537000002826971468e-06
1.537499997539271135e-06,1.498090568929910660e-06,1.537499997539271135e-06
1.537999992251570802e-06,1.498090568929910660e-06,1.537999992251570802e-06
1.538499986963870469e-06,1.498090568929910660e-06,1.538499986963870469e-06
1.538999981676170137e-06,1.498090568929910660e-06,1.538999981676170137e-06
1.539499976388469804e-06,1.498090568929910660e-06,1.539499976388469804e-06
1.539999971100769471e-06,1.498090568929910660e-06,1.539999971100769471e-06
1.540499965813069139e-06,1.498090568929910660e-06,1.540499965813069139e-06
1.540999960525368806e-06,1.498090568929910660e-06,1.540999960525368806e-06
1.541499955237668473e-06,1.498090568929910660e-06,1.541499955237668473e-06
1.541999949949968141e-06,1.498090568929910660e-06,1.541999949949968141e-06
1.542499944662267808e-06,1.498090568929910660e-06,1.542499944662267808e-06
1.543000053061405197e-06,1.498090568929910660e-06,1.543000053061405197e-06
1.543500047773704864e-06,1.498090568929910660e-06,1.543500047773704864e-06
1.544000042486004531e-06,1.498090568929910660e-06,1.544000042486004531e-06
1.544500037198304199e-06,1.498090568929910660e-06,1.544500037198304199e-06
1.545000031910603866e-06,1.498090568929910660e-06,1.545000031910603866e-06
1.545500026622903533e-06,1.498090568929910660e-06,1.545500026622903533e-06
1.546000021335203201e-06,1.498090568929910660e-06,1.546000021335203201e-06
1.546500016047502868e-06,1.498090568929910660e-06,1.546500016047502868e-06
1.547000010759802535e-06,1.498090568929910660e-06,1.547000010759802535e-06
1.547500005472102202e-06,1.498090568929910660e-06,1.547500005472102202e-06
1.548000000184401870e-06,1.498090568929910660e-06,1.548000000184401870e-06
1.548499994896701537e-06,1.498090568929910660e-06,1.548499994896701537e-06
1.548999989609001204e-06,1.498090568929910660e-06,1.548999989609001204e-06
1.549499984321300872e-06,1.498090568929910660e-06,1.549499984321300872e-06
1.549999979033600539e-06,1.498090568929910660e-06,1.549999979033600539e-06
1.550499973745900206e-06,1.498090568929910660e-06,1.550499973745900206e-06
1.550999968458199874e-06,1.498090568929910660e-06,1.550999968458199874e-06
1.551499963170499541e-06,1.498090568929910660e-06,1.551499963170499541e-06
1.551999957882799208e-06,1.498090568929910660e-06,1.551999957882799208e-06
1.552499952595098875e-06,1.498090568929910660e-06,1.552499952595098875e-06
1.552999947307398543e-06,1.498090568929910660e-06,1.552999947307398543e-06
1.553500055706535932e-06,1.498090568929910660e-06,1.553500055706535932e-06
1.554000050418835599e-06,1.498090568929910660e-06,1.554000050418835599e-06
1.554500045131135266e-06,1.498090568929910660e-06,1.554500045131135266e-06
1.555000039843434934e-06,1.498090568929910660e-06,1.555000039843434934e-06
1.555500034555734601e-06,1.498090568929910660e-06,1.555500034555734601e-06
1.556000029268034268e-06,1.498090568929910660e-06,1.556000029268034268e-06
1.556500023980333935e-06,1.498090568929910660e-06,1.556500023980333935e-06
1.557000018692633603e-06,1.498090568929910660e-06,1.557000018692633603e-06
1.557500013404933270e-06,1.498090568929910660e-06,1.557500013404933270e-06
1.558000008117232937e-06,1.498090568929910660e-06,1.558000008117232937e-06
1.558500002829532605e-06,1.498090568929910660e-06,1.558500002829532605e-06
1.558999997541832272e-06,1.498090568929910660e-06,1.558999997541832272e-06
1.559499992254131939e-06,1.498090568929910660e-06,1.559499992254131939e-06
1.559999986966431607e-06,1.498090568929910660e-06,1.559999986966431607e-06
1.560499981678731274e-06,1.498090568929910660e-06,1.560499981678731274e-06
1.560999976391030941e-06,1.498090568929910660e-06,1.560999976391030941e-06
1.561499971103330608e-06,1.498090568929910660e-06,1.561499971103330608e-06
1.561999965815630276e-06,1.498090568929910660e-06,1.561999965815630276e-06
1.562499960527929943e-06,1.498090568929910660e-06,1.562499960527929943e-06
1.562999955240229610e-06,1.498090568929910660e-06,1.562999955240229610e-06
1.563499949952529278e-06,1.498090568929910660e-06,1.563499949952529278e-06
1.563999944664828945e-06,1.498090568929910660e-06,1.563999944664828945e-06
1.564500053063966334e-06,1.498090568929910660e-06,1.564500053063966334e-06
1.565000047776266001e-06,1.498090568929910660e-06,1.565000047776266001e-06
1.565500042488565668e-06,1.498090568929910660e-06,1.565500042488565668e-06
1.566000037200865336e-06,1.498090568929910660e-06,1.566000037200865336e-06
1.566500031913165003e-06,1.498090568929910660e-06,1.566500031913165003e-06
1.567000026625464670e-06,1.498090568929910660e-06,1.567000026625464670e-06
1.567500021337764338e-06,1.498090568929910660e-06,1.567500021337764338e-06
1.568000016050064005e-06,1.498090568929910660e-06,1.568000016050064005e-06
1.568500010762363672e-06,1.498090568929910660e-06,1.568500010762363672e-06
1.569000005474663340e-06,1.498090568929910660e-06,1.569000005474663340e-06
1.569500000186963007e-06,1.498090568929910660e-06,1.569500000186963007e-06
1.569999994899262674e-06,1.498090568929910660e-06,1.569999994899262674e-06
1.570499989611562341e-06,1.498090568929910660e-06,1.570499989611562341e-06
1.570999984323862009e-06,1.498090568929910660e-06,1.570999984323862009e-06
1.571499979036161676e-06,1.498090568929910660e-06,1.571499979036161676e-06
1.571999973748461343e-06,1.498090568929910660e-06,1.571999973748461343e-06
1.572499968460761011e-06,1.498090568929910660e-06,1.572499968460761011e-06
1.572999963173060678e-06,1.498090568929910660e-06,1.572999963173060678e-06
1.573499957885360345e-06,1.498090568929910660e-06,1.573499957885360345e-06
1.573999952597660013e-06,1.498090568929910660e-06,1.573999952597660013e-06
1.574499947309959680e-06,1.498090568929910660e-06,1.574499947309959680e-06
1.575000055709097069e-06,1.498090568929910660e-06,1.575000055709097069e-06
1.575500050421396736e-06,1.498090568929910660e-06,1.575500050421396736e-06
1.576000045133696403e-06,1.498090568929910660e-06,1.576000045133696403e-06
1.576500039845996071e-06,1.498090568929910660e-06,1.576500039845996071e-06
1.577000034558295738e-06,1.498090568929910660e-06,1.577000034558295738e-06
1.577500029270595405e-06,1.498090568929910660e-06,1.577500029270595405e-06
1.578000023982895073e-06,1.498090568929910660e-06,1.578000023982895073e-06
1.578500018695194740e-06,1.498090568929910660e-06,1.578500018695194740e-06
1.579000013407494407e-06,1.498090568929910660e-06,1.579000013407494407e-06
1.579500008119794074e-06,1.498090568929910660e-06,1.579500008119794074e-06
1.580000002832093742e-06,1.498090568929910660e-06,1.580000002832093742e-06
1.580499997544393409e-06,1.498090568929910660e-06,1.580499997544393409e-06
1.580999992256693076e-06,1.498090568929910660e-06,1.580999992256693076e-06
1.581499986968992744e-06,1.498090568929910660e-06,1.581499986968992744e-06
1.581999981681292411e-06,1.498090568929910660e-06,1.581999981681292411e-06
1.582499976393592078e-06,1.498090568929910660e-06,1.582499976393592078e-06
1.582999971105891746e-06,1.498090568929910660e-06,1.582999971105891746e-06
1.583499965818191413e-06,1.498090568929910660e-06,1.583499965818191413e-06
1.583999960530491080e-06,1.498090568929910660e-06,1.583999960530491080e-06
1.584499955242790747e-06,1.498090568929910660e-06,1.584499955242790747e-06
1.584999949955090415e-06,1.498090568929910660e-06,1.584999949955090415e-06
1.585499944667390082e-06,1.498090568929910660e-06,1.585499944667390082e-06
1.586000053066527471e-06,1.498090568929910660e-06,1.586000053066527471e-06
1.586500047778827138e-06,1.498090568929910660e-06,1.586500047778827138e-06
1.587000042491126806e-06,1.498090568929910660e-06,1.587000042491126806e-06
1.587500037203426473e-06,1.498090568929910660e-06,1.587500037203426473e-06
1.588000031915726140e-06,1.498090568929910660e-06,1.588000031915726140e-06
1.588500026628025807e-06,1.498090568929910660e-06,1.588500026628025807e-06
1.589000021340325475e-06,1.498090568929910660e-06,1.589000021340325475e-06
1.589500016052625142e-06,1.498090568929910660e-06,1.589500016052625142e-06
1.590000010764924809e-06,1.498090568929910660e-06,1.590000010764924809e-06
1.590500005477224477e-06,1.498090568929910660e-06,1.590500005477224477e-06
1.591000000189524144e-06,1.498090568929910660e-06,1.591000000189524144e-06
1.591499994901823811e-06,1.498090568929910660e-06,1.591499994901823811e-06
1.591999989614123479e-06,1.498090568929910660e-06,1.591999989614123479e-06
1.592499984326423146e-06,1.498090568929910660e-06,1.592499984326423146e-06
1.592999979038722813e-06,1.498090568929910660e-06,1.592999979038722813e-06
1.593499973751022480e-06,1.498090568929910660e-06,1.593499973751022480e-06
1.593999968463322148e-06,1.498090568929910660e-06,1.593999968463322148e-06
1.594499963175621815e-06,1.498090568929910660e-06,1.594499963175621815e-06
1.594999957887921482e-06,1.498090568929910660e-06,1.594999957887921482e-06
1.595499952600221150e-06,1.498090568929910660e-06,1.595499952600221150e-06
1.595999947312520817e-06,1.498090568929910660e-06,1.595999947312520817e-06
1.596500055711658206e-06,1.498090568929910660e-06,1.596500055711658206e-06
1.597000050423957873e-06,1.498090568929910660e-06,1.597000050423957873e-06
1.597500045136257540e-06,1.498090568929910660e-06,1.597500045136257540e-06
1.598000039848557208e-06,1.498090568929910660e-06,1.598000039848557208e-06
1.598500034560856875e-06,1.498090568929910660e-06,1.598500034560856875e-06
1.599000029273156542e-06,1.498090568929910660e-06,1.599000029273156542e-06
1.599500023985456210e-06,1.498090568929910660e-06,1.599500023985456210e-06
1.600000018697755877e-06,1.498090568929910660e-06,1.600000018697755877e-06
1.600500013410055544e-06,1.498090568929910660e-06,1.600500013410055544e-06
1.601000008122355212e-06,1.498090568929910660e-06,1.601000008122355212e-06
1.601500002834654879e-06,1.498090568929910660e-06,1.601500002834654879e-06
1.601999997546954546e-06,1.498090568929910660e-06,1.601999997546954546e-06
1.602499992259254213e-06,1.498090568929910660e-06,1.602499992259254213e-06
1.602999986971553881e-06,1.498090568929910660e-06,1.602999986971553881e-06
1.603499981683853548e-06,1.498090568929910660e-06,1.603499981683853548e-06
1.603999976396153215e-06,1.498090568929910660e-06,1.603999976396153215e-06
1.604499971108452883e-06,1.498090568929910660e-06,1.604499971108452883e-06
1.604999965820752550e-06,1.498090568929910660e-06,1.604999965820752550e-06
1.605499960533052217e-06,1.498090568929910660e-06,1.605499960533052217e-06
1.605999955245351885e-06,1.498090568929910660e-06,1.605999955245351885e-06
1.606499949957651552e-06,1.498090568929910660e-06,1.606499949957651552e-06
1.606999944669951219e-06,1.498090568929910660e-06,1.606999944669951219e-06
1.607500053069088608e-06,1.498090568929910660e-06,1.607500053069088608e-06
1.608000047781388275e-06,1.498090568929910660e-06,1.608000047781388275e-06
1.608500042493687943e-06,1.498090568929910660e-06,1.608500042493687943e-06
1.609000037205987610e-06,1.498090568929910660e-06,1.609000037205987610e-06
1.609500031918287277e-06,1.498090568929910660e-06,1.609500031918287277e-06
1.610000026630586945e-06,1.498090568929910660e-06,1.610000026630586945e-06
1.610500021342886612e-06,1.498090568929910660e-06,1.610500021342886612e-06
1.611000016055186279e-06,1.498090568929910660e-06,1.611000016055186279e-06
1.611500010767485946e-06,1.498090568929910660e-06,1.611500010767485946e-06
1.612000005479785614e-06,1.498090568929910660e-06,1.612000005479785614e-06
1.612500000192085281e-06,1.498090568929910660e-06,1.612500000192085281e-06
1.612999994904384948e-06,1.498090568929910660e-06,1.612999994904384948e-06
1.613499989616684616e-06,1.498090568929910660e-06,1.613499989616684616e-06
1.613999984328984283e-06,1.498090568929910660e-06,1.613999984328984283e-06
1.614499979041283950e-06,1.498090568929910660e-06,1.614499979041283950e-06
1.614999973753583618e-06,1.498090568929910660e-06,1.614999973753583618e-06
1.615499968465883285e-06,1.498090568929910660e-06,1.615499968465883285e-06
1.615999963178182952e-06,1.498090568929910660e-06,1.615999963178182952e-06
1.616499957890482619e-06,1.498090568929910660e-06,1.616499957890482619e-06
1.616999952602782287e-06,1.498090568929910660e-06,1.616999952602782287e-06
1.617499947315081954e-06,1.498090568929910660e-06,1.617499947315081954e-06
1.618000055714219343e-06,1.498090568929910660e-06,1.618000055714219343e-06
1.618500050426519010e-06,1.498090568929910660e-06,1.618500050426519010e-06
1.619000045138818678e-06,1.498090568929910660e-06,1.619000045138818678e-06
1.619500039851118345e-06,1.498090568929910660e-06,1.619500039851118345e-06
1.620000034563418012e-06,1.498090568929910660e-06,1.620000034563418012e-06
1.620500029275717679e-06,1.498090568929910660e-06,1.620500029275717679e-06
1.621000023988017347e-06,1.498090568929910660e-06,1.621000023988017347e-06
1.621500018700317014e-06,1.498090568929910660e-06,1.621500018700317014e-06
1.622000013412616681e-06,1.498090568929910660e-06,1.622000013412616681e-06
1.622500008124916349e-06,1.498090568929910660e-06,1.622500008124916349e-06
1.623000002837216016e-06,1.498090568929910660e-06,1.623000002837216016e-06
1.623499997549515683e-06,1.498090568929910660e-06,1.623499997549515683e-06
1.623999992261815351e-06,1.498090568929910660e-06,1.623999992261815351e-06
1.624499986974115018e-06,1.498090568929910660e-06,1.624499986974115018e-06
1.624999981686414685e-06,1.498090568929910660e-06,1.624999981686414685e-06
1.625499976398714352e-06,1.498090568929910660e-06,1.625499976398714352e-06
1.625999971111014020e-06,1.498090568929910660e-06,1.625999971111014020e-06
1.626499965823313687e-06,1.498090568929910660e-06,1.626499965823313687e-06
1.626999960535613354e-06,1.498090568929910660e-06,1.626999960535613354e-06
1.627499955247913022e-06,1.498090568929910660e-06,1.627499955247913022e-06
1.627999949960212689e-06,1.498090568929910660e-06,1.627999949960212689e-06
1.628499944672512356e-06,1.498090568929910660e-06,1.628499944672512356e-06
1.629000053071649745e-06,1.498090568929910660e-06,1.629000053071649745e-06
1.629500047783949412e-06,1.498090568929910660e-06,1.629500047783949412e-06
1.630000042496249080e-06,1.498090568929910660e-06,1.630000042496249080e-06
1.630500037208548747e-06,1.498090568929910660e-06,1.630500037208548747e-06
1.631000031920848414e-06,1.498090568929910660e-06,1.631000031920848414e-06
1.631500026633148082e-06,1.498090568929910660e-06,1.631500026633148082e-06
1.632000021345447749e-06,1.498090568929910660e-06,1.632000021345447749e-06
1.632500016057747416e-06,1.498090568929910660e-06,1.632500016057747416e-06
1.633000010770047083e-06,1.498090568929910660e-06,1.633000010770047083e-06
1.633500005482346751e-06,1.498090568929910660e-06,1.633500005482346751e-06
1.634000000194646418e-06,1.498090568929910660e-06,1.634000000194646418e-06
1.634499994906946085e-06,1.498090568929910660e-06,1.634499994906946085e-06
1.634999989619245753e-06,1.498090568929910660e-06,1.634999989619245753e-06
1.635499984331545420e-06,1.498090568929910660e-06,1.635499984331545420e-06
1.635999979043845087e-06,1.498090568929910660e-06,1.635999979043845087e-06
1.636499973756144755e-06,1.498090568929910660e-06,1.636499973756144755e-06
1.636999968468444422e-06,1.498090568929910660e-06,1.636999968468444422e-06
1.637499963180744089e-06,1.498090568929910660e-06,1.637499963180744089e-06
1.637999957893043756e-06,1.498090568929910660e-06,1.637999957893043756e-06
1.638499952605343424e-06,1.498090568929910660e-06,1.638499952605343424e-06
1.638999947317643091e-06,1.498090568929910660e-06,1.638999947317643091e-06
1.639500055716780480e-06,1.498090568929910660e-06,1.639500055716780480e-06
1.640000050429080147e-06,1.498090568929910660e-06,1.640000050429080147e-06
1.640500045141379815e-06,1.498090568929910660e-06,1.640500045141379815e-06
1.641000039853679482e-06,1.498090568929910660e-06,1.641000039853679482e-06
1.641500034565979149e-06,1.498090568929910660e-06,1.641500034565979149e-06
1.642000029278278816e-06,1.498090568929910660e-06,1.642000029278278816e-06
1.642500023990578484e-06,1.498090568929910660e-06,1.642500023990578484e-06
1.643000018702878151e-06,1.498090568929910660e-06,1.643000018702878151e-06
1.643500013415177818e-06,1.498090568929910660e-06,1.643500013415177818e-06
1.644000008127477486e-06,1.498090568929910660e-06,1.644000008127477486e-06
1.644500002839777153e-06,1.498090568929910660e-06,1.644500002839777153e-06
1.644999997552076820e-06,1.498090568929910660e-06,1.644999997552076820e-06
1.645499992264376488e-06,1.498090568929910660e-06,1.645499992264376488e-06
1.645999986976676155e-06,1.498090568929910660e-06,1.645999986976676155e-06
1.646499981688975822e-06,1.498090568929910660e-06,1.646499981688975822e-06
1.646999976401275489e-06,1.498090568929910660e-06,1.646999976401275489e-06
1.647499971113575157e-06,1.498090568929910660e-06,1.647499971113575157e-06
1.647999965825874824e-06,1.498090568929910660e-06,1.647999965825874824e-06
1.648499960538174491e-06,1.498090568929910660e-06,1.648499960538174491e-06
1.648999955250474159e-06,1.498090568929910660e-06,1.648999955250474159e-06
1.649499949962773826e-06,1.498090568929910660e-06,1.649499949962773826e-06
1.649999944675073493e-06,1.498090568929910660e-06,1.649999944675073493e-06
1.650500053074210882e-06,1.498090568929910660e-06,1.650500053074210882e-06
1.651000047786510549e-06,1.498090568929910660e-06,1.651000047786510549e-06
1.651500042498810217e-06,1.498090568929910660e-06,1.651500042498810217e-06
1.652000037211109884e-06,1.498090568929910660e-06,1.652000037211109884e-06
1.652500031923409551e-06,1.498090568929910660e-06,1.652500031923409551e-06
1.653000026635709219e-06,1.498090568929910660e-06,1.653000026635709219e-06
1.653500021348008886e-06,1.498090568929910660e-06,1.653500021348008886e-06
1.654000016060308553e-06,1.498090568929910660e-06,1.654000016060308553e-06
1.654500010772608221e-06,1.498090568929910660e-06,1.654500010772608221e-06
1.655000005484907888e-06,1.498090568929910660e-06,1.655000005484907888e-06
1.655500000197207555e-06,1.498090568929910660e-06,1.655500000197207555e-06
1.655999994909507222e-06,1.498090568929910660e-06,1.655999994909507222e-06
1.656499989621806890e-06,1.498090568929910660e-06,1.656499989621806890e-06
1.656999984334106557e-06,1.498090568929910660e-06,1.656999984334106557e-06
1.657499979046406224e-06,1.498090568929910660e-06,1.657499979046406224e-06
1.657999973758705892e-06,1.498090568929910660e-06,1.657999973758705892e-06
1.658499968471005559e-06,1.498090568929910660e-06,1.658499968471005559e-06
1.658999963183305226e-06,1.498090568929910660e-06,1.658999963183305226e-06
1.659499957895604894e-06,1.498090568929910660e-06,1.659499957895604894e-06
1.659999952607904561e-06,1.498090568929910660e-06,1.659999952607904561e-06
1.660499947320204228e-06,1.498090568929910660e-06,1.660499947320204228e-06
1.661000055719341617e-06,1.498090568929910660e-06,1.661000055719341617e-06
1.661500050431641284e-06,1.498090568929910660e-06,1.661500050431641284e-06
1.662000045143940952e-06,1.498090568929910660e-06,1.662000045143940952e-06
1.662500039856240619e-06,1.498090568929910660e-06,1.662500039856240619e-06
1.663000034568540286e-06,1.498090568929910660e-06,1.663000034568540286e-06
1.663500029280839954e-06,1.498090568929910660e-06,1.663500029280839954e-06
1.664000023993139621e-06,1.498090568929910660e-06,1.664000023993139621e-06
1.664500018705439288e-06,1.498090568929910660e-06,1.664500018705439288e-06
1.665000013417738955e-06,1.498090568929910660e-06,1.665000013417738955e-06
1.665500008130038623e-06,1.498090568929910660e-06,1.665500008130038623e-06
1.666000002842338290e-06,1.498090568929910660e-06,1.666000002842338290e-06
1.666499997554637957e-06,1.498090568929910660e-06,1.666499997554637957e-06
1.666999992266937625e-06,1.498090568929910660e-06,1.666999992266937625e-06
1.667499986979237292e-06,1.498090568929910660e-06,1.667499986979237292e-06
1.667999981691536959e-06,1.498090568929910660e-06,1.667999981691536959e-06
1.668499976403836627e-06,1.498090568929910660e-06,1.668499976403836627e-06
1.668999971116136294e-06,1.498090568929910660e-06,1.668999971116136294e-06
1.669499965828435961e-06,1.498090568929910660e-06,1.669499965828435961e-06
1.669999960540735628e-06,1.498090568929910660e-06,1.669999960540735628e-06
1.670499955253035296e-06,1.498090568929910660e-06,1.670499955253035296e-06
1.670999949965334963e-06,1.498090568929910660e-06,1.670999949965334963e-06
1.671499944677634630e-06,1.498090568929910660e-06,1.671499944677634630e-06
1.672000053076772019e-06,1.498090568929910660e-06,1.672000053076772019e-06
1.672500047789071687e-06,1.498090568929910660e-06,1.672500047789071687e-06
1.673000042501371354e-06,1.498090568929910660e-06,1.673000042501371354e-06
1.673500037213671021e-06,1.498090568929910660e-06,1.673500037213671021e-06
1.674000031925970688e-06,1.498090568929910660e-06,1.674000031925970688e-06
1.674500026638270356e-06,1.498090568929910660e-06,1.674500026638270356e-06
1.675000021350570023e-06,1.498090568929910660e-06,1.675000021350570023e-06
1.675500016062869690e-06,1.498090568929910660e-06,1.675500016062869690e-06
1.676000010775169358e-06,1.498090568929910660e-06,1.676000010775169358e-06
1.676500005487469025e-06,1.498090568929910660e-06,1.676500005487469025e-06
1.677000000199768692e-06,1.498090568929910660e-06,1.677000000199768692e-06
1.677499994912068360e-06,1.498090568929910660e-06,1.677499994912068360e-06
1.677999989624368027e-06,1.498090568929910660e-06,1.677999989624368027e-06
1.678499984336667694e-06,1.498090568929910660e-06,1.678499984336667694e-06
1.678999979048967361e-06,1.498090568929910660e-06,1.678999979048967361e-06
1.679499973761267029e-06,1.498090568929910660e-06,1.679499973761267029e-06
1.679999968473566696e-06,1.498090568929910660e-06,1.679999968473566696e-06
1.680499963185866363e-06,1.498090568929910660e-06,1.680499963185866363e-06
1.680999957898166031e-06,1.498090568929910660e-06,1.680999957898166031e-06
1.681499952610465698e-06,1.498090568929910660e-06,1.681499952610465698e-06
1.681999947322765365e-06,1.498090568929910660e-06,1.681999947322765365e-06
1.682500055721902754e-06,1.498090568929910660e-06,1.682500055721902754e-06
1.683000050434202421e-06,1.498090568929910660e-06,1.683000050434202421e-06
1.683500045146502089e-06,1.498090568929910660e-06,1.683500045146502089e-06
1.684000039858801756e-06,1.498090568929910660e-06,1.684000039858801756e-06
1.684500034571101423e-06,1.498090568929910660e-06,1.684500034571101423e-06
1.685000029283401091e-06,1.498090568929910660e-06,1.685000029283401091e-06
1.685500023995700758e-06,1.685351890046149492e-06,1.685500023995700758e-06
1.686000018708000425e-06,1.685351890046149492e-06,1.686000018708000425e-06
1.686500013420300093e-06,1.685351890046149492e-06,1.686500013420300093e-06
1.687000008132599760e-06,1.685351890046149492e-06,1.687000008132599760e-06
1.687500002844899427e-06,1.685351890046149492e-06,1.687500002844899427e-06
1.687999997557199094e-06,1.685351890046149492e-06,1.687999997557199094e-06
1.688499992269498762e-06,1.685351890046149492e-06,1.688499992269498762e-06
1.688999986981798429e-06,1.685351890046149492e-06,1.688999986981798429e-06
1.689499981694098096e-06,1.685351890046149492e-06,1.689499981694098096e-06
1.689999976406397764e-06,1.685351890046149492e-06,1.689999976406397764e-06
1.690499971118697431e-06,1.685351890046149492e-06,1.690499971118697431e-06
1.690999965830997098e-06,1.685351890046149492e-06,1.690999965830997098e-06
1.691499960543296766e-06,1.685351890046149492e-06,1.691499960543296766e-06
1.691999955255596433e-06,1.685351890046149492e-06,1.691999955255596433e-06
1.692499949967896100e-06,1.685351890046149492e-06,1.692499949967896100e-06
1.692999944680195767e-06,1.685351890046149492e-06,1.692999944680195767e-06
1.693500053079333156e-06,1.685351890046149492e-06,1.693500053079333156e-06
1.694000047791632824e-06,1.685351890046149492e-06,1.694000047791632824e-06
1.694500042503932491e-06,1.685351890046149492e-06,1.694500042503932491e-06
1.695000037216232158e-06,1.685351890046149492e-06,1.695000037216232158e-06
1.695500031928531826e-06,1.685351890046149492e-06,1.695500031928531826e-06
1.696000026640831493e-06,1.685351890046149492e-06,1.696000026640831493e-06
1.696500021353131160e-06,1.685351890046149492e-06,1.696500021353131160e-06
1.697000016065430827e-06,1.685351890046149492e-06,1.697000016065430827e-06
1.697500010777730495e-06,1.685351890046149492e-06,1.697500010777730495e-06
1.698000005490030162e-06,1.685351890046149492e-06,1.698000005490030162e-06
1.698500000202329829e-06,1.685351890046149492e-06,1.698500000202329829e-06
1.698999994914629497e-06,1.685351890046149492e-06,1.698999994914629497e-06
1.699499989626929164e-06,1.685351890046149492e-06,1.699499989626929164e-06
1.699999984339228831e-06,1.685351890046149492e-06,1.699999984339228831e-06
1.700499979051528499e-06,1.685351890046149492e-06,1.700499979051528499e-06
1.700999973763828166e-06,1.685351890046149492e-06,1.700999973763828166e-06
1.701499968476127833e-06,1.685351890046149492e-06,1.701499968476127833e-06
1.701999963188427500e-06,1.685351890046149492e-06,1.701999963188427500e-06
1.702499957900727168e-06,1.685351890046149492e-06,1.702499957900727168e-06
1.702999952613026835e-06,1.685351890046149492e-06,1.702999952613026835e-06
1.703499947325326502e-06,1.685351890046149492e-06,1.703499947325326502e-06
1.704000055724463891e-06,1.685351890046149492e-06,1.704000055724463891e-06
1.704500050436763559e-06,1.685351890046149492e-06,1.704500050436763559e-06
1.705000045149063226e-06,1.685351890046149492e-06,1.705000045149063226e-06
1.705500039861362893e-06,1.685351890046149492e-06,1.705500039861362893e-06
1.706000034573662560e-06,1.685351890046149492e-06,1.706000034573662560e-06
1.706500029285962228e-06,1.685351890046149492e-06,1.706500029285962228e-06
1.707000023998261895e-06,1.685351890046149492e-06,1.707000023998261895e-06
1.707500018710561562e-06,1.685351890046149492e-06,1.707500018710561562e-06
1.708000013422861230e-06,1.685351890046149492e-06,1.708000013422861230e-06
1.708500008135160897e-06,1.685351890046149492e-06,1.708500008135160897e-06
1.709000002847460564e-06,1.685351890046149492e-06,1.709000002847460564e-06
1.709499997559760232e-06,1.685351890046149492e-06,1.709499997559760232e-06
1.709999992272059899e-06,1.685351890046149492e-06,1.709999992272059899e-06
1.710499986984359566e-06,1.685351890046149492e-06,1.710499986984359566e-06
1.710999981696659233e-06,1.685351890046149492e-06,1.710999981696659233e-06
1.711499976408958901e-06,1.685351890046149492e-06,1.711499976408958901e-06
1.711999971121258568e-06,1.685351890046149492e-06,1.711999971121258568e-06
1.712499965833558235e-06,1.685351890046149492e-06,1.712499965833558235e-06
1.712999960545857903e-06,1.685351890046149492e-06,1.712999960545857903e-06
1.713499955258157570e-06,1.685351890046149492e-06,1.713499955258157570e-06
1.713999949970457237e-06,1.685351890046149492e-06,1.713999949970457237e-06
1.714499944682756905e-06,1.685351890046149492e-06,1.714499944682756905e-06
1.715000053081894293e-06,1.685351890046149492e-06,1.715000053081894293e-06
1.715500047794193961e-06,1.685351890046149492e-06,1.715500047794193961e-06
1.716000042506493628e-06,1.685351890046149492e-06,1.716000042506493628e-06
1.716500037218793295e-06,1.685351890046149492e-06,1.716500037218793295e-06
1.717000031931092963e-06,1.685351890046149492e-06,1.717000031931092963e-06
1.717500026643392630e-06,1.685351890046149492e-06,1.717500026643392630e-06
1.718000021355692297e-06,1.685351890046149492e-06,1.718000021355692297e-06
1.718500016067991965e-06,1.685351890046149492e-06,1.718500016067991965e-06
1.719000010780291632e-06,1.685351890046149492e-06,1.719000010780291632e-06
1.719500005492591299e-06,1.685351890046149492e-06,1.719500005492591299e-06
1.720000000204890966e-06,1.685351890046149492e-06,1.720000000204890966e-06
1.720499994917190634e-06,1.685351890046149492e-06,1.720499994917190634e-06
1.720999989629490301e-06,1.685351890046149492e-06,1.720999989629490301e-06
1.721499984341789968e-06,1.685351890046149492e-06,1.721499984341789968e-06
1.721999979054089636e-06,1.685351890046149492e-06,1.721999979054089636e-06
1.722499973766389303e-06,1.685351890046149492e-06,1.722499973766389303e-06
1.722999968478688970e-06,1.685351890046149492e-06,1.722999968478688970e-06
1.723499963190988638e-06,1.685351890046149492e-06,1.723499963190988638e-06
1.723999957903288305e-06,1.685351890046149492e-06,1.723999957903288305e-06
1.724499952615587972e-06,1.685351890046149492e-06,1.724499952615587972e-06
1.724999947327887639e-06,1.685351890046149492e-06,1.724999947327887639e-06
1.725500055727025028e-06,1.685351890046149492e-06,1.725500055727025028e-06
1.726000050439324696e-06,1.685351890046149492e-06,1.726000050439324696e-06
1.726500045151624363e-06,1.685351890046149492e-06,1.726500045151624363e-06
1.727000039863924030e-06,1.685351890046149492e-06,1.727000039863924030e-06
1.727500034576223698e-06,1.685351890046149492e-06,1.727500034576223698e-06
1.728000029288523365e-06,1.685351890046149492e-06,1.728000029288523365e-06
1.728500024000823032e-06,1.685351890046149492e-06,1.728500024000823032e-06
1.729000018713122699e-06,1.685351890046149492e-06,1.729000018713122699e-06
1.729500013425422367e-06,1.685351890046149492e-06,1.729500013425422367e-06
1.730000008137722034e-06,1.685351890046149492e-06,1.730000008137722034e-06
1.730500002850021701e-06,1.685351890046149492e-06,1.730500002850021701e-06
1.730999997562321369e-06,1.685351890046149492e-06,1.730999997562321369e-06
1.731499992274621036e-06,1.685351890046149492e-06,1.731499992274621036e-06
1.731999986986920703e-06,1.685351890046149492e-06,1.731999986986920703e-06
1.732499981699220371e-06,1.685351890046149492e-06,1.732499981699220371e-06
1.732999976411520038e-06,1.685351890046149492e-06,1.732999976411520038e-06
1.733499971123819705e-06,1.685351890046149492e-06,1.733499971123819705e-06
1.733999965836119372e-06,1.685351890046149492e-06,1.733999965836119372e-06
1.734499960548419040e-06,1.685351890046149492e-06,1.734499960548419040e-06
1.734999955260718707e-06,1.685351890046149492e-06,1.734999955260718707e-06
1.735499949973018374e-06,1.685351890046149492e-06,1.735499949973018374e-06
1.735999944685318042e-06,1.685351890046149492e-06,1.735999944685318042e-06
1.736500053084455431e-06,1.685351890046149492e-06,1.736500053084455431e-06
1.737000047796755098e-06,1.685351890046149492e-06,1.737000047796755098e-06
1.737500042509054765e-06,1.685351890046149492e-06,1.737500042509054765e-06
1.738000037221354432e-06,1.685351890046149492e-06,1.738000037221354432e-06
1.738500031933654100e-06,1.685351890046149492e-06,1.738500031933654100e-06
1.739000026645953767e-06,1.685351890046149492e-06,1.739000026645953767e-06
1.739500021358253434e-06,1.685351890046149492e-06,1.739500021358253434e-06
1.740000016070553102e-06,1.685351890046149492e-06,1.740000016070553102e-06
1.740500010782852769e-06,1.685351890046149492e-06,1.740500010782852769e-06
1.741000005495152436e-06,1.685351890046149492e-06,1.741000005495152436e-06
1.741500000207452103e-06,1.685351890046149492e-06,1.741500000207452103e-06
1.741999994919751771e-06,1.685351890046149492e-06,1.741999994919751771e-06
1.742499989632051438e-06,1.685351890046149492e-06,1.742499989632051438e-06
1.742999984344351105e-06,1.685351890046149492e-06,1.742999984344351105e-06
1.743499979056650773e-06,1.685351890046149492e-06,1.743499979056650773e-06
1.743999973768950440e-06,1.685351890046149492e-06,1.743999973768950440e-06
1.744499968481250107e-06,1.685351890046149492e-06,1.744499968481250107e-06
1.744999963193549775e-06,1.685351890046149492e-06,1.744999963193549775e-06
1.745499957905849442e-06,1.685351890046149492e-06,1.745499957905849442e-06
1.745999952618149109e-06,1.685351890046149492e-06,1.745999952618149109e-06
1.746499947330448776e-06,1.685351890046149492e-06,1.746499947330448776e-06
1.747000055729586165e-06,1.685351890046149492e-06,1.747000055729586165e-06
1.747500050441885833e-06,1.685351890046149492e-06,1.747500050441885833e-06
1.748000045154185500e-06,1.685351890046149492e-06,1.748000045154185500e-06
1.748500039866485167e-06,1.685351890046149492e-06,1.748500039866485167e-06
1.749000034578784835e-06,1.685351890046149492e-06,1.749000034578784835e-06
1.749500029291084502e-06,1.685351890046149492e-06,1.749500029291084502e-06
1.750000024003384169e-06,1.685351890046149492e-06,1.750000024003384169e-06
1.750500018715683836e-06,1.685351890046149492e-06,1.750500018715683836e-06
1.751000013427983504e-06,1.685351890046149492e-06,1.751000013427983504e-06
1.751500008140283171e-06,1.685351890046149492e-06,1.751500008140283171e-06
1.752000002852582838e-06,1.685351890046149492e-06,1.752000002852582838e-06
1.752499997564882506e-06,1.685351890046149492e-06,1.752499997564882506e-06
1.752999992277182173e-06,1.685351890046149492e-06,1.752999992277182173e-06
1.753499986989481840e-06,1.685351890046149492e-06,1.753499986989481840e-06
1.753999981701781508e-06,1.685351890046149492e-06,1.753999981701781508e-06
1.754499976414081175e-06,1.685351890046149492e-06,1.754499976414081175e-06
1.754999971126380842e-06,1.685351890046149492e-06,1.754999971126380842e-06
1.755499965838680509e-06,1.685351890046149492e-06,1.755499965838680509e-06
1.755999960550980177e-06,1.685351890046149492e-06,1.755999960550980177e-06
1.756499955263279844e-06,1.685351890046149492e-06,1.756499955263279844e-06
1.756999949975579511e-06,1.685351890046149492e-06,1.756999949975579511e-06
1.757499944687879179e-06,1.685351890046149492e-06,1.757499944687879179e-06
1.758000053087016568e-06,1.685351890046149492e-06,1.758000053087016568e-06
1.758500047799316235e-06,1.685351890046149492e-06,1.758500047799316235e-06
1.759000042511615902e-06,1.685351890046149492e-06,1.759000042511615902e-06
1.759500037223915569e-06,1.685351890046149492e-06,1.759500037223915569e-06
1.760000031936215237e-06,1.685351890046149492e-06,1.760000031936215237e-06
1.760500026648514904e-06,1.685351890046149492e-06,1.760500026648514904e-06
1.761000021360814571e-06,1.685351890046149492e-06,1.761000021360814571e-06
1.761500016073114239e-06,1.685351890046149492e-06,1.761500016073114239e-06
1.762000010785413906e-06,1.685351890046149492e-06,1.762000010785413906e-06
1.762500005497713573e-06,1.685351890046149492e-06,1.762500005497713573e-06
1.763000000210013241e-06,1.685351890046149492e-06,1.763000000210013241e-06
1.763499994922312908e-06,1.685351890046149492e-06,1.763499994922312908e-06
1.763999989634612575e-06,1.685351890046149492e-06,1.763999989634612575e-06
1.764499984346912242e-06,1.685351890046149492e-06,1.764499984346912242e-06
1.764999979059211910e-06,1.685351890046149492e-06,1.764999979059211910e-06
1.765499973771511577e-06,1.685351890046149492e-06,1.765499973771511577e-06
1.765999968483811244e-06,1.685351890046149492e-06,1.765999968483811244e-06
1.766499963196110912e-06,1.685351890046149492e-06,1.766499963196110912e-06
1.766999957908410579e-06,1.685351890046149492e-06,1.766999957908410579e-06
1.767499952620710246e-06,1.685351890046149492e-06,1.767499952620710246e-06
1.767999947333009914e-06,1.685351890046149492e-06,1.767999947333009914e-06
1.768500055732147302e-06,1.685351890046149492e-06,1.768500055732147302e-06
1.769000050444446970e-06,1.685351890046149492e-06,1.769000050444446970e-06
1.769500045156746637e-06,1.685351890046149492e-06,1.769500045156746637e-06
1.770000039869046304e-06,1.685351890046149492e-06,1.770000039869046304e-06
1.770500034581345972e-06,1.685351890046149492e-06,1.770500034581345972e-06
1.771000029293645639e-06,1.685351890046149492e-06,1.771000029293645639e-06
1.771500024005945306e-06,1.685351890046149492e-06,1.771500024005945306e-06
1.772000018718244974e-06,1.685351890046149492e-06,1.772000018718244974e-06
1.772500013430544641e-06,1.685351890046149492e-06,1.772500013430544641e-06
1.773000008142844308e-06,1.685351890046149492e-06,1.773000008142844308e-06
1.773500002855143975e-06,1.685351890046149492e-06,1.773500002855143975e-06
1.773999997567443643e-06,1.685351890046149492e-06,1.773999997567443643e-06
1.774499992279743310e-06,1.685351890046149492e-06,1.774499992279743310e-06
1.774999986992042977e-06,1.685351890046149492e-06,1.774999986992042977e-06
1.775499981704342645e-06,1.685351890046149492e-06,1.775499981704342645e-06
1.775999976416642312e-06,1.685351890046149492e-06,1.775999976416642312e-06
1.776499971128941979e-06,1.685351890046149492e-06,1.776499971128941979e-06
1.776999965841241647e-06,1.685351890046149492e-06,1.776999965841241647e-06
1.777499960553541314e-06,1.685351890046149492e-06,1.777499960553541314e-06
1.777999955265840981e-06,1.685351890046149492e-06,1.777999955265840981e-06
1.778499949978140648e-06,1.685351890046149492e-06,1.778499949978140648e-06
1.778999944690440316e-06,1.685351890046149492e-06,1.778999944690440316e-06
1.779500053089577705e-06,1.685351890046149492e-06,1.779500053089577705e-06
1.780000047801877372e-06,1.685351890046149492e-06,1.780000047801877372e-06
1.780500042514177039e-06,1.685351890046149492e-06,1.780500042514177039e-06
1.781000037226476707e-06,1.685351890046149492e-06,1.781000037226476707e-06
1.781500031938776374e-06,1.685351890046149492e-06,1.781500031938776374e-06
1.782000026651076041e-06,1.685351890046149492e-06,1.782000026651076041e-06
1.782500021363375708e-06,1.685351890046149492e-06,1.782500021363375708e-06
1.783000016075675376e-06,1.685351890046149492e-06,1.783000016075675376e-06
1.783500010787975043e-06,1.685351890046149492e-06,1.783500010787975043e-06
1.784000005500274710e-06,1.685351890046149492e-06,1.784000005500274710e-06
1.784500000212574378e-06,1.685351890046149492e-06,1.784500000212574378e-06
1.784999994924874045e-06,1.685351890046149492e-06,1.784999994924874045e-06
1.785499989637173712e-06,1.685351890046149492e-06,1.785499989637173712e-06
1.785999984349473380e-06,1.685351890046149492e-06,1.785999984349473380e-06
1.786499979061773047e-06,1.685351890046149492e-06,1.786499979061773047e-06
1.786999973774072714e-06,1.685351890046149492e-06,1.786999973774072714e-06
1.787499968486372381e-06,1.685351890046149492e-06,1.787499968486372381e-06
1.787999963198672049e-06,1.685351890046149492e-06,1.787999963198672049e-06
1.788499957910971716e-06,1.685351890046149492e-06,1.788499957910971716e-06
1.788999952623271383e-06,1.685351890046149492e-06,1.788999952623271383e-06
1.789499947335571051e-06,1.685351890046149492e-06,1.789499947335571051e-06
1.790000055734708440e-06,1.685351890046149492e-06,1.790000055734708440e-06
1.790500050447008107e-06,1.685351890046149492e-06,1.790500050447008107e-06
1.791000045159307774e-06,1.685351890046149492e-06,1.791000045159307774e-06
1.791500039871607441e-06,1.685351890046149492e-06,1.791500039871607441e-06
1.792000034583907109e-06,1.685351890046149492e-06,1.792000034583907109e-06
1.792500029296206776e-06,1.685351890046149492e-06,1.792500029296206776e-06
1.793000024008506443e-06,1.685351890046149492e-06,1.793000024008506443e-06
1.793500018720806111e-06,1.685351890046149492e-06,1.793500018720806111e-06
1.794000013433105778e-06,1.685351890046149492e-06,1.794000013433105778e-06
1.794500008145405445e-06,1.685351890046149492e-06,1.794500008145405445e-06
1.795000002857705113e-06,1.685351890046149492e-06,1.795000002857705113e-06
1.795499997570004780e-06,1.685351890046149492e-06,1.795499997570004780e-06
1.795999992282304447e-06,1.685351890046149492e-06,1.795999992282304447e-06
1.796499986994604114e-06,1.685351890046149492e-06,1.796499986994604114e-06
1.796999981706903782e-06,1.685351890046149492e-06,1.796999981706903782e-06
1.797499976419203449e-06,1.685351890046149492e-06,1.797499976419203449e-06
1.797999971131503116e-06,1.685351890046149492e-06,1.797999971131503116e-06
1.798499965843802784e-06,1.685351890046149492e-06,1.798499965843802784e-06
1.798999960556102451e-06,1.685351890046149492e-06,1.798999960556102451e-06
1.799499955268402118e-06,1.685351890046149492e-06,1.799499955268402118e-06
1.799999949980701786e-06,1.685351890046149492e-06,1.799999949980701786e-06
1.800499944693001453e-06,1.685351890046149492e-06,1.800499944693001453e-06
1.801000053092138842e-06,1.685351890046149492e-06,1.801000053092138842e-06
1.801500047804438509e-06,1.685351890046149492e-06,1.801500047804438509e-06
1.802000042516738176e-06,1.685351890046149492e-06,1.802000042516738176e-06
1.802500037229037844e-06,1.685351890046149492e-06,1.802500037229037844e-06
1.803000031941337511e-06,1.685351890046149492e-06,1.803000031941337511e-06
1.803500026653637178e-06,1.685351890046149492e-06,1.803500026653637178e-06
1.804000021365936846e-06,1.685351890046149492e-06,1.804000021365936846e-06
1.804500016078236513e-06,1.685351890046149492e-06,1.804500016078236513e-06
1.805000010790536180e-06,1.685351890046149492e-06,1.805000010790536180e-06
1.805500005502835847e-06,1.685351890046149492e-06,1.805500005502835847e-06
1.806000000215135515e-06,1.685351890046149492e-06,1.806000000215135515e-06
1.806499994927435182e-06,1.685351890046149492e-06,1.806499994927435182e-06
1.806999989639734849e-06,1.685351890046149492e-06,1.806999989639734849e-06
1.807499984352034517e-06,1.685351890046149492e-06,1.807499984352034517e-06
1.807999979064334184e-06,1.685351890046149492e-06,1.807999979064334184e-06
1.808499973776633851e-06,1.685351890046149492e-06,1.808499973776633851e-06
1.808999968488933519e-06,1.685351890046149492e-06,1.808999968488933519e-06
1.809499963201233186e-06,1.685351890046149492e-06,1.809499963201233186e-06
1.809999957913532853e-06,1.685351890046149492e-06,1.809999957913532853e-06
1.810499952625832520e-06,1.685351890046149492e-06,1.810499952625832520e-06
1.810999947338132188e-06,1.685351890046149492e-06,1.810999947338132188e-06
1.811500055737269577e-06,1.685351890046149492e-06,1.811500055737269577e-06
1.812000050449569244e-06,1.685351890046149492e-06,1.812000050449569244e-06
1.812500045161868911e-06,1.685351890046149492e-06,1.812500045161868911e-06
1.813000039874168579e-06,1.685351890046149492e-06,1.813000039874168579e-06
1.813500034586468246e-06,1.685351890046149492e-06,1.813500034586468246e-06
1.814000029298767913e-06,1.685351890046149492e-06,1.814000029298767913e-06
1.814500024011067580e-06,1.685351890046149492e-06,1.814500024011067580e-06
1.815000018723367248e-06,1.685351890046149492e-06,1.815000018723367248e-06
1.815500013435666915e-06,1.685351890046149492e-06,1.815500013435666915e-06
1.816000008147966582e-06,1.685351890046149492e-06,1.816000008147966582e-06
1.816500002860266250e-06,1.685351890046149492e-06,1.816500002860266250e-06
1.816999997572565917e-06,1.685351890046149492e-06,1.816999997572565917e-06
1.817499992284865584e-06,1.685351890046149492e-06,1.817499992284865584e-06
1.817999986997165252e-06,1.685351890046149492e-06,1.817999986997165252e-06
1.818499981709464919e-06,1.685351890046149492e-06,1.818499981709464919e-06
1.818999976421764586e-06,1.685351890046149492e-06,1.818999976421764586e-06
1.819499971134064253e-06,1.685351890046149492e-06,1.819499971134064253e-06
1.819999965846363921e-06,1.685351890046149492e-06,1.819999965846363921e-06
1.820499960558663588e-06,1.685351890046149492e-06,1.820499960558663588e-06
1.820999955270963255e-06,1.685351890046149492e-06,1.820999955270963255e-06
1.821499949983262923e-06,1.685351890046149492e-06,1.821499949983262923e-06
1.821999944695562590e-06,1.685351890046149492e-06,1.821999944695562590e-06
1.822500053094699979e-06,1.685351890046149492e-06,1.822500053094699979e-06
1.823000047806999646e-06,1.685351890046149492e-06,1.823000047806999646e-06
1.823500042519299313e-06,1.685351890046149492e-06,1.823500042519299313e-06
1.824000037231598981e-06,1.685351890046149492e-06,1.824000037231598981e-06
1.824500031943898648e-06,1.685351890046149492e-06,1.824500031943898648e-06
1.825000026656198315e-06,1.685351890046149492e-06,1.825000026656198315e-06
1.825500021368497983e-06,1.685351890046149492e-06,1.825500021368497983e-06
1.826000016080797650e-06,1.685351890046149492e-06,1.826000016080797650e-06
1.826500010793097317e-06,1.685351890046149492e-06,1.826500010793097317e-06
1.827000005505396985e-06,1.685351890046149492e-06,1.827000005505396985e-06
1.827500000217696652e-06,1.685351890046149492e-06,1.827500000217696652e-06
1.827999994929996319e-06,1.685351890046149492e-06,1.827999994929996319e-06
1.828499989642295986e-06,1.685351890046149492e-06,1.828499989642295986e-06
1.828999984354595654e-06,1.685351890046149492e-06,1.828999984354595654e-06
1.829499979066895321e-06,1.685351890046149492e-06,1.829499979066895321e-06
1.829999973779194988e-06,1.685351890046149492e-06,1.829999973779194988e-06
1.830499968491494656e-06,1.685351890046149492e-06,1.830499968491494656e-06
1.830999963203794323e-06,1.685351890046149492e-06,1.830999963203794323e-06
1.831499957916093990e-06,1.685351890046149492e-06,1.831499957916093990e-06
1.831999952628393658e-06,1.685351890046149492e-06,1.831999952628393658e-06
1.832499947340693325e-06,1.685351890046149492e-06,1.832499947340693325e-06
1.833000055739830714e-06,1.685351890046149492e-06,1.833000055739830714e-06
1.833500050452130381e-06,1.685351890046149492e-06,1.833500050452130381e-06
1.834000045164430048e-06,1.685351890046149492e-06,1.834000045164430048e-06
1.834500039876729716e-06,1.685351890046149492e-06,1.834500039876729716e-06
1.835000034589029383e-06,1.685351890046149492e-06,1.835000034589029383e-06
1.835500029301329050e-06,1.685351890046149492e-06,1.835500029301329050e-06
1.836000024013628718e-06,1.685351890046149492e-06,1.836000024013628718e-06
1.836500018725928385e-06,1.685351890046149492e-06,1.836500018725928385e-06
1.837000013438228052e-06,1.685351890046149492e-06,1.837000013438228052e-06
1.837500008150527719e-06,1.685351890046149492e-06,1.837500008150527719e-06
1.838000002862827387e-06,1.685351890046149492e-06,1.838000002862827387e-06
1.838499997575127054e-06,1.685351890046149492e-06,1.838499997575127054e-06
1.838999992287426721e-06,1.685351890046149492e-06,1.838999992287426721e-06
1.839499986999726389e-06,1.685351890046149492e-06,1.839499986999726389e-06
1.839999981712026056e-06,1.685351890046149492e-06,1.839999981712026056e-06
1.840499976424325723e-06,1.685351890046149492e-06,1.840499976424325723e-06
1.840999971136625390e-06,1.685351890046149492e-06,1.840999971136625390e-06
1.841499965848925058e-06,1.685351890046149492e-06,1.841499965848925058e-06
1.841999960561224725e-06,1.685351890046149492e-06,1.841999960561224725e-06
1.842499955273524392e-06,1.685351890046149492e-06,1.842499955273524392e-06
1.842999949985824060e-06,1.685351890046149492e-06,1.842999949985824060e-06
1.843499944698123727e-06,1.685351890046149492e-06,1.843499944698123727e-06
1.844000053097261116e-06,1.685351890046149492e-06,1.844000053097261116e-06
1.844500047809560783e-06,1.685351890046149492e-06,1.844500047809560783e-06
1.845000042521860451e-06,1.685351890046149492e-06,1.845000042521860451e-06
1.845500037234160118e-06,1.685351890046149492e-06,1.845500037234160118e-06
1.846000031946459785e-06,1.685351890046149492e-06,1.846000031946459785e-06
1.846500026658759452e-06,1.685351890046149492e-06,1.846500026658759452e-06
1.847000021371059120e-06,1.685351890046149492e-06,1.847000021371059120e-06
1.847500016083358787e-06,1.685351890046149492e-06,1.847500016083358787e-06
1.848000010795658454e-06,1.685351890046149492e-06,1.848000010795658454e-06
1.848500005507958122e-06,1.685351890046149492e-06,1.848500005507958122e-06
1.849000000220257789e-06,1.685351890046149492e-06,1.849000000220257789e-06
1.849499994932557456e-06,1.685351890046149492e-06,1.849499994932557456e-06
1.849999989644857123e-06,1.685351890046149492e-06,1.849999989644857123e-06
1.850499984357156791e-06,1.685351890046149492e-06,1.850499984357156791e-06
1.850999979069456458e-06,1.685351890046149492e-06,1.850999979069456458e-06
1.851499973781756125e-06,1.685351890046149492e-06,1.851499973781756125e-06
1.851999968494055793e-06,1.685351890046149492e-06,1.851999968494055793e-06
1.852499963206355460e-06,1.685351890046149492e-06,1.852499963206355460e-06
1.852999957918655127e-06,1.685351890046149492e-06,1.852999957918655127e-06
1.853499952630954795e-06,1.685351890046149492e-06,1.853499952630954795e-06
1.853999947343254462e-06,1.685351890046149492e-06,1.853999947343254462e-06
1.854500055742391851e-06,1.685351890046149492e-06,1.854500055742391851e-06
1.855000050454691518e-06,1.685351890046149492e-06,1.855000050454691518e-06
1.855500045166991185e-06,1.685351890046149492e-06,1.855500045166991185e-06
1.856000039879290853e-06,1.685351890046149492e-06,1.856000039879290853e-06
1.856500034591590520e-06,1.685351890046149492e-06,1.856500034591590520e-06
1.857000029303890187e-06,1.685351890046149492e-06,1.857000029303890187e-06
1.857500024016189855e-06,1.685351890046149492e-06,1.857500024016189855e-06
1.858000018728489522e-06,1.685351890046149492e-06,1.858000018728489522e-06
1.858500013440789189e-06,1.685351890046149492e-06,1.858500013440789189e-06
1.859000008153088856e-06,1.685351890046149492e-06,1.859000008153088856e-06
1.859500002865388524e-06,1.685351890046149492e-06,1.859500002865388524e-06
1.859999997577688191e-06,1.685351890046149492e-06,1.859999997577688191e-06
1.860499992289987858e-06,1.685351890046149492e-06,1.860499992289987858e-06
1.860999987002287526e-06,1.685351890046149492e-06,1.860999987002287526e-06
1.861499981714587193e-06,1.685351890046149492e-06,1.861499981714587193e-06
1.861999976426886860e-06,1.685351890046149492e-06,1.861999976426886860e-06
1.862499971139186528e-06,1.685351890046149492e-06,1.862499971139186528e-06
1.862999965851486195e-06,1.685351890046149492e-06,1.862999965851486195e-06
1.863499960563785862e-06,1.685351890046149492e-06,1.863499960563785862e-06
1.863999955276085529e-06,1.685351890046149492e-06,1.863999955276085529e-06
1.864499949988385197e-06,1.685351890046149492e-06,1.864499949988385197e-06
1.864999944700684864e-06,1.685351890046149492e-06,1.864999944700684864e-06
1.865500053099822253e-06,1.685351890046149492e-06,1.865500053099822253e-06
1.866000047812121920e-06,1.685351890046149492e-06,1.866000047812121920e-06
1.866500042524421588e-06,1.685351890046149492e-06,1.866500042524421588e-06
1.867000037236721255e-06,1.685351890046149492e-06,1.867000037236721255e-06
1.867500031949020922e-06,1.685351890046149492e-06,1.867500031949020922e-06
1.868000026661320589e-06,1.685351890046149492e-06,1.868000026661320589e-06
1.868500021373620257e-06,1.685351890046149492e-06,1.868500021373620257e-06
1.869000016085919924e-06,1.685351890046149492e-06,1.869000016085919924e-06
1.869500010798219591e-06,1.685351890046149492e-06,1.869500010798219591e-06
1.870000005510519259e-06,1.685351890046149492e-06,1.870000005510519259e-06
1.870500000222818926e-06,1.685351890046149492e-06,1.870500000222818926e-06
1.870999994935118593e-06,1.685351890046149492e-06,1.870999994935118593e-06
1.871499989647418261e-06,1.685351890046149492e-06,1.871499989647418261e-06
1.871999984359717928e-06,1.685351890046149492e-06,1.871999984359717928e-06
1.872499979072017595e-06,1.685351890046149492e-06,1.872499979072017595e-06
1.872999973784317262e-06,1.872613211162388325e-06,1.872999973784317262e-06
1.873499968496616930e-06,1.872613211162388325e-06,1.873499968496616930e-06
1.873999963208916597e-06,1.872613211162388325e-06,1.873999963208916597e-06
1.874499957921216264e-06,1.872613211162388325e-06,1.874499957921216264e-06
1.874999952633515932e-06,1.872613211162388325e-06,1.874999952633515932e-06
1.875499947345815599e-06,1.872613211162388325e-06,1.875499947345815599e-06
1.876000055744952988e-06,1.872613211162388325e-06,1.876000055744952988e-06
1.876500050457252655e-06,1.872613211162388325e-06,1.876500050457252655e-06
1.877000045169552322e-06,1.872613211162388325e-06,1.877000045169552322e-06
1.877500039881851990e-06,1.872613211162388325e-06,1.877500039881851990e-06
1.878000034594151657e-06,1.872613211162388325e-06,1.878000034594151657e-06
1.878500029306451324e-06,1.872613211162388325e-06,1.878500029306451324e-06
1.879000024018750992e-06,1.872613211162388325e-06,1.879000024018750992e-06
1.879500018731050659e-06,1.872613211162388325e-06,1.879500018731050659e-06
1.880000013443350326e-06,1.872613211162388325e-06,1.880000013443350326e-06
1.880500008155649994e-06,1.872613211162388325e-06,1.880500008155649994e-06
1.881000002867949661e-06,1.872613211162388325e-06,1.881000002867949661e-06
1.881499997580249328e-06,1.872613211162388325e-06,1.881499997580249328e-06
1.881999992292548995e-06,1.872613211162388325e-06,1.881999992292548995e-06
1.882499987004848663e-06,1.872613211162388325e-06,1.882499987004848663e-06
1.882999981717148330e-06,1.872613211162388325e-06,1.882999981717148330e-06
1.883499976429447997e-06,1.872613211162388325e-06,1.883499976429447997e-06
1.883999971141747665e-06,1.872613211162388325e-06,1.883999971141747665e-06
1.884499965854047332e-06,1.872613211162388325e-06,1.884499965854047332e-06
1.884999960566346999e-06,1.872613211162388325e-06,1.884999960566346999e-06
1.885499955278646667e-06,1.872613211162388325e-06,1.885499955278646667e-06
1.885999949990946334e-06,1.872613211162388325e-06,1.885999949990946334e-06
1.886499944703246001e-06,1.872613211162388325e-06,1.886499944703246001e-06
1.887000053102383390e-06,1.872613211162388325e-06,1.887000053102383390e-06
1.887500047814683057e-06,1.872613211162388325e-06,1.887500047814683057e-06
1.888000042526982725e-06,1.872613211162388325e-06,1.888000042526982725e-06
1.888500037239282392e-06,1.872613211162388325e-06,1.888500037239282392e-06
1.889000031951582059e-06,1.872613211162388325e-06,1.889000031951582059e-06
1.889500026663881727e-06,1.872613211162388325e-06,1.889500026663881727e-06
1.890000021376181394e-06,1.872613211162388325e-06,1.890000021376181394e-06
1.890500016088481061e-06,1.872613211162388325e-06,1.890500016088481061e-06
1.891000010800780728e-06,1.872613211162388325e-06,1.891000010800780728e-06
1.891500005513080396e-06,1.872613211162388325e-06,1.891500005513080396e-06
1.892000000225380063e-06,1.872613211162388325e-06,1.892000000225380063e-06
1.892499994937679730e-06,1.872613211162388325e-06,1.892499994937679730e-06
1.892999989649979398e-06,1.872613211162388325e-06,1.892999989649979398e-06
1.893499984362279065e-06,1.872613211162388325e-06,1.893499984362279065e-06
1.893999979074578732e-06,1.872613211162388325e-06,1.893999979074578732e-06
1.894499973786878400e-06,1.872613211162388325e-06,1.894499973786878400e-06
1.894999968499178067e-06,1.872613211162388325e-06,1.894999968499178067e-06
1.895499963211477734e-06,1.872613211162388325e-06,1.895499963211477734e-06
1.895999957923777401e-06,1.872613211162388325e-06,1.895999957923777401e-06
1.896499952636077069e-06,1.872613211162388325e-06,1.896499952636077069e-06
1.896999947348376736e-06,1.872613211162388325e-06,1.896999947348376736e-06
1.897500055747514125e-06,1.872613211162388325e-06,1.897500055747514125e-06
1.898000050459813792e-06,1.872613211162388325e-06,1.898000050459813792e-06
1.898500045172113460e-06,1.872613211162388325e-06,1.898500045172113460e-06
1.899000039884413127e-06,1.872613211162388325e-06,1.899000039884413127e-06
1.899500034596712794e-06,1.872613211162388325e-06,1.899500034596712794e-06
1.900000029309012461e-06,1.872613211162388325e-06,1.900000029309012461e-06
1.900500024021312129e-06,1.872613211162388325e-06,1.900500024021312129e-06
1.901000018733611796e-06,1.872613211162388325e-06,1.901000018733611796e-06
1.901500013445911463e-06,1.872613211162388325e-06,1.901500013445911463e-06
1.902000008158211131e-06,1.872613211162388325e-06,1.902000008158211131e-06
1.902500002870510798e-06,1.872613211162388325e-06,1.902500002870510798e-06
1.902999997582810465e-06,1.872613211162388325e-06,1.902999997582810465e-06
1.903499992295110133e-06,1.872613211162388325e-06,1.903499992295110133e-06
1.903999987007409800e-06,1.872613211162388325e-06,1.903999987007409800e-06
1.904499981719709467e-06,1.872613211162388325e-06,1.904499981719709467e-06
1.904999976432009134e-06,1.872613211162388325e-06,1.904999976432009134e-06
1.905499971144308802e-06,1.872613211162388325e-06,1.905499971144308802e-06
1.905999965856608469e-06,1.872613211162388325e-06,1.905999965856608469e-06
1.906499960568908136e-06,1.872613211162388325e-06,1.906499960568908136e-06
1.906999955281207804e-06,1.872613211162388325e-06,1.906999955281207804e-06
1.907500063680345193e-06,1.872613211162388325e-06,1.907500063680345193e-06
1.908000058392644860e-06,1.872613211162388325e-06,1.908000058392644860e-06
1.908500053104944527e-06,1.872613211162388325e-06,1.908500053104944527e-06
1.909000047817244194e-06,1.872613211162388325e-06,1.909000047817244194e-06
1.909500042529543862e-06,1.872613211162388325e-06,1.909500042529543862e-06
1.910000037241843529e-06,1.872613211162388325e-06,1.910000037241843529e-06
1.910500031954143196e-06,1.872613211162388325e-06,1.910500031954143196e-06
1.911000026666442864e-06,1.872613211162388325e-06,1.911000026666442864e-06
1.911500021378742531e-06,1.872613211162388325e-06,1.911500021378742531e-06
1.912000016091042198e-06,1.872613211162388325e-06,1.912000016091042198e-06
1.912500010803341866e-06,1.872613211162388325e-06,1.912500010803341866e-06
1.913000005515641533e-06,1.872613211162388325e-06,1.913000005515641533e-06
1.913500000227941200e-06,1.872613211162388325e-06,1.913500000227941200e-06
1.913999994940240867e-06,1.872613211162388325e-06,1.913999994940240867e-06
1.914499989652540535e-06,1.872613211162388325e-06,1.914499989652540535e-06
1.914999984364840202e-06,1.872613211162388325e-06,1.914999984364840202e-06
1.915499979077139869e-06,1.872613211162388325e-06,1.915499979077139869e-06
1.915999973789439537e-06,1.872613211162388325e-06,1.915999973789439537e-06
1.916499968501739204e-06,1.872613211162388325e-06,1.916499968501739204e-06
1.916999963214038871e-06,1.872613211162388325e-06,1.916999963214038871e-06
1.917499957926338539e-06,1.872613211162388325e-06,1.917499957926338539e-06
1.917999952638638206e-06,1.872613211162388325e-06,1.917999952638638206e-06
1.918499947350937873e-06,1.872613211162388325e-06,1.918499947350937873e-06
1.918999942063237540e-06,1.872613211162388325e-06,1.918999942063237540e-06
1.919499936775537208e-06,1.872613211162388325e-06,1.919499936775537208e-06
1.919999931487836875e-06,1.872613211162388325e-06,1.919999931487836875e-06
1.920499926200136542e-06,1.872613211162388325e-06,1.920499926200136542e-06
1.920999920912436210e-06,1.872613211162388325e-06,1.920999920912436210e-06
1.921499915624735877e-06,1.872613211162388325e-06,1.921499915624735877e-06
1.921999910337035544e-06,1.872613211162388325e-06,1.921999910337035544e-06
1.922499905049335212e-06,1.872613211162388325e-06,1.922499905049335212e-06
1.922999899761634879e-06,1.872613211162388325e-06,1.922999899761634879e-06
1.923499894473934546e-06,1.872613211162388325e-06,1.923499894473934546e-06
1.923999889186234213e-06,1.872613211162388325e-06,1.923999889186234213e-06
1.924500111272209324e-06,1.872613211162388325e-06,1.924500111272209324e-06
1.925000105984508991e-06,1.872613211162388325e-06,1.925000105984508991e-06
1.925500100696808659e-06,1.872613211162388325e-06,1.925500100696808659e-06
1.926000095409108326e-06,1.872613211162388325e-06,1.926000095409108326e-06
1.926500090121407993e-06,1.872613211162388325e-06,1.926500090121407993e-06
1.927000084833707660e-06,1.872613211162388325e-06,1.927000084833707660e-06
1.927500079546007328e-06,1.872613211162388325e-06,1.927500079546007328e-06
1.928000074258306995e-06,1.872613211162388325e-06,1.928000074258306995e-06
1.928500068970606662e-06,1.872613211162388325e-06,1.928500068970606662e-06
1.929000063682906330e-06,1.872613211162388325e-06,1.929000063682906330e-06
1.929500058395205997e-06,1.872613211162388325e-06,1.929500058395205997e-06
1.930000053107505664e-06,1.872613211162388325e-06,1.930000053107505664e-06
1.930500047819805332e-06,1.872613211162388325e-06,1.930500047819805332e-06
1.931000042532104999e-06,1.872613211162388325e-06,1.931000042532104999e-06
1.931500037244404666e-06,1.872613211162388325e-06,1.931500037244404666e-06
1.932000031956704333e-06,1.872613211162388325e-06,1.932000031956704333e-06
1.932500026669004001e-06,1.872613211162388325e-06,1.932500026669004001e-06
1.933000021381303668e-06,1.872613211162388325e-06,1.933000021381303668e-06
1.933500016093603335e-06,1.872613211162388325e-06,1.933500016093603335e-06
1.934000010805903003e-06,1.872613211162388325e-06,1.934000010805903003e-06
1.934500005518202670e-06,1.872613211162388325e-06,1.934500005518202670e-06
1.935000000230502337e-06,1.872613211162388325e-06,1.935000000230502337e-06
1.935499994942802005e-06,1.872613211162388325e-06,1.935499994942802005e-06
1.935999989655101672e-06,1.872613211162388325e-06,1.935999989655101672e-06
1.936499984367401339e-06,1.872613211162388325e-06,1.936499984367401339e-06
1.936999979079701006e-06,1.872613211162388325e-06,1.936999979079701006e-06
1.937499973792000674e-06,1.872613211162388325e-06,1.937499973792000674e-06
1.937999968504300341e-06,1.872613211162388325e-06,1.937999968504300341e-06
1.938499963216600008e-06,1.872613211162388325e-06,1.938499963216600008e-06
1.938999957928899676e-06,1.872613211162388325e-06,1.938999957928899676e-06
1.939499952641199343e-06,1.872613211162388325e-06,1.939499952641199343e-06
1.939999947353499010e-06,1.872613211162388325e-06,1.939999947353499010e-06
1.940499942065798678e-06,1.872613211162388325e-06,1.940499942065798678e-06
1.940999936778098345e-06,1.872613211162388325e-06,1.940999936778098345e-06
1.941499931490398012e-06,1.872613211162388325e-06,1.941499931490398012e-06
1.941999926202697679e-06,1.872613211162388325e-06,1.941999926202697679e-06
1.942499920914997347e-06,1.872613211162388325e-06,1.942499920914997347e-06
1.942999915627297014e-06,1.872613211162388325e-06,1.942999915627297014e-06
1.943499910339596681e-06,1.872613211162388325e-06,1.943499910339596681e-06
1.943999905051896349e-06,1.872613211162388325e-06,1.943999905051896349e-06
1.944499899764196016e-06,1.872613211162388325e-06,1.944499899764196016e-06
1.944999894476495683e-06,1.872613211162388325e-06,1.944999894476495683e-06
1.945499889188795350e-06,1.872613211162388325e-06,1.945499889188795350e-06
1.946000111274770461e-06,1.872613211162388325e-06,1.946000111274770461e-06
1.946500105987070128e-06,1.872613211162388325e-06,1.946500105987070128e-06
1.947000100699369796e-06,1.872613211162388325e-06,1.947000100699369796e-06
1.947500095411669463e-06,1.872613211162388325e-06,1.947500095411669463e-06
1.948000090123969130e-06,1.872613211162388325e-06,1.948000090123969130e-06
1.948500084836268798e-06,1.872613211162388325e-06,1.948500084836268798e-06
1.949000079548568465e-06,1.872613211162388325e-06,1.949000079548568465e-06
1.949500074260868132e-06,1.872613211162388325e-06,1.949500074260868132e-06
1.950000068973167799e-06,1.872613211162388325e-06,1.950000068973167799e-06
1.950500063685467467e-06,1.872613211162388325e-06,1.950500063685467467e-06
1.951000058397767134e-06,1.872613211162388325e-06,1.951000058397767134e-06
1.951500053110066801e-06,1.872613211162388325e-06,1.951500053110066801e-06
1.952000047822366469e-06,1.872613211162388325e-06,1.952000047822366469e-06
1.952500042534666136e-06,1.872613211162388325e-06,1.952500042534666136e-06
1.953000037246965803e-06,1.872613211162388325e-06,1.953000037246965803e-06
1.953500031959265471e-06,1.872613211162388325e-06,1.953500031959265471e-06
1.954000026671565138e-06,1.872613211162388325e-06,1.954000026671565138e-06
1.954500021383864805e-06,1.872613211162388325e-06,1.954500021383864805e-06
1.955000016096164472e-06,1.872613211162388325e-06,1.955000016096164472e-06
1.955500010808464140e-06,1.872613211162388325e-06,1.955500010808464140e-06
1.956000005520763807e-06,1.872613211162388325e-06,1.956000005520763807e-06
1.956500000233063474e-06,1.872613211162388325e-06,1.956500000233063474e-06
1.956999994945363142e-06,1.872613211162388325e-06,1.956999994945363142e-06
1.957499989657662809e-06,1.872613211162388325e-06,1.957499989657662809e-06
1.957999984369962476e-06,1.872613211162388325e-06,1.957999984369962476e-06
1.958499979082262143e-06,1.872613211162388325e-06,1.958499979082262143e-06
1.958999973794561811e-06,1.872613211162388325e-06,1.958999973794561811e-06
1.959499968506861478e-06,1.872613211162388325e-06,1.959499968506861478e-06
1.959999963219161145e-06,1.872613211162388325e-06,1.959999963219161145e-06
1.960499957931460813e-06,1.872613211162388325e-06,1.960499957931460813e-06
1.960999952643760480e-06,1.872613211162388325e-06,1.960999952643760480e-06
1.961499947356060147e-06,1.872613211162388325e-06,1.961499947356060147e-06
1.961999942068359815e-06,1.872613211162388325e-06,1.961999942068359815e-06
1.962499936780659482e-06,1.872613211162388325e-06,1.962499936780659482e-06
1.962999931492959149e-06,1.872613211162388325e-06,1.962999931492959149e-06
1.963499926205258816e-06,1.872613211162388325e-06,1.963499926205258816e-06
1.963999920917558484e-06,1.872613211162388325e-06,1.963999920917558484e-06
1.964499915629858151e-06,1.872613211162388325e-06,1.964499915629858151e-06
1.964999910342157818e-06,1.872613211162388325e-06,1.964999910342157818e-06
1.965499905054457486e-06,1.872613211162388325e-06,1.965499905054457486e-06
1.965999899766757153e-06,1.872613211162388325e-06,1.965999899766757153e-06
1.966499894479056820e-06,1.872613211162388325e-06,1.966499894479056820e-06
1.966999889191356488e-06,1.872613211162388325e-06,1.966999889191356488e-06
1.967500111277331598e-06,1.872613211162388325e-06,1.967500111277331598e-06
1.968000105989631265e-06,1.872613211162388325e-06,1.968000105989631265e-06
1.968500100701930933e-06,1.872613211162388325e-06,1.968500100701930933e-06
1.969000095414230600e-06,1.872613211162388325e-06,1.969000095414230600e-06
1.969500090126530267e-06,1.872613211162388325e-06,1.969500090126530267e-06
1.970000084838829935e-06,1.872613211162388325e-06,1.970000084838829935e-06
1.970500079551129602e-06,1.872613211162388325e-06,1.970500079551129602e-06
1.971000074263429269e-06,1.872613211162388325e-06,1.971000074263429269e-06
1.971500068975728936e-06,1.872613211162388325e-06,1.971500068975728936e-06
1.972000063688028604e-06,1.872613211162388325e-06,1.972000063688028604e-06
1.972500058400328271e-06,1.872613211162388325e-06,1.972500058400328271e-06
1.973000053112627938e-06,1.872613211162388325e-06,1.973000053112627938e-06
1.973500047824927606e-06,1.872613211162388325e-06,1.973500047824927606e-06
1.974000042537227273e-06,1.872613211162388325e-06,1.974000042537227273e-06
1.974500037249526940e-06,1.872613211162388325e-06,1.974500037249526940e-06
1.975000031961826608e-06,1.872613211162388325e-06,1.975000031961826608e-06
1.975500026674126275e-06,1.872613211162388325e-06,1.975500026674126275e-06
1.976000021386425942e-06,1.872613211162388325e-06,1.976000021386425942e-06
1.976500016098725609e-06,1.872613211162388325e-06,1.976500016098725609e-06
1.977000010811025277e-06,1.872613211162388325e-06,1.977000010811025277e-06
1.977500005523324944e-06,1.872613211162388325e-06,1.977500005523324944e-06
1.978000000235624611e-06,1.872613211162388325e-06,1.978000000235624611e-06
1.978499994947924279e-06,1.872613211162388325e-06,1.978499994947924279e-06
1.978999989660223946e-06,1.872613211162388325e-06,1.978999989660223946e-06
1.979499984372523613e-06,1.872613211162388325e-06,1.979499984372523613e-06
1.979999979084823281e-06,1.872613211162388325e-06,1.979999979084823281e-06
1.980499973797122948e-06,1.872613211162388325e-06,1.980499973797122948e-06
1.980999968509422615e-06,1.872613211162388325e-06,1.980999968509422615e-06
1.981499963221722282e-06,1.872613211162388325e-06,1.981499963221722282e-06
1.981999957934021950e-06,1.872613211162388325e-06,1.981999957934021950e-06
1.982499952646321617e-06,1.872613211162388325e-06,1.982499952646321617e-06
1.982999947358621284e-06,1.872613211162388325e-06,1.982999947358621284e-06
1.983499942070920952e-06,1.872613211162388325e-06,1.983499942070920952e-06
1.983999936783220619e-06,1.872613211162388325e-06,1.983999936783220619e-06
1.984499931495520286e-06,1.872613211162388325e-06,1.984499931495520286e-06
1.984999926207819954e-06,1.872613211162388325e-06,1.984999926207819954e-06
1.985499920920119621e-06,1.872613211162388325e-06,1.985499920920119621e-06
1.985999915632419288e-06,1.872613211162388325e-06,1.985999915632419288e-06
1.986499910344718955e-06,1.872613211162388325e-06,1.986499910344718955e-06
1.986999905057018623e-06,1.872613211162388325e-06,1.986999905057018623e-06
1.987499899769318290e-06,1.872613211162388325e-06,1.987499899769318290e-06
1.987999894481617957e-06,1.872613211162388325e-06,1.987999894481617957e-06
1.988499889193917625e-06,1.872613211162388325e-06,1.988499889193917625e-06
1.989000111279892735e-06,1.872613211162388325e-06,1.989000111279892735e-06
1.989500105992192402e-06,1.872613211162388325e-06,1.989500105992192402e-06
1.990000100704492070e-06,1.872613211162388325e-06,1.990000100704492070e-06
1.990500095416791737e-06,1.872613211162388325e-06,1.990500095416791737e-06
1.991000090129091404e-06,1.872613211162388325e-06,1.991000090129091404e-06
1.991500084841391072e-06,1.872613211162388325e-06,1.991500084841391072e-06
1.992000079553690739e-06,1.872613211162388325e-06,1.992000079553690739e-06
1.992500074265990406e-06,1.872613211162388325e-06,1.992500074265990406e-06
1.993000068978290074e-06,1.872613211162388325e-06,1.993000068978290074e-06
1.993500063690589741e-06,1.872613211162388325e-06,1.993500063690589741e-06
1.994000058402889408e-06,1.872613211162388325e-06,1.994000058402889408e-06
1.994500053115189075e-06,1.872613211162388325e-06,1.994500053115189075e-06
1.995000047827488743e-06,1.872613211162388325e-06,1.995000047827488743e-06
1.995500042539788410e-06,1.872613211162388325e-06,1.995500042539788410e-06
1.996000037252088077e-06,1.872613211162388325e-06,1.996000037252088077e-06
1.996500031964387745e-06,1.872613211162388325e-06,1.996500031964387745e-06
1.997000026676687412e-06,1.872613211162388325e-06,1.997000026676687412e-06
1.997500021388987079e-06,1.872613211162388325e-06,1.997500021388987079e-06
1.998000016101286747e-06,1.872613211162388325e-06,1.998000016101286747e-06
1.998500010813586414e-06,1.872613211162388325e-06,1.998500010813586414e-06
1.999000005525886081e-06,1.872613211162388325e-06,1.999000005525886081e-06
1.999500000238185748e-06,1.872613211162388325e-06,1.999500000238185748e-06
1.999999994950485416e-06,1.872613211162388325e-06,1.999999994950485416e-06
